ts_local,ts_utc,origen,device_id,tempIntake,tempExhaust,humedadRack,tsDispositivo
2026-09-26T15:37:07-05:00,2026-09-26T20:37:07+00:00,Python SDK azure-iot-device (MQTT 8883),DC-RACKC-03,22.35,33.14,48.27,2026-09-26T20:37:07+00:00
2026-09-26T15:37:23-05:00,2026-09-26T20:37:23+00:00,Python SDK azure-iot-device (MQTT 8883),DC-RACKC-03,22.35,33.9,47.24,2026-09-26T20:37:23+00:00
2026-09-26T15:37:53-05:00,2026-09-26T20:37:53+00:00,Python SDK azure-iot-device (MQTT 8883),DC-RACKC-03,22.09,33.36,48.62,2026-09-26T20:37:53+00:00
2026-09-26T15:38:23-05:00,2026-09-26T20:38:23+00:00,Python SDK azure-iot-device (MQTT 8883),DC-RACKC-03,21.84,32.73,46.46,2026-09-26T20:38:23+00:00
2026-09-26T15:38:54-05:00,2026-09-26T20:38:54+00:00,Python SDK azure-iot-device (MQTT 8883),DC-RACKC-03,21.82,33.49,46.57,2026-09-26T20:38:53+00:00
2026-09-26T15:39:24-05:00,2026-09-26T20:39:24+00:00,Python SDK azure-iot-device (MQTT 8883),DC-RACKC-03,21.87,32.85,48.73,2026-09-26T20:39:24+00:00
2026-09-26T15:39:54-05:00,2026-09-26T20:39:54+00:00,Python SDK azure-iot-device (MQTT 8883),DC-RACKC-03,22.02,33.09,46.8,2026-09-26T20:39:54+00:00
2026-09-26T15:40:24-05:00,2026-09-26T20:40:24+00:00,Python SDK azure-iot-device (MQTT 8883),DC-RACKC-03,21.89,33.11,46.32,2026-09-26T20:40:24+00:00
2026-09-26T15:40:54-05:00,2026-09-26T20:40:54+00:00,Python SDK azure-iot-device (MQTT 8883),DC-RACKC-03,22.23,33.37,47.86,2026-09-26T20:40:54+00:00
2026-09-26T15:41:24-05:00,2026-09-26T20:41:24+00:00,Python SDK azure-iot-device (MQTT 8883),DC-RACKC-03,21.93,33.03,47.53,2026-09-26T20:41:24+00:00
2026-09-26T15:41:54-05:00,2026-09-26T20:41:54+00:00,Python SDK azure-iot-device (MQTT 8883),DC-RACKC-03,22.4,33.31,48.08,2026-09-26T20:41:54+00:00
2026-09-26T15:42:24-05:00,2026-09-26T20:42:24+00:00,Python SDK azure-iot-device (MQTT 8883),DC-RACKC-03,21.79,33.54,46.64,2026-09-26T20:42:24+00:00
2026-09-26T15:42:54-05:00,2026-09-26T20:42:54+00:00,Python SDK azure-iot-device (MQTT 8883),DC-RACKC-03,22.35,33.4,46.43,2026-09-26T20:42:54+00:00
2026-09-26T15:43:25-05:00,2026-09-26T20:43:25+00:00,Python SDK azure-iot-device (MQTT 8883),DC-RACKC-03,22.14,32.78,46.89,2026-09-26T20:43:24+00:00
2026-09-26T15:43:55-05:00,2026-09-26T20:43:55+00:00,Python SDK azure-iot-device (MQTT 8883),DC-RACKC-03,21.98,33.62,47.2,2026-09-26T20:43:55+00:00
2026-09-26T15:44:25-05:00,2026-09-26T20:44:25+00:00,Python SDK azure-iot-device (MQTT 8883),DC-RACKC-03,22.22,33.13,47.8,2026-09-26T20:44:25+00:00
2026-09-26T15:44:55-05:00,2026-09-26T20:44:55+00:00,Python SDK azure-iot-device (MQTT 8883),DC-RACKC-03,21.73,32.62,47.17,2026-09-26T20:44:55+00:00
2026-09-26T15:45:25-05:00,2026-09-26T20:45:25+00:00,Python SDK azure-iot-device (MQTT 8883),DC-RACKC-03,22.26,33.26,48.56,2026-09-26T20:45:25+00:00
2026-09-26T15:45:55-05:00,2026-09-26T20:45:55+00:00,Python SDK azure-iot-device (MQTT 8883),DC-RACKC-03,22.11,33.83,48.49,2026-09-26T20:45:55+00:00
2026-09-26T15:46:25-05:00,2026-09-26T20:46:25+00:00,Python SDK azure-iot-device (MQTT 8883),DC-RACKC-03,21.84,33.12,47.48,2026-09-26T20:46:25+00:00
2026-09-26T15:46:55-05:00,2026-09-26T20:46:55+00:00,Python SDK azure-iot-device (MQTT 8883),DC-RACKC-03,22.37,34.2,47.71,2026-09-26T20:46:55+00:00
2026-09-26T15:47:25-05:00,2026-09-26T20:47:25+00:00,Python SDK azure-iot-device (MQTT 8883),DC-RACKC-03,21.81,33.26,48.06,2026-09-26T20:47:25+00:00
2026-09-26T15:47:56-05:00,2026-09-26T20:47:56+00:00,Python SDK azure-iot-device (MQTT 8883),DC-RACKC-03,21.96,33.22,48.48,2026-09-26T20:47:55+00:00
2026-09-26T15:48:26-05:00,2026-09-26T20:48:26+00:00,Python SDK azure-iot-device (MQTT 8883),DC-RACKC-03,21.85,33.55,46.24,2026-09-26T20:48:26+00:00
2026-09-26T15:48:56-05:00,2026-09-26T20:48:56+00:00,Python SDK azure-iot-device (MQTT 8883),DC-RACKC-03,22.09,33.51,46.55,2026-09-26T20:48:56+00:00
2026-09-26T15:49:26-05:00,2026-09-26T20:49:26+00:00,Python SDK azure-iot-device (MQTT 8883),DC-RACKC-03,22.11,33.5,47.74,2026-09-26T20:49:26+00:00
2026-09-26T15:49:56-05:00,2026-09-26T20:49:56+00:00,Python SDK azure-iot-device (MQTT 8883),DC-RACKC-03,21.89,33.67,46.92,2026-09-26T20:49:56+00:00
2026-09-26T15:50:26-05:00,2026-09-26T20:50:26+00:00,Python SDK azure-iot-device (MQTT 8883),DC-RACKC-03,21.73,33.37,46.94,2026-09-26T20:50:26+00:00
2026-09-26T15:50:56-05:00,2026-09-26T20:50:56+00:00,Python SDK azure-iot-device (MQTT 8883),DC-RACKC-03,21.92,33.38,47.41,2026-09-26T20:50:56+00:00
2026-09-26T15:51:26-05:00,2026-09-26T20:51:26+00:00,Python SDK azure-iot-device (MQTT 8883),DC-RACKC-03,22.1,32.83,46.7,2026-09-26T20:51:26+00:00
2026-09-26T15:51:56-05:00,2026-09-26T20:51:56+00:00,Python SDK azure-iot-device (MQTT 8883),DC-RACKC-03,21.93,32.6,46.88,2026-09-26T20:51:56+00:00
2026-09-26T15:52:26-05:00,2026-09-26T20:52:26+00:00,Python SDK azure-iot-device (MQTT 8883),DC-RACKC-03,22.18,33.6,46.41,2026-09-26T20:52:26+00:00
2026-09-26T15:52:57-05:00,2026-09-26T20:52:57+00:00,Python SDK azure-iot-device (MQTT 8883),DC-RACKC-03,21.78,32.95,46.52,2026-09-26T20:52:56+00:00
2026-09-26T15:53:27-05:00,2026-09-26T20:53:27+00:00,Python SDK azure-iot-device (MQTT 8883),DC-RACKC-03,22.25,33.63,47.17,2026-09-26T20:53:27+00:00
2026-09-26T15:53:57-05:00,2026-09-26T20:53:57+00:00,Python SDK azure-iot-device (MQTT 8883),DC-RACKC-03,22.35,34.16,48.0,2026-09-26T20:53:57+00:00
2026-09-26T15:54:27-05:00,2026-09-26T20:54:27+00:00,Python SDK azure-iot-device (MQTT 8883),DC-RACKC-03,21.76,33.37,47.28,2026-09-26T20:54:27+00:00
2026-09-26T15:54:57-05:00,2026-09-26T20:54:57+00:00,Python SDK azure-iot-device (MQTT 8883),DC-RACKC-03,22.07,32.83,47.33,2026-09-26T20:54:57+00:00
2026-09-26T15:55:27-05:00,2026-09-26T20:55:27+00:00,Python SDK azure-iot-device (MQTT 8883),DC-RACKC-03,21.75,32.43,47.49,2026-09-26T20:55:27+00:00
2026-09-26T15:55:57-05:00,2026-09-26T20:55:57+00:00,Python SDK azure-iot-device (MQTT 8883),DC-RACKC-03,22.07,32.8,46.6,2026-09-26T20:55:57+00:00
2026-09-26T15:56:27-05:00,2026-09-26T20:56:27+00:00,Python SDK azure-iot-device (MQTT 8883),DC-RACKC-03,22.29,33.65,46.16,2026-09-26T20:56:27+00:00
2026-09-26T15:56:57-05:00,2026-09-26T20:56:57+00:00,Python SDK azure-iot-device (MQTT 8883),DC-RACKC-03,22.15,32.89,48.03,2026-09-26T20:56:57+00:00
2026-09-26T15:57:28-05:00,2026-09-26T20:57:28+00:00,Python SDK azure-iot-device (MQTT 8883),DC-RACKC-03,22.38,33.56,48.18,2026-09-26T20:57:27+00:00
2026-09-26T15:57:58-05:00,2026-09-26T20:57:58+00:00,Python SDK azure-iot-device (MQTT 8883),DC-RACKC-03,22.34,33.9,48.24,2026-09-26T20:57:58+00:00
2026-09-26T15:58:28-05:00,2026-09-26T20:58:28+00:00,Python SDK azure-iot-device (MQTT 8883),DC-RACKC-03,22.1,33.17,46.8,2026-09-26T20:58:28+00:00
2026-09-26T15:58:58-05:00,2026-09-26T20:58:58+00:00,Python SDK azure-iot-device (MQTT 8883),DC-RACKC-03,21.99,32.66,46.2,2026-09-26T20:58:58+00:00
2026-09-26T15:59:28-05:00,2026-09-26T20:59:28+00:00,Python SDK azure-iot-device (MQTT 8883),DC-RACKC-03,21.87,33.15,46.24,2026-09-26T20:59:28+00:00
2026-09-26T15:59:58-05:00,2026-09-26T20:59:58+00:00,Python SDK azure-iot-device (MQTT 8883),DC-RACKC-03,21.99,32.87,47.95,2026-09-26T20:59:58+00:00
2026-09-26T16:00:28-05:00,2026-09-26T21:00:28+00:00,Python SDK azure-iot-device (MQTT 8883),DC-RACKC-03,21.79,33.06,46.83,2026-09-26T21:00:28+00:00
2026-09-26T16:00:58-05:00,2026-09-26T21:00:58+00:00,Python SDK azure-iot-device (MQTT 8883),DC-RACKC-03,21.79,32.68,47.79,2026-09-26T21:00:58+00:00
2026-09-26T16:01:28-05:00,2026-09-26T21:01:28+00:00,Python SDK azure-iot-device (MQTT 8883),DC-RACKC-03,22.32,34.04,47.0,2026-09-26T21:01:28+00:00
2026-09-26T16:01:59-05:00,2026-09-26T21:01:59+00:00,Python SDK azure-iot-device (MQTT 8883),DC-RACKC-03,21.86,32.77,46.27,2026-09-26T21:01:58+00:00
2026-09-26T16:02:29-05:00,2026-09-26T21:02:29+00:00,Python SDK azure-iot-device (MQTT 8883),DC-RACKC-03,21.9,33.66,47.86,2026-09-26T21:02:29+00:00
2026-09-26T16:02:59-05:00,2026-09-26T21:02:59+00:00,Python SDK azure-iot-device (MQTT 8883),DC-RACKC-03,22.01,33.82,47.02,2026-09-26T21:02:59+00:00
2026-09-26T16:03:29-05:00,2026-09-26T21:03:29+00:00,Python SDK azure-iot-device (MQTT 8883),DC-RACKC-03,21.76,33.03,46.05,2026-09-26T21:03:29+00:00
2026-09-26T16:03:59-05:00,2026-09-26T21:03:59+00:00,Python SDK azure-iot-device (MQTT 8883),DC-RACKC-03,22.26,33.18,45.86,2026-09-26T21:03:59+00:00
2026-09-26T16:04:29-05:00,2026-09-26T21:04:29+00:00,Python SDK azure-iot-device (MQTT 8883),DC-RACKC-03,22.3,33.39,46.83,2026-09-26T21:04:29+00:00
2026-09-26T16:04:59-05:00,2026-09-26T21:04:59+00:00,Python SDK azure-iot-device (MQTT 8883),DC-RACKC-03,21.79,33.34,46.8,2026-09-26T21:04:59+00:00
2026-09-26T16:05:29-05:00,2026-09-26T21:05:29+00:00,Python SDK azure-iot-device (MQTT 8883),DC-RACKC-03,22.38,33.68,45.66,2026-09-26T21:05:29+00:00
2026-09-26T16:05:59-05:00,2026-09-26T21:05:59+00:00,Python SDK azure-iot-device (MQTT 8883),DC-RACKC-03,21.91,32.59,45.84,2026-09-26T21:05:59+00:00
2026-09-26T16:06:29-05:00,2026-09-26T21:06:29+00:00,Python SDK azure-iot-device (MQTT 8883),DC-RACKC-03,21.86,33.0,45.89,2026-09-26T21:06:29+00:00
2026-09-26T16:07:00-05:00,2026-09-26T21:07:00+00:00,Python SDK azure-iot-device (MQTT 8883),DC-RACKC-03,22.24,33.3,45.95,2026-09-26T21:06:59+00:00
2026-09-26T16:07:30-05:00,2026-09-26T21:07:30+00:00,Python SDK azure-iot-device (MQTT 8883),DC-RACKC-03,22.21,33.09,46.73,2026-09-26T21:07:30+00:00
2026-09-26T16:08:00-05:00,2026-09-26T21:08:00+00:00,Python SDK azure-iot-device (MQTT 8883),DC-RACKC-03,21.91,33.65,46.9,2026-09-26T21:08:00+00:00
2026-09-26T16:08:30-05:00,2026-09-26T21:08:30+00:00,Python SDK azure-iot-device (MQTT 8883),DC-RACKC-03,22.03,33.87,46.88,2026-09-26T21:08:30+00:00
2026-09-26T16:09:00-05:00,2026-09-26T21:09:00+00:00,Python SDK azure-iot-device (MQTT 8883),DC-RACKC-03,22.33,33.68,47.78,2026-09-26T21:09:00+00:00
2026-09-26T16:09:30-05:00,2026-09-26T21:09:30+00:00,Python SDK azure-iot-device (MQTT 8883),DC-RACKC-03,22.31,33.02,47.47,2026-09-26T21:09:30+00:00
2026-09-26T16:10:00-05:00,2026-09-26T21:10:00+00:00,Python SDK azure-iot-device (MQTT 8883),DC-RACKC-03,21.71,32.81,46.22,2026-09-26T21:10:00+00:00
2026-09-26T16:10:30-05:00,2026-09-26T21:10:30+00:00,Python SDK azure-iot-device (MQTT 8883),DC-RACKC-03,22.22,33.43,46.39,2026-09-26T21:10:30+00:00
2026-09-26T16:11:00-05:00,2026-09-26T21:11:00+00:00,Python SDK azure-iot-device (MQTT 8883),DC-RACKC-03,21.84,33.34,47.16,2026-09-26T21:11:00+00:00
2026-09-26T16:11:31-05:00,2026-09-26T21:11:31+00:00,Python SDK azure-iot-device (MQTT 8883),DC-RACKC-03,22.33,32.99,46.72,2026-09-26T21:11:30+00:00
2026-09-26T16:12:01-05:00,2026-09-26T21:12:01+00:00,Python SDK azure-iot-device (MQTT 8883),DC-RACKC-03,22.07,33.28,47.65,2026-09-26T21:12:01+00:00
2026-09-26T16:12:31-05:00,2026-09-26T21:12:31+00:00,Python SDK azure-iot-device (MQTT 8883),DC-RACKC-03,22.24,33.3,46.68,2026-09-26T21:12:31+00:00
2026-09-26T16:13:01-05:00,2026-09-26T21:13:01+00:00,Python SDK azure-iot-device (MQTT 8883),DC-RACKC-03,21.91,32.56,46.03,2026-09-26T21:13:01+00:00
2026-09-26T16:13:31-05:00,2026-09-26T21:13:31+00:00,Python SDK azure-iot-device (MQTT 8883),DC-RACKC-03,21.84,33.29,47.79,2026-09-26T21:13:31+00:00
2026-09-26T16:14:01-05:00,2026-09-26T21:14:01+00:00,Python SDK azure-iot-device (MQTT 8883),DC-RACKC-03,22.02,33.03,45.88,2026-09-26T21:14:01+00:00
2026-09-26T16:14:31-05:00,2026-09-26T21:14:31+00:00,Python SDK azure-iot-device (MQTT 8883),DC-RACKC-03,22.07,33.16,47.79,2026-09-26T21:14:31+00:00
2026-09-26T16:15:01-05:00,2026-09-26T21:15:01+00:00,Python SDK azure-iot-device (MQTT 8883),DC-RACKC-03,22.07,32.89,45.84,2026-09-26T21:15:01+00:00
2026-09-26T16:15:31-05:00,2026-09-26T21:15:31+00:00,Python SDK azure-iot-device (MQTT 8883),DC-RACKC-03,21.76,32.81,46.43,2026-09-26T21:15:31+00:00
2026-09-26T16:16:02-05:00,2026-09-26T21:16:02+00:00,Python SDK azure-iot-device (MQTT 8883),DC-RACKC-03,21.87,32.58,46.49,2026-09-26T21:16:01+00:00
2026-09-26T16:16:32-05:00,2026-09-26T21:16:32+00:00,Python SDK azure-iot-device (MQTT 8883),DC-RACKC-03,21.74,33.13,47.37,2026-09-26T21:16:32+00:00
2026-09-26T16:17:02-05:00,2026-09-26T21:17:02+00:00,Python SDK azure-iot-device (MQTT 8883),DC-RACKC-03,22.23,33.05,47.04,2026-09-26T21:17:02+00:00
2026-09-26T16:17:32-05:00,2026-09-26T21:17:32+00:00,Python SDK azure-iot-device (MQTT 8883),DC-RACKC-03,21.96,33.75,45.49,2026-09-26T21:17:32+00:00
2026-09-26T16:18:02-05:00,2026-09-26T21:18:02+00:00,Python SDK azure-iot-device (MQTT 8883),DC-RACKC-03,22.14,32.86,47.22,2026-09-26T21:18:02+00:00
2026-09-26T16:18:32-05:00,2026-09-26T21:18:32+00:00,Python SDK azure-iot-device (MQTT 8883),DC-RACKC-03,22.33,32.93,47.06,2026-09-26T21:18:32+00:00
2026-09-26T16:19:02-05:00,2026-09-26T21:19:02+00:00,Python SDK azure-iot-device (MQTT 8883),DC-RACKC-03,22.21,33.33,45.76,2026-09-26T21:19:02+00:00
2026-09-26T16:19:32-05:00,2026-09-26T21:19:32+00:00,Python SDK azure-iot-device (MQTT 8883),DC-RACKC-03,22.38,33.36,45.88,2026-09-26T21:19:32+00:00
2026-09-26T16:20:02-05:00,2026-09-26T21:20:02+00:00,Python SDK azure-iot-device (MQTT 8883),DC-RACKC-03,22.35,33.33,47.03,2026-09-26T21:20:02+00:00
2026-09-26T16:20:33-05:00,2026-09-26T21:20:33+00:00,Python SDK azure-iot-device (MQTT 8883),DC-RACKC-03,21.78,33.12,46.46,2026-09-26T21:20:32+00:00
2026-09-26T16:21:03-05:00,2026-09-26T21:21:03+00:00,Python SDK azure-iot-device (MQTT 8883),DC-RACKC-03,22.38,34.18,47.25,2026-09-26T21:21:03+00:00
2026-09-26T16:21:33-05:00,2026-09-26T21:21:33+00:00,Python SDK azure-iot-device (MQTT 8883),DC-RACKC-03,21.85,33.43,47.36,2026-09-26T21:21:33+00:00
2026-09-26T16:22:03-05:00,2026-09-26T21:22:03+00:00,Python SDK azure-iot-device (MQTT 8883),DC-RACKC-03,22.01,32.95,46.29,2026-09-26T21:22:03+00:00
2026-09-26T16:22:33-05:00,2026-09-26T21:22:33+00:00,Python SDK azure-iot-device (MQTT 8883),DC-RACKC-03,22.42,33.98,47.22,2026-09-26T21:22:33+00:00
2026-09-26T16:23:03-05:00,2026-09-26T21:23:03+00:00,Python SDK azure-iot-device (MQTT 8883),DC-RACKC-03,22.1,33.35,45.85,2026-09-26T21:23:03+00:00
2026-09-26T16:23:33-05:00,2026-09-26T21:23:33+00:00,Python SDK azure-iot-device (MQTT 8883),DC-RACKC-03,22.14,33.75,45.85,2026-09-26T21:23:33+00:00
2026-09-26T16:24:03-05:00,2026-09-26T21:24:03+00:00,Python SDK azure-iot-device (MQTT 8883),DC-RACKC-03,22.04,33.15,46.93,2026-09-26T21:24:03+00:00
2026-09-26T16:24:33-05:00,2026-09-26T21:24:33+00:00,Python SDK azure-iot-device (MQTT 8883),DC-RACKC-03,21.81,33.27,45.25,2026-09-26T21:24:33+00:00
2026-09-26T16:25:03-05:00,2026-09-26T21:25:03+00:00,Python SDK azure-iot-device (MQTT 8883),DC-RACKC-03,22.3,33.97,46.61,2026-09-26T21:25:03+00:00
2026-09-26T16:25:34-05:00,2026-09-26T21:25:34+00:00,Python SDK azure-iot-device (MQTT 8883),DC-RACKC-03,22.33,32.91,47.26,2026-09-26T21:25:33+00:00
2026-09-26T16:26:04-05:00,2026-09-26T21:26:04+00:00,Python SDK azure-iot-device (MQTT 8883),DC-RACKC-03,22.25,33.42,46.31,2026-09-26T21:26:04+00:00
2026-09-26T16:26:34-05:00,2026-09-26T21:26:34+00:00,Python SDK azure-iot-device (MQTT 8883),DC-RACKC-03,22.41,33.09,46.97,2026-09-26T21:26:34+00:00
2026-09-26T16:27:04-05:00,2026-09-26T21:27:04+00:00,Python SDK azure-iot-device (MQTT 8883),DC-RACKC-03,22.37,33.33,46.9,2026-09-26T21:27:04+00:00
2026-09-26T16:27:34-05:00,2026-09-26T21:27:34+00:00,Python SDK azure-iot-device (MQTT 8883),DC-RACKC-03,21.76,33.2,46.58,2026-09-26T21:27:34+00:00
2026-09-26T16:28:04-05:00,2026-09-26T21:28:04+00:00,Python SDK azure-iot-device (MQTT 8883),DC-RACKC-03,21.8,32.89,46.8,2026-09-26T21:28:04+00:00
2026-09-26T16:28:34-05:00,2026-09-26T21:28:34+00:00,Python SDK azure-iot-device (MQTT 8883),DC-RACKC-03,21.96,32.58,45.82,2026-09-26T21:28:34+00:00
2026-09-26T16:29:04-05:00,2026-09-26T21:29:04+00:00,Python SDK azure-iot-device (MQTT 8883),DC-RACKC-03,22.35,33.81,46.68,2026-09-26T21:29:04+00:00
2026-09-26T16:29:34-05:00,2026-09-26T21:29:34+00:00,Python SDK azure-iot-device (MQTT 8883),DC-RACKC-03,22.15,33.5,45.03,2026-09-26T21:29:34+00:00
2026-09-26T16:30:05-05:00,2026-09-26T21:30:05+00:00,Python SDK azure-iot-device (MQTT 8883),DC-RACKC-03,21.95,33.31,45.64,2026-09-26T21:30:04+00:00
2026-09-26T16:30:35-05:00,2026-09-26T21:30:35+00:00,Python SDK azure-iot-device (MQTT 8883),DC-RACKC-03,22.09,32.94,46.79,2026-09-26T21:30:35+00:00
2026-09-26T16:31:05-05:00,2026-09-26T21:31:05+00:00,Python SDK azure-iot-device (MQTT 8883),DC-RACKC-03,22.0,33.08,45.77,2026-09-26T21:31:05+00:00
2026-09-26T16:31:35-05:00,2026-09-26T21:31:35+00:00,Python SDK azure-iot-device (MQTT 8883),DC-RACKC-03,22.17,33.03,45.1,2026-09-26T21:31:35+00:00
2026-09-26T16:32:05-05:00,2026-09-26T21:32:05+00:00,Python SDK azure-iot-device (MQTT 8883),DC-RACKC-03,21.92,33.29,47.16,2026-09-26T21:32:05+00:00
2026-09-26T16:32:35-05:00,2026-09-26T21:32:35+00:00,Python SDK azure-iot-device (MQTT 8883),DC-RACKC-03,21.82,33.04,45.36,2026-09-26T21:32:35+00:00
2026-09-26T16:33:05-05:00,2026-09-26T21:33:05+00:00,Python SDK azure-iot-device (MQTT 8883),DC-RACKC-03,22.24,33.13,45.7,2026-09-26T21:33:05+00:00
2026-09-26T16:33:35-05:00,2026-09-26T21:33:35+00:00,Python SDK azure-iot-device (MQTT 8883),DC-RACKC-03,21.91,33.52,47.03,2026-09-26T21:33:35+00:00
2026-09-26T16:34:05-05:00,2026-09-26T21:34:05+00:00,Python SDK azure-iot-device (MQTT 8883),DC-RACKC-03,22.27,33.06,45.28,2026-09-26T21:34:05+00:00
2026-09-26T16:34:36-05:00,2026-09-26T21:34:36+00:00,Python SDK azure-iot-device (MQTT 8883),DC-RACKC-03,21.75,32.72,45.47,2026-09-26T21:34:35+00:00
2026-09-26T16:35:06-05:00,2026-09-26T21:35:06+00:00,Python SDK azure-iot-device (MQTT 8883),DC-RACKC-03,22.12,33.86,46.12,2026-09-26T21:35:06+00:00
2026-09-26T16:35:36-05:00,2026-09-26T21:35:36+00:00,Python SDK azure-iot-device (MQTT 8883),DC-RACKC-03,21.88,32.86,46.76,2026-09-26T21:35:36+00:00
2026-09-26T16:36:06-05:00,2026-09-26T21:36:06+00:00,Python SDK azure-iot-device (MQTT 8883),DC-RACKC-03,21.8,32.76,47.16,2026-09-26T21:36:06+00:00
2026-09-26T16:36:36-05:00,2026-09-26T21:36:36+00:00,Python SDK azure-iot-device (MQTT 8883),DC-RACKC-03,22.38,33.36,45.48,2026-09-26T21:36:36+00:00
2026-09-26T16:37:06-05:00,2026-09-26T21:37:06+00:00,Python SDK azure-iot-device (MQTT 8883),DC-RACKC-03,21.94,32.73,46.91,2026-09-26T21:37:06+00:00
2026-09-26T16:37:36-05:00,2026-09-26T21:37:36+00:00,Python SDK azure-iot-device (MQTT 8883),DC-RACKC-03,21.81,32.46,46.29,2026-09-26T21:37:36+00:00
2026-09-26T16:38:06-05:00,2026-09-26T21:38:06+00:00,Python SDK azure-iot-device (MQTT 8883),DC-RACKC-03,22.39,33.03,46.07,2026-09-26T21:38:06+00:00
2026-09-26T16:38:36-05:00,2026-09-26T21:38:36+00:00,Python SDK azure-iot-device (MQTT 8883),DC-RACKC-03,22.33,32.96,46.79,2026-09-26T21:38:36+00:00
2026-09-26T16:39:06-05:00,2026-09-26T21:39:06+00:00,Python SDK azure-iot-device (MQTT 8883),DC-RACKC-03,22.36,34.01,45.33,2026-09-26T21:39:06+00:00
2026-09-26T16:39:37-05:00,2026-09-26T21:39:37+00:00,Python SDK azure-iot-device (MQTT 8883),DC-RACKC-03,22.35,33.24,46.69,2026-09-26T21:39:36+00:00
2026-09-26T16:40:07-05:00,2026-09-26T21:40:07+00:00,Python SDK azure-iot-device (MQTT 8883),DC-RACKC-03,22.18,33.75,46.12,2026-09-26T21:40:07+00:00
2026-09-26T16:40:37-05:00,2026-09-26T21:40:37+00:00,Python SDK azure-iot-device (MQTT 8883),DC-RACKC-03,22.35,33.53,46.96,2026-09-26T21:40:37+00:00
2026-09-26T16:41:07-05:00,2026-09-26T21:41:07+00:00,Python SDK azure-iot-device (MQTT 8883),DC-RACKC-03,21.73,32.36,45.3,2026-09-26T21:41:07+00:00
2026-09-26T16:41:37-05:00,2026-09-26T21:41:37+00:00,Python SDK azure-iot-device (MQTT 8883),DC-RACKC-03,21.8,32.89,46.05,2026-09-26T21:41:37+00:00
2026-09-26T16:42:07-05:00,2026-09-26T21:42:07+00:00,Python SDK azure-iot-device (MQTT 8883),DC-RACKC-03,22.02,33.43,46.78,2026-09-26T21:42:07+00:00
2026-09-26T16:42:37-05:00,2026-09-26T21:42:37+00:00,Python SDK azure-iot-device (MQTT 8883),DC-RACKC-03,21.73,32.51,44.8,2026-09-26T21:42:37+00:00
2026-09-26T16:43:07-05:00,2026-09-26T21:43:07+00:00,Python SDK azure-iot-device (MQTT 8883),DC-RACKC-03,22.14,32.95,44.82,2026-09-26T21:43:07+00:00
2026-09-26T16:43:37-05:00,2026-09-26T21:43:37+00:00,Python SDK azure-iot-device (MQTT 8883),DC-RACKC-03,22.27,33.39,46.41,2026-09-26T21:43:37+00:00
2026-09-26T16:44:08-05:00,2026-09-26T21:44:08+00:00,Python SDK azure-iot-device (MQTT 8883),DC-RACKC-03,21.73,33.25,45.24,2026-09-26T21:44:07+00:00
2026-09-26T16:44:38-05:00,2026-09-26T21:44:38+00:00,Python SDK azure-iot-device (MQTT 8883),DC-RACKC-03,21.97,32.62,46.57,2026-09-26T21:44:38+00:00
2026-09-26T16:45:08-05:00,2026-09-26T21:45:08+00:00,Python SDK azure-iot-device (MQTT 8883),DC-RACKC-03,22.14,33.32,44.84,2026-09-26T21:45:08+00:00
2026-09-26T16:45:38-05:00,2026-09-26T21:45:38+00:00,Python SDK azure-iot-device (MQTT 8883),DC-RACKC-03,21.83,32.76,46.8,2026-09-26T21:45:38+00:00
2026-09-26T16:46:08-05:00,2026-09-26T21:46:08+00:00,Python SDK azure-iot-device (MQTT 8883),DC-RACKC-03,21.79,33.22,45.97,2026-09-26T21:46:08+00:00
2026-09-26T16:46:38-05:00,2026-09-26T21:46:38+00:00,Python SDK azure-iot-device (MQTT 8883),DC-RACKC-03,22.06,33.55,44.68,2026-09-26T21:46:38+00:00
2026-09-26T16:47:08-05:00,2026-09-26T21:47:08+00:00,Python SDK azure-iot-device (MQTT 8883),DC-RACKC-03,21.88,33.14,46.82,2026-09-26T21:47:08+00:00
2026-09-26T16:47:38-05:00,2026-09-26T21:47:38+00:00,Python SDK azure-iot-device (MQTT 8883),DC-RACKC-03,21.92,33.59,46.06,2026-09-26T21:47:38+00:00
2026-09-26T16:48:08-05:00,2026-09-26T21:48:08+00:00,Python SDK azure-iot-device (MQTT 8883),DC-RACKC-03,21.92,33.35,44.93,2026-09-26T21:48:08+00:00
2026-09-26T16:48:38-05:00,2026-09-26T21:48:38+00:00,Python SDK azure-iot-device (MQTT 8883),DC-RACKC-03,21.81,32.69,46.13,2026-09-26T21:48:38+00:00
2026-09-26T16:49:09-05:00,2026-09-26T21:49:09+00:00,Python SDK azure-iot-device (MQTT 8883),DC-RACKC-03,21.87,33.09,45.25,2026-09-26T21:49:08+00:00
2026-09-26T16:49:39-05:00,2026-09-26T21:49:39+00:00,Python SDK azure-iot-device (MQTT 8883),DC-RACKC-03,21.91,32.67,44.85,2026-09-26T21:49:39+00:00
2026-09-26T16:50:09-05:00,2026-09-26T21:50:09+00:00,Python SDK azure-iot-device (MQTT 8883),DC-RACKC-03,21.81,33.16,46.77,2026-09-26T21:50:09+00:00
2026-09-26T16:50:39-05:00,2026-09-26T21:50:39+00:00,Python SDK azure-iot-device (MQTT 8883),DC-RACKC-03,22.06,32.91,44.9,2026-09-26T21:50:39+00:00
2026-09-26T16:51:09-05:00,2026-09-26T21:51:09+00:00,Python SDK azure-iot-device (MQTT 8883),DC-RACKC-03,22.04,33.35,45.75,2026-09-26T21:51:09+00:00
2026-09-26T16:51:39-05:00,2026-09-26T21:51:39+00:00,Python SDK azure-iot-device (MQTT 8883),DC-RACKC-03,21.8,32.38,45.35,2026-09-26T21:51:39+00:00
2026-09-26T16:52:09-05:00,2026-09-26T21:52:09+00:00,Python SDK azure-iot-device (MQTT 8883),DC-RACKC-03,22.14,33.47,46.54,2026-09-26T21:52:09+00:00
2026-09-26T16:52:39-05:00,2026-09-26T21:52:39+00:00,Python SDK azure-iot-device (MQTT 8883),DC-RACKC-03,21.98,33.06,45.16,2026-09-26T21:52:39+00:00
2026-09-26T16:53:09-05:00,2026-09-26T21:53:09+00:00,Python SDK azure-iot-device (MQTT 8883),DC-RACKC-03,22.03,33.03,46.55,2026-09-26T21:53:09+00:00
2026-09-26T16:53:40-05:00,2026-09-26T21:53:40+00:00,Python SDK azure-iot-device (MQTT 8883),DC-RACKC-03,21.76,32.74,46.19,2026-09-26T21:53:39+00:00
2026-09-26T16:54:10-05:00,2026-09-26T21:54:10+00:00,Python SDK azure-iot-device (MQTT 8883),DC-RACKC-03,22.25,33.65,45.58,2026-09-26T21:54:10+00:00
2026-09-26T16:54:40-05:00,2026-09-26T21:54:40+00:00,Python SDK azure-iot-device (MQTT 8883),DC-RACKC-03,21.95,33.24,45.63,2026-09-26T21:54:40+00:00
2026-09-26T16:55:10-05:00,2026-09-26T21:55:10+00:00,Python SDK azure-iot-device (MQTT 8883),DC-RACKC-03,22.01,33.48,45.55,2026-09-26T21:55:10+00:00
2026-09-26T16:55:40-05:00,2026-09-26T21:55:40+00:00,Python SDK azure-iot-device (MQTT 8883),DC-RACKC-03,21.82,33.19,46.51,2026-09-26T21:55:40+00:00
2026-09-26T16:56:10-05:00,2026-09-26T21:56:10+00:00,Python SDK azure-iot-device (MQTT 8883),DC-RACKC-03,22.29,33.46,45.3,2026-09-26T21:56:10+00:00
2026-09-26T16:56:40-05:00,2026-09-26T21:56:40+00:00,Python SDK azure-iot-device (MQTT 8883),DC-RACKC-03,22.24,33.62,44.83,2026-09-26T21:56:40+00:00
2026-09-26T16:57:10-05:00,2026-09-26T21:57:10+00:00,Python SDK azure-iot-device (MQTT 8883),DC-RACKC-03,21.69,32.59,46.29,2026-09-26T21:57:10+00:00
2026-09-26T16:57:40-05:00,2026-09-26T21:57:40+00:00,Python SDK azure-iot-device (MQTT 8883),DC-RACKC-03,22.12,33.28,44.8,2026-09-26T21:57:40+00:00
2026-09-26T16:58:10-05:00,2026-09-26T21:58:10+00:00,Python SDK azure-iot-device (MQTT 8883),DC-RACKC-03,21.76,33.42,46.63,2026-09-26T21:58:10+00:00
2026-09-26T16:58:41-05:00,2026-09-26T21:58:41+00:00,Python SDK azure-iot-device (MQTT 8883),DC-RACKC-03,21.9,33.15,46.2,2026-09-26T21:58:40+00:00
2026-09-26T16:59:11-05:00,2026-09-26T21:59:11+00:00,Python SDK azure-iot-device (MQTT 8883),DC-RACKC-03,21.97,33.22,44.57,2026-09-26T21:59:11+00:00
2026-09-26T16:59:41-05:00,2026-09-26T21:59:41+00:00,Python SDK azure-iot-device (MQTT 8883),DC-RACKC-03,21.98,33.76,45.88,2026-09-26T21:59:41+00:00
2026-09-26T17:00:11-05:00,2026-09-26T22:00:11+00:00,Python SDK azure-iot-device (MQTT 8883),DC-RACKC-03,22.15,33.75,44.3,2026-09-26T22:00:11+00:00
2026-09-26T17:00:41-05:00,2026-09-26T22:00:41+00:00,Python SDK azure-iot-device (MQTT 8883),DC-RACKC-03,21.99,33.2,46.56,2026-09-26T22:00:41+00:00
2026-09-26T17:01:11-05:00,2026-09-26T22:01:11+00:00,Python SDK azure-iot-device (MQTT 8883),DC-RACKC-03,22.26,33.38,44.26,2026-09-26T22:01:11+00:00
2026-09-26T17:01:41-05:00,2026-09-26T22:01:41+00:00,Python SDK azure-iot-device (MQTT 8883),DC-RACKC-03,22.26,32.96,45.4,2026-09-26T22:01:41+00:00
2026-09-26T17:02:11-05:00,2026-09-26T22:02:11+00:00,Python SDK azure-iot-device (MQTT 8883),DC-RACKC-03,21.98,32.93,44.33,2026-09-26T22:02:11+00:00
2026-09-26T17:02:41-05:00,2026-09-26T22:02:41+00:00,Python SDK azure-iot-device (MQTT 8883),DC-RACKC-03,22.3,33.56,44.32,2026-09-26T22:02:41+00:00
2026-09-26T17:03:12-05:00,2026-09-26T22:03:12+00:00,Python SDK azure-iot-device (MQTT 8883),DC-RACKC-03,21.7,32.99,45.97,2026-09-26T22:03:11+00:00
2026-09-26T17:03:42-05:00,2026-09-26T22:03:42+00:00,Python SDK azure-iot-device (MQTT 8883),DC-RACKC-03,21.83,33.0,45.49,2026-09-26T22:03:42+00:00
2026-09-26T17:04:12-05:00,2026-09-26T22:04:12+00:00,Python SDK azure-iot-device (MQTT 8883),DC-RACKC-03,22.38,32.99,46.21,2026-09-26T22:04:12+00:00
2026-09-26T17:04:42-05:00,2026-09-26T22:04:42+00:00,Python SDK azure-iot-device (MQTT 8883),DC-RACKC-03,22.38,33.53,45.53,2026-09-26T22:04:42+00:00
2026-09-26T17:05:12-05:00,2026-09-26T22:05:12+00:00,Python SDK azure-iot-device (MQTT 8883),DC-RACKC-03,22.02,32.9,45.58,2026-09-26T22:05:12+00:00
2026-09-26T17:05:42-05:00,2026-09-26T22:05:42+00:00,Python SDK azure-iot-device (MQTT 8883),DC-RACKC-03,21.94,33.23,44.59,2026-09-26T22:05:42+00:00
2026-09-26T17:06:12-05:00,2026-09-26T22:06:12+00:00,Python SDK azure-iot-device (MQTT 8883),DC-RACKC-03,22.19,33.18,44.2,2026-09-26T22:06:12+00:00
2026-09-26T17:06:42-05:00,2026-09-26T22:06:42+00:00,Python SDK azure-iot-device (MQTT 8883),DC-RACKC-03,21.96,33.29,46.03,2026-09-26T22:06:42+00:00
2026-09-26T17:07:12-05:00,2026-09-26T22:07:12+00:00,Python SDK azure-iot-device (MQTT 8883),DC-RACKC-03,21.9,32.47,45.67,2026-09-26T22:07:12+00:00
2026-09-26T17:07:43-05:00,2026-09-26T22:07:43+00:00,Python SDK azure-iot-device (MQTT 8883),DC-RACKC-03,22.33,33.33,46.39,2026-09-26T22:07:42+00:00
2026-09-26T17:08:13-05:00,2026-09-26T22:08:13+00:00,Python SDK azure-iot-device (MQTT 8883),DC-RACKC-03,21.73,33.44,45.88,2026-09-26T22:08:13+00:00
2026-09-26T17:08:43-05:00,2026-09-26T22:08:43+00:00,Python SDK azure-iot-device (MQTT 8883),DC-RACKC-03,21.97,33.28,45.39,2026-09-26T22:08:43+00:00
2026-09-26T17:09:13-05:00,2026-09-26T22:09:13+00:00,Python SDK azure-iot-device (MQTT 8883),DC-RACKC-03,21.83,33.33,44.69,2026-09-26T22:09:13+00:00
2026-09-26T17:09:43-05:00,2026-09-26T22:09:43+00:00,Python SDK azure-iot-device (MQTT 8883),DC-RACKC-03,21.94,33.03,46.23,2026-09-26T22:09:43+00:00
2026-09-26T17:10:13-05:00,2026-09-26T22:10:13+00:00,Python SDK azure-iot-device (MQTT 8883),DC-RACKC-03,21.79,32.75,45.67,2026-09-26T22:10:13+00:00
2026-09-26T17:10:43-05:00,2026-09-26T22:10:43+00:00,Python SDK azure-iot-device (MQTT 8883),DC-RACKC-03,21.74,32.54,46.09,2026-09-26T22:10:43+00:00
2026-09-26T17:11:13-05:00,2026-09-26T22:11:13+00:00,Python SDK azure-iot-device (MQTT 8883),DC-RACKC-03,21.99,32.64,44.13,2026-09-26T22:11:13+00:00
2026-09-26T17:11:43-05:00,2026-09-26T22:11:43+00:00,Python SDK azure-iot-device (MQTT 8883),DC-RACKC-03,21.78,32.63,45.16,2026-09-26T22:11:43+00:00
2026-09-26T17:12:13-05:00,2026-09-26T22:12:13+00:00,Python SDK azure-iot-device (MQTT 8883),DC-RACKC-03,21.71,32.85,44.91,2026-09-26T22:12:13+00:00
2026-09-26T17:12:44-05:00,2026-09-26T22:12:44+00:00,Python SDK azure-iot-device (MQTT 8883),DC-RACKC-03,21.95,33.49,44.97,2026-09-26T22:12:43+00:00
2026-09-26T17:13:14-05:00,2026-09-26T22:13:14+00:00,Python SDK azure-iot-device (MQTT 8883),DC-RACKC-03,22.1,32.91,45.46,2026-09-26T22:13:14+00:00
2026-09-26T17:13:44-05:00,2026-09-26T22:13:44+00:00,Python SDK azure-iot-device (MQTT 8883),DC-RACKC-03,21.97,32.58,44.95,2026-09-26T22:13:44+00:00
2026-09-26T17:14:14-05:00,2026-09-26T22:14:14+00:00,Python SDK azure-iot-device (MQTT 8883),DC-RACKC-03,21.92,33.36,45.1,2026-09-26T22:14:14+00:00
2026-09-26T17:14:44-05:00,2026-09-26T22:14:44+00:00,Python SDK azure-iot-device (MQTT 8883),DC-RACKC-03,22.25,33.03,44.18,2026-09-26T22:14:44+00:00
2026-09-26T17:15:14-05:00,2026-09-26T22:15:14+00:00,Python SDK azure-iot-device (MQTT 8883),DC-RACKC-03,21.98,33.3,45.91,2026-09-26T22:15:14+00:00
2026-09-26T17:15:44-05:00,2026-09-26T22:15:44+00:00,Python SDK azure-iot-device (MQTT 8883),DC-RACKC-03,21.95,33.21,45.75,2026-09-26T22:15:44+00:00
2026-09-26T17:16:14-05:00,2026-09-26T22:16:14+00:00,Python SDK azure-iot-device (MQTT 8883),DC-RACKC-03,22.33,33.59,44.52,2026-09-26T22:16:14+00:00
2026-09-26T17:16:44-05:00,2026-09-26T22:16:44+00:00,Python SDK azure-iot-device (MQTT 8883),DC-RACKC-03,21.99,33.53,45.32,2026-09-26T22:16:44+00:00
2026-09-26T17:17:15-05:00,2026-09-26T22:17:15+00:00,Python SDK azure-iot-device (MQTT 8883),DC-RACKC-03,21.73,32.99,45.82,2026-09-26T22:17:14+00:00
2026-09-26T17:17:45-05:00,2026-09-26T22:17:45+00:00,Python SDK azure-iot-device (MQTT 8883),DC-RACKC-03,22.28,32.87,45.7,2026-09-26T22:17:45+00:00
2026-09-26T17:18:15-05:00,2026-09-26T22:18:15+00:00,Python SDK azure-iot-device (MQTT 8883),DC-RACKC-03,21.85,32.95,45.28,2026-09-26T22:18:15+00:00
2026-09-26T17:18:45-05:00,2026-09-26T22:18:45+00:00,Python SDK azure-iot-device (MQTT 8883),DC-RACKC-03,22.26,33.04,44.43,2026-09-26T22:18:45+00:00
2026-09-26T17:19:15-05:00,2026-09-26T22:19:15+00:00,Python SDK azure-iot-device (MQTT 8883),DC-RACKC-03,21.86,32.94,44.57,2026-09-26T22:19:15+00:00
2026-09-26T17:19:45-05:00,2026-09-26T22:19:45+00:00,Python SDK azure-iot-device (MQTT 8883),DC-RACKC-03,22.07,33.01,45.45,2026-09-26T22:19:45+00:00
2026-09-26T17:20:15-05:00,2026-09-26T22:20:15+00:00,Python SDK azure-iot-device (MQTT 8883),DC-RACKC-03,22.11,33.26,45.27,2026-09-26T22:20:15+00:00
2026-09-26T17:20:45-05:00,2026-09-26T22:20:45+00:00,Python SDK azure-iot-device (MQTT 8883),DC-RACKC-03,22.22,33.62,45.08,2026-09-26T22:20:45+00:00
2026-09-26T17:21:15-05:00,2026-09-26T22:21:15+00:00,Python SDK azure-iot-device (MQTT 8883),DC-RACKC-03,22.36,33.11,44.29,2026-09-26T22:21:15+00:00
2026-09-26T17:21:45-05:00,2026-09-26T22:21:45+00:00,Python SDK azure-iot-device (MQTT 8883),DC-RACKC-03,22.37,33.94,45.35,2026-09-26T22:21:45+00:00
2026-09-26T17:22:16-05:00,2026-09-26T22:22:16+00:00,Python SDK azure-iot-device (MQTT 8883),DC-RACKC-03,22.3,33.07,44.95,2026-09-26T22:22:15+00:00
2026-09-26T17:22:46-05:00,2026-09-26T22:22:46+00:00,Python SDK azure-iot-device (MQTT 8883),DC-RACKC-03,22.27,33.23,44.73,2026-09-26T22:22:46+00:00
2026-09-26T17:23:16-05:00,2026-09-26T22:23:16+00:00,Python SDK azure-iot-device (MQTT 8883),DC-RACKC-03,22.36,32.95,45.72,2026-09-26T22:23:16+00:00
2026-09-26T17:23:46-05:00,2026-09-26T22:23:46+00:00,Python SDK azure-iot-device (MQTT 8883),DC-RACKC-03,22.03,32.8,45.41,2026-09-26T22:23:46+00:00
2026-09-26T17:24:16-05:00,2026-09-26T22:24:16+00:00,Python SDK azure-iot-device (MQTT 8883),DC-RACKC-03,21.88,33.03,44.31,2026-09-26T22:24:16+00:00
2026-09-26T17:24:46-05:00,2026-09-26T22:24:46+00:00,Python SDK azure-iot-device (MQTT 8883),DC-RACKC-03,22.11,33.84,43.9,2026-09-26T22:24:46+00:00
2026-09-26T17:25:16-05:00,2026-09-26T22:25:16+00:00,Python SDK azure-iot-device (MQTT 8883),DC-RACKC-03,21.97,33.18,44.96,2026-09-26T22:25:16+00:00
2026-09-26T17:25:46-05:00,2026-09-26T22:25:46+00:00,Python SDK azure-iot-device (MQTT 8883),DC-RACKC-03,22.23,33.29,44.94,2026-09-26T22:25:46+00:00
2026-09-26T17:26:16-05:00,2026-09-26T22:26:16+00:00,Python SDK azure-iot-device (MQTT 8883),DC-RACKC-03,22.02,33.67,44.66,2026-09-26T22:26:16+00:00
2026-09-26T17:26:47-05:00,2026-09-26T22:26:47+00:00,Python SDK azure-iot-device (MQTT 8883),DC-RACKC-03,22.15,33.8,44.28,2026-09-26T22:26:46+00:00
2026-09-26T17:27:17-05:00,2026-09-26T22:27:17+00:00,Python SDK azure-iot-device (MQTT 8883),DC-RACKC-03,22.2,33.81,43.72,2026-09-26T22:27:17+00:00
2026-09-26T17:27:47-05:00,2026-09-26T22:27:47+00:00,Python SDK azure-iot-device (MQTT 8883),DC-RACKC-03,22.31,33.31,44.48,2026-09-26T22:27:47+00:00
2026-09-26T17:28:17-05:00,2026-09-26T22:28:17+00:00,Python SDK azure-iot-device (MQTT 8883),DC-RACKC-03,21.73,32.22,44.17,2026-09-26T22:28:17+00:00
2026-09-26T17:28:47-05:00,2026-09-26T22:28:47+00:00,Python SDK azure-iot-device (MQTT 8883),DC-RACKC-03,22.39,33.33,44.68,2026-09-26T22:28:47+00:00
2026-09-26T17:29:17-05:00,2026-09-26T22:29:17+00:00,Python SDK azure-iot-device (MQTT 8883),DC-RACKC-03,22.26,34.0,44.18,2026-09-26T22:29:17+00:00
2026-09-26T17:29:47-05:00,2026-09-26T22:29:47+00:00,Python SDK azure-iot-device (MQTT 8883),DC-RACKC-03,22.17,32.87,45.09,2026-09-26T22:29:47+00:00
2026-09-26T17:30:17-05:00,2026-09-26T22:30:17+00:00,Python SDK azure-iot-device (MQTT 8883),DC-RACKC-03,21.95,32.87,43.87,2026-09-26T22:30:17+00:00
2026-09-26T17:30:47-05:00,2026-09-26T22:30:47+00:00,Python SDK azure-iot-device (MQTT 8883),DC-RACKC-03,21.74,32.95,44.27,2026-09-26T22:30:47+00:00
2026-09-26T17:31:17-05:00,2026-09-26T22:31:17+00:00,Python SDK azure-iot-device (MQTT 8883),DC-RACKC-03,22.29,33.05,43.88,2026-09-26T22:31:17+00:00
2026-09-26T17:31:48-05:00,2026-09-26T22:31:48+00:00,Python SDK azure-iot-device (MQTT 8883),DC-RACKC-03,21.86,33.09,45.21,2026-09-26T22:31:47+00:00
2026-09-26T17:32:18-05:00,2026-09-26T22:32:18+00:00,Python SDK azure-iot-device (MQTT 8883),DC-RACKC-03,22.27,33.12,45.66,2026-09-26T22:32:18+00:00
2026-09-26T17:32:48-05:00,2026-09-26T22:32:48+00:00,Python SDK azure-iot-device (MQTT 8883),DC-RACKC-03,22.09,32.6,44.65,2026-09-26T22:32:48+00:00
2026-09-26T17:33:18-05:00,2026-09-26T22:33:18+00:00,Python SDK azure-iot-device (MQTT 8883),DC-RACKC-03,22.4,33.75,43.76,2026-09-26T22:33:18+00:00
2026-09-26T17:33:48-05:00,2026-09-26T22:33:48+00:00,Python SDK azure-iot-device (MQTT 8883),DC-RACKC-03,21.84,32.68,43.73,2026-09-26T22:33:48+00:00
2026-09-26T17:34:18-05:00,2026-09-26T22:34:18+00:00,Python SDK azure-iot-device (MQTT 8883),DC-RACKC-03,22.06,32.9,44.64,2026-09-26T22:34:18+00:00
2026-09-26T17:34:48-05:00,2026-09-26T22:34:48+00:00,Python SDK azure-iot-device (MQTT 8883),DC-RACKC-03,21.97,33.33,45.14,2026-09-26T22:34:48+00:00
2026-09-26T17:35:18-05:00,2026-09-26T22:35:18+00:00,Python SDK azure-iot-device (MQTT 8883),DC-RACKC-03,22.36,33.47,44.24,2026-09-26T22:35:18+00:00
2026-09-26T17:35:48-05:00,2026-09-26T22:35:48+00:00,Python SDK azure-iot-device (MQTT 8883),DC-RACKC-03,22.32,33.96,43.48,2026-09-26T22:35:48+00:00
2026-09-26T17:36:19-05:00,2026-09-26T22:36:19+00:00,Python SDK azure-iot-device (MQTT 8883),DC-RACKC-03,21.87,33.17,44.76,2026-09-26T22:36:18+00:00
2026-09-26T17:36:49-05:00,2026-09-26T22:36:49+00:00,Python SDK azure-iot-device (MQTT 8883),DC-RACKC-03,21.77,32.83,44.7,2026-09-26T22:36:49+00:00
2026-09-26T17:37:19-05:00,2026-09-26T22:37:19+00:00,Python SDK azure-iot-device (MQTT 8883),DC-RACKC-03,22.39,34.08,44.88,2026-09-26T22:37:19+00:00
2026-09-26T17:37:49-05:00,2026-09-26T22:37:49+00:00,Python SDK azure-iot-device (MQTT 8883),DC-RACKC-03,22.32,33.54,45.6,2026-09-26T22:37:49+00:00
2026-09-26T17:38:19-05:00,2026-09-26T22:38:19+00:00,Python SDK azure-iot-device (MQTT 8883),DC-RACKC-03,22.14,33.54,45.09,2026-09-26T22:38:19+00:00
2026-09-26T17:38:49-05:00,2026-09-26T22:38:49+00:00,Python SDK azure-iot-device (MQTT 8883),DC-RACKC-03,21.97,33.07,43.7,2026-09-26T22:38:49+00:00
2026-09-26T17:39:19-05:00,2026-09-26T22:39:19+00:00,Python SDK azure-iot-device (MQTT 8883),DC-RACKC-03,21.8,32.59,45.02,2026-09-26T22:39:19+00:00
2026-09-26T17:39:49-05:00,2026-09-26T22:39:49+00:00,Python SDK azure-iot-device (MQTT 8883),DC-RACKC-03,22.34,33.71,43.32,2026-09-26T22:39:49+00:00
2026-09-26T17:40:19-05:00,2026-09-26T22:40:19+00:00,Python SDK azure-iot-device (MQTT 8883),DC-RACKC-03,21.67,32.4,45.6,2026-09-26T22:40:19+00:00
2026-09-26T17:40:50-05:00,2026-09-26T22:40:50+00:00,Python SDK azure-iot-device (MQTT 8883),DC-RACKC-03,21.7,33.14,43.38,2026-09-26T22:40:49+00:00
2026-09-26T17:41:20-05:00,2026-09-26T22:41:20+00:00,Python SDK azure-iot-device (MQTT 8883),DC-RACKC-03,21.85,32.56,43.69,2026-09-26T22:41:20+00:00
2026-09-26T17:41:50-05:00,2026-09-26T22:41:50+00:00,Python SDK azure-iot-device (MQTT 8883),DC-RACKC-03,21.9,33.48,44.76,2026-09-26T22:41:50+00:00
2026-09-26T17:42:20-05:00,2026-09-26T22:42:20+00:00,Python SDK azure-iot-device (MQTT 8883),DC-RACKC-03,21.93,32.92,43.69,2026-09-26T22:42:20+00:00
2026-09-26T17:42:50-05:00,2026-09-26T22:42:50+00:00,Python SDK azure-iot-device (MQTT 8883),DC-RACKC-03,22.01,32.65,44.68,2026-09-26T22:42:50+00:00
2026-09-26T17:43:20-05:00,2026-09-26T22:43:20+00:00,Python SDK azure-iot-device (MQTT 8883),DC-RACKC-03,21.95,32.62,43.83,2026-09-26T22:43:20+00:00
2026-09-26T17:43:50-05:00,2026-09-26T22:43:50+00:00,Python SDK azure-iot-device (MQTT 8883),DC-RACKC-03,21.94,32.46,44.47,2026-09-26T22:43:50+00:00
2026-09-26T17:44:20-05:00,2026-09-26T22:44:20+00:00,Python SDK azure-iot-device (MQTT 8883),DC-RACKC-03,22.29,33.58,44.35,2026-09-26T22:44:20+00:00
2026-09-26T17:44:50-05:00,2026-09-26T22:44:50+00:00,Python SDK azure-iot-device (MQTT 8883),DC-RACKC-03,21.85,32.89,45.04,2026-09-26T22:44:50+00:00
2026-09-26T17:45:20-05:00,2026-09-26T22:45:20+00:00,Python SDK azure-iot-device (MQTT 8883),DC-RACKC-03,22.35,33.66,44.45,2026-09-26T22:45:20+00:00
2026-09-26T17:45:51-05:00,2026-09-26T22:45:51+00:00,Python SDK azure-iot-device (MQTT 8883),DC-RACKC-03,21.89,32.45,44.86,2026-09-26T22:45:50+00:00
2026-09-26T17:46:21-05:00,2026-09-26T22:46:21+00:00,Python SDK azure-iot-device (MQTT 8883),DC-RACKC-03,22.31,33.13,44.29,2026-09-26T22:46:21+00:00
2026-09-26T17:46:51-05:00,2026-09-26T22:46:51+00:00,Python SDK azure-iot-device (MQTT 8883),DC-RACKC-03,21.72,32.62,43.63,2026-09-26T22:46:51+00:00
2026-09-26T17:47:21-05:00,2026-09-26T22:47:21+00:00,Python SDK azure-iot-device (MQTT 8883),DC-RACKC-03,21.92,32.99,44.33,2026-09-26T22:47:21+00:00
2026-09-26T17:47:51-05:00,2026-09-26T22:47:51+00:00,Python SDK azure-iot-device (MQTT 8883),DC-RACKC-03,21.94,33.29,44.38,2026-09-26T22:47:51+00:00
2026-09-26T17:48:21-05:00,2026-09-26T22:48:21+00:00,Python SDK azure-iot-device (MQTT 8883),DC-RACKC-03,22.07,33.37,43.63,2026-09-26T22:48:21+00:00
2026-09-26T17:48:51-05:00,2026-09-26T22:48:51+00:00,Python SDK azure-iot-device (MQTT 8883),DC-RACKC-03,22.33,33.4,44.89,2026-09-26T22:48:51+00:00
2026-09-26T17:49:21-05:00,2026-09-26T22:49:21+00:00,Python SDK azure-iot-device (MQTT 8883),DC-RACKC-03,21.69,32.84,43.5,2026-09-26T22:49:21+00:00
2026-09-26T17:49:51-05:00,2026-09-26T22:49:51+00:00,Python SDK azure-iot-device (MQTT 8883),DC-RACKC-03,21.92,33.44,44.31,2026-09-26T22:49:51+00:00
2026-09-26T17:50:22-05:00,2026-09-26T22:50:22+00:00,Python SDK azure-iot-device (MQTT 8883),DC-RACKC-03,21.87,32.79,44.65,2026-09-26T22:50:21+00:00
2026-09-26T17:50:52-05:00,2026-09-26T22:50:52+00:00,Python SDK azure-iot-device (MQTT 8883),DC-RACKC-03,22.1,33.54,43.4,2026-09-26T22:50:52+00:00
2026-09-26T17:51:22-05:00,2026-09-26T22:51:22+00:00,Python SDK azure-iot-device (MQTT 8883),DC-RACKC-03,22.27,33.64,44.65,2026-09-26T22:51:22+00:00
2026-09-26T17:51:52-05:00,2026-09-26T22:51:52+00:00,Python SDK azure-iot-device (MQTT 8883),DC-RACKC-03,22.2,33.03,44.46,2026-09-26T22:51:52+00:00
2026-09-26T17:52:22-05:00,2026-09-26T22:52:22+00:00,Python SDK azure-iot-device (MQTT 8883),DC-RACKC-03,21.88,32.31,43.05,2026-09-26T22:52:22+00:00
2026-09-26T17:52:52-05:00,2026-09-26T22:52:52+00:00,Python SDK azure-iot-device (MQTT 8883),DC-RACKC-03,21.69,32.62,44.61,2026-09-26T22:52:52+00:00
2026-09-26T17:53:22-05:00,2026-09-26T22:53:22+00:00,Python SDK azure-iot-device (MQTT 8883),DC-RACKC-03,21.87,32.76,44.58,2026-09-26T22:53:22+00:00
2026-09-26T17:53:52-05:00,2026-09-26T22:53:52+00:00,Python SDK azure-iot-device (MQTT 8883),DC-RACKC-03,21.91,33.34,43.85,2026-09-26T22:53:52+00:00
2026-09-26T17:54:22-05:00,2026-09-26T22:54:22+00:00,Python SDK azure-iot-device (MQTT 8883),DC-RACKC-03,22.12,33.07,44.61,2026-09-26T22:54:22+00:00
2026-09-26T17:54:53-05:00,2026-09-26T22:54:53+00:00,Python SDK azure-iot-device (MQTT 8883),DC-RACKC-03,22.03,33.61,44.33,2026-09-26T22:54:52+00:00
2026-09-26T17:55:23-05:00,2026-09-26T22:55:23+00:00,Python SDK azure-iot-device (MQTT 8883),DC-RACKC-03,22.21,33.08,44.54,2026-09-26T22:55:23+00:00
2026-09-26T17:55:53-05:00,2026-09-26T22:55:53+00:00,Python SDK azure-iot-device (MQTT 8883),DC-RACKC-03,22.07,33.23,44.12,2026-09-26T22:55:53+00:00
2026-09-26T17:56:23-05:00,2026-09-26T22:56:23+00:00,Python SDK azure-iot-device (MQTT 8883),DC-RACKC-03,22.09,32.75,43.09,2026-09-26T22:56:23+00:00
2026-09-26T17:56:53-05:00,2026-09-26T22:56:53+00:00,Python SDK azure-iot-device (MQTT 8883),DC-RACKC-03,22.21,32.95,44.86,2026-09-26T22:56:53+00:00
2026-09-26T17:57:23-05:00,2026-09-26T22:57:23+00:00,Python SDK azure-iot-device (MQTT 8883),DC-RACKC-03,21.89,32.45,44.0,2026-09-26T22:57:23+00:00
2026-09-26T17:57:53-05:00,2026-09-26T22:57:53+00:00,Python SDK azure-iot-device (MQTT 8883),DC-RACKC-03,21.69,32.33,44.33,2026-09-26T22:57:53+00:00
2026-09-26T17:58:23-05:00,2026-09-26T22:58:23+00:00,Python SDK azure-iot-device (MQTT 8883),DC-RACKC-03,22.34,32.93,42.93,2026-09-26T22:58:23+00:00
2026-09-26T17:58:53-05:00,2026-09-26T22:58:53+00:00,Python SDK azure-iot-device (MQTT 8883),DC-RACKC-03,22.24,33.33,43.48,2026-09-26T22:58:53+00:00
2026-09-26T17:59:23-05:00,2026-09-26T22:59:23+00:00,Python SDK azure-iot-device (MQTT 8883),DC-RACKC-03,22.38,32.98,43.73,2026-09-26T22:59:23+00:00
2026-09-26T17:59:54-05:00,2026-09-26T22:59:54+00:00,Python SDK azure-iot-device (MQTT 8883),DC-RACKC-03,21.99,32.38,42.9,2026-09-26T22:59:53+00:00
2026-09-26T18:00:24-05:00,2026-09-26T23:00:24+00:00,Python SDK azure-iot-device (MQTT 8883),DC-RACKC-03,22.08,33.3,44.85,2026-09-26T23:00:24+00:00
2026-09-26T18:00:54-05:00,2026-09-26T23:00:54+00:00,Python SDK azure-iot-device (MQTT 8883),DC-RACKC-03,22.32,33.22,44.37,2026-09-26T23:00:54+00:00
2026-09-26T18:01:24-05:00,2026-09-26T23:01:24+00:00,Python SDK azure-iot-device (MQTT 8883),DC-RACKC-03,21.82,32.72,44.29,2026-09-26T23:01:24+00:00
2026-09-26T18:01:54-05:00,2026-09-26T23:01:54+00:00,Python SDK azure-iot-device (MQTT 8883),DC-RACKC-03,21.94,32.89,44.58,2026-09-26T23:01:54+00:00
2026-09-26T18:02:24-05:00,2026-09-26T23:02:24+00:00,Python SDK azure-iot-device (MQTT 8883),DC-RACKC-03,22.19,33.6,43.44,2026-09-26T23:02:24+00:00
2026-09-26T18:02:54-05:00,2026-09-26T23:02:54+00:00,Python SDK azure-iot-device (MQTT 8883),DC-RACKC-03,22.15,32.57,44.73,2026-09-26T23:02:54+00:00
2026-09-26T18:03:24-05:00,2026-09-26T23:03:24+00:00,Python SDK azure-iot-device (MQTT 8883),DC-RACKC-03,22.19,33.52,44.42,2026-09-26T23:03:24+00:00
2026-09-26T18:03:54-05:00,2026-09-26T23:03:54+00:00,Python SDK azure-iot-device (MQTT 8883),DC-RACKC-03,22.02,33.11,44.98,2026-09-26T23:03:54+00:00
2026-09-26T18:04:25-05:00,2026-09-26T23:04:25+00:00,Python SDK azure-iot-device (MQTT 8883),DC-RACKC-03,21.85,32.39,44.32,2026-09-26T23:04:24+00:00
2026-09-26T18:04:55-05:00,2026-09-26T23:04:55+00:00,Python SDK azure-iot-device (MQTT 8883),DC-RACKC-03,22.05,33.34,44.96,2026-09-26T23:04:55+00:00
2026-09-26T18:05:25-05:00,2026-09-26T23:05:25+00:00,Python SDK azure-iot-device (MQTT 8883),DC-RACKC-03,22.28,33.23,43.16,2026-09-26T23:05:25+00:00
2026-09-26T18:05:55-05:00,2026-09-26T23:05:55+00:00,Python SDK azure-iot-device (MQTT 8883),DC-RACKC-03,22.25,33.1,43.39,2026-09-26T23:05:55+00:00
2026-09-26T18:06:25-05:00,2026-09-26T23:06:25+00:00,Python SDK azure-iot-device (MQTT 8883),DC-RACKC-03,21.73,32.78,43.86,2026-09-26T23:06:25+00:00
2026-09-26T18:06:55-05:00,2026-09-26T23:06:55+00:00,Python SDK azure-iot-device (MQTT 8883),DC-RACKC-03,22.23,33.14,44.45,2026-09-26T23:06:55+00:00
2026-09-26T18:07:25-05:00,2026-09-26T23:07:25+00:00,Python SDK azure-iot-device (MQTT 8883),DC-RACKC-03,22.02,33.5,43.43,2026-09-26T23:07:25+00:00
2026-09-26T18:07:55-05:00,2026-09-26T23:07:55+00:00,Python SDK azure-iot-device (MQTT 8883),DC-RACKC-03,21.91,33.47,43.96,2026-09-26T23:07:55+00:00
2026-09-27T10:28:14-05:00,2026-09-27T15:28:14+00:00,Python SDK azure-iot-device (MQTT 8883),DC-RACKC-03,21.8,32.02,52.69,2026-09-27T15:28:13+00:00
2026-09-27T10:28:44-05:00,2026-09-27T15:28:44+00:00,Python SDK azure-iot-device (MQTT 8883),DC-RACKC-03,22.21,33.06,52.69,2026-09-27T15:28:44+00:00
2026-09-27T10:29:14-05:00,2026-09-27T15:29:14+00:00,Python SDK azure-iot-device (MQTT 8883),DC-RACKC-03,21.65,32.3,52.24,2026-09-27T15:29:14+00:00
2026-09-27T10:29:44-05:00,2026-09-27T15:29:44+00:00,Python SDK azure-iot-device (MQTT 8883),DC-RACKC-03,21.95,32.35,52.38,2026-09-27T15:29:44+00:00
2026-09-27T10:30:14-05:00,2026-09-27T15:30:14+00:00,Python SDK azure-iot-device (MQTT 8883),DC-RACKC-03,21.73,32.51,52.65,2026-09-27T15:30:14+00:00
2026-09-27T10:30:44-05:00,2026-09-27T15:30:44+00:00,Python SDK azure-iot-device (MQTT 8883),DC-RACKC-03,21.76,32.53,52.91,2026-09-27T15:30:44+00:00
2026-09-27T10:31:14-05:00,2026-09-27T15:31:14+00:00,Python SDK azure-iot-device (MQTT 8883),DC-RACKC-03,21.74,32.22,52.72,2026-09-27T15:31:14+00:00
2026-09-27T10:31:44-05:00,2026-09-27T15:31:44+00:00,Python SDK azure-iot-device (MQTT 8883),DC-RACKC-03,21.74,33.07,53.21,2026-09-27T15:31:44+00:00
2026-09-27T10:32:14-05:00,2026-09-27T15:32:14+00:00,Python SDK azure-iot-device (MQTT 8883),DC-RACKC-03,22.11,32.98,52.77,2026-09-27T15:32:14+00:00
2026-09-27T10:32:45-05:00,2026-09-27T15:32:45+00:00,Python SDK azure-iot-device (MQTT 8883),DC-RACKC-03,22.12,33.26,53.49,2026-09-27T15:32:44+00:00
2026-09-27T10:33:15-05:00,2026-09-27T15:33:15+00:00,Python SDK azure-iot-device (MQTT 8883),DC-RACKC-03,22.3,33.4,52.46,2026-09-27T15:33:15+00:00
2026-09-27T10:33:45-05:00,2026-09-27T15:33:45+00:00,Python SDK azure-iot-device (MQTT 8883),DC-RACKC-03,21.76,32.79,53.62,2026-09-27T15:33:45+00:00
2026-09-27T10:34:15-05:00,2026-09-27T15:34:15+00:00,Python SDK azure-iot-device (MQTT 8883),DC-RACKC-03,21.78,33.13,52.79,2026-09-27T15:34:15+00:00
2026-09-27T10:34:45-05:00,2026-09-27T15:34:45+00:00,Python SDK azure-iot-device (MQTT 8883),DC-RACKC-03,22.15,33.2,53.5,2026-09-27T15:34:45+00:00
2026-09-27T10:35:15-05:00,2026-09-27T15:35:15+00:00,Python SDK azure-iot-device (MQTT 8883),DC-RACKC-03,22.03,33.39,51.83,2026-09-27T15:35:15+00:00
2026-09-27T10:35:45-05:00,2026-09-27T15:35:45+00:00,Python SDK azure-iot-device (MQTT 8883),DC-RACKC-03,22.25,32.99,52.33,2026-09-27T15:35:45+00:00
2026-09-27T10:36:15-05:00,2026-09-27T15:36:15+00:00,Python SDK azure-iot-device (MQTT 8883),DC-RACKC-03,21.65,32.14,53.83,2026-09-27T15:36:15+00:00
2026-09-27T10:36:45-05:00,2026-09-27T15:36:45+00:00,Python SDK azure-iot-device (MQTT 8883),DC-RACKC-03,21.93,33.42,52.96,2026-09-27T15:36:45+00:00
2026-09-27T10:37:15-05:00,2026-09-27T15:37:15+00:00,Python SDK azure-iot-device (MQTT 8883),DC-RACKC-03,22.27,33.68,51.73,2026-09-27T15:37:15+00:00
2026-09-27T10:37:46-05:00,2026-09-27T15:37:46+00:00,Python SDK azure-iot-device (MQTT 8883),DC-RACKC-03,21.98,33.13,52.47,2026-09-27T15:37:45+00:00
2026-09-27T10:38:16-05:00,2026-09-27T15:38:16+00:00,Python SDK azure-iot-device (MQTT 8883),DC-RACKC-03,22.11,33.14,53.86,2026-09-27T15:38:16+00:00
2026-09-27T10:38:46-05:00,2026-09-27T15:38:46+00:00,Python SDK azure-iot-device (MQTT 8883),DC-RACKC-03,21.76,32.84,52.82,2026-09-27T15:38:46+00:00
2026-09-27T10:39:16-05:00,2026-09-27T15:39:16+00:00,Python SDK azure-iot-device (MQTT 8883),DC-RACKC-03,22.29,32.78,52.63,2026-09-27T15:39:16+00:00
2026-09-27T10:39:46-05:00,2026-09-27T15:39:46+00:00,Python SDK azure-iot-device (MQTT 8883),DC-RACKC-03,21.69,32.74,54.03,2026-09-27T15:39:46+00:00
2026-09-27T10:40:16-05:00,2026-09-27T15:40:16+00:00,Python SDK azure-iot-device (MQTT 8883),DC-RACKC-03,21.7,32.68,52.79,2026-09-27T15:40:16+00:00
2026-09-27T10:40:46-05:00,2026-09-27T15:40:46+00:00,Python SDK azure-iot-device (MQTT 8883),DC-RACKC-03,22.29,32.98,53.78,2026-09-27T15:40:46+00:00
2026-09-27T10:41:16-05:00,2026-09-27T15:41:16+00:00,Python SDK azure-iot-device (MQTT 8883),DC-RACKC-03,22.21,32.84,52.64,2026-09-27T15:41:16+00:00
2026-09-27T10:41:46-05:00,2026-09-27T15:41:46+00:00,Python SDK azure-iot-device (MQTT 8883),DC-RACKC-03,22.07,33.1,52.18,2026-09-27T15:41:46+00:00
2026-09-27T10:42:17-05:00,2026-09-27T15:42:17+00:00,Python SDK azure-iot-device (MQTT 8883),DC-RACKC-03,21.96,32.41,52.98,2026-09-27T15:42:16+00:00
2026-09-27T10:42:47-05:00,2026-09-27T15:42:47+00:00,Python SDK azure-iot-device (MQTT 8883),DC-RACKC-03,22.24,33.67,54.0,2026-09-27T15:42:47+00:00
2026-09-27T10:43:17-05:00,2026-09-27T15:43:17+00:00,Python SDK azure-iot-device (MQTT 8883),DC-RACKC-03,21.9,32.73,53.81,2026-09-27T15:43:17+00:00
2026-09-27T10:43:47-05:00,2026-09-27T15:43:47+00:00,Python SDK azure-iot-device (MQTT 8883),DC-RACKC-03,22.21,33.08,52.82,2026-09-27T15:43:47+00:00
2026-09-27T10:44:17-05:00,2026-09-27T15:44:17+00:00,Python SDK azure-iot-device (MQTT 8883),DC-RACKC-03,22.27,33.21,51.75,2026-09-27T15:44:17+00:00
2026-09-27T10:44:47-05:00,2026-09-27T15:44:47+00:00,Python SDK azure-iot-device (MQTT 8883),DC-RACKC-03,22.1,33.01,52.59,2026-09-27T15:44:47+00:00
2026-09-27T10:45:17-05:00,2026-09-27T15:45:17+00:00,Python SDK azure-iot-device (MQTT 8883),DC-RACKC-03,21.88,32.48,53.88,2026-09-27T15:45:17+00:00
2026-09-27T10:45:47-05:00,2026-09-27T15:45:47+00:00,Python SDK azure-iot-device (MQTT 8883),DC-RACKC-03,22.08,33.39,52.63,2026-09-27T15:45:47+00:00
2026-09-27T10:46:17-05:00,2026-09-27T15:46:17+00:00,Python SDK azure-iot-device (MQTT 8883),DC-RACKC-03,21.76,32.09,53.61,2026-09-27T15:46:17+00:00
2026-09-27T10:46:48-05:00,2026-09-27T15:46:48+00:00,Python SDK azure-iot-device (MQTT 8883),DC-RACKC-03,21.79,33.07,53.37,2026-09-27T15:46:47+00:00
2026-09-27T10:47:18-05:00,2026-09-27T15:47:18+00:00,Python SDK azure-iot-device (MQTT 8883),DC-RACKC-03,21.83,32.22,51.71,2026-09-27T15:47:18+00:00
2026-09-27T10:47:48-05:00,2026-09-27T15:47:48+00:00,Python SDK azure-iot-device (MQTT 8883),DC-RACKC-03,22.08,33.21,53.05,2026-09-27T15:47:48+00:00
2026-09-27T10:48:18-05:00,2026-09-27T15:48:18+00:00,Python SDK azure-iot-device (MQTT 8883),DC-RACKC-03,21.79,32.54,52.69,2026-09-27T15:48:18+00:00
2026-09-27T10:48:48-05:00,2026-09-27T15:48:48+00:00,Python SDK azure-iot-device (MQTT 8883),DC-RACKC-03,22.26,32.87,51.91,2026-09-27T15:48:48+00:00
2026-09-27T10:49:18-05:00,2026-09-27T15:49:18+00:00,Python SDK azure-iot-device (MQTT 8883),DC-RACKC-03,21.66,32.18,53.01,2026-09-27T15:49:18+00:00
2026-09-27T10:49:48-05:00,2026-09-27T15:49:48+00:00,Python SDK azure-iot-device (MQTT 8883),DC-RACKC-03,21.97,32.52,53.24,2026-09-27T15:49:48+00:00
2026-09-27T10:50:18-05:00,2026-09-27T15:50:18+00:00,Python SDK azure-iot-device (MQTT 8883),DC-RACKC-03,21.69,32.06,52.36,2026-09-27T15:50:18+00:00
2026-09-27T10:50:48-05:00,2026-09-27T15:50:48+00:00,Python SDK azure-iot-device (MQTT 8883),DC-RACKC-03,21.8,32.96,52.26,2026-09-27T15:50:48+00:00
2026-09-27T10:51:18-05:00,2026-09-27T15:51:18+00:00,Python SDK azure-iot-device (MQTT 8883),DC-RACKC-03,21.9,32.82,53.04,2026-09-27T15:51:18+00:00
2026-09-27T10:51:49-05:00,2026-09-27T15:51:49+00:00,Python SDK azure-iot-device (MQTT 8883),DC-RACKC-03,22.15,33.46,52.48,2026-09-27T15:51:48+00:00
2026-09-27T10:52:19-05:00,2026-09-27T15:52:19+00:00,Python SDK azure-iot-device (MQTT 8883),DC-RACKC-03,21.72,32.2,52.3,2026-09-27T15:52:19+00:00
2026-09-27T10:52:49-05:00,2026-09-27T15:52:49+00:00,Python SDK azure-iot-device (MQTT 8883),DC-RACKC-03,21.96,32.3,52.58,2026-09-27T15:52:49+00:00
2026-09-27T10:53:19-05:00,2026-09-27T15:53:19+00:00,Python SDK azure-iot-device (MQTT 8883),DC-RACKC-03,22.09,33.2,52.81,2026-09-27T15:53:19+00:00
2026-09-27T10:53:49-05:00,2026-09-27T15:53:49+00:00,Python SDK azure-iot-device (MQTT 8883),DC-RACKC-03,21.74,32.14,53.94,2026-09-27T15:53:49+00:00
2026-09-27T10:54:19-05:00,2026-09-27T15:54:19+00:00,Python SDK azure-iot-device (MQTT 8883),DC-RACKC-03,21.72,32.61,52.51,2026-09-27T15:54:19+00:00
2026-09-27T10:54:49-05:00,2026-09-27T15:54:49+00:00,Python SDK azure-iot-device (MQTT 8883),DC-RACKC-03,22.27,32.97,53.62,2026-09-27T15:54:49+00:00
2026-09-27T10:55:19-05:00,2026-09-27T15:55:19+00:00,Python SDK azure-iot-device (MQTT 8883),DC-RACKC-03,22.03,33.17,52.21,2026-09-27T15:55:19+00:00
2026-09-27T10:55:49-05:00,2026-09-27T15:55:49+00:00,Python SDK azure-iot-device (MQTT 8883),DC-RACKC-03,21.73,33.05,51.68,2026-09-27T15:55:49+00:00
2026-09-27T10:56:20-05:00,2026-09-27T15:56:20+00:00,Python SDK azure-iot-device (MQTT 8883),DC-RACKC-03,21.65,33.18,53.28,2026-09-27T15:56:19+00:00
2026-09-27T10:56:50-05:00,2026-09-27T15:56:50+00:00,Python SDK azure-iot-device (MQTT 8883),DC-RACKC-03,21.83,32.57,53.49,2026-09-27T15:56:50+00:00
2026-09-27T10:57:20-05:00,2026-09-27T15:57:20+00:00,Python SDK azure-iot-device (MQTT 8883),DC-RACKC-03,21.65,33.06,53.8,2026-09-27T15:57:20+00:00
2026-09-27T10:57:50-05:00,2026-09-27T15:57:50+00:00,Python SDK azure-iot-device (MQTT 8883),DC-RACKC-03,22.01,33.0,51.81,2026-09-27T15:57:50+00:00
2026-09-27T10:58:20-05:00,2026-09-27T15:58:20+00:00,Python SDK azure-iot-device (MQTT 8883),DC-RACKC-03,21.92,32.97,52.61,2026-09-27T15:58:20+00:00
2026-09-27T10:58:50-05:00,2026-09-27T15:58:50+00:00,Python SDK azure-iot-device (MQTT 8883),DC-RACKC-03,21.69,32.28,52.4,2026-09-27T15:58:50+00:00
2026-09-27T10:59:20-05:00,2026-09-27T15:59:20+00:00,Python SDK azure-iot-device (MQTT 8883),DC-RACKC-03,22.15,33.57,53.48,2026-09-27T15:59:20+00:00
2026-09-27T10:59:51-05:00,2026-09-27T15:59:51+00:00,Python SDK azure-iot-device (MQTT 8883),DC-RACKC-03,22.06,32.9,53.45,2026-09-27T15:59:50+00:00
2026-09-27T11:00:21-05:00,2026-09-27T16:00:21+00:00,Python SDK azure-iot-device (MQTT 8883),DC-RACKC-03,21.91,32.22,51.73,2026-09-27T16:00:21+00:00
2026-09-27T11:00:51-05:00,2026-09-27T16:00:51+00:00,Python SDK azure-iot-device (MQTT 8883),DC-RACKC-03,22.0,32.73,52.53,2026-09-27T16:00:51+00:00
2026-09-27T11:01:21-05:00,2026-09-27T16:01:21+00:00,Python SDK azure-iot-device (MQTT 8883),DC-RACKC-03,22.27,33.64,52.03,2026-09-27T16:01:21+00:00
2026-09-27T11:01:51-05:00,2026-09-27T16:01:51+00:00,Python SDK azure-iot-device (MQTT 8883),DC-RACKC-03,22.21,33.4,53.36,2026-09-27T16:01:51+00:00
2026-09-27T11:02:21-05:00,2026-09-27T16:02:21+00:00,Python SDK azure-iot-device (MQTT 8883),DC-RACKC-03,21.69,33.1,53.51,2026-09-27T16:02:21+00:00
2026-09-27T11:02:51-05:00,2026-09-27T16:02:51+00:00,Python SDK azure-iot-device (MQTT 8883),DC-RACKC-03,21.64,32.43,53.47,2026-09-27T16:02:51+00:00
2026-09-27T11:03:21-05:00,2026-09-27T16:03:21+00:00,Python SDK azure-iot-device (MQTT 8883),DC-RACKC-03,21.87,32.63,52.18,2026-09-27T16:03:21+00:00
2026-09-27T11:03:51-05:00,2026-09-27T16:03:51+00:00,Python SDK azure-iot-device (MQTT 8883),DC-RACKC-03,21.7,32.74,53.95,2026-09-27T16:03:51+00:00
2026-09-27T11:04:22-05:00,2026-09-27T16:04:22+00:00,Python SDK azure-iot-device (MQTT 8883),DC-RACKC-03,22.29,32.91,52.85,2026-09-27T16:04:21+00:00
2026-09-27T11:04:52-05:00,2026-09-27T16:04:52+00:00,Python SDK azure-iot-device (MQTT 8883),DC-RACKC-03,21.88,32.3,52.24,2026-09-27T16:04:52+00:00
2026-09-27T11:05:22-05:00,2026-09-27T16:05:22+00:00,Python SDK azure-iot-device (MQTT 8883),DC-RACKC-03,22.13,32.79,53.68,2026-09-27T16:05:22+00:00
2026-09-27T11:05:52-05:00,2026-09-27T16:05:52+00:00,Python SDK azure-iot-device (MQTT 8883),DC-RACKC-03,22.12,33.02,52.37,2026-09-27T16:05:52+00:00
2026-09-27T11:06:22-05:00,2026-09-27T16:06:22+00:00,Python SDK azure-iot-device (MQTT 8883),DC-RACKC-03,21.75,33.04,52.27,2026-09-27T16:06:22+00:00
2026-09-27T11:06:52-05:00,2026-09-27T16:06:52+00:00,Python SDK azure-iot-device (MQTT 8883),DC-RACKC-03,22.09,33.03,52.73,2026-09-27T16:06:52+00:00
2026-09-27T11:07:22-05:00,2026-09-27T16:07:22+00:00,Python SDK azure-iot-device (MQTT 8883),DC-RACKC-03,21.68,33.05,52.5,2026-09-27T16:07:22+00:00
2026-09-27T11:07:52-05:00,2026-09-27T16:07:52+00:00,Python SDK azure-iot-device (MQTT 8883),DC-RACKC-03,22.3,33.1,52.03,2026-09-27T16:07:52+00:00
2026-09-27T11:08:22-05:00,2026-09-27T16:08:22+00:00,Python SDK azure-iot-device (MQTT 8883),DC-RACKC-03,21.88,32.96,52.64,2026-09-27T16:08:22+00:00
2026-09-27T11:08:52-05:00,2026-09-27T16:08:52+00:00,Python SDK azure-iot-device (MQTT 8883),DC-RACKC-03,22.09,32.8,52.81,2026-09-27T16:08:52+00:00
2026-09-27T11:09:23-05:00,2026-09-27T16:09:23+00:00,Python SDK azure-iot-device (MQTT 8883),DC-RACKC-03,22.04,32.99,51.57,2026-09-27T16:09:22+00:00
2026-09-27T11:09:53-05:00,2026-09-27T16:09:53+00:00,Python SDK azure-iot-device (MQTT 8883),DC-RACKC-03,21.83,32.94,53.41,2026-09-27T16:09:53+00:00
2026-09-27T11:10:23-05:00,2026-09-27T16:10:23+00:00,Python SDK azure-iot-device (MQTT 8883),DC-RACKC-03,22.13,33.37,53.26,2026-09-27T16:10:23+00:00
2026-09-27T11:10:53-05:00,2026-09-27T16:10:53+00:00,Python SDK azure-iot-device (MQTT 8883),DC-RACKC-03,21.89,32.89,53.87,2026-09-27T16:10:53+00:00
2026-09-27T11:11:23-05:00,2026-09-27T16:11:23+00:00,Python SDK azure-iot-device (MQTT 8883),DC-RACKC-03,21.71,32.46,52.18,2026-09-27T16:11:23+00:00
2026-09-27T11:11:53-05:00,2026-09-27T16:11:53+00:00,Python SDK azure-iot-device (MQTT 8883),DC-RACKC-03,21.64,32.25,52.59,2026-09-27T16:11:53+00:00
2026-09-27T11:12:23-05:00,2026-09-27T16:12:23+00:00,Python SDK azure-iot-device (MQTT 8883),DC-RACKC-03,21.66,32.77,52.28,2026-09-27T16:12:23+00:00
2026-09-27T11:12:53-05:00,2026-09-27T16:12:53+00:00,Python SDK azure-iot-device (MQTT 8883),DC-RACKC-03,22.27,33.67,52.74,2026-09-27T16:12:53+00:00
2026-09-27T11:13:23-05:00,2026-09-27T16:13:23+00:00,Python SDK azure-iot-device (MQTT 8883),DC-RACKC-03,22.15,32.81,53.49,2026-09-27T16:13:23+00:00
2026-09-27T11:13:54-05:00,2026-09-27T16:13:54+00:00,Python SDK azure-iot-device (MQTT 8883),DC-RACKC-03,21.95,32.69,52.88,2026-09-27T16:13:53+00:00
2026-09-27T11:14:24-05:00,2026-09-27T16:14:24+00:00,Python SDK azure-iot-device (MQTT 8883),DC-RACKC-03,22.26,33.06,52.22,2026-09-27T16:14:24+00:00
2026-09-27T11:14:54-05:00,2026-09-27T16:14:54+00:00,Python SDK azure-iot-device (MQTT 8883),DC-RACKC-03,21.95,33.38,51.87,2026-09-27T16:14:54+00:00
2026-09-27T11:15:24-05:00,2026-09-27T16:15:24+00:00,Python SDK azure-iot-device (MQTT 8883),DC-RACKC-03,21.92,32.95,53.32,2026-09-27T16:15:24+00:00
2026-09-27T11:15:54-05:00,2026-09-27T16:15:54+00:00,Python SDK azure-iot-device (MQTT 8883),DC-RACKC-03,22.08,33.06,52.59,2026-09-27T16:15:54+00:00
2026-09-27T11:16:24-05:00,2026-09-27T16:16:24+00:00,Python SDK azure-iot-device (MQTT 8883),DC-RACKC-03,21.65,32.75,53.13,2026-09-27T16:16:24+00:00
2026-09-27T11:17:55-05:00,2026-09-27T16:17:55+00:00,Python SDK azure-iot-device (MQTT 8883),DC-RACKC-03,22.26,32.97,53.03,2026-09-27T16:16:54+00:00
2026-09-27T11:18:25-05:00,2026-09-27T16:18:25+00:00,Python SDK azure-iot-device (MQTT 8883),DC-RACKC-03,21.71,32.64,53.27,2026-09-27T16:18:25+00:00
2026-09-27T11:18:55-05:00,2026-09-27T16:18:55+00:00,Python SDK azure-iot-device (MQTT 8883),DC-RACKC-03,22.27,32.75,53.52,2026-09-27T16:18:55+00:00
2026-09-27T11:19:25-05:00,2026-09-27T16:19:25+00:00,Python SDK azure-iot-device (MQTT 8883),DC-RACKC-03,21.91,32.84,52.27,2026-09-27T16:19:25+00:00
2026-09-27T11:19:55-05:00,2026-09-27T16:19:55+00:00,Python SDK azure-iot-device (MQTT 8883),DC-RACKC-03,21.9,33.0,52.08,2026-09-27T16:19:55+00:00
2026-09-27T11:20:25-05:00,2026-09-27T16:20:25+00:00,Python SDK azure-iot-device (MQTT 8883),DC-RACKC-03,22.28,33.03,53.45,2026-09-27T16:20:25+00:00
2026-09-27T11:20:56-05:00,2026-09-27T16:20:56+00:00,Python SDK azure-iot-device (MQTT 8883),DC-RACKC-03,21.72,32.82,53.68,2026-09-27T16:20:55+00:00
2026-09-27T11:21:26-05:00,2026-09-27T16:21:26+00:00,Python SDK azure-iot-device (MQTT 8883),DC-RACKC-03,21.63,32.64,52.11,2026-09-27T16:21:26+00:00
2026-09-27T11:21:56-05:00,2026-09-27T16:21:56+00:00,Python SDK azure-iot-device (MQTT 8883),DC-RACKC-03,22.11,32.79,51.74,2026-09-27T16:21:56+00:00
2026-09-27T11:22:26-05:00,2026-09-27T16:22:26+00:00,Python SDK azure-iot-device (MQTT 8883),DC-RACKC-03,22.06,33.43,51.5,2026-09-27T16:22:26+00:00
2026-09-27T11:22:56-05:00,2026-09-27T16:22:56+00:00,Python SDK azure-iot-device (MQTT 8883),DC-RACKC-03,21.89,33.02,51.72,2026-09-27T16:22:56+00:00
2026-09-27T11:23:26-05:00,2026-09-27T16:23:26+00:00,Python SDK azure-iot-device (MQTT 8883),DC-RACKC-03,21.98,33.06,51.69,2026-09-27T16:23:26+00:00
2026-09-27T11:23:56-05:00,2026-09-27T16:23:56+00:00,Python SDK azure-iot-device (MQTT 8883),DC-RACKC-03,22.16,33.06,53.49,2026-09-27T16:23:56+00:00
2026-09-27T11:24:26-05:00,2026-09-27T16:24:26+00:00,Python SDK azure-iot-device (MQTT 8883),DC-RACKC-03,21.79,33.39,51.57,2026-09-27T16:24:26+00:00
2026-09-27T11:24:56-05:00,2026-09-27T16:24:56+00:00,Python SDK azure-iot-device (MQTT 8883),DC-RACKC-03,21.89,32.77,51.42,2026-09-27T16:24:56+00:00
2026-09-27T11:25:27-05:00,2026-09-27T16:25:27+00:00,Python SDK azure-iot-device (MQTT 8883),DC-RACKC-03,21.76,32.52,53.28,2026-09-27T16:25:26+00:00
2026-09-27T11:25:57-05:00,2026-09-27T16:25:57+00:00,Python SDK azure-iot-device (MQTT 8883),DC-RACKC-03,22.02,32.62,51.92,2026-09-27T16:25:57+00:00
2026-09-27T11:26:27-05:00,2026-09-27T16:26:27+00:00,Python SDK azure-iot-device (MQTT 8883),DC-RACKC-03,22.19,33.24,51.43,2026-09-27T16:26:27+00:00
2026-09-27T11:26:57-05:00,2026-09-27T16:26:57+00:00,Python SDK azure-iot-device (MQTT 8883),DC-RACKC-03,22.32,33.57,51.93,2026-09-27T16:26:57+00:00
2026-09-27T11:27:27-05:00,2026-09-27T16:27:27+00:00,Python SDK azure-iot-device (MQTT 8883),DC-RACKC-03,22.11,33.0,52.87,2026-09-27T16:27:27+00:00
2026-09-27T11:27:57-05:00,2026-09-27T16:27:57+00:00,Python SDK azure-iot-device (MQTT 8883),DC-RACKC-03,21.84,33.44,53.16,2026-09-27T16:27:57+00:00
2026-09-27T11:28:27-05:00,2026-09-27T16:28:27+00:00,Python SDK azure-iot-device (MQTT 8883),DC-RACKC-03,22.04,33.61,51.77,2026-09-27T16:28:27+00:00
2026-09-27T11:28:57-05:00,2026-09-27T16:28:57+00:00,Python SDK azure-iot-device (MQTT 8883),DC-RACKC-03,21.82,32.72,52.34,2026-09-27T16:28:57+00:00
2026-09-27T11:29:27-05:00,2026-09-27T16:29:27+00:00,Python SDK azure-iot-device (MQTT 8883),DC-RACKC-03,22.1,33.58,53.62,2026-09-27T16:29:27+00:00
2026-09-27T11:29:58-05:00,2026-09-27T16:29:58+00:00,Python SDK azure-iot-device (MQTT 8883),DC-RACKC-03,21.76,33.05,51.59,2026-09-27T16:29:57+00:00
2026-09-27T11:30:28-05:00,2026-09-27T16:30:28+00:00,Python SDK azure-iot-device (MQTT 8883),DC-RACKC-03,22.09,33.23,52.39,2026-09-27T16:30:28+00:00
2026-09-27T11:30:58-05:00,2026-09-27T16:30:58+00:00,Python SDK azure-iot-device (MQTT 8883),DC-RACKC-03,22.31,33.85,52.59,2026-09-27T16:30:58+00:00
2026-09-27T11:31:28-05:00,2026-09-27T16:31:28+00:00,Python SDK azure-iot-device (MQTT 8883),DC-RACKC-03,21.68,32.71,52.92,2026-09-27T16:31:28+00:00
2026-09-27T11:31:58-05:00,2026-09-27T16:31:58+00:00,Python SDK azure-iot-device (MQTT 8883),DC-RACKC-03,22.1,33.41,51.66,2026-09-27T16:31:58+00:00
2026-09-27T11:32:28-05:00,2026-09-27T16:32:28+00:00,Python SDK azure-iot-device (MQTT 8883),DC-RACKC-03,22.11,33.59,53.07,2026-09-27T16:32:28+00:00
2026-09-27T11:32:58-05:00,2026-09-27T16:32:58+00:00,Python SDK azure-iot-device (MQTT 8883),DC-RACKC-03,21.65,32.65,52.9,2026-09-27T16:32:58+00:00
2026-09-27T11:33:28-05:00,2026-09-27T16:33:28+00:00,Python SDK azure-iot-device (MQTT 8883),DC-RACKC-03,22.27,33.51,53.06,2026-09-27T16:33:28+00:00
2026-09-27T11:33:58-05:00,2026-09-27T16:33:58+00:00,Python SDK azure-iot-device (MQTT 8883),DC-RACKC-03,21.9,32.54,53.67,2026-09-27T16:33:58+00:00
2026-09-27T11:34:28-05:00,2026-09-27T16:34:28+00:00,Python SDK azure-iot-device (MQTT 8883),DC-RACKC-03,21.78,32.32,53.43,2026-09-27T16:34:28+00:00
2026-09-27T11:34:59-05:00,2026-09-27T16:34:59+00:00,Python SDK azure-iot-device (MQTT 8883),DC-RACKC-03,22.19,33.44,52.28,2026-09-27T16:34:58+00:00
2026-09-27T11:35:29-05:00,2026-09-27T16:35:29+00:00,Python SDK azure-iot-device (MQTT 8883),DC-RACKC-03,22.11,32.71,52.64,2026-09-27T16:35:29+00:00
2026-09-27T11:35:59-05:00,2026-09-27T16:35:59+00:00,Python SDK azure-iot-device (MQTT 8883),DC-RACKC-03,21.91,33.25,52.22,2026-09-27T16:35:59+00:00
2026-09-27T11:36:29-05:00,2026-09-27T16:36:29+00:00,Python SDK azure-iot-device (MQTT 8883),DC-RACKC-03,21.74,32.26,52.3,2026-09-27T16:36:29+00:00
2026-09-27T11:36:59-05:00,2026-09-27T16:36:59+00:00,Python SDK azure-iot-device (MQTT 8883),DC-RACKC-03,22.23,33.21,53.18,2026-09-27T16:36:59+00:00
2026-09-27T11:37:29-05:00,2026-09-27T16:37:29+00:00,Python SDK azure-iot-device (MQTT 8883),DC-RACKC-03,21.85,32.74,52.83,2026-09-27T16:37:29+00:00
2026-09-27T11:37:59-05:00,2026-09-27T16:37:59+00:00,Python SDK azure-iot-device (MQTT 8883),DC-RACKC-03,21.88,32.38,52.94,2026-09-27T16:37:59+00:00
2026-09-27T11:38:29-05:00,2026-09-27T16:38:29+00:00,Python SDK azure-iot-device (MQTT 8883),DC-RACKC-03,21.88,32.39,51.98,2026-09-27T16:38:29+00:00
2026-09-27T11:38:59-05:00,2026-09-27T16:38:59+00:00,Python SDK azure-iot-device (MQTT 8883),DC-RACKC-03,21.99,32.69,53.55,2026-09-27T16:38:59+00:00
2026-09-27T11:39:30-05:00,2026-09-27T16:39:30+00:00,Python SDK azure-iot-device (MQTT 8883),DC-RACKC-03,21.71,33.25,51.96,2026-09-27T16:39:29+00:00
2026-09-27T11:40:00-05:00,2026-09-27T16:40:00+00:00,Python SDK azure-iot-device (MQTT 8883),DC-RACKC-03,22.16,33.42,51.74,2026-09-27T16:40:00+00:00
2026-09-27T11:40:30-05:00,2026-09-27T16:40:30+00:00,Python SDK azure-iot-device (MQTT 8883),DC-RACKC-03,21.79,33.24,53.05,2026-09-27T16:40:30+00:00
2026-09-27T11:41:00-05:00,2026-09-27T16:41:00+00:00,Python SDK azure-iot-device (MQTT 8883),DC-RACKC-03,21.64,32.05,51.74,2026-09-27T16:41:00+00:00
2026-09-27T11:41:30-05:00,2026-09-27T16:41:30+00:00,Python SDK azure-iot-device (MQTT 8883),DC-RACKC-03,21.91,33.12,53.51,2026-09-27T16:41:30+00:00
2026-09-27T11:42:00-05:00,2026-09-27T16:42:00+00:00,Python SDK azure-iot-device (MQTT 8883),DC-RACKC-03,21.68,32.69,51.56,2026-09-27T16:42:00+00:00
2026-09-27T11:42:30-05:00,2026-09-27T16:42:30+00:00,Python SDK azure-iot-device (MQTT 8883),DC-RACKC-03,21.71,32.47,52.87,2026-09-27T16:42:30+00:00
2026-09-27T11:43:00-05:00,2026-09-27T16:43:00+00:00,Python SDK azure-iot-device (MQTT 8883),DC-RACKC-03,22.24,32.92,53.5,2026-09-27T16:43:00+00:00
2026-09-27T11:43:30-05:00,2026-09-27T16:43:30+00:00,Python SDK azure-iot-device (MQTT 8883),DC-RACKC-03,21.69,32.7,51.44,2026-09-27T16:43:30+00:00
2026-09-27T11:44:01-05:00,2026-09-27T16:44:01+00:00,Python SDK azure-iot-device (MQTT 8883),DC-RACKC-03,21.76,33.06,53.31,2026-09-27T16:44:00+00:00
2026-09-27T11:44:31-05:00,2026-09-27T16:44:31+00:00,Python SDK azure-iot-device (MQTT 8883),DC-RACKC-03,21.89,33.23,52.38,2026-09-27T16:44:31+00:00
2026-09-27T11:45:01-05:00,2026-09-27T16:45:01+00:00,Python SDK azure-iot-device (MQTT 8883),DC-RACKC-03,22.29,33.91,52.55,2026-09-27T16:45:01+00:00
2026-09-27T11:45:31-05:00,2026-09-27T16:45:31+00:00,Python SDK azure-iot-device (MQTT 8883),DC-RACKC-03,21.7,32.59,52.19,2026-09-27T16:45:31+00:00
2026-09-27T11:46:01-05:00,2026-09-27T16:46:01+00:00,Python SDK azure-iot-device (MQTT 8883),DC-RACKC-03,22.22,33.21,52.93,2026-09-27T16:46:01+00:00
2026-09-27T11:46:31-05:00,2026-09-27T16:46:31+00:00,Python SDK azure-iot-device (MQTT 8883),DC-RACKC-03,22.09,33.18,53.4,2026-09-27T16:46:31+00:00
2026-09-27T11:47:01-05:00,2026-09-27T16:47:01+00:00,Python SDK azure-iot-device (MQTT 8883),DC-RACKC-03,22.0,33.13,53.17,2026-09-27T16:47:01+00:00
2026-09-27T11:47:31-05:00,2026-09-27T16:47:31+00:00,Python SDK azure-iot-device (MQTT 8883),DC-RACKC-03,22.24,32.89,52.5,2026-09-27T16:47:31+00:00
2026-09-27T11:48:01-05:00,2026-09-27T16:48:01+00:00,Python SDK azure-iot-device (MQTT 8883),DC-RACKC-03,21.67,33.13,51.27,2026-09-27T16:48:01+00:00
2026-09-27T11:48:32-05:00,2026-09-27T16:48:32+00:00,Python SDK azure-iot-device (MQTT 8883),DC-RACKC-03,21.91,32.36,53.23,2026-09-27T16:48:31+00:00
2026-09-27T11:49:02-05:00,2026-09-27T16:49:02+00:00,Python SDK azure-iot-device (MQTT 8883),DC-RACKC-03,22.09,33.44,52.02,2026-09-27T16:49:02+00:00
2026-09-27T11:49:32-05:00,2026-09-27T16:49:32+00:00,Python SDK azure-iot-device (MQTT 8883),DC-RACKC-03,22.3,33.06,52.97,2026-09-27T16:49:32+00:00
2026-09-27T11:50:02-05:00,2026-09-27T16:50:02+00:00,Python SDK azure-iot-device (MQTT 8883),DC-RACKC-03,22.35,33.43,52.61,2026-09-27T16:50:02+00:00
2026-09-27T11:50:32-05:00,2026-09-27T16:50:32+00:00,Python SDK azure-iot-device (MQTT 8883),DC-RACKC-03,21.7,32.91,53.17,2026-09-27T16:50:32+00:00
2026-09-27T11:51:02-05:00,2026-09-27T16:51:02+00:00,Python SDK azure-iot-device (MQTT 8883),DC-RACKC-03,21.94,33.48,51.53,2026-09-27T16:51:02+00:00
2026-09-27T11:51:32-05:00,2026-09-27T16:51:32+00:00,Python SDK azure-iot-device (MQTT 8883),DC-RACKC-03,22.13,33.21,52.48,2026-09-27T16:51:32+00:00
2026-09-27T11:52:02-05:00,2026-09-27T16:52:02+00:00,Python SDK azure-iot-device (MQTT 8883),DC-RACKC-03,22.03,33.1,52.02,2026-09-27T16:52:02+00:00
2026-09-27T11:52:32-05:00,2026-09-27T16:52:32+00:00,Python SDK azure-iot-device (MQTT 8883),DC-RACKC-03,21.73,32.24,51.17,2026-09-27T16:52:32+00:00
2026-09-27T11:53:02-05:00,2026-09-27T16:53:02+00:00,Python SDK azure-iot-device (MQTT 8883),DC-RACKC-03,22.17,32.86,51.16,2026-09-27T16:53:02+00:00
2026-09-27T11:53:33-05:00,2026-09-27T16:53:33+00:00,Python SDK azure-iot-device (MQTT 8883),DC-RACKC-03,21.84,32.66,51.73,2026-09-27T16:53:32+00:00
2026-09-27T11:54:03-05:00,2026-09-27T16:54:03+00:00,Python SDK azure-iot-device (MQTT 8883),DC-RACKC-03,22.15,33.12,52.18,2026-09-27T16:54:03+00:00
2026-09-27T11:54:33-05:00,2026-09-27T16:54:33+00:00,Python SDK azure-iot-device (MQTT 8883),DC-RACKC-03,22.04,33.56,51.59,2026-09-27T16:54:33+00:00
2026-09-27T11:55:03-05:00,2026-09-27T16:55:03+00:00,Python SDK azure-iot-device (MQTT 8883),DC-RACKC-03,21.89,32.67,52.86,2026-09-27T16:55:03+00:00
2026-09-27T11:55:33-05:00,2026-09-27T16:55:33+00:00,Python SDK azure-iot-device (MQTT 8883),DC-RACKC-03,22.13,32.63,52.6,2026-09-27T16:55:33+00:00
2026-09-27T11:56:03-05:00,2026-09-27T16:56:03+00:00,Python SDK azure-iot-device (MQTT 8883),DC-RACKC-03,21.81,32.79,52.0,2026-09-27T16:56:03+00:00
2026-09-27T11:56:33-05:00,2026-09-27T16:56:33+00:00,Python SDK azure-iot-device (MQTT 8883),DC-RACKC-03,21.91,33.34,53.35,2026-09-27T16:56:33+00:00
2026-09-27T11:57:03-05:00,2026-09-27T16:57:03+00:00,Python SDK azure-iot-device (MQTT 8883),DC-RACKC-03,21.89,33.09,52.19,2026-09-27T16:57:03+00:00
2026-09-27T11:57:33-05:00,2026-09-27T16:57:33+00:00,Python SDK azure-iot-device (MQTT 8883),DC-RACKC-03,21.76,33.27,52.41,2026-09-27T16:57:33+00:00
2026-09-27T11:58:04-05:00,2026-09-27T16:58:04+00:00,Python SDK azure-iot-device (MQTT 8883),DC-RACKC-03,21.8,32.68,51.71,2026-09-27T16:58:03+00:00
2026-09-27T11:58:34-05:00,2026-09-27T16:58:34+00:00,Python SDK azure-iot-device (MQTT 8883),DC-RACKC-03,22.24,32.78,53.29,2026-09-27T16:58:34+00:00
2026-09-27T11:59:04-05:00,2026-09-27T16:59:04+00:00,Python SDK azure-iot-device (MQTT 8883),DC-RACKC-03,21.86,32.65,52.82,2026-09-27T16:59:04+00:00
2026-09-27T11:59:34-05:00,2026-09-27T16:59:34+00:00,Python SDK azure-iot-device (MQTT 8883),DC-RACKC-03,21.97,33.07,52.29,2026-09-27T16:59:34+00:00
2026-09-27T12:00:04-05:00,2026-09-27T17:00:04+00:00,Python SDK azure-iot-device (MQTT 8883),DC-RACKC-03,21.83,32.35,52.73,2026-09-27T17:00:04+00:00
2026-09-27T12:00:34-05:00,2026-09-27T17:00:34+00:00,Python SDK azure-iot-device (MQTT 8883),DC-RACKC-03,22.11,32.79,51.56,2026-09-27T17:00:34+00:00
2026-09-27T12:01:04-05:00,2026-09-27T17:01:04+00:00,Python SDK azure-iot-device (MQTT 8883),DC-RACKC-03,22.04,33.32,51.92,2026-09-27T17:01:04+00:00
2026-09-27T12:01:34-05:00,2026-09-27T17:01:34+00:00,Python SDK azure-iot-device (MQTT 8883),DC-RACKC-03,21.65,32.93,52.14,2026-09-27T17:01:34+00:00
2026-09-27T12:02:04-05:00,2026-09-27T17:02:04+00:00,Python SDK azure-iot-device (MQTT 8883),DC-RACKC-03,21.69,32.86,53.12,2026-09-27T17:02:04+00:00
2026-09-27T12:02:35-05:00,2026-09-27T17:02:35+00:00,Python SDK azure-iot-device (MQTT 8883),DC-RACKC-03,21.89,33.29,52.48,2026-09-27T17:02:34+00:00
2026-09-27T12:03:05-05:00,2026-09-27T17:03:05+00:00,Python SDK azure-iot-device (MQTT 8883),DC-RACKC-03,22.07,33.15,52.66,2026-09-27T17:03:05+00:00
2026-09-27T12:03:35-05:00,2026-09-27T17:03:35+00:00,Python SDK azure-iot-device (MQTT 8883),DC-RACKC-03,22.07,32.58,51.08,2026-09-27T17:03:35+00:00
2026-09-27T12:04:05-05:00,2026-09-27T17:04:05+00:00,Python SDK azure-iot-device (MQTT 8883),DC-RACKC-03,22.33,33.36,52.2,2026-09-27T17:04:05+00:00
2026-09-27T12:04:35-05:00,2026-09-27T17:04:35+00:00,Python SDK azure-iot-device (MQTT 8883),DC-RACKC-03,22.2,32.73,52.23,2026-09-27T17:04:35+00:00
2026-09-27T12:05:05-05:00,2026-09-27T17:05:05+00:00,Python SDK azure-iot-device (MQTT 8883),DC-RACKC-03,22.07,33.56,52.26,2026-09-27T17:05:05+00:00
2026-09-27T12:05:35-05:00,2026-09-27T17:05:35+00:00,Python SDK azure-iot-device (MQTT 8883),DC-RACKC-03,21.86,32.98,51.85,2026-09-27T17:05:35+00:00
2026-09-27T12:06:05-05:00,2026-09-27T17:06:05+00:00,Python SDK azure-iot-device (MQTT 8883),DC-RACKC-03,21.89,32.48,52.8,2026-09-27T17:06:05+00:00
2026-09-27T12:06:35-05:00,2026-09-27T17:06:35+00:00,Python SDK azure-iot-device (MQTT 8883),DC-RACKC-03,21.95,32.84,52.67,2026-09-27T17:06:35+00:00
2026-09-27T12:07:06-05:00,2026-09-27T17:07:06+00:00,Python SDK azure-iot-device (MQTT 8883),DC-RACKC-03,22.32,32.77,51.55,2026-09-27T17:07:05+00:00
2026-09-27T12:07:36-05:00,2026-09-27T17:07:36+00:00,Python SDK azure-iot-device (MQTT 8883),DC-RACKC-03,21.91,33.31,51.2,2026-09-27T17:07:36+00:00
2026-09-27T12:08:06-05:00,2026-09-27T17:08:06+00:00,Python SDK azure-iot-device (MQTT 8883),DC-RACKC-03,21.69,32.7,51.44,2026-09-27T17:08:06+00:00
2026-09-27T12:08:36-05:00,2026-09-27T17:08:36+00:00,Python SDK azure-iot-device (MQTT 8883),DC-RACKC-03,22.12,33.52,52.52,2026-09-27T17:08:36+00:00
2026-09-27T12:09:06-05:00,2026-09-27T17:09:06+00:00,Python SDK azure-iot-device (MQTT 8883),DC-RACKC-03,22.32,33.12,52.5,2026-09-27T17:09:06+00:00
2026-09-27T12:09:36-05:00,2026-09-27T17:09:36+00:00,Python SDK azure-iot-device (MQTT 8883),DC-RACKC-03,22.3,32.7,52.11,2026-09-27T17:09:36+00:00
2026-09-27T12:10:06-05:00,2026-09-27T17:10:06+00:00,Python SDK azure-iot-device (MQTT 8883),DC-RACKC-03,22.02,32.63,52.79,2026-09-27T17:10:06+00:00
2026-09-27T12:10:36-05:00,2026-09-27T17:10:36+00:00,Python SDK azure-iot-device (MQTT 8883),DC-RACKC-03,21.76,33.14,52.9,2026-09-27T17:10:36+00:00
2026-09-27T12:11:06-05:00,2026-09-27T17:11:06+00:00,Python SDK azure-iot-device (MQTT 8883),DC-RACKC-03,21.96,32.43,52.69,2026-09-27T17:11:06+00:00
2026-09-27T12:11:36-05:00,2026-09-27T17:11:36+00:00,Python SDK azure-iot-device (MQTT 8883),DC-RACKC-03,22.08,32.79,51.7,2026-09-27T17:11:36+00:00
2026-09-27T12:12:07-05:00,2026-09-27T17:12:07+00:00,Python SDK azure-iot-device (MQTT 8883),DC-RACKC-03,22.15,33.4,51.23,2026-09-27T17:12:06+00:00
2026-09-27T12:12:37-05:00,2026-09-27T17:12:37+00:00,Python SDK azure-iot-device (MQTT 8883),DC-RACKC-03,22.01,33.72,51.69,2026-09-27T17:12:37+00:00
2026-09-27T12:13:07-05:00,2026-09-27T17:13:07+00:00,Python SDK azure-iot-device (MQTT 8883),DC-RACKC-03,22.36,33.93,52.0,2026-09-27T17:13:07+00:00
2026-09-27T12:13:37-05:00,2026-09-27T17:13:37+00:00,Python SDK azure-iot-device (MQTT 8883),DC-RACKC-03,21.86,33.52,50.86,2026-09-27T17:13:37+00:00
2026-09-27T12:14:07-05:00,2026-09-27T17:14:07+00:00,Python SDK azure-iot-device (MQTT 8883),DC-RACKC-03,22.14,33.4,51.47,2026-09-27T17:14:07+00:00
2026-09-27T12:14:37-05:00,2026-09-27T17:14:37+00:00,Python SDK azure-iot-device (MQTT 8883),DC-RACKC-03,22.1,33.63,51.05,2026-09-27T17:14:37+00:00
2026-09-27T12:15:07-05:00,2026-09-27T17:15:07+00:00,Python SDK azure-iot-device (MQTT 8883),DC-RACKC-03,21.84,32.39,52.43,2026-09-27T17:15:07+00:00
2026-09-27T12:15:37-05:00,2026-09-27T17:15:37+00:00,Python SDK azure-iot-device (MQTT 8883),DC-RACKC-03,21.96,33.1,52.1,2026-09-27T17:15:37+00:00
2026-09-27T12:16:07-05:00,2026-09-27T17:16:07+00:00,Python SDK azure-iot-device (MQTT 8883),DC-RACKC-03,22.27,33.24,51.25,2026-09-27T17:16:07+00:00
2026-09-27T12:16:38-05:00,2026-09-27T17:16:38+00:00,Python SDK azure-iot-device (MQTT 8883),DC-RACKC-03,22.01,33.41,52.7,2026-09-27T17:16:37+00:00
2026-09-27T12:17:08-05:00,2026-09-27T17:17:08+00:00,Python SDK azure-iot-device (MQTT 8883),DC-RACKC-03,22.26,33.11,52.83,2026-09-27T17:17:08+00:00
2026-09-27T12:17:38-05:00,2026-09-27T17:17:38+00:00,Python SDK azure-iot-device (MQTT 8883),DC-RACKC-03,22.1,33.2,51.17,2026-09-27T17:17:38+00:00
2026-09-27T12:18:08-05:00,2026-09-27T17:18:08+00:00,Python SDK azure-iot-device (MQTT 8883),DC-RACKC-03,21.76,33.2,52.34,2026-09-27T17:18:08+00:00
2026-09-27T12:18:38-05:00,2026-09-27T17:18:38+00:00,Python SDK azure-iot-device (MQTT 8883),DC-RACKC-03,21.95,33.08,51.54,2026-09-27T17:18:38+00:00
2026-09-27T12:19:08-05:00,2026-09-27T17:19:08+00:00,Python SDK azure-iot-device (MQTT 8883),DC-RACKC-03,21.73,32.27,50.74,2026-09-27T17:19:08+00:00
2026-09-27T12:19:38-05:00,2026-09-27T17:19:38+00:00,Python SDK azure-iot-device (MQTT 8883),DC-RACKC-03,21.8,32.61,52.93,2026-09-27T17:19:38+00:00
2026-09-27T12:20:08-05:00,2026-09-27T17:20:08+00:00,Python SDK azure-iot-device (MQTT 8883),DC-RACKC-03,22.14,32.87,52.42,2026-09-27T17:20:08+00:00
2026-09-27T12:20:38-05:00,2026-09-27T17:20:38+00:00,Python SDK azure-iot-device (MQTT 8883),DC-RACKC-03,22.15,32.92,52.27,2026-09-27T17:20:38+00:00
2026-09-27T12:21:09-05:00,2026-09-27T17:21:09+00:00,Python SDK azure-iot-device (MQTT 8883),DC-RACKC-03,22.03,33.31,53.03,2026-09-27T17:21:08+00:00
2026-09-27T12:21:39-05:00,2026-09-27T17:21:39+00:00,Python SDK azure-iot-device (MQTT 8883),DC-RACKC-03,21.85,32.81,51.96,2026-09-27T17:21:39+00:00
2026-09-27T12:22:09-05:00,2026-09-27T17:22:09+00:00,Python SDK azure-iot-device (MQTT 8883),DC-RACKC-03,22.2,33.84,52.78,2026-09-27T17:22:09+00:00
2026-09-27T12:22:39-05:00,2026-09-27T17:22:39+00:00,Python SDK azure-iot-device (MQTT 8883),DC-RACKC-03,21.68,32.67,52.83,2026-09-27T17:22:39+00:00
2026-09-27T12:23:09-05:00,2026-09-27T17:23:09+00:00,Python SDK azure-iot-device (MQTT 8883),DC-RACKC-03,22.28,33.17,51.56,2026-09-27T17:23:09+00:00
2026-09-27T12:23:39-05:00,2026-09-27T17:23:39+00:00,Python SDK azure-iot-device (MQTT 8883),DC-RACKC-03,22.19,32.94,51.37,2026-09-27T17:23:39+00:00
2026-09-27T12:24:09-05:00,2026-09-27T17:24:09+00:00,Python SDK azure-iot-device (MQTT 8883),DC-RACKC-03,21.72,32.83,51.77,2026-09-27T17:24:09+00:00
2026-09-27T12:24:39-05:00,2026-09-27T17:24:39+00:00,Python SDK azure-iot-device (MQTT 8883),DC-RACKC-03,21.8,32.46,52.05,2026-09-27T17:24:39+00:00
2026-09-27T12:25:09-05:00,2026-09-27T17:25:09+00:00,Python SDK azure-iot-device (MQTT 8883),DC-RACKC-03,22.19,32.87,52.77,2026-09-27T17:25:09+00:00
2026-09-27T12:25:39-05:00,2026-09-27T17:25:39+00:00,Python SDK azure-iot-device (MQTT 8883),DC-RACKC-03,22.36,33.02,52.33,2026-09-27T17:25:39+00:00
2026-09-27T12:26:10-05:00,2026-09-27T17:26:10+00:00,Python SDK azure-iot-device (MQTT 8883),DC-RACKC-03,21.95,32.52,51.24,2026-09-27T17:26:09+00:00
2026-09-27T12:26:40-05:00,2026-09-27T17:26:40+00:00,Python SDK azure-iot-device (MQTT 8883),DC-RACKC-03,21.82,32.97,50.89,2026-09-27T17:26:40+00:00
2026-09-27T12:27:10-05:00,2026-09-27T17:27:10+00:00,Python SDK azure-iot-device (MQTT 8883),DC-RACKC-03,22.19,33.22,51.58,2026-09-27T17:27:10+00:00
2026-09-27T12:27:40-05:00,2026-09-27T17:27:40+00:00,Python SDK azure-iot-device (MQTT 8883),DC-RACKC-03,22.33,33.92,52.95,2026-09-27T17:27:40+00:00
2026-09-27T12:28:10-05:00,2026-09-27T17:28:10+00:00,Python SDK azure-iot-device (MQTT 8883),DC-RACKC-03,22.38,33.69,51.73,2026-09-27T17:28:10+00:00
2026-09-27T12:28:40-05:00,2026-09-27T17:28:40+00:00,Python SDK azure-iot-device (MQTT 8883),DC-RACKC-03,22.37,33.61,52.66,2026-09-27T17:28:40+00:00
2026-09-27T12:29:10-05:00,2026-09-27T17:29:10+00:00,Python SDK azure-iot-device (MQTT 8883),DC-RACKC-03,21.9,32.89,52.64,2026-09-27T17:29:10+00:00
2026-09-27T12:29:40-05:00,2026-09-27T17:29:40+00:00,Python SDK azure-iot-device (MQTT 8883),DC-RACKC-03,22.34,33.22,51.42,2026-09-27T17:29:40+00:00
2026-09-27T12:30:10-05:00,2026-09-27T17:30:10+00:00,Python SDK azure-iot-device (MQTT 8883),DC-RACKC-03,22.28,33.74,50.67,2026-09-27T17:30:10+00:00
2026-09-27T12:30:41-05:00,2026-09-27T17:30:41+00:00,Python SDK azure-iot-device (MQTT 8883),DC-RACKC-03,21.8,33.21,50.65,2026-09-27T17:30:40+00:00
2026-09-27T12:31:11-05:00,2026-09-27T17:31:11+00:00,Python SDK azure-iot-device (MQTT 8883),DC-RACKC-03,22.0,33.26,51.28,2026-09-27T17:31:11+00:00
2026-09-27T12:32:41-05:00,2026-09-27T17:32:41+00:00,Python SDK azure-iot-device (MQTT 8883),DC-RACKC-03,22.06,32.79,52.3,2026-09-27T17:31:41+00:00
2026-09-27T12:33:11-05:00,2026-09-27T17:33:11+00:00,Python SDK azure-iot-device (MQTT 8883),DC-RACKC-03,22.13,32.92,51.74,2026-09-27T17:33:11+00:00
2026-09-27T12:33:42-05:00,2026-09-27T17:33:42+00:00,Python SDK azure-iot-device (MQTT 8883),DC-RACKC-03,22.01,33.56,50.63,2026-09-27T17:33:41+00:00
2026-09-27T12:34:12-05:00,2026-09-27T17:34:12+00:00,Python SDK azure-iot-device (MQTT 8883),DC-RACKC-03,21.93,33.01,52.02,2026-09-27T17:34:12+00:00
2026-09-27T12:34:42-05:00,2026-09-27T17:34:42+00:00,Python SDK azure-iot-device (MQTT 8883),DC-RACKC-03,22.08,33.45,51.42,2026-09-27T17:34:42+00:00
2026-09-27T12:35:12-05:00,2026-09-27T17:35:12+00:00,Python SDK azure-iot-device (MQTT 8883),DC-RACKC-03,22.12,33.55,52.61,2026-09-27T17:35:12+00:00
2026-09-27T12:35:42-05:00,2026-09-27T17:35:42+00:00,Python SDK azure-iot-device (MQTT 8883),DC-RACKC-03,22.04,33.48,50.59,2026-09-27T17:35:42+00:00
2026-09-27T12:36:12-05:00,2026-09-27T17:36:12+00:00,Python SDK azure-iot-device (MQTT 8883),DC-RACKC-03,22.27,32.76,51.35,2026-09-27T17:36:12+00:00
2026-09-27T12:36:42-05:00,2026-09-27T17:36:42+00:00,Python SDK azure-iot-device (MQTT 8883),DC-RACKC-03,22.39,33.3,50.5,2026-09-27T17:36:42+00:00
2026-09-27T12:37:12-05:00,2026-09-27T17:37:12+00:00,Python SDK azure-iot-device (MQTT 8883),DC-RACKC-03,21.9,33.55,52.45,2026-09-27T17:37:12+00:00
2026-09-27T12:37:42-05:00,2026-09-27T17:37:42+00:00,Python SDK azure-iot-device (MQTT 8883),DC-RACKC-03,21.75,32.36,50.51,2026-09-27T17:37:42+00:00
2026-09-27T12:38:12-05:00,2026-09-27T17:38:12+00:00,Python SDK azure-iot-device (MQTT 8883),DC-RACKC-03,21.97,33.3,51.19,2026-09-27T17:38:12+00:00
2026-09-27T12:38:43-05:00,2026-09-27T17:38:43+00:00,Python SDK azure-iot-device (MQTT 8883),DC-RACKC-03,21.9,32.7,52.04,2026-09-27T17:38:42+00:00
2026-09-27T12:39:13-05:00,2026-09-27T17:39:13+00:00,Python SDK azure-iot-device (MQTT 8883),DC-RACKC-03,22.15,32.87,51.64,2026-09-27T17:39:13+00:00
2026-09-27T12:39:43-05:00,2026-09-27T17:39:43+00:00,Python SDK azure-iot-device (MQTT 8883),DC-RACKC-03,22.37,33.22,52.79,2026-09-27T17:39:43+00:00
2026-09-27T12:40:13-05:00,2026-09-27T17:40:13+00:00,Python SDK azure-iot-device (MQTT 8883),DC-RACKC-03,21.91,32.65,51.82,2026-09-27T17:40:13+00:00
2026-09-27T12:40:43-05:00,2026-09-27T17:40:43+00:00,Python SDK azure-iot-device (MQTT 8883),DC-RACKC-03,22.35,33.07,51.74,2026-09-27T17:40:43+00:00
2026-09-27T12:41:13-05:00,2026-09-27T17:41:13+00:00,Python SDK azure-iot-device (MQTT 8883),DC-RACKC-03,22.38,33.7,51.54,2026-09-27T17:41:13+00:00
2026-09-27T12:41:43-05:00,2026-09-27T17:41:43+00:00,Python SDK azure-iot-device (MQTT 8883),DC-RACKC-03,22.0,33.35,52.13,2026-09-27T17:41:43+00:00
2026-09-27T12:42:13-05:00,2026-09-27T17:42:13+00:00,Python SDK azure-iot-device (MQTT 8883),DC-RACKC-03,21.92,33.17,51.75,2026-09-27T17:42:13+00:00
2026-09-27T12:42:43-05:00,2026-09-27T17:42:43+00:00,Python SDK azure-iot-device (MQTT 8883),DC-RACKC-03,21.74,32.29,50.69,2026-09-27T17:42:43+00:00
2026-09-27T12:43:13-05:00,2026-09-27T17:43:13+00:00,Python SDK azure-iot-device (MQTT 8883),DC-RACKC-03,22.29,33.69,50.38,2026-09-27T17:43:13+00:00
2026-09-27T12:43:44-05:00,2026-09-27T17:43:44+00:00,Python SDK azure-iot-device (MQTT 8883),DC-RACKC-03,21.69,32.5,52.71,2026-09-27T17:43:43+00:00
2026-09-27T12:44:14-05:00,2026-09-27T17:44:14+00:00,Python SDK azure-iot-device (MQTT 8883),DC-RACKC-03,22.32,33.86,50.89,2026-09-27T17:44:14+00:00
2026-09-27T12:44:44-05:00,2026-09-27T17:44:44+00:00,Python SDK azure-iot-device (MQTT 8883),DC-RACKC-03,21.95,32.84,52.23,2026-09-27T17:44:44+00:00
2026-09-27T12:45:14-05:00,2026-09-27T17:45:14+00:00,Python SDK azure-iot-device (MQTT 8883),DC-RACKC-03,21.8,33.39,50.35,2026-09-27T17:45:14+00:00
2026-09-27T12:45:44-05:00,2026-09-27T17:45:44+00:00,Python SDK azure-iot-device (MQTT 8883),DC-RACKC-03,21.97,33.32,52.19,2026-09-27T17:45:44+00:00
2026-09-27T12:46:14-05:00,2026-09-27T17:46:14+00:00,Python SDK azure-iot-device (MQTT 8883),DC-RACKC-03,22.06,33.66,52.48,2026-09-27T17:46:14+00:00
2026-09-27T12:46:44-05:00,2026-09-27T17:46:44+00:00,Python SDK azure-iot-device (MQTT 8883),DC-RACKC-03,21.73,32.44,52.23,2026-09-27T17:46:44+00:00
2026-09-27T12:47:14-05:00,2026-09-27T17:47:14+00:00,Python SDK azure-iot-device (MQTT 8883),DC-RACKC-03,22.3,33.86,50.92,2026-09-27T17:47:14+00:00
2026-09-27T12:47:44-05:00,2026-09-27T17:47:44+00:00,Python SDK azure-iot-device (MQTT 8883),DC-RACKC-03,22.36,33.39,51.48,2026-09-27T17:47:44+00:00
2026-09-27T12:48:15-05:00,2026-09-27T17:48:15+00:00,Python SDK azure-iot-device (MQTT 8883),DC-RACKC-03,22.01,32.79,51.79,2026-09-27T17:48:14+00:00
2026-09-27T12:48:45-05:00,2026-09-27T17:48:45+00:00,Python SDK azure-iot-device (MQTT 8883),DC-RACKC-03,22.28,33.31,52.4,2026-09-27T17:48:45+00:00
2026-09-27T12:49:15-05:00,2026-09-27T17:49:15+00:00,Python SDK azure-iot-device (MQTT 8883),DC-RACKC-03,22.13,33.63,52.01,2026-09-27T17:49:15+00:00
2026-09-27T12:49:45-05:00,2026-09-27T17:49:45+00:00,Python SDK azure-iot-device (MQTT 8883),DC-RACKC-03,22.02,33.72,51.93,2026-09-27T17:49:45+00:00
2026-09-27T12:50:15-05:00,2026-09-27T17:50:15+00:00,Python SDK azure-iot-device (MQTT 8883),DC-RACKC-03,21.78,33.53,51.72,2026-09-27T17:50:15+00:00
2026-09-27T12:50:45-05:00,2026-09-27T17:50:45+00:00,Python SDK azure-iot-device (MQTT 8883),DC-RACKC-03,22.36,33.2,52.39,2026-09-27T17:50:45+00:00
2026-09-27T12:51:15-05:00,2026-09-27T17:51:15+00:00,Python SDK azure-iot-device (MQTT 8883),DC-RACKC-03,21.96,33.12,51.2,2026-09-27T17:51:15+00:00
2026-09-27T12:51:45-05:00,2026-09-27T17:51:45+00:00,Python SDK azure-iot-device (MQTT 8883),DC-RACKC-03,22.23,32.93,51.63,2026-09-27T17:51:45+00:00
2026-09-27T12:52:15-05:00,2026-09-27T17:52:15+00:00,Python SDK azure-iot-device (MQTT 8883),DC-RACKC-03,21.71,33.45,51.67,2026-09-27T17:52:15+00:00
2026-09-27T12:52:46-05:00,2026-09-27T17:52:46+00:00,Python SDK azure-iot-device (MQTT 8883),DC-RACKC-03,22.29,33.41,51.54,2026-09-27T17:52:45+00:00
2026-09-27T12:53:16-05:00,2026-09-27T17:53:16+00:00,Python SDK azure-iot-device (MQTT 8883),DC-RACKC-03,21.91,32.91,51.16,2026-09-27T17:53:16+00:00
2026-09-27T12:53:46-05:00,2026-09-27T17:53:46+00:00,Python SDK azure-iot-device (MQTT 8883),DC-RACKC-03,22.19,33.86,51.71,2026-09-27T17:53:46+00:00
2026-09-27T12:54:16-05:00,2026-09-27T17:54:16+00:00,Python SDK azure-iot-device (MQTT 8883),DC-RACKC-03,22.01,33.73,50.37,2026-09-27T17:54:16+00:00
2026-09-27T12:54:46-05:00,2026-09-27T17:54:46+00:00,Python SDK azure-iot-device (MQTT 8883),DC-RACKC-03,22.19,33.47,52.44,2026-09-27T17:54:46+00:00
2026-09-27T12:55:16-05:00,2026-09-27T17:55:16+00:00,Python SDK azure-iot-device (MQTT 8883),DC-RACKC-03,22.27,32.98,50.99,2026-09-27T17:55:16+00:00
2026-09-27T12:55:46-05:00,2026-09-27T17:55:46+00:00,Python SDK azure-iot-device (MQTT 8883),DC-RACKC-03,22.23,33.34,50.36,2026-09-27T17:55:46+00:00
2026-09-27T12:56:16-05:00,2026-09-27T17:56:16+00:00,Python SDK azure-iot-device (MQTT 8883),DC-RACKC-03,21.74,33.16,52.21,2026-09-27T17:56:16+00:00
2026-09-27T12:56:46-05:00,2026-09-27T17:56:46+00:00,Python SDK azure-iot-device (MQTT 8883),DC-RACKC-03,22.32,33.78,52.2,2026-09-27T17:56:46+00:00
2026-09-27T12:57:16-05:00,2026-09-27T17:57:16+00:00,Python SDK azure-iot-device (MQTT 8883),DC-RACKC-03,22.32,33.82,51.04,2026-09-27T17:57:16+00:00
2026-09-27T12:57:47-05:00,2026-09-27T17:57:47+00:00,Python SDK azure-iot-device (MQTT 8883),DC-RACKC-03,22.02,33.31,51.01,2026-09-27T17:57:46+00:00
2026-09-27T12:58:17-05:00,2026-09-27T17:58:17+00:00,Python SDK azure-iot-device (MQTT 8883),DC-RACKC-03,22.05,33.45,51.01,2026-09-27T17:58:17+00:00
2026-09-27T12:58:47-05:00,2026-09-27T17:58:47+00:00,Python SDK azure-iot-device (MQTT 8883),DC-RACKC-03,22.07,33.65,52.26,2026-09-27T17:58:47+00:00
2026-09-27T12:59:17-05:00,2026-09-27T17:59:17+00:00,Python SDK azure-iot-device (MQTT 8883),DC-RACKC-03,22.02,33.57,51.37,2026-09-27T17:59:17+00:00
2026-09-27T12:59:47-05:00,2026-09-27T17:59:47+00:00,Python SDK azure-iot-device (MQTT 8883),DC-RACKC-03,21.99,33.12,51.1,2026-09-27T17:59:47+00:00
2026-09-27T13:00:17-05:00,2026-09-27T18:00:17+00:00,Python SDK azure-iot-device (MQTT 8883),DC-RACKC-03,21.96,33.25,51.65,2026-09-27T18:00:17+00:00
2026-09-27T13:00:47-05:00,2026-09-27T18:00:47+00:00,Python SDK azure-iot-device (MQTT 8883),DC-RACKC-03,21.7,32.65,51.67,2026-09-27T18:00:47+00:00
2026-09-27T13:01:17-05:00,2026-09-27T18:01:17+00:00,Python SDK azure-iot-device (MQTT 8883),DC-RACKC-03,22.27,33.63,51.24,2026-09-27T18:01:17+00:00
2026-09-27T13:01:47-05:00,2026-09-27T18:01:47+00:00,Python SDK azure-iot-device (MQTT 8883),DC-RACKC-03,21.85,32.46,51.1,2026-09-27T18:01:47+00:00
2026-09-27T13:02:18-05:00,2026-09-27T18:02:18+00:00,Python SDK azure-iot-device (MQTT 8883),DC-RACKC-03,21.85,32.6,50.03,2026-09-27T18:02:17+00:00
2026-09-27T13:02:48-05:00,2026-09-27T18:02:48+00:00,Python SDK azure-iot-device (MQTT 8883),DC-RACKC-03,22.32,33.89,51.98,2026-09-27T18:02:48+00:00
2026-09-27T13:03:18-05:00,2026-09-27T18:03:18+00:00,Python SDK azure-iot-device (MQTT 8883),DC-RACKC-03,22.07,33.48,50.23,2026-09-27T18:03:18+00:00
2026-09-27T13:03:48-05:00,2026-09-27T18:03:48+00:00,Python SDK azure-iot-device (MQTT 8883),DC-RACKC-03,22.06,32.64,51.47,2026-09-27T18:03:48+00:00
2026-09-27T13:04:18-05:00,2026-09-27T18:04:18+00:00,Python SDK azure-iot-device (MQTT 8883),DC-RACKC-03,21.93,32.7,52.16,2026-09-27T18:04:18+00:00
2026-09-27T13:04:48-05:00,2026-09-27T18:04:48+00:00,Python SDK azure-iot-device (MQTT 8883),DC-RACKC-03,21.95,33.38,51.46,2026-09-27T18:04:48+00:00
2026-09-27T13:05:18-05:00,2026-09-27T18:05:18+00:00,Python SDK azure-iot-device (MQTT 8883),DC-RACKC-03,21.81,33.41,51.48,2026-09-27T18:05:18+00:00
2026-09-27T13:05:48-05:00,2026-09-27T18:05:48+00:00,Python SDK azure-iot-device (MQTT 8883),DC-RACKC-03,22.31,32.94,51.27,2026-09-27T18:05:48+00:00
2026-09-27T13:06:18-05:00,2026-09-27T18:06:18+00:00,Python SDK azure-iot-device (MQTT 8883),DC-RACKC-03,22.37,33.52,51.39,2026-09-27T18:06:18+00:00
2026-09-27T13:06:49-05:00,2026-09-27T18:06:49+00:00,Python SDK azure-iot-device (MQTT 8883),DC-RACKC-03,21.93,32.97,51.24,2026-09-27T18:06:48+00:00
2026-09-27T13:07:19-05:00,2026-09-27T18:07:19+00:00,Python SDK azure-iot-device (MQTT 8883),DC-RACKC-03,22.18,33.54,50.69,2026-09-27T18:07:19+00:00
2026-09-27T13:07:49-05:00,2026-09-27T18:07:49+00:00,Python SDK azure-iot-device (MQTT 8883),DC-RACKC-03,21.69,32.95,51.09,2026-09-27T18:07:49+00:00
2026-09-27T13:08:19-05:00,2026-09-27T18:08:19+00:00,Python SDK azure-iot-device (MQTT 8883),DC-RACKC-03,22.2,33.0,50.34,2026-09-27T18:08:19+00:00
2026-09-27T13:08:49-05:00,2026-09-27T18:08:49+00:00,Python SDK azure-iot-device (MQTT 8883),DC-RACKC-03,22.06,33.62,49.96,2026-09-27T18:08:49+00:00
2026-09-27T13:09:19-05:00,2026-09-27T18:09:19+00:00,Python SDK azure-iot-device (MQTT 8883),DC-RACKC-03,22.11,33.59,52.17,2026-09-27T18:09:19+00:00
2026-09-27T13:09:49-05:00,2026-09-27T18:09:49+00:00,Python SDK azure-iot-device (MQTT 8883),DC-RACKC-03,22.19,32.99,52.23,2026-09-27T18:09:49+00:00
2026-09-27T13:10:19-05:00,2026-09-27T18:10:19+00:00,Python SDK azure-iot-device (MQTT 8883),DC-RACKC-03,21.96,33.66,52.2,2026-09-27T18:10:19+00:00
2026-09-27T13:10:49-05:00,2026-09-27T18:10:49+00:00,Python SDK azure-iot-device (MQTT 8883),DC-RACKC-03,22.06,33.72,51.5,2026-09-27T18:10:49+00:00
2026-09-27T13:11:20-05:00,2026-09-27T18:11:20+00:00,Python SDK azure-iot-device (MQTT 8883),DC-RACKC-03,21.76,32.68,51.99,2026-09-27T18:11:19+00:00
2026-09-27T13:11:50-05:00,2026-09-27T18:11:50+00:00,Python SDK azure-iot-device (MQTT 8883),DC-RACKC-03,21.95,32.75,51.78,2026-09-27T18:11:50+00:00
2026-09-27T13:12:20-05:00,2026-09-27T18:12:20+00:00,Python SDK azure-iot-device (MQTT 8883),DC-RACKC-03,21.79,33.51,49.81,2026-09-27T18:12:20+00:00
2026-09-27T13:12:50-05:00,2026-09-27T18:12:50+00:00,Python SDK azure-iot-device (MQTT 8883),DC-RACKC-03,21.94,32.62,50.52,2026-09-27T18:12:50+00:00
2026-09-27T13:13:20-05:00,2026-09-27T18:13:20+00:00,Python SDK azure-iot-device (MQTT 8883),DC-RACKC-03,22.26,34.06,51.99,2026-09-27T18:13:20+00:00
2026-09-27T13:13:50-05:00,2026-09-27T18:13:50+00:00,Python SDK azure-iot-device (MQTT 8883),DC-RACKC-03,22.04,33.22,50.02,2026-09-27T18:13:50+00:00
2026-09-27T13:14:20-05:00,2026-09-27T18:14:20+00:00,Python SDK azure-iot-device (MQTT 8883),DC-RACKC-03,21.92,32.68,51.93,2026-09-27T18:14:20+00:00
2026-09-27T13:14:50-05:00,2026-09-27T18:14:50+00:00,Python SDK azure-iot-device (MQTT 8883),DC-RACKC-03,22.17,33.4,51.6,2026-09-27T18:14:50+00:00
2026-09-27T13:15:20-05:00,2026-09-27T18:15:20+00:00,Python SDK azure-iot-device (MQTT 8883),DC-RACKC-03,22.11,33.08,51.6,2026-09-27T18:15:20+00:00
2026-09-27T13:15:51-05:00,2026-09-27T18:15:51+00:00,Python SDK azure-iot-device (MQTT 8883),DC-RACKC-03,22.02,33.37,50.11,2026-09-27T18:15:50+00:00
2026-09-27T13:16:21-05:00,2026-09-27T18:16:21+00:00,Python SDK azure-iot-device (MQTT 8883),DC-RACKC-03,21.72,32.75,50.85,2026-09-27T18:16:21+00:00
2026-09-27T13:16:51-05:00,2026-09-27T18:16:51+00:00,Python SDK azure-iot-device (MQTT 8883),DC-RACKC-03,22.37,33.29,49.87,2026-09-27T18:16:51+00:00
2026-09-27T13:17:21-05:00,2026-09-27T18:17:21+00:00,Python SDK azure-iot-device (MQTT 8883),DC-RACKC-03,21.99,33.33,49.92,2026-09-27T18:17:21+00:00
2026-09-27T13:17:51-05:00,2026-09-27T18:17:51+00:00,Python SDK azure-iot-device (MQTT 8883),DC-RACKC-03,22.08,33.54,52.04,2026-09-27T18:17:51+00:00
2026-09-27T13:18:21-05:00,2026-09-27T18:18:21+00:00,Python SDK azure-iot-device (MQTT 8883),DC-RACKC-03,21.77,32.65,49.95,2026-09-27T18:18:21+00:00
2026-09-27T13:18:51-05:00,2026-09-27T18:18:51+00:00,Python SDK azure-iot-device (MQTT 8883),DC-RACKC-03,22.31,33.85,50.12,2026-09-27T18:18:51+00:00
2026-09-27T13:19:21-05:00,2026-09-27T18:19:21+00:00,Python SDK azure-iot-device (MQTT 8883),DC-RACKC-03,21.9,33.24,51.53,2026-09-27T18:19:21+00:00
2026-09-27T13:19:51-05:00,2026-09-27T18:19:51+00:00,Python SDK azure-iot-device (MQTT 8883),DC-RACKC-03,22.39,33.68,49.79,2026-09-27T18:19:51+00:00
2026-09-27T13:20:21-05:00,2026-09-27T18:20:21+00:00,Python SDK azure-iot-device (MQTT 8883),DC-RACKC-03,22.32,33.81,51.06,2026-09-27T18:20:21+00:00
2026-09-27T13:20:52-05:00,2026-09-27T18:20:52+00:00,Python SDK azure-iot-device (MQTT 8883),DC-RACKC-03,21.81,32.86,51.61,2026-09-27T18:20:51+00:00
2026-09-27T13:21:22-05:00,2026-09-27T18:21:22+00:00,Python SDK azure-iot-device (MQTT 8883),DC-RACKC-03,21.78,33.01,49.99,2026-09-27T18:21:22+00:00
2026-09-27T13:21:52-05:00,2026-09-27T18:21:52+00:00,Python SDK azure-iot-device (MQTT 8883),DC-RACKC-03,21.99,32.84,50.56,2026-09-27T18:21:52+00:00
2026-09-27T13:22:22-05:00,2026-09-27T18:22:22+00:00,Python SDK azure-iot-device (MQTT 8883),DC-RACKC-03,22.39,33.64,50.36,2026-09-27T18:22:22+00:00
2026-09-27T13:22:52-05:00,2026-09-27T18:22:52+00:00,Python SDK azure-iot-device (MQTT 8883),DC-RACKC-03,22.36,33.92,50.64,2026-09-27T18:22:52+00:00
2026-09-27T13:23:22-05:00,2026-09-27T18:23:22+00:00,Python SDK azure-iot-device (MQTT 8883),DC-RACKC-03,22.34,33.54,50.96,2026-09-27T18:23:22+00:00
2026-09-27T13:23:52-05:00,2026-09-27T18:23:52+00:00,Python SDK azure-iot-device (MQTT 8883),DC-RACKC-03,21.86,32.52,50.44,2026-09-27T18:23:52+00:00
2026-09-27T13:24:22-05:00,2026-09-27T18:24:22+00:00,Python SDK azure-iot-device (MQTT 8883),DC-RACKC-03,22.29,33.43,50.51,2026-09-27T18:24:22+00:00
2026-09-27T13:24:52-05:00,2026-09-27T18:24:52+00:00,Python SDK azure-iot-device (MQTT 8883),DC-RACKC-03,21.84,32.36,50.19,2026-09-27T18:24:52+00:00
2026-09-27T13:25:23-05:00,2026-09-27T18:25:23+00:00,Python SDK azure-iot-device (MQTT 8883),DC-RACKC-03,21.89,32.44,51.67,2026-09-27T18:25:22+00:00
2026-09-27T13:25:53-05:00,2026-09-27T18:25:53+00:00,Python SDK azure-iot-device (MQTT 8883),DC-RACKC-03,22.38,34.07,50.85,2026-09-27T18:25:53+00:00
2026-09-27T13:26:23-05:00,2026-09-27T18:26:23+00:00,Python SDK azure-iot-device (MQTT 8883),DC-RACKC-03,22.08,32.62,50.66,2026-09-27T18:26:23+00:00
2026-09-27T13:26:53-05:00,2026-09-27T18:26:53+00:00,Python SDK azure-iot-device (MQTT 8883),DC-RACKC-03,21.84,33.29,49.76,2026-09-27T18:26:53+00:00
2026-09-27T13:27:23-05:00,2026-09-27T18:27:23+00:00,Python SDK azure-iot-device (MQTT 8883),DC-RACKC-03,21.84,32.46,50.19,2026-09-27T18:27:23+00:00
2026-09-27T13:27:53-05:00,2026-09-27T18:27:53+00:00,Python SDK azure-iot-device (MQTT 8883),DC-RACKC-03,21.93,33.71,51.7,2026-09-27T18:27:53+00:00
2026-09-27T13:28:23-05:00,2026-09-27T18:28:23+00:00,Python SDK azure-iot-device (MQTT 8883),DC-RACKC-03,21.84,32.84,50.89,2026-09-27T18:28:23+00:00
2026-09-27T13:28:53-05:00,2026-09-27T18:28:53+00:00,Python SDK azure-iot-device (MQTT 8883),DC-RACKC-03,21.88,32.59,49.73,2026-09-27T18:28:53+00:00
2026-09-27T13:29:23-05:00,2026-09-27T18:29:23+00:00,Python SDK azure-iot-device (MQTT 8883),DC-RACKC-03,21.88,33.55,50.74,2026-09-27T18:29:23+00:00
2026-09-27T13:29:54-05:00,2026-09-27T18:29:54+00:00,Python SDK azure-iot-device (MQTT 8883),DC-RACKC-03,22.37,33.72,50.39,2026-09-27T18:29:53+00:00
2026-09-27T13:30:24-05:00,2026-09-27T18:30:24+00:00,Python SDK azure-iot-device (MQTT 8883),DC-RACKC-03,21.94,33.45,50.68,2026-09-27T18:30:24+00:00
2026-09-27T13:30:54-05:00,2026-09-27T18:30:54+00:00,Python SDK azure-iot-device (MQTT 8883),DC-RACKC-03,22.0,32.88,51.12,2026-09-27T18:30:54+00:00
2026-09-27T13:31:24-05:00,2026-09-27T18:31:24+00:00,Python SDK azure-iot-device (MQTT 8883),DC-RACKC-03,22.28,33.55,51.76,2026-09-27T18:31:24+00:00
2026-09-27T13:31:54-05:00,2026-09-27T18:31:54+00:00,Python SDK azure-iot-device (MQTT 8883),DC-RACKC-03,22.38,33.29,50.73,2026-09-27T18:31:54+00:00
2026-09-27T13:32:24-05:00,2026-09-27T18:32:24+00:00,Python SDK azure-iot-device (MQTT 8883),DC-RACKC-03,22.22,33.25,50.89,2026-09-27T18:32:24+00:00
2026-09-27T13:32:54-05:00,2026-09-27T18:32:54+00:00,Python SDK azure-iot-device (MQTT 8883),DC-RACKC-03,22.09,32.7,51.69,2026-09-27T18:32:54+00:00
2026-09-27T13:33:24-05:00,2026-09-27T18:33:24+00:00,Python SDK azure-iot-device (MQTT 8883),DC-RACKC-03,22.38,34.04,51.22,2026-09-27T18:33:24+00:00
2026-09-27T13:33:54-05:00,2026-09-27T18:33:54+00:00,Python SDK azure-iot-device (MQTT 8883),DC-RACKC-03,22.33,33.93,49.56,2026-09-27T18:33:54+00:00
2026-09-27T13:34:25-05:00,2026-09-27T18:34:25+00:00,Python SDK azure-iot-device (MQTT 8883),DC-RACKC-03,22.22,33.69,49.73,2026-09-27T18:34:24+00:00
2026-09-27T13:34:55-05:00,2026-09-27T18:34:55+00:00,Python SDK azure-iot-device (MQTT 8883),DC-RACKC-03,21.8,33.0,50.11,2026-09-27T18:34:55+00:00
2026-09-27T13:35:25-05:00,2026-09-27T18:35:25+00:00,Python SDK azure-iot-device (MQTT 8883),DC-RACKC-03,22.29,33.72,50.56,2026-09-27T18:35:25+00:00
2026-09-27T13:35:55-05:00,2026-09-27T18:35:55+00:00,Python SDK azure-iot-device (MQTT 8883),DC-RACKC-03,21.78,33.17,49.68,2026-09-27T18:35:55+00:00
2026-09-27T13:36:25-05:00,2026-09-27T18:36:25+00:00,Python SDK azure-iot-device (MQTT 8883),DC-RACKC-03,22.32,33.75,49.96,2026-09-27T18:36:25+00:00
2026-09-27T13:36:55-05:00,2026-09-27T18:36:55+00:00,Python SDK azure-iot-device (MQTT 8883),DC-RACKC-03,22.27,33.73,49.87,2026-09-27T18:36:55+00:00
2026-09-27T13:37:25-05:00,2026-09-27T18:37:25+00:00,Python SDK azure-iot-device (MQTT 8883),DC-RACKC-03,21.87,32.6,51.14,2026-09-27T18:37:25+00:00
2026-09-27T13:37:55-05:00,2026-09-27T18:37:55+00:00,Python SDK azure-iot-device (MQTT 8883),DC-RACKC-03,22.24,32.92,49.86,2026-09-27T18:37:55+00:00
2026-09-27T13:38:25-05:00,2026-09-27T18:38:25+00:00,Python SDK azure-iot-device (MQTT 8883),DC-RACKC-03,22.08,33.63,50.89,2026-09-27T18:38:25+00:00
2026-09-27T13:38:55-05:00,2026-09-27T18:38:55+00:00,Python SDK azure-iot-device (MQTT 8883),DC-RACKC-03,22.06,32.89,49.88,2026-09-27T18:38:55+00:00
2026-09-27T13:39:26-05:00,2026-09-27T18:39:26+00:00,Python SDK azure-iot-device (MQTT 8883),DC-RACKC-03,21.85,32.95,50.63,2026-09-27T18:39:25+00:00
2026-09-27T13:39:56-05:00,2026-09-27T18:39:56+00:00,Python SDK azure-iot-device (MQTT 8883),DC-RACKC-03,22.28,33.0,50.92,2026-09-27T18:39:56+00:00
2026-09-27T13:40:26-05:00,2026-09-27T18:40:26+00:00,Python SDK azure-iot-device (MQTT 8883),DC-RACKC-03,21.96,33.39,49.74,2026-09-27T18:40:26+00:00
2026-09-27T13:40:56-05:00,2026-09-27T18:40:56+00:00,Python SDK azure-iot-device (MQTT 8883),DC-RACKC-03,21.88,32.7,50.13,2026-09-27T18:40:56+00:00
2026-09-27T13:41:26-05:00,2026-09-27T18:41:26+00:00,Python SDK azure-iot-device (MQTT 8883),DC-RACKC-03,21.78,33.27,49.23,2026-09-27T18:41:26+00:00
2026-09-27T13:41:56-05:00,2026-09-27T18:41:56+00:00,Python SDK azure-iot-device (MQTT 8883),DC-RACKC-03,22.4,34.01,49.2,2026-09-27T18:41:56+00:00
2026-09-27T13:42:26-05:00,2026-09-27T18:42:26+00:00,Python SDK azure-iot-device (MQTT 8883),DC-RACKC-03,21.78,32.52,51.17,2026-09-27T18:42:26+00:00
2026-09-27T13:42:56-05:00,2026-09-27T18:42:56+00:00,Python SDK azure-iot-device (MQTT 8883),DC-RACKC-03,21.91,32.84,49.7,2026-09-27T18:42:56+00:00
2026-09-27T13:43:26-05:00,2026-09-27T18:43:26+00:00,Python SDK azure-iot-device (MQTT 8883),DC-RACKC-03,22.14,33.29,49.22,2026-09-27T18:43:26+00:00
2026-09-27T13:43:57-05:00,2026-09-27T18:43:57+00:00,Python SDK azure-iot-device (MQTT 8883),DC-RACKC-03,22.08,33.46,50.18,2026-09-27T18:43:56+00:00
2026-09-27T13:44:27-05:00,2026-09-27T18:44:27+00:00,Python SDK azure-iot-device (MQTT 8883),DC-RACKC-03,22.12,33.19,49.33,2026-09-27T18:44:27+00:00
2026-09-27T13:44:57-05:00,2026-09-27T18:44:57+00:00,Python SDK azure-iot-device (MQTT 8883),DC-RACKC-03,22.35,33.75,49.41,2026-09-27T18:44:57+00:00
2026-09-27T13:45:27-05:00,2026-09-27T18:45:27+00:00,Python SDK azure-iot-device (MQTT 8883),DC-RACKC-03,21.76,32.88,50.33,2026-09-27T18:45:27+00:00
2026-09-27T13:45:57-05:00,2026-09-27T18:45:57+00:00,Python SDK azure-iot-device (MQTT 8883),DC-RACKC-03,21.88,33.56,50.98,2026-09-27T18:45:57+00:00
2026-09-27T13:46:27-05:00,2026-09-27T18:46:27+00:00,Python SDK azure-iot-device (MQTT 8883),DC-RACKC-03,22.04,32.91,50.88,2026-09-27T18:46:27+00:00
2026-09-27T13:46:57-05:00,2026-09-27T18:46:57+00:00,Python SDK azure-iot-device (MQTT 8883),DC-RACKC-03,22.01,33.29,49.54,2026-09-27T18:46:57+00:00
2026-09-27T13:47:27-05:00,2026-09-27T18:47:27+00:00,Python SDK azure-iot-device (MQTT 8883),DC-RACKC-03,22.07,33.38,51.0,2026-09-27T18:47:27+00:00
2026-09-27T13:47:57-05:00,2026-09-27T18:47:57+00:00,Python SDK azure-iot-device (MQTT 8883),DC-RACKC-03,21.94,32.55,51.44,2026-09-27T18:47:57+00:00
2026-09-27T13:48:28-05:00,2026-09-27T18:48:28+00:00,Python SDK azure-iot-device (MQTT 8883),DC-RACKC-03,22.08,33.89,50.37,2026-09-27T18:48:27+00:00
2026-09-27T13:48:58-05:00,2026-09-27T18:48:58+00:00,Python SDK azure-iot-device (MQTT 8883),DC-RACKC-03,22.16,33.83,49.89,2026-09-27T18:48:58+00:00
2026-09-27T13:49:28-05:00,2026-09-27T18:49:28+00:00,Python SDK azure-iot-device (MQTT 8883),DC-RACKC-03,22.41,33.64,49.36,2026-09-27T18:49:28+00:00
2026-09-27T13:49:58-05:00,2026-09-27T18:49:58+00:00,Python SDK azure-iot-device (MQTT 8883),DC-RACKC-03,22.06,33.04,50.86,2026-09-27T18:49:58+00:00
2026-09-27T13:50:28-05:00,2026-09-27T18:50:28+00:00,Python SDK azure-iot-device (MQTT 8883),DC-RACKC-03,21.88,33.13,49.98,2026-09-27T18:50:28+00:00
2026-09-27T13:50:58-05:00,2026-09-27T18:50:58+00:00,Python SDK azure-iot-device (MQTT 8883),DC-RACKC-03,22.23,34.01,50.99,2026-09-27T18:50:58+00:00
2026-09-27T13:51:28-05:00,2026-09-27T18:51:28+00:00,Python SDK azure-iot-device (MQTT 8883),DC-RACKC-03,22.1,32.94,50.38,2026-09-27T18:51:28+00:00
2026-09-27T13:51:58-05:00,2026-09-27T18:51:58+00:00,Python SDK azure-iot-device (MQTT 8883),DC-RACKC-03,22.13,33.3,49.6,2026-09-27T18:51:58+00:00
2026-09-27T13:52:28-05:00,2026-09-27T18:52:28+00:00,Python SDK azure-iot-device (MQTT 8883),DC-RACKC-03,21.89,33.38,51.19,2026-09-27T18:52:28+00:00
2026-09-27T13:52:58-05:00,2026-09-27T18:52:58+00:00,Python SDK azure-iot-device (MQTT 8883),DC-RACKC-03,21.84,32.92,50.37,2026-09-27T18:52:58+00:00
2026-09-27T13:53:29-05:00,2026-09-27T18:53:29+00:00,Python SDK azure-iot-device (MQTT 8883),DC-RACKC-03,22.26,33.84,50.63,2026-09-27T18:53:28+00:00
2026-09-27T13:53:59-05:00,2026-09-27T18:53:59+00:00,Python SDK azure-iot-device (MQTT 8883),DC-RACKC-03,22.2,33.67,50.87,2026-09-27T18:53:59+00:00
2026-09-27T13:54:29-05:00,2026-09-27T18:54:29+00:00,Python SDK azure-iot-device (MQTT 8883),DC-RACKC-03,21.89,33.57,50.8,2026-09-27T18:54:29+00:00
2026-09-27T13:54:59-05:00,2026-09-27T18:54:59+00:00,Python SDK azure-iot-device (MQTT 8883),DC-RACKC-03,22.3,33.5,50.07,2026-09-27T18:54:59+00:00
2026-09-27T13:55:29-05:00,2026-09-27T18:55:29+00:00,Python SDK azure-iot-device (MQTT 8883),DC-RACKC-03,21.9,33.33,49.91,2026-09-27T18:55:29+00:00
2026-09-27T13:55:59-05:00,2026-09-27T18:55:59+00:00,Python SDK azure-iot-device (MQTT 8883),DC-RACKC-03,21.74,32.98,50.76,2026-09-27T18:55:59+00:00
2026-09-27T13:56:29-05:00,2026-09-27T18:56:29+00:00,Python SDK azure-iot-device (MQTT 8883),DC-RACKC-03,21.9,32.98,49.38,2026-09-27T18:56:29+00:00
2026-09-27T13:56:59-05:00,2026-09-27T18:56:59+00:00,Python SDK azure-iot-device (MQTT 8883),DC-RACKC-03,21.83,32.55,49.91,2026-09-27T18:56:59+00:00
2026-09-27T13:57:29-05:00,2026-09-27T18:57:29+00:00,Python SDK azure-iot-device (MQTT 8883),DC-RACKC-03,22.03,33.48,50.57,2026-09-27T18:57:29+00:00
2026-09-27T13:58:00-05:00,2026-09-27T18:58:00+00:00,Python SDK azure-iot-device (MQTT 8883),DC-RACKC-03,21.95,32.78,50.07,2026-09-27T18:57:59+00:00
2026-09-27T13:58:30-05:00,2026-09-27T18:58:30+00:00,Python SDK azure-iot-device (MQTT 8883),DC-RACKC-03,21.8,32.91,50.48,2026-09-27T18:58:30+00:00
2026-09-27T13:59:00-05:00,2026-09-27T18:59:00+00:00,Python SDK azure-iot-device (MQTT 8883),DC-RACKC-03,22.12,33.54,49.99,2026-09-27T18:59:00+00:00
2026-09-27T13:59:30-05:00,2026-09-27T18:59:30+00:00,Python SDK azure-iot-device (MQTT 8883),DC-RACKC-03,22.12,32.81,50.86,2026-09-27T18:59:30+00:00
2026-09-27T14:00:00-05:00,2026-09-27T19:00:00+00:00,Python SDK azure-iot-device (MQTT 8883),DC-RACKC-03,22.14,32.89,50.17,2026-09-27T19:00:00+00:00
2026-09-27T14:00:30-05:00,2026-09-27T19:00:30+00:00,Python SDK azure-iot-device (MQTT 8883),DC-RACKC-03,21.77,32.92,50.6,2026-09-27T19:00:30+00:00
2026-09-27T14:01:00-05:00,2026-09-27T19:01:00+00:00,Python SDK azure-iot-device (MQTT 8883),DC-RACKC-03,22.15,33.84,49.05,2026-09-27T19:01:00+00:00
2026-09-27T14:01:30-05:00,2026-09-27T19:01:30+00:00,Python SDK azure-iot-device (MQTT 8883),DC-RACKC-03,22.12,33.67,49.02,2026-09-27T19:01:30+00:00
2026-09-27T14:02:00-05:00,2026-09-27T19:02:00+00:00,Python SDK azure-iot-device (MQTT 8883),DC-RACKC-03,22.28,33.97,49.78,2026-09-27T19:02:00+00:00
2026-09-27T14:02:31-05:00,2026-09-27T19:02:31+00:00,Python SDK azure-iot-device (MQTT 8883),DC-RACKC-03,22.16,33.34,50.44,2026-09-27T19:02:30+00:00
2026-09-27T14:03:01-05:00,2026-09-27T19:03:01+00:00,Python SDK azure-iot-device (MQTT 8883),DC-RACKC-03,21.97,33.34,50.98,2026-09-27T19:03:01+00:00
2026-09-27T14:03:31-05:00,2026-09-27T19:03:31+00:00,Python SDK azure-iot-device (MQTT 8883),DC-RACKC-03,22.14,32.93,49.16,2026-09-27T19:03:31+00:00
2026-09-27T14:04:01-05:00,2026-09-27T19:04:01+00:00,Python SDK azure-iot-device (MQTT 8883),DC-RACKC-03,22.13,33.89,49.52,2026-09-27T19:04:01+00:00
2026-09-27T14:04:31-05:00,2026-09-27T19:04:31+00:00,Python SDK azure-iot-device (MQTT 8883),DC-RACKC-03,22.18,33.43,49.88,2026-09-27T19:04:31+00:00
2026-09-27T14:05:01-05:00,2026-09-27T19:05:01+00:00,Python SDK azure-iot-device (MQTT 8883),DC-RACKC-03,21.89,32.72,50.17,2026-09-27T19:05:01+00:00
2026-09-27T14:05:31-05:00,2026-09-27T19:05:31+00:00,Python SDK azure-iot-device (MQTT 8883),DC-RACKC-03,21.93,33.22,49.91,2026-09-27T19:05:31+00:00
2026-09-27T14:06:01-05:00,2026-09-27T19:06:01+00:00,Python SDK azure-iot-device (MQTT 8883),DC-RACKC-03,22.33,33.03,49.08,2026-09-27T19:06:01+00:00
2026-09-27T14:06:31-05:00,2026-09-27T19:06:31+00:00,Python SDK azure-iot-device (MQTT 8883),DC-RACKC-03,21.76,33.05,48.8,2026-09-27T19:06:31+00:00
2026-09-27T14:07:02-05:00,2026-09-27T19:07:02+00:00,Python SDK azure-iot-device (MQTT 8883),DC-RACKC-03,21.82,33.53,49.16,2026-09-27T19:07:01+00:00
2026-09-27T14:07:32-05:00,2026-09-27T19:07:32+00:00,Python SDK azure-iot-device (MQTT 8883),DC-RACKC-03,21.85,33.38,49.68,2026-09-27T19:07:32+00:00
2026-09-27T14:08:02-05:00,2026-09-27T19:08:02+00:00,Python SDK azure-iot-device (MQTT 8883),DC-RACKC-03,21.82,32.68,49.34,2026-09-27T19:08:02+00:00
2026-09-27T14:08:32-05:00,2026-09-27T19:08:32+00:00,Python SDK azure-iot-device (MQTT 8883),DC-RACKC-03,22.37,33.82,50.79,2026-09-27T19:08:32+00:00
2026-09-27T14:09:02-05:00,2026-09-27T19:09:02+00:00,Python SDK azure-iot-device (MQTT 8883),DC-RACKC-03,21.85,32.81,50.76,2026-09-27T19:09:02+00:00
2026-09-27T14:09:32-05:00,2026-09-27T19:09:32+00:00,Python SDK azure-iot-device (MQTT 8883),DC-RACKC-03,22.22,33.76,49.47,2026-09-27T19:09:32+00:00
2026-09-27T14:10:02-05:00,2026-09-27T19:10:02+00:00,Python SDK azure-iot-device (MQTT 8883),DC-RACKC-03,22.32,33.02,48.93,2026-09-27T19:10:02+00:00
2026-09-27T14:10:32-05:00,2026-09-27T19:10:32+00:00,Python SDK azure-iot-device (MQTT 8883),DC-RACKC-03,22.37,34.11,49.66,2026-09-27T19:10:32+00:00
2026-09-27T14:11:02-05:00,2026-09-27T19:11:02+00:00,Python SDK azure-iot-device (MQTT 8883),DC-RACKC-03,22.27,33.04,50.29,2026-09-27T19:11:02+00:00
2026-09-27T14:11:32-05:00,2026-09-27T19:11:32+00:00,Python SDK azure-iot-device (MQTT 8883),DC-RACKC-03,22.06,33.84,50.24,2026-09-27T19:11:32+00:00
2026-09-27T14:12:03-05:00,2026-09-27T19:12:03+00:00,Python SDK azure-iot-device (MQTT 8883),DC-RACKC-03,22.33,33.72,48.91,2026-09-27T19:12:02+00:00
2026-09-27T14:12:33-05:00,2026-09-27T19:12:33+00:00,Python SDK azure-iot-device (MQTT 8883),DC-RACKC-03,22.06,33.18,49.98,2026-09-27T19:12:33+00:00
2026-09-27T14:13:03-05:00,2026-09-27T19:13:03+00:00,Python SDK azure-iot-device (MQTT 8883),DC-RACKC-03,22.33,34.03,48.8,2026-09-27T19:13:03+00:00
2026-09-27T14:13:33-05:00,2026-09-27T19:13:33+00:00,Python SDK azure-iot-device (MQTT 8883),DC-RACKC-03,22.07,33.68,50.53,2026-09-27T19:13:33+00:00
2026-09-27T14:14:03-05:00,2026-09-27T19:14:03+00:00,Python SDK azure-iot-device (MQTT 8883),DC-RACKC-03,21.92,32.81,49.98,2026-09-27T19:14:03+00:00
2026-09-27T14:14:33-05:00,2026-09-27T19:14:33+00:00,Python SDK azure-iot-device (MQTT 8883),DC-RACKC-03,22.1,32.79,49.76,2026-09-27T19:14:33+00:00
2026-09-27T14:15:03-05:00,2026-09-27T19:15:03+00:00,Python SDK azure-iot-device (MQTT 8883),DC-RACKC-03,22.0,32.97,50.0,2026-09-27T19:15:03+00:00
2026-09-27T14:15:33-05:00,2026-09-27T19:15:33+00:00,Python SDK azure-iot-device (MQTT 8883),DC-RACKC-03,22.4,33.65,48.77,2026-09-27T19:15:33+00:00
2026-09-27T14:16:03-05:00,2026-09-27T19:16:03+00:00,Python SDK azure-iot-device (MQTT 8883),DC-RACKC-03,22.09,32.84,50.33,2026-09-27T19:16:03+00:00
2026-09-27T14:16:34-05:00,2026-09-27T19:16:34+00:00,Python SDK azure-iot-device (MQTT 8883),DC-RACKC-03,22.23,33.2,50.59,2026-09-27T19:16:33+00:00
2026-09-27T14:17:04-05:00,2026-09-27T19:17:04+00:00,Python SDK azure-iot-device (MQTT 8883),DC-RACKC-03,21.85,32.98,49.61,2026-09-27T19:17:04+00:00
2026-09-27T14:17:34-05:00,2026-09-27T19:17:34+00:00,Python SDK azure-iot-device (MQTT 8883),DC-RACKC-03,21.83,33.04,48.64,2026-09-27T19:17:34+00:00
2026-09-27T14:18:04-05:00,2026-09-27T19:18:04+00:00,Python SDK azure-iot-device (MQTT 8883),DC-RACKC-03,22.22,33.47,48.71,2026-09-27T19:18:04+00:00
2026-09-27T14:18:34-05:00,2026-09-27T19:18:34+00:00,Python SDK azure-iot-device (MQTT 8883),DC-RACKC-03,22.22,33.66,50.21,2026-09-27T19:18:34+00:00
2026-09-27T14:19:04-05:00,2026-09-27T19:19:04+00:00,Python SDK azure-iot-device (MQTT 8883),DC-RACKC-03,22.24,33.28,50.49,2026-09-27T19:19:04+00:00
2026-09-27T14:19:34-05:00,2026-09-27T19:19:34+00:00,Python SDK azure-iot-device (MQTT 8883),DC-RACKC-03,21.76,33.66,49.72,2026-09-27T19:19:34+00:00
2026-09-27T14:20:04-05:00,2026-09-27T19:20:04+00:00,Python SDK azure-iot-device (MQTT 8883),DC-RACKC-03,22.28,33.11,48.42,2026-09-27T19:20:04+00:00
2026-09-27T14:20:34-05:00,2026-09-27T19:20:34+00:00,Python SDK azure-iot-device (MQTT 8883),DC-RACKC-03,22.21,33.87,49.44,2026-09-27T19:20:34+00:00
2026-09-27T14:21:04-05:00,2026-09-27T19:21:04+00:00,Python SDK azure-iot-device (MQTT 8883),DC-RACKC-03,21.81,33.32,50.16,2026-09-27T19:21:04+00:00
2026-09-27T14:21:35-05:00,2026-09-27T19:21:35+00:00,Python SDK azure-iot-device (MQTT 8883),DC-RACKC-03,22.39,33.57,49.47,2026-09-27T19:21:34+00:00
2026-09-27T14:22:05-05:00,2026-09-27T19:22:05+00:00,Python SDK azure-iot-device (MQTT 8883),DC-RACKC-03,22.29,33.16,49.32,2026-09-27T19:22:05+00:00
2026-09-27T14:22:35-05:00,2026-09-27T19:22:35+00:00,Python SDK azure-iot-device (MQTT 8883),DC-RACKC-03,21.88,33.64,50.33,2026-09-27T19:22:35+00:00
2026-09-27T14:23:05-05:00,2026-09-27T19:23:05+00:00,Python SDK azure-iot-device (MQTT 8883),DC-RACKC-03,22.36,33.5,49.37,2026-09-27T19:23:05+00:00
2026-09-27T14:23:35-05:00,2026-09-27T19:23:35+00:00,Python SDK azure-iot-device (MQTT 8883),DC-RACKC-03,22.32,34.03,49.59,2026-09-27T19:23:35+00:00
2026-09-27T14:24:05-05:00,2026-09-27T19:24:05+00:00,Python SDK azure-iot-device (MQTT 8883),DC-RACKC-03,21.91,33.23,49.3,2026-09-27T19:24:05+00:00
2026-09-27T14:24:35-05:00,2026-09-27T19:24:35+00:00,Python SDK azure-iot-device (MQTT 8883),DC-RACKC-03,22.4,34.16,50.23,2026-09-27T19:24:35+00:00
2026-09-27T14:25:05-05:00,2026-09-27T19:25:05+00:00,Python SDK azure-iot-device (MQTT 8883),DC-RACKC-03,22.02,33.61,48.71,2026-09-27T19:25:05+00:00
2026-09-27T14:25:35-05:00,2026-09-27T19:25:35+00:00,Python SDK azure-iot-device (MQTT 8883),DC-RACKC-03,21.99,33.02,48.75,2026-09-27T19:25:35+00:00
2026-09-27T14:26:06-05:00,2026-09-27T19:26:06+00:00,Python SDK azure-iot-device (MQTT 8883),DC-RACKC-03,21.99,33.65,49.04,2026-09-27T19:26:05+00:00
2026-09-27T14:26:36-05:00,2026-09-27T19:26:36+00:00,Python SDK azure-iot-device (MQTT 8883),DC-RACKC-03,22.23,33.33,50.34,2026-09-27T19:26:36+00:00
2026-09-27T14:27:06-05:00,2026-09-27T19:27:06+00:00,Python SDK azure-iot-device (MQTT 8883),DC-RACKC-03,22.13,32.8,49.21,2026-09-27T19:27:06+00:00
2026-09-27T14:27:36-05:00,2026-09-27T19:27:36+00:00,Python SDK azure-iot-device (MQTT 8883),DC-RACKC-03,22.15,33.33,49.69,2026-09-27T19:27:36+00:00
2026-09-27T14:28:06-05:00,2026-09-27T19:28:06+00:00,Python SDK azure-iot-device (MQTT 8883),DC-RACKC-03,21.87,33.54,48.21,2026-09-27T19:28:06+00:00
2026-09-27T14:28:36-05:00,2026-09-27T19:28:36+00:00,Python SDK azure-iot-device (MQTT 8883),DC-RACKC-03,21.88,32.56,50.11,2026-09-27T19:28:36+00:00
2026-09-27T14:29:06-05:00,2026-09-27T19:29:06+00:00,Python SDK azure-iot-device (MQTT 8883),DC-RACKC-03,21.96,32.62,49.92,2026-09-27T19:29:06+00:00
2026-09-27T14:29:36-05:00,2026-09-27T19:29:36+00:00,Python SDK azure-iot-device (MQTT 8883),DC-RACKC-03,21.93,33.3,50.5,2026-09-27T19:29:36+00:00
2026-09-27T14:30:06-05:00,2026-09-27T19:30:06+00:00,Python SDK azure-iot-device (MQTT 8883),DC-RACKC-03,22.29,33.61,48.52,2026-09-27T19:30:06+00:00
2026-09-27T14:30:36-05:00,2026-09-27T19:30:36+00:00,Python SDK azure-iot-device (MQTT 8883),DC-RACKC-03,22.06,33.58,48.76,2026-09-27T19:30:36+00:00
2026-09-27T14:31:07-05:00,2026-09-27T19:31:07+00:00,Python SDK azure-iot-device (MQTT 8883),DC-RACKC-03,22.28,33.71,49.72,2026-09-27T19:31:06+00:00
2026-09-27T14:31:37-05:00,2026-09-27T19:31:37+00:00,Python SDK azure-iot-device (MQTT 8883),DC-RACKC-03,21.85,33.14,48.52,2026-09-27T19:31:37+00:00
2026-09-27T14:32:07-05:00,2026-09-27T19:32:07+00:00,Python SDK azure-iot-device (MQTT 8883),DC-RACKC-03,22.41,33.24,49.75,2026-09-27T19:32:07+00:00
2026-09-27T14:32:37-05:00,2026-09-27T19:32:37+00:00,Python SDK azure-iot-device (MQTT 8883),DC-RACKC-03,21.89,33.73,48.99,2026-09-27T19:32:37+00:00
2026-09-27T14:33:07-05:00,2026-09-27T19:33:07+00:00,Python SDK azure-iot-device (MQTT 8883),DC-RACKC-03,22.07,32.97,48.73,2026-09-27T19:33:07+00:00
2026-09-27T14:33:37-05:00,2026-09-27T19:33:37+00:00,Python SDK azure-iot-device (MQTT 8883),DC-RACKC-03,22.06,33.9,48.39,2026-09-27T19:33:37+00:00
2026-09-27T14:34:07-05:00,2026-09-27T19:34:07+00:00,Python SDK azure-iot-device (MQTT 8883),DC-RACKC-03,22.24,33.18,49.62,2026-09-27T19:34:07+00:00
2026-09-27T14:34:37-05:00,2026-09-27T19:34:37+00:00,Python SDK azure-iot-device (MQTT 8883),DC-RACKC-03,22.09,33.54,49.58,2026-09-27T19:34:37+00:00
2026-09-27T14:35:07-05:00,2026-09-27T19:35:07+00:00,Python SDK azure-iot-device (MQTT 8883),DC-RACKC-03,22.34,34.09,49.2,2026-09-27T19:35:07+00:00
2026-09-27T14:35:38-05:00,2026-09-27T19:35:38+00:00,Python SDK azure-iot-device (MQTT 8883),DC-RACKC-03,22.32,33.27,49.44,2026-09-27T19:35:37+00:00
2026-09-27T14:36:08-05:00,2026-09-27T19:36:08+00:00,Python SDK azure-iot-device (MQTT 8883),DC-RACKC-03,21.71,32.92,49.89,2026-09-27T19:36:08+00:00
2026-09-27T14:36:38-05:00,2026-09-27T19:36:38+00:00,Python SDK azure-iot-device (MQTT 8883),DC-RACKC-03,22.22,33.47,48.32,2026-09-27T19:36:38+00:00
2026-09-27T14:37:08-05:00,2026-09-27T19:37:08+00:00,Python SDK azure-iot-device (MQTT 8883),DC-RACKC-03,22.03,32.72,48.9,2026-09-27T19:37:08+00:00
2026-09-27T14:37:38-05:00,2026-09-27T19:37:38+00:00,Python SDK azure-iot-device (MQTT 8883),DC-RACKC-03,22.22,33.02,49.71,2026-09-27T19:37:38+00:00
2026-09-27T14:38:08-05:00,2026-09-27T19:38:08+00:00,Python SDK azure-iot-device (MQTT 8883),DC-RACKC-03,21.92,32.65,49.05,2026-09-27T19:38:08+00:00
2026-09-27T14:38:38-05:00,2026-09-27T19:38:38+00:00,Python SDK azure-iot-device (MQTT 8883),DC-RACKC-03,21.93,32.98,49.95,2026-09-27T19:38:38+00:00
2026-09-27T14:39:08-05:00,2026-09-27T19:39:08+00:00,Python SDK azure-iot-device (MQTT 8883),DC-RACKC-03,22.24,33.41,50.11,2026-09-27T19:39:08+00:00
2026-09-27T14:39:38-05:00,2026-09-27T19:39:38+00:00,Python SDK azure-iot-device (MQTT 8883),DC-RACKC-03,22.04,33.85,48.54,2026-09-27T19:39:38+00:00
2026-09-27T14:40:08-05:00,2026-09-27T19:40:08+00:00,Python SDK azure-iot-device (MQTT 8883),DC-RACKC-03,21.96,32.9,49.17,2026-09-27T19:40:08+00:00
2026-09-27T14:40:39-05:00,2026-09-27T19:40:39+00:00,Python SDK azure-iot-device (MQTT 8883),DC-RACKC-03,22.35,33.86,49.28,2026-09-27T19:40:38+00:00
2026-09-27T14:41:09-05:00,2026-09-27T19:41:09+00:00,Python SDK azure-iot-device (MQTT 8883),DC-RACKC-03,22.21,32.91,48.38,2026-09-27T19:41:09+00:00
2026-09-27T14:41:39-05:00,2026-09-27T19:41:39+00:00,Python SDK azure-iot-device (MQTT 8883),DC-RACKC-03,21.81,33.41,49.28,2026-09-27T19:41:39+00:00
2026-09-27T14:42:09-05:00,2026-09-27T19:42:09+00:00,Python SDK azure-iot-device (MQTT 8883),DC-RACKC-03,21.83,32.49,48.36,2026-09-27T19:42:09+00:00
2026-09-27T14:42:39-05:00,2026-09-27T19:42:39+00:00,Python SDK azure-iot-device (MQTT 8883),DC-RACKC-03,21.95,32.8,48.43,2026-09-27T19:42:39+00:00
2026-09-27T14:43:09-05:00,2026-09-27T19:43:09+00:00,Python SDK azure-iot-device (MQTT 8883),DC-RACKC-03,22.01,32.9,49.69,2026-09-27T19:43:09+00:00
2026-09-27T14:43:39-05:00,2026-09-27T19:43:39+00:00,Python SDK azure-iot-device (MQTT 8883),DC-RACKC-03,21.81,33.06,50.08,2026-09-27T19:43:39+00:00
2026-09-27T14:44:09-05:00,2026-09-27T19:44:09+00:00,Python SDK azure-iot-device (MQTT 8883),DC-RACKC-03,22.35,33.08,47.94,2026-09-27T19:44:09+00:00
2026-09-27T14:44:39-05:00,2026-09-27T19:44:39+00:00,Python SDK azure-iot-device (MQTT 8883),DC-RACKC-03,21.87,33.21,49.89,2026-09-27T19:44:39+00:00
2026-09-27T14:45:10-05:00,2026-09-27T19:45:10+00:00,Python SDK azure-iot-device (MQTT 8883),DC-RACKC-03,21.96,33.22,48.15,2026-09-27T19:45:09+00:00
2026-09-27T14:45:40-05:00,2026-09-27T19:45:40+00:00,Python SDK azure-iot-device (MQTT 8883),DC-RACKC-03,22.09,33.31,49.81,2026-09-27T19:45:40+00:00
2026-09-27T14:46:10-05:00,2026-09-27T19:46:10+00:00,Python SDK azure-iot-device (MQTT 8883),DC-RACKC-03,22.01,33.57,49.45,2026-09-27T19:46:10+00:00
2026-09-27T14:46:40-05:00,2026-09-27T19:46:40+00:00,Python SDK azure-iot-device (MQTT 8883),DC-RACKC-03,21.93,32.74,48.26,2026-09-27T19:46:40+00:00
2026-09-27T14:47:10-05:00,2026-09-27T19:47:10+00:00,Python SDK azure-iot-device (MQTT 8883),DC-RACKC-03,22.11,32.84,47.98,2026-09-27T19:47:10+00:00
2026-09-27T14:47:40-05:00,2026-09-27T19:47:40+00:00,Python SDK azure-iot-device (MQTT 8883),DC-RACKC-03,22.21,33.7,48.37,2026-09-27T19:47:40+00:00
2026-09-27T14:48:10-05:00,2026-09-27T19:48:10+00:00,Python SDK azure-iot-device (MQTT 8883),DC-RACKC-03,22.2,33.21,48.22,2026-09-27T19:48:10+00:00
2026-09-27T14:48:40-05:00,2026-09-27T19:48:40+00:00,Python SDK azure-iot-device (MQTT 8883),DC-RACKC-03,21.86,33.51,48.69,2026-09-27T19:48:40+00:00
2026-09-27T14:49:10-05:00,2026-09-27T19:49:10+00:00,Python SDK azure-iot-device (MQTT 8883),DC-RACKC-03,21.72,32.82,49.24,2026-09-27T19:49:10+00:00
2026-09-27T14:49:41-05:00,2026-09-27T19:49:41+00:00,Python SDK azure-iot-device (MQTT 8883),DC-RACKC-03,21.88,32.85,49.7,2026-09-27T19:49:40+00:00
2026-09-27T14:50:11-05:00,2026-09-27T19:50:11+00:00,Python SDK azure-iot-device (MQTT 8883),DC-RACKC-03,22.17,33.01,48.14,2026-09-27T19:50:11+00:00
2026-09-27T14:50:41-05:00,2026-09-27T19:50:41+00:00,Python SDK azure-iot-device (MQTT 8883),DC-RACKC-03,22.16,33.91,48.57,2026-09-27T19:50:41+00:00
2026-09-27T14:51:11-05:00,2026-09-27T19:51:11+00:00,Python SDK azure-iot-device (MQTT 8883),DC-RACKC-03,21.85,32.99,48.35,2026-09-27T19:51:11+00:00
2026-09-27T14:51:41-05:00,2026-09-27T19:51:41+00:00,Python SDK azure-iot-device (MQTT 8883),DC-RACKC-03,22.41,33.08,48.3,2026-09-27T19:51:41+00:00
2026-09-27T14:52:11-05:00,2026-09-27T19:52:11+00:00,Python SDK azure-iot-device (MQTT 8883),DC-RACKC-03,21.92,32.82,48.65,2026-09-27T19:52:11+00:00
2026-09-27T14:52:41-05:00,2026-09-27T19:52:41+00:00,Python SDK azure-iot-device (MQTT 8883),DC-RACKC-03,22.01,33.17,48.45,2026-09-27T19:52:41+00:00
2026-09-27T14:53:11-05:00,2026-09-27T19:53:11+00:00,Python SDK azure-iot-device (MQTT 8883),DC-RACKC-03,21.95,33.26,48.38,2026-09-27T19:53:11+00:00
2026-09-27T14:53:41-05:00,2026-09-27T19:53:41+00:00,Python SDK azure-iot-device (MQTT 8883),DC-RACKC-03,21.87,32.48,48.74,2026-09-27T19:53:41+00:00
2026-09-27T14:54:11-05:00,2026-09-27T19:54:11+00:00,Python SDK azure-iot-device (MQTT 8883),DC-RACKC-03,21.85,33.07,48.89,2026-09-27T19:54:11+00:00
2026-09-27T14:54:42-05:00,2026-09-27T19:54:42+00:00,Python SDK azure-iot-device (MQTT 8883),DC-RACKC-03,22.33,33.75,49.84,2026-09-27T19:54:41+00:00
2026-09-27T14:55:12-05:00,2026-09-27T19:55:12+00:00,Python SDK azure-iot-device (MQTT 8883),DC-RACKC-03,22.38,33.24,48.28,2026-09-27T19:55:12+00:00
2026-09-27T14:55:42-05:00,2026-09-27T19:55:42+00:00,Python SDK azure-iot-device (MQTT 8883),DC-RACKC-03,22.29,33.49,48.9,2026-09-27T19:55:42+00:00
2026-09-27T14:56:12-05:00,2026-09-27T19:56:12+00:00,Python SDK azure-iot-device (MQTT 8883),DC-RACKC-03,22.02,33.54,49.72,2026-09-27T19:56:12+00:00
2026-09-27T14:56:42-05:00,2026-09-27T19:56:42+00:00,Python SDK azure-iot-device (MQTT 8883),DC-RACKC-03,22.24,33.55,47.49,2026-09-27T19:56:42+00:00
2026-09-27T14:57:12-05:00,2026-09-27T19:57:12+00:00,Python SDK azure-iot-device (MQTT 8883),DC-RACKC-03,22.0,33.23,47.76,2026-09-27T19:57:12+00:00
2026-09-27T14:57:42-05:00,2026-09-27T19:57:42+00:00,Python SDK azure-iot-device (MQTT 8883),DC-RACKC-03,22.39,33.62,48.14,2026-09-27T19:57:42+00:00
2026-09-27T14:58:12-05:00,2026-09-27T19:58:12+00:00,Python SDK azure-iot-device (MQTT 8883),DC-RACKC-03,22.04,33.76,48.26,2026-09-27T19:58:12+00:00
2026-09-27T14:58:42-05:00,2026-09-27T19:58:42+00:00,Python SDK azure-iot-device (MQTT 8883),DC-RACKC-03,22.1,33.77,48.18,2026-09-27T19:58:42+00:00
2026-09-27T14:59:13-05:00,2026-09-27T19:59:13+00:00,Python SDK azure-iot-device (MQTT 8883),DC-RACKC-03,22.02,32.78,49.28,2026-09-27T19:59:12+00:00
2026-09-27T14:59:43-05:00,2026-09-27T19:59:43+00:00,Python SDK azure-iot-device (MQTT 8883),DC-RACKC-03,21.94,33.08,48.35,2026-09-27T19:59:43+00:00
2026-09-27T15:00:13-05:00,2026-09-27T20:00:13+00:00,Python SDK azure-iot-device (MQTT 8883),DC-RACKC-03,21.78,33.36,48.84,2026-09-27T20:00:13+00:00
2026-09-27T15:00:43-05:00,2026-09-27T20:00:43+00:00,Python SDK azure-iot-device (MQTT 8883),DC-RACKC-03,22.09,33.82,49.6,2026-09-27T20:00:43+00:00
2026-09-27T15:01:13-05:00,2026-09-27T20:01:13+00:00,Python SDK azure-iot-device (MQTT 8883),DC-RACKC-03,21.84,32.54,49.23,2026-09-27T20:01:13+00:00
