ts_local,ts_utc,origen,device_id,puertaAbierta,eventosAcceso,tempPuerta,tsDispositivo
2026-09-24T14:21:41-05:00,2026-09-24T19:21:41+00:00,Puente HTTP/REST (sensor de campo -> Central),DC-ACCESO-10,False,0,24.26,2026-09-24T19:21:41+00:00
2026-09-24T14:22:04-05:00,2026-09-24T19:22:04+00:00,Puente HTTP/REST (sensor de campo -> Central),DC-ACCESO-10,True,41,23.4,2026-09-24T19:22:04+00:00
2026-09-24T14:22:27-05:00,2026-09-24T19:22:27+00:00,Puente HTTP/REST (sensor de campo -> Central),DC-ACCESO-10,False,0,23.88,2026-09-24T19:22:26+00:00
2026-09-24T14:23:19-05:00,2026-09-24T19:23:19+00:00,Puente HTTP/REST (sensor de campo -> Central),DC-ACCESO-10,False,0,23.6,2026-09-24T19:23:19+00:00
2026-09-24T14:27:35-05:00,2026-09-24T19:27:35+00:00,Puente HTTP/REST (sensor de campo -> Central),DC-ACCESO-10,True,1,24.34,2026-09-24T19:27:35+00:00
2026-09-24T14:29:34-05:00,2026-09-24T19:29:34+00:00,Puente HTTP/REST (sensor de campo -> Central),DC-ACCESO-10,False,0,23.88,2026-09-24T19:29:34+00:00
2026-09-24T14:29:35-05:00,2026-09-24T19:29:35+00:00,Puente HTTP/REST (sensor de campo -> Central),DC-ACCESO-10,False,1,24.16,2026-09-24T19:29:35+00:00
2026-09-24T14:31:35-05:00,2026-09-24T19:31:35+00:00,Puente HTTP/REST (sensor de campo -> Central),DC-ACCESO-10,False,0,23.79,2026-09-24T19:31:35+00:00
2026-09-24T14:31:36-05:00,2026-09-24T19:31:36+00:00,Puente HTTP/REST (sensor de campo -> Central),DC-ACCESO-10,True,2,23.81,2026-09-24T19:31:35+00:00
2026-09-24T14:33:36-05:00,2026-09-24T19:33:36+00:00,Puente HTTP/REST (sensor de campo -> Central),DC-ACCESO-10,False,0,23.84,2026-09-24T19:33:35+00:00
2026-09-24T14:33:36-05:00,2026-09-24T19:33:36+00:00,Puente HTTP/REST (sensor de campo -> Central),DC-ACCESO-10,False,2,23.68,2026-09-24T19:33:36+00:00
2026-09-24T14:35:36-05:00,2026-09-24T19:35:36+00:00,Puente HTTP/REST (sensor de campo -> Central),DC-ACCESO-10,True,1,23.91,2026-09-24T19:35:36+00:00
2026-09-24T14:35:37-05:00,2026-09-24T19:35:37+00:00,Puente HTTP/REST (sensor de campo -> Central),DC-ACCESO-10,False,2,24.27,2026-09-24T19:35:36+00:00
2026-09-24T14:37:36-05:00,2026-09-24T19:37:36+00:00,Puente HTTP/REST (sensor de campo -> Central),DC-ACCESO-10,False,1,23.71,2026-09-24T19:37:36+00:00
2026-09-24T14:37:37-05:00,2026-09-24T19:37:37+00:00,Puente HTTP/REST (sensor de campo -> Central),DC-ACCESO-10,False,2,24.38,2026-09-24T19:37:37+00:00
2026-09-24T14:39:37-05:00,2026-09-24T19:39:37+00:00,Puente HTTP/REST (sensor de campo -> Central),DC-ACCESO-10,False,1,23.61,2026-09-24T19:39:36+00:00
2026-09-24T14:39:37-05:00,2026-09-24T19:39:37+00:00,Puente HTTP/REST (sensor de campo -> Central),DC-ACCESO-10,False,2,23.7,2026-09-24T19:39:37+00:00
2026-09-24T14:41:37-05:00,2026-09-24T19:41:37+00:00,Puente HTTP/REST (sensor de campo -> Central),DC-ACCESO-10,False,2,24.03,2026-09-24T19:41:37+00:00
2026-09-24T14:43:38-05:00,2026-09-24T19:43:38+00:00,Puente HTTP/REST (sensor de campo -> Central),DC-ACCESO-10,True,3,24.23,2026-09-24T19:43:38+00:00
2026-09-24T14:43:38-05:00,2026-09-24T19:43:38+00:00,Puente HTTP/REST (sensor de campo -> Central),DC-ACCESO-10,False,1,23.72,2026-09-24T19:43:38+00:00
2026-09-24T14:45:38-05:00,2026-09-24T19:45:38+00:00,Puente HTTP/REST (sensor de campo -> Central),DC-ACCESO-10,False,3,23.95,2026-09-24T19:45:38+00:00
2026-09-24T14:45:39-05:00,2026-09-24T19:45:39+00:00,Puente HTTP/REST (sensor de campo -> Central),DC-ACCESO-10,False,1,23.83,2026-09-24T19:45:38+00:00
2026-09-24T14:47:39-05:00,2026-09-24T19:47:39+00:00,Puente HTTP/REST (sensor de campo -> Central),DC-ACCESO-10,False,1,24.03,2026-09-24T19:47:39+00:00
2026-09-24T14:48:29-05:00,2026-09-24T19:48:29+00:00,Puente HTTP/REST (sensor de campo -> Central),DC-ACCESO-10,False,0,24.14,2026-09-24T19:48:28+00:00
2026-09-24T14:50:03-05:00,2026-09-24T19:50:03+00:00,Puente HTTP/REST (sensor de campo -> Central),DC-ACCESO-10,False,3,24.36,2026-09-24T19:50:03+00:00
2026-09-24T14:50:29-05:00,2026-09-24T19:50:29+00:00,Puente HTTP/REST (sensor de campo -> Central),DC-ACCESO-10,False,0,23.98,2026-09-24T19:50:29+00:00
2026-09-24T14:52:07-05:00,2026-09-24T19:52:07+00:00,Puente HTTP/REST (sensor de campo -> Central),DC-ACCESO-10,False,3,24.17,2026-09-24T19:52:07+00:00
2026-09-24T14:52:44-05:00,2026-09-24T19:52:44+00:00,Puente HTTP/REST (sensor de campo -> Central),DC-ACCESO-10,False,0,24.27,2026-09-24T19:52:44+00:00
2026-09-24T14:54:08-05:00,2026-09-24T19:54:08+00:00,Puente HTTP/REST (sensor de campo -> Central),DC-ACCESO-10,False,3,23.7,2026-09-24T19:54:07+00:00
2026-09-24T14:54:44-05:00,2026-09-24T19:54:44+00:00,Puente HTTP/REST (sensor de campo -> Central),DC-ACCESO-10,False,0,24.26,2026-09-24T19:54:44+00:00
2026-09-24T14:56:08-05:00,2026-09-24T19:56:08+00:00,Puente HTTP/REST (sensor de campo -> Central),DC-ACCESO-10,False,3,23.78,2026-09-24T19:56:08+00:00
2026-09-24T14:56:47-05:00,2026-09-24T19:56:47+00:00,Puente HTTP/REST (sensor de campo -> Central),DC-ACCESO-10,False,0,23.87,2026-09-24T19:56:47+00:00
2026-09-24T14:57:31-05:00,2026-09-24T19:57:31+00:00,Puente HTTP/REST (sensor de campo -> Central),DC-ACCESO-10,False,0,23.68,2026-09-24T19:57:30+00:00
2026-09-24T14:58:20-05:00,2026-09-24T19:58:20+00:00,Puente HTTP/REST (sensor de campo -> Central),DC-ACCESO-10,False,3,24.28,2026-09-24T19:58:20+00:00
2026-09-24T14:59:31-05:00,2026-09-24T19:59:31+00:00,Puente HTTP/REST (sensor de campo -> Central),DC-ACCESO-10,False,0,23.78,2026-09-24T19:59:31+00:00
2026-09-24T15:00:20-05:00,2026-09-24T20:00:20+00:00,Puente HTTP/REST (sensor de campo -> Central),DC-ACCESO-10,False,3,24.18,2026-09-24T20:00:20+00:00
2026-09-24T15:01:32-05:00,2026-09-24T20:01:32+00:00,Puente HTTP/REST (sensor de campo -> Central),DC-ACCESO-10,False,0,24.21,2026-09-24T20:01:32+00:00
2026-09-24T15:02:43-05:00,2026-09-24T20:02:43+00:00,Puente HTTP/REST (sensor de campo -> Central),DC-ACCESO-10,False,3,23.88,2026-09-24T20:02:42+00:00
2026-09-24T15:03:32-05:00,2026-09-24T20:03:32+00:00,Puente HTTP/REST (sensor de campo -> Central),DC-ACCESO-10,False,0,24.33,2026-09-24T20:03:32+00:00
2026-09-24T15:04:43-05:00,2026-09-24T20:04:43+00:00,Puente HTTP/REST (sensor de campo -> Central),DC-ACCESO-10,False,3,23.62,2026-09-24T20:04:43+00:00
2026-09-24T15:05:32-05:00,2026-09-24T20:05:32+00:00,Puente HTTP/REST (sensor de campo -> Central),DC-ACCESO-10,False,0,24.2,2026-09-24T20:05:32+00:00
2026-09-24T15:06:43-05:00,2026-09-24T20:06:43+00:00,Puente HTTP/REST (sensor de campo -> Central),DC-ACCESO-10,False,3,23.98,2026-09-24T20:06:43+00:00
2026-09-24T15:07:33-05:00,2026-09-24T20:07:33+00:00,Puente HTTP/REST (sensor de campo -> Central),DC-ACCESO-10,True,1,23.81,2026-09-24T20:07:32+00:00
2026-09-24T15:08:43-05:00,2026-09-24T20:08:43+00:00,Puente HTTP/REST (sensor de campo -> Central),DC-ACCESO-10,False,3,23.81,2026-09-24T20:08:43+00:00
2026-09-24T15:09:33-05:00,2026-09-24T20:09:33+00:00,Puente HTTP/REST (sensor de campo -> Central),DC-ACCESO-10,False,1,23.65,2026-09-24T20:09:33+00:00
2026-09-24T15:10:44-05:00,2026-09-24T20:10:44+00:00,Puente HTTP/REST (sensor de campo -> Central),DC-ACCESO-10,True,4,23.98,2026-09-24T20:10:43+00:00
2026-09-24T15:11:33-05:00,2026-09-24T20:11:33+00:00,Puente HTTP/REST (sensor de campo -> Central),DC-ACCESO-10,False,1,24.3,2026-09-24T20:11:33+00:00
2026-09-24T15:12:44-05:00,2026-09-24T20:12:44+00:00,Puente HTTP/REST (sensor de campo -> Central),DC-ACCESO-10,True,5,24.27,2026-09-24T20:12:44+00:00
2026-09-24T15:13:33-05:00,2026-09-24T20:13:33+00:00,Puente HTTP/REST (sensor de campo -> Central),DC-ACCESO-10,False,1,24.14,2026-09-24T20:13:33+00:00
2026-09-24T15:14:44-05:00,2026-09-24T20:14:44+00:00,Puente HTTP/REST (sensor de campo -> Central),DC-ACCESO-10,False,5,23.71,2026-09-24T20:14:44+00:00
2026-09-24T15:15:34-05:00,2026-09-24T20:15:34+00:00,Puente HTTP/REST (sensor de campo -> Central),DC-ACCESO-10,False,1,23.69,2026-09-24T20:15:33+00:00
2026-09-24T15:16:44-05:00,2026-09-24T20:16:44+00:00,Puente HTTP/REST (sensor de campo -> Central),DC-ACCESO-10,False,5,24.04,2026-09-24T20:16:44+00:00
2026-09-24T15:17:34-05:00,2026-09-24T20:17:34+00:00,Puente HTTP/REST (sensor de campo -> Central),DC-ACCESO-10,False,1,24.12,2026-09-24T20:17:34+00:00
2026-09-24T15:18:44-05:00,2026-09-24T20:18:44+00:00,Puente HTTP/REST (sensor de campo -> Central),DC-ACCESO-10,False,5,24.16,2026-09-24T20:18:44+00:00
2026-09-24T15:19:34-05:00,2026-09-24T20:19:34+00:00,Puente HTTP/REST (sensor de campo -> Central),DC-ACCESO-10,False,1,24.2,2026-09-24T20:19:34+00:00
2026-09-24T15:20:45-05:00,2026-09-24T20:20:45+00:00,Puente HTTP/REST (sensor de campo -> Central),DC-ACCESO-10,False,5,24.14,2026-09-24T20:20:44+00:00
2026-09-24T15:21:34-05:00,2026-09-24T20:21:34+00:00,Puente HTTP/REST (sensor de campo -> Central),DC-ACCESO-10,False,1,24.06,2026-09-24T20:21:34+00:00
2026-09-24T15:22:45-05:00,2026-09-24T20:22:45+00:00,Puente HTTP/REST (sensor de campo -> Central),DC-ACCESO-10,True,6,24.24,2026-09-24T20:22:45+00:00
2026-09-24T15:23:35-05:00,2026-09-24T20:23:35+00:00,Puente HTTP/REST (sensor de campo -> Central),DC-ACCESO-10,False,1,23.67,2026-09-24T20:23:34+00:00
2026-09-24T15:24:45-05:00,2026-09-24T20:24:45+00:00,Puente HTTP/REST (sensor de campo -> Central),DC-ACCESO-10,False,6,23.82,2026-09-24T20:24:45+00:00
2026-09-24T15:25:35-05:00,2026-09-24T20:25:35+00:00,Puente HTTP/REST (sensor de campo -> Central),DC-ACCESO-10,False,1,24.03,2026-09-24T20:25:35+00:00
2026-09-24T15:26:45-05:00,2026-09-24T20:26:45+00:00,Puente HTTP/REST (sensor de campo -> Central),DC-ACCESO-10,False,6,24.06,2026-09-24T20:26:45+00:00
2026-09-24T15:27:35-05:00,2026-09-24T20:27:35+00:00,Puente HTTP/REST (sensor de campo -> Central),DC-ACCESO-10,False,1,23.62,2026-09-24T20:27:35+00:00
2026-09-24T15:28:46-05:00,2026-09-24T20:28:46+00:00,Puente HTTP/REST (sensor de campo -> Central),DC-ACCESO-10,False,6,23.87,2026-09-24T20:28:45+00:00
2026-09-24T15:29:35-05:00,2026-09-24T20:29:35+00:00,Puente HTTP/REST (sensor de campo -> Central),DC-ACCESO-10,False,1,23.93,2026-09-24T20:29:35+00:00
2026-09-24T15:30:46-05:00,2026-09-24T20:30:46+00:00,Puente HTTP/REST (sensor de campo -> Central),DC-ACCESO-10,False,6,23.96,2026-09-24T20:30:46+00:00
2026-09-24T15:31:35-05:00,2026-09-24T20:31:35+00:00,Puente HTTP/REST (sensor de campo -> Central),DC-ACCESO-10,False,1,24.16,2026-09-24T20:31:35+00:00
2026-09-24T15:32:46-05:00,2026-09-24T20:32:46+00:00,Puente HTTP/REST (sensor de campo -> Central),DC-ACCESO-10,False,6,23.8,2026-09-24T20:32:46+00:00
2026-09-24T15:33:36-05:00,2026-09-24T20:33:36+00:00,Puente HTTP/REST (sensor de campo -> Central),DC-ACCESO-10,False,1,24.27,2026-09-24T20:33:35+00:00
2026-09-24T15:34:46-05:00,2026-09-24T20:34:46+00:00,Puente HTTP/REST (sensor de campo -> Central),DC-ACCESO-10,False,6,23.71,2026-09-24T20:34:46+00:00
2026-09-24T15:35:36-05:00,2026-09-24T20:35:36+00:00,Puente HTTP/REST (sensor de campo -> Central),DC-ACCESO-10,False,1,24.25,2026-09-24T20:35:36+00:00
2026-09-24T15:36:47-05:00,2026-09-24T20:36:47+00:00,Puente HTTP/REST (sensor de campo -> Central),DC-ACCESO-10,False,6,23.75,2026-09-24T20:36:46+00:00
2026-09-24T15:37:36-05:00,2026-09-24T20:37:36+00:00,Puente HTTP/REST (sensor de campo -> Central),DC-ACCESO-10,False,1,23.58,2026-09-24T20:37:36+00:00
2026-09-24T15:38:47-05:00,2026-09-24T20:38:47+00:00,Puente HTTP/REST (sensor de campo -> Central),DC-ACCESO-10,True,7,23.72,2026-09-24T20:38:47+00:00
2026-09-24T15:39:36-05:00,2026-09-24T20:39:36+00:00,Puente HTTP/REST (sensor de campo -> Central),DC-ACCESO-10,False,1,23.92,2026-09-24T20:39:36+00:00
2026-09-24T15:40:47-05:00,2026-09-24T20:40:47+00:00,Puente HTTP/REST (sensor de campo -> Central),DC-ACCESO-10,True,8,24.05,2026-09-24T20:40:47+00:00
2026-09-24T15:41:37-05:00,2026-09-24T20:41:37+00:00,Puente HTTP/REST (sensor de campo -> Central),DC-ACCESO-10,False,1,24.32,2026-09-24T20:41:36+00:00
2026-09-24T15:42:47-05:00,2026-09-24T20:42:47+00:00,Puente HTTP/REST (sensor de campo -> Central),DC-ACCESO-10,False,8,23.81,2026-09-24T20:42:47+00:00
2026-09-24T15:43:37-05:00,2026-09-24T20:43:37+00:00,Puente HTTP/REST (sensor de campo -> Central),DC-ACCESO-10,False,1,23.58,2026-09-24T20:43:37+00:00
2026-09-24T15:44:47-05:00,2026-09-24T20:44:47+00:00,Puente HTTP/REST (sensor de campo -> Central),DC-ACCESO-10,False,8,24.07,2026-09-24T20:44:47+00:00
2026-09-24T15:45:37-05:00,2026-09-24T20:45:37+00:00,Puente HTTP/REST (sensor de campo -> Central),DC-ACCESO-10,False,1,24.06,2026-09-24T20:45:37+00:00
2026-09-24T15:46:48-05:00,2026-09-24T20:46:48+00:00,Puente HTTP/REST (sensor de campo -> Central),DC-ACCESO-10,False,8,23.85,2026-09-24T20:46:47+00:00
2026-09-24T15:47:37-05:00,2026-09-24T20:47:37+00:00,Puente HTTP/REST (sensor de campo -> Central),DC-ACCESO-10,False,1,24.03,2026-09-24T20:47:37+00:00
2026-09-24T15:48:48-05:00,2026-09-24T20:48:48+00:00,Puente HTTP/REST (sensor de campo -> Central),DC-ACCESO-10,False,8,23.99,2026-09-24T20:48:48+00:00
2026-09-24T15:49:38-05:00,2026-09-24T20:49:38+00:00,Puente HTTP/REST (sensor de campo -> Central),DC-ACCESO-10,False,1,24.25,2026-09-24T20:49:37+00:00
2026-09-24T15:50:48-05:00,2026-09-24T20:50:48+00:00,Puente HTTP/REST (sensor de campo -> Central),DC-ACCESO-10,False,8,24.2,2026-09-24T20:50:48+00:00
2026-09-24T15:51:38-05:00,2026-09-24T20:51:38+00:00,Puente HTTP/REST (sensor de campo -> Central),DC-ACCESO-10,False,1,23.62,2026-09-24T20:51:38+00:00
2026-09-24T15:52:48-05:00,2026-09-24T20:52:48+00:00,Puente HTTP/REST (sensor de campo -> Central),DC-ACCESO-10,False,8,23.68,2026-09-24T20:52:48+00:00
2026-09-24T15:53:38-05:00,2026-09-24T20:53:38+00:00,Puente HTTP/REST (sensor de campo -> Central),DC-ACCESO-10,False,1,23.66,2026-09-24T20:53:38+00:00
2026-09-24T15:54:49-05:00,2026-09-24T20:54:49+00:00,Puente HTTP/REST (sensor de campo -> Central),DC-ACCESO-10,True,9,24.31,2026-09-24T20:54:48+00:00
2026-09-24T15:55:38-05:00,2026-09-24T20:55:38+00:00,Puente HTTP/REST (sensor de campo -> Central),DC-ACCESO-10,False,1,24.16,2026-09-24T20:55:38+00:00
2026-09-24T15:56:49-05:00,2026-09-24T20:56:49+00:00,Puente HTTP/REST (sensor de campo -> Central),DC-ACCESO-10,False,9,24.09,2026-09-24T20:56:49+00:00
2026-09-24T15:57:39-05:00,2026-09-24T20:57:39+00:00,Puente HTTP/REST (sensor de campo -> Central),DC-ACCESO-10,True,2,24.21,2026-09-24T20:57:38+00:00
2026-09-24T15:58:49-05:00,2026-09-24T20:58:49+00:00,Puente HTTP/REST (sensor de campo -> Central),DC-ACCESO-10,False,9,23.84,2026-09-24T20:58:49+00:00
2026-09-24T15:59:39-05:00,2026-09-24T20:59:39+00:00,Puente HTTP/REST (sensor de campo -> Central),DC-ACCESO-10,False,2,24.16,2026-09-24T20:59:39+00:00
2026-09-24T16:00:49-05:00,2026-09-24T21:00:49+00:00,Puente HTTP/REST (sensor de campo -> Central),DC-ACCESO-10,True,10,23.72,2026-09-24T21:00:49+00:00
2026-09-24T16:01:39-05:00,2026-09-24T21:01:39+00:00,Puente HTTP/REST (sensor de campo -> Central),DC-ACCESO-10,True,3,24.27,2026-09-24T21:01:39+00:00
2026-09-24T16:02:49-05:00,2026-09-24T21:02:49+00:00,Puente HTTP/REST (sensor de campo -> Central),DC-ACCESO-10,False,10,23.91,2026-09-24T21:02:49+00:00
2026-09-24T16:03:39-05:00,2026-09-24T21:03:39+00:00,Puente HTTP/REST (sensor de campo -> Central),DC-ACCESO-10,False,3,24.02,2026-09-24T21:03:39+00:00
2026-09-24T16:04:50-05:00,2026-09-24T21:04:50+00:00,Puente HTTP/REST (sensor de campo -> Central),DC-ACCESO-10,False,10,23.7,2026-09-24T21:04:49+00:00
2026-09-24T16:05:40-05:00,2026-09-24T21:05:40+00:00,Puente HTTP/REST (sensor de campo -> Central),DC-ACCESO-10,False,3,23.57,2026-09-24T21:05:39+00:00
2026-09-24T16:06:50-05:00,2026-09-24T21:06:50+00:00,Puente HTTP/REST (sensor de campo -> Central),DC-ACCESO-10,False,10,24.14,2026-09-24T21:06:50+00:00
2026-09-24T16:07:40-05:00,2026-09-24T21:07:40+00:00,Puente HTTP/REST (sensor de campo -> Central),DC-ACCESO-10,False,3,23.63,2026-09-24T21:07:40+00:00
2026-09-24T16:08:50-05:00,2026-09-24T21:08:50+00:00,Puente HTTP/REST (sensor de campo -> Central),DC-ACCESO-10,False,10,23.58,2026-09-24T21:08:50+00:00
2026-09-24T16:09:40-05:00,2026-09-24T21:09:40+00:00,Puente HTTP/REST (sensor de campo -> Central),DC-ACCESO-10,False,3,24.15,2026-09-24T21:09:40+00:00
2026-09-24T16:10:50-05:00,2026-09-24T21:10:50+00:00,Puente HTTP/REST (sensor de campo -> Central),DC-ACCESO-10,False,10,23.86,2026-09-24T21:10:50+00:00
2026-09-24T16:11:40-05:00,2026-09-24T21:11:40+00:00,Puente HTTP/REST (sensor de campo -> Central),DC-ACCESO-10,False,3,23.82,2026-09-24T21:11:40+00:00
2026-09-24T16:12:51-05:00,2026-09-24T21:12:51+00:00,Puente HTTP/REST (sensor de campo -> Central),DC-ACCESO-10,False,10,24.04,2026-09-24T21:12:50+00:00
2026-09-24T16:13:41-05:00,2026-09-24T21:13:41+00:00,Puente HTTP/REST (sensor de campo -> Central),DC-ACCESO-10,False,3,23.72,2026-09-24T21:13:40+00:00
2026-09-24T16:14:51-05:00,2026-09-24T21:14:51+00:00,Puente HTTP/REST (sensor de campo -> Central),DC-ACCESO-10,False,10,24.08,2026-09-24T21:14:51+00:00
2026-09-24T16:15:41-05:00,2026-09-24T21:15:41+00:00,Puente HTTP/REST (sensor de campo -> Central),DC-ACCESO-10,True,4,24.27,2026-09-24T21:15:41+00:00
2026-09-24T16:16:51-05:00,2026-09-24T21:16:51+00:00,Puente HTTP/REST (sensor de campo -> Central),DC-ACCESO-10,False,10,23.92,2026-09-24T21:16:51+00:00
2026-09-24T16:17:41-05:00,2026-09-24T21:17:41+00:00,Puente HTTP/REST (sensor de campo -> Central),DC-ACCESO-10,False,4,24.01,2026-09-24T21:17:41+00:00
2026-09-24T16:18:51-05:00,2026-09-24T21:18:51+00:00,Puente HTTP/REST (sensor de campo -> Central),DC-ACCESO-10,False,10,24.28,2026-09-24T21:18:51+00:00
2026-09-24T16:19:41-05:00,2026-09-24T21:19:41+00:00,Puente HTTP/REST (sensor de campo -> Central),DC-ACCESO-10,False,4,24.17,2026-09-24T21:19:41+00:00
2026-09-24T16:20:51-05:00,2026-09-24T21:20:51+00:00,Puente HTTP/REST (sensor de campo -> Central),DC-ACCESO-10,False,10,23.86,2026-09-24T21:20:51+00:00
2026-09-24T16:21:41-05:00,2026-09-24T21:21:41+00:00,Puente HTTP/REST (sensor de campo -> Central),DC-ACCESO-10,False,4,24.07,2026-09-24T21:21:41+00:00
2026-09-24T16:22:52-05:00,2026-09-24T21:22:52+00:00,Puente HTTP/REST (sensor de campo -> Central),DC-ACCESO-10,False,10,24.29,2026-09-24T21:22:51+00:00
2026-09-24T16:23:42-05:00,2026-09-24T21:23:42+00:00,Puente HTTP/REST (sensor de campo -> Central),DC-ACCESO-10,False,4,23.71,2026-09-24T21:23:41+00:00
2026-09-24T16:24:52-05:00,2026-09-24T21:24:52+00:00,Puente HTTP/REST (sensor de campo -> Central),DC-ACCESO-10,False,10,24.09,2026-09-24T21:24:52+00:00
2026-09-24T16:29:44-05:00,2026-09-24T21:29:44+00:00,Puente HTTP/REST (sensor de campo -> Central),DC-ACCESO-10,False,0,23.72,2026-09-24T21:29:44+00:00
2026-09-24T16:29:44-05:00,2026-09-24T21:29:44+00:00,Puente HTTP/REST (sensor de campo -> Central),DC-ACCESO-10,False,0,23.57,2026-09-24T21:29:44+00:00
2026-09-24T16:31:44-05:00,2026-09-24T21:31:44+00:00,Puente HTTP/REST (sensor de campo -> Central),DC-ACCESO-10,False,0,24.18,2026-09-24T21:31:44+00:00
2026-09-24T16:31:44-05:00,2026-09-24T21:31:44+00:00,Puente HTTP/REST (sensor de campo -> Central),DC-ACCESO-10,False,0,23.81,2026-09-24T21:31:44+00:00
2026-09-24T16:33:44-05:00,2026-09-24T21:33:44+00:00,Puente HTTP/REST (sensor de campo -> Central),DC-ACCESO-10,False,0,23.66,2026-09-24T21:33:44+00:00
2026-09-24T16:33:44-05:00,2026-09-24T21:33:44+00:00,Puente HTTP/REST (sensor de campo -> Central),DC-ACCESO-10,False,0,23.51,2026-09-24T21:33:44+00:00
2026-09-24T16:35:44-05:00,2026-09-24T21:35:44+00:00,Puente HTTP/REST (sensor de campo -> Central),DC-ACCESO-10,False,0,23.63,2026-09-24T21:35:44+00:00
2026-09-24T16:35:45-05:00,2026-09-24T21:35:45+00:00,Puente HTTP/REST (sensor de campo -> Central),DC-ACCESO-10,False,0,24.18,2026-09-24T21:35:44+00:00
2026-09-24T16:37:45-05:00,2026-09-24T21:37:45+00:00,Puente HTTP/REST (sensor de campo -> Central),DC-ACCESO-10,False,0,23.58,2026-09-24T21:37:44+00:00
2026-09-24T16:37:45-05:00,2026-09-24T21:37:45+00:00,Puente HTTP/REST (sensor de campo -> Central),DC-ACCESO-10,False,0,23.97,2026-09-24T21:37:45+00:00
2026-09-24T16:39:45-05:00,2026-09-24T21:39:45+00:00,Puente HTTP/REST (sensor de campo -> Central),DC-ACCESO-10,False,0,23.81,2026-09-24T21:39:45+00:00
2026-09-24T16:39:45-05:00,2026-09-24T21:39:45+00:00,Puente HTTP/REST (sensor de campo -> Central),DC-ACCESO-10,False,0,23.7,2026-09-24T21:39:45+00:00
2026-09-24T16:41:45-05:00,2026-09-24T21:41:45+00:00,Puente HTTP/REST (sensor de campo -> Central),DC-ACCESO-10,False,0,23.91,2026-09-24T21:41:45+00:00
2026-09-24T16:41:45-05:00,2026-09-24T21:41:45+00:00,Puente HTTP/REST (sensor de campo -> Central),DC-ACCESO-10,False,0,23.59,2026-09-24T21:41:45+00:00
2026-09-24T16:43:45-05:00,2026-09-24T21:43:45+00:00,Puente HTTP/REST (sensor de campo -> Central),DC-ACCESO-10,False,0,23.53,2026-09-24T21:43:45+00:00
2026-09-24T16:43:45-05:00,2026-09-24T21:43:45+00:00,Puente HTTP/REST (sensor de campo -> Central),DC-ACCESO-10,False,0,23.45,2026-09-24T21:43:45+00:00
2026-09-24T16:45:45-05:00,2026-09-24T21:45:45+00:00,Puente HTTP/REST (sensor de campo -> Central),DC-ACCESO-10,False,0,23.48,2026-09-24T21:45:45+00:00
2026-09-24T16:45:46-05:00,2026-09-24T21:45:46+00:00,Puente HTTP/REST (sensor de campo -> Central),DC-ACCESO-10,False,0,24.03,2026-09-24T21:45:46+00:00
2026-09-24T16:47:46-05:00,2026-09-24T21:47:46+00:00,Puente HTTP/REST (sensor de campo -> Central),DC-ACCESO-10,False,0,23.55,2026-09-24T21:47:45+00:00
2026-09-24T16:47:46-05:00,2026-09-24T21:47:46+00:00,Puente HTTP/REST (sensor de campo -> Central),DC-ACCESO-10,False,0,23.64,2026-09-24T21:47:46+00:00
2026-09-24T16:49:46-05:00,2026-09-24T21:49:46+00:00,Puente HTTP/REST (sensor de campo -> Central),DC-ACCESO-10,True,1,24.18,2026-09-24T21:49:46+00:00
2026-09-24T16:49:46-05:00,2026-09-24T21:49:46+00:00,Puente HTTP/REST (sensor de campo -> Central),DC-ACCESO-10,False,0,23.91,2026-09-24T21:49:46+00:00
2026-09-24T16:51:46-05:00,2026-09-24T21:51:46+00:00,Puente HTTP/REST (sensor de campo -> Central),DC-ACCESO-10,False,1,23.9,2026-09-24T21:51:46+00:00
2026-09-24T16:51:46-05:00,2026-09-24T21:51:46+00:00,Puente HTTP/REST (sensor de campo -> Central),DC-ACCESO-10,False,0,24.19,2026-09-24T21:51:46+00:00
2026-09-24T16:53:46-05:00,2026-09-24T21:53:46+00:00,Puente HTTP/REST (sensor de campo -> Central),DC-ACCESO-10,False,1,23.86,2026-09-24T21:53:46+00:00
2026-09-24T16:53:47-05:00,2026-09-24T21:53:47+00:00,Puente HTTP/REST (sensor de campo -> Central),DC-ACCESO-10,False,0,23.88,2026-09-24T21:53:46+00:00
2026-09-24T16:55:46-05:00,2026-09-24T21:55:46+00:00,Puente HTTP/REST (sensor de campo -> Central),DC-ACCESO-10,False,1,23.53,2026-09-24T21:55:46+00:00
2026-09-24T16:55:47-05:00,2026-09-24T21:55:47+00:00,Puente HTTP/REST (sensor de campo -> Central),DC-ACCESO-10,True,1,23.7,2026-09-24T21:55:47+00:00
2026-09-24T16:57:47-05:00,2026-09-24T21:57:47+00:00,Puente HTTP/REST (sensor de campo -> Central),DC-ACCESO-10,False,1,23.92,2026-09-24T21:57:46+00:00
2026-09-24T16:57:47-05:00,2026-09-24T21:57:47+00:00,Puente HTTP/REST (sensor de campo -> Central),DC-ACCESO-10,False,1,23.46,2026-09-24T21:57:47+00:00
2026-09-24T16:59:47-05:00,2026-09-24T21:59:47+00:00,Puente HTTP/REST (sensor de campo -> Central),DC-ACCESO-10,False,1,23.39,2026-09-24T21:59:47+00:00
2026-09-24T16:59:47-05:00,2026-09-24T21:59:47+00:00,Puente HTTP/REST (sensor de campo -> Central),DC-ACCESO-10,False,1,24.17,2026-09-24T21:59:47+00:00
2026-09-24T17:01:47-05:00,2026-09-24T22:01:47+00:00,Puente HTTP/REST (sensor de campo -> Central),DC-ACCESO-10,False,1,23.8,2026-09-24T22:01:47+00:00
2026-09-24T17:01:47-05:00,2026-09-24T22:01:47+00:00,Puente HTTP/REST (sensor de campo -> Central),DC-ACCESO-10,True,2,23.73,2026-09-24T22:01:47+00:00
2026-09-24T17:03:47-05:00,2026-09-24T22:03:47+00:00,Puente HTTP/REST (sensor de campo -> Central),DC-ACCESO-10,False,1,23.78,2026-09-24T22:03:47+00:00
2026-09-24T17:03:48-05:00,2026-09-24T22:03:48+00:00,Puente HTTP/REST (sensor de campo -> Central),DC-ACCESO-10,False,2,23.99,2026-09-24T22:03:47+00:00
2026-09-24T17:05:48-05:00,2026-09-24T22:05:48+00:00,Puente HTTP/REST (sensor de campo -> Central),DC-ACCESO-10,False,1,23.8,2026-09-24T22:05:47+00:00
2026-09-24T17:05:48-05:00,2026-09-24T22:05:48+00:00,Puente HTTP/REST (sensor de campo -> Central),DC-ACCESO-10,False,2,23.59,2026-09-24T22:05:48+00:00
2026-09-24T17:07:48-05:00,2026-09-24T22:07:48+00:00,Puente HTTP/REST (sensor de campo -> Central),DC-ACCESO-10,False,1,23.77,2026-09-24T22:07:48+00:00
2026-09-24T17:07:48-05:00,2026-09-24T22:07:48+00:00,Puente HTTP/REST (sensor de campo -> Central),DC-ACCESO-10,False,2,23.85,2026-09-24T22:07:48+00:00
2026-09-24T17:09:48-05:00,2026-09-24T22:09:48+00:00,Puente HTTP/REST (sensor de campo -> Central),DC-ACCESO-10,False,1,24.03,2026-09-24T22:09:48+00:00
2026-09-24T17:09:48-05:00,2026-09-24T22:09:48+00:00,Puente HTTP/REST (sensor de campo -> Central),DC-ACCESO-10,False,2,23.61,2026-09-24T22:09:48+00:00
2026-09-24T17:11:48-05:00,2026-09-24T22:11:48+00:00,Puente HTTP/REST (sensor de campo -> Central),DC-ACCESO-10,False,1,23.76,2026-09-24T22:11:48+00:00
2026-09-24T17:11:49-05:00,2026-09-24T22:11:49+00:00,Puente HTTP/REST (sensor de campo -> Central),DC-ACCESO-10,False,2,24.07,2026-09-24T22:11:48+00:00
2026-09-24T17:13:48-05:00,2026-09-24T22:13:48+00:00,Puente HTTP/REST (sensor de campo -> Central),DC-ACCESO-10,False,1,23.69,2026-09-24T22:13:48+00:00
2026-09-24T17:13:49-05:00,2026-09-24T22:13:49+00:00,Puente HTTP/REST (sensor de campo -> Central),DC-ACCESO-10,False,2,23.94,2026-09-24T22:13:49+00:00
2026-09-24T17:15:49-05:00,2026-09-24T22:15:49+00:00,Puente HTTP/REST (sensor de campo -> Central),DC-ACCESO-10,False,1,23.73,2026-09-24T22:15:48+00:00
2026-09-24T17:15:49-05:00,2026-09-24T22:15:49+00:00,Puente HTTP/REST (sensor de campo -> Central),DC-ACCESO-10,False,2,23.83,2026-09-24T22:15:49+00:00
2026-09-24T17:17:49-05:00,2026-09-24T22:17:49+00:00,Puente HTTP/REST (sensor de campo -> Central),DC-ACCESO-10,False,1,23.92,2026-09-24T22:17:49+00:00
2026-09-24T17:17:49-05:00,2026-09-24T22:17:49+00:00,Puente HTTP/REST (sensor de campo -> Central),DC-ACCESO-10,False,2,23.38,2026-09-24T22:17:49+00:00
2026-09-24T17:19:49-05:00,2026-09-24T22:19:49+00:00,Puente HTTP/REST (sensor de campo -> Central),DC-ACCESO-10,False,1,23.97,2026-09-24T22:19:49+00:00
2026-09-24T17:19:49-05:00,2026-09-24T22:19:49+00:00,Puente HTTP/REST (sensor de campo -> Central),DC-ACCESO-10,False,2,23.76,2026-09-24T22:19:49+00:00
2026-09-24T17:21:49-05:00,2026-09-24T22:21:49+00:00,Puente HTTP/REST (sensor de campo -> Central),DC-ACCESO-10,True,2,23.47,2026-09-24T22:21:49+00:00
2026-09-24T17:21:50-05:00,2026-09-24T22:21:50+00:00,Puente HTTP/REST (sensor de campo -> Central),DC-ACCESO-10,False,2,23.98,2026-09-24T22:21:49+00:00
2026-09-24T17:23:49-05:00,2026-09-24T22:23:49+00:00,Puente HTTP/REST (sensor de campo -> Central),DC-ACCESO-10,True,3,23.4,2026-09-24T22:23:49+00:00
2026-09-24T17:23:50-05:00,2026-09-24T22:23:50+00:00,Puente HTTP/REST (sensor de campo -> Central),DC-ACCESO-10,False,2,24.01,2026-09-24T22:23:50+00:00
2026-09-24T17:25:50-05:00,2026-09-24T22:25:50+00:00,Puente HTTP/REST (sensor de campo -> Central),DC-ACCESO-10,False,3,23.95,2026-09-24T22:25:49+00:00
2026-09-24T17:25:50-05:00,2026-09-24T22:25:50+00:00,Puente HTTP/REST (sensor de campo -> Central),DC-ACCESO-10,False,2,23.75,2026-09-24T22:25:50+00:00
2026-09-24T17:27:50-05:00,2026-09-24T22:27:50+00:00,Puente HTTP/REST (sensor de campo -> Central),DC-ACCESO-10,False,3,23.54,2026-09-24T22:27:50+00:00
2026-09-24T17:27:50-05:00,2026-09-24T22:27:50+00:00,Puente HTTP/REST (sensor de campo -> Central),DC-ACCESO-10,False,2,24.05,2026-09-24T22:27:50+00:00
2026-09-24T17:29:50-05:00,2026-09-24T22:29:50+00:00,Puente HTTP/REST (sensor de campo -> Central),DC-ACCESO-10,False,3,23.81,2026-09-24T22:29:50+00:00
2026-09-24T17:29:50-05:00,2026-09-24T22:29:50+00:00,Puente HTTP/REST (sensor de campo -> Central),DC-ACCESO-10,False,2,23.91,2026-09-24T22:29:50+00:00
2026-09-24T17:31:50-05:00,2026-09-24T22:31:50+00:00,Puente HTTP/REST (sensor de campo -> Central),DC-ACCESO-10,False,3,24.0,2026-09-24T22:31:50+00:00
2026-09-24T17:31:51-05:00,2026-09-24T22:31:51+00:00,Puente HTTP/REST (sensor de campo -> Central),DC-ACCESO-10,False,2,23.51,2026-09-24T22:31:50+00:00
2026-09-24T17:33:50-05:00,2026-09-24T22:33:50+00:00,Puente HTTP/REST (sensor de campo -> Central),DC-ACCESO-10,False,3,23.73,2026-09-24T22:33:50+00:00
2026-09-24T17:33:51-05:00,2026-09-24T22:33:51+00:00,Puente HTTP/REST (sensor de campo -> Central),DC-ACCESO-10,False,2,24.04,2026-09-24T22:33:51+00:00
2026-09-24T17:35:51-05:00,2026-09-24T22:35:51+00:00,Puente HTTP/REST (sensor de campo -> Central),DC-ACCESO-10,False,3,23.66,2026-09-24T22:35:50+00:00
2026-09-24T17:35:51-05:00,2026-09-24T22:35:51+00:00,Puente HTTP/REST (sensor de campo -> Central),DC-ACCESO-10,False,2,23.31,2026-09-24T22:35:51+00:00
2026-09-24T17:37:51-05:00,2026-09-24T22:37:51+00:00,Puente HTTP/REST (sensor de campo -> Central),DC-ACCESO-10,False,3,23.66,2026-09-24T22:37:51+00:00
2026-09-24T17:37:51-05:00,2026-09-24T22:37:51+00:00,Puente HTTP/REST (sensor de campo -> Central),DC-ACCESO-10,False,2,23.27,2026-09-24T22:37:51+00:00
2026-09-24T17:39:51-05:00,2026-09-24T22:39:51+00:00,Puente HTTP/REST (sensor de campo -> Central),DC-ACCESO-10,False,3,23.94,2026-09-24T22:39:51+00:00
2026-09-24T17:39:52-05:00,2026-09-24T22:39:52+00:00,Puente HTTP/REST (sensor de campo -> Central),DC-ACCESO-10,True,3,24.01,2026-09-24T22:39:51+00:00
2026-09-24T17:41:51-05:00,2026-09-24T22:41:51+00:00,Puente HTTP/REST (sensor de campo -> Central),DC-ACCESO-10,False,3,23.49,2026-09-24T22:41:51+00:00
2026-09-24T17:41:52-05:00,2026-09-24T22:41:52+00:00,Puente HTTP/REST (sensor de campo -> Central),DC-ACCESO-10,False,3,23.85,2026-09-24T22:41:52+00:00
2026-09-24T17:43:51-05:00,2026-09-24T22:43:51+00:00,Puente HTTP/REST (sensor de campo -> Central),DC-ACCESO-10,False,3,23.46,2026-09-24T22:43:51+00:00
2026-09-24T17:43:52-05:00,2026-09-24T22:43:52+00:00,Puente HTTP/REST (sensor de campo -> Central),DC-ACCESO-10,False,3,23.44,2026-09-24T22:43:52+00:00
2026-09-24T17:45:52-05:00,2026-09-24T22:45:52+00:00,Puente HTTP/REST (sensor de campo -> Central),DC-ACCESO-10,False,3,23.94,2026-09-24T22:45:51+00:00
2026-09-24T17:45:52-05:00,2026-09-24T22:45:52+00:00,Puente HTTP/REST (sensor de campo -> Central),DC-ACCESO-10,False,3,23.8,2026-09-24T22:45:52+00:00
2026-09-24T17:47:52-05:00,2026-09-24T22:47:52+00:00,Puente HTTP/REST (sensor de campo -> Central),DC-ACCESO-10,False,3,23.29,2026-09-24T22:47:52+00:00
2026-09-24T17:47:52-05:00,2026-09-24T22:47:52+00:00,Puente HTTP/REST (sensor de campo -> Central),DC-ACCESO-10,True,4,23.49,2026-09-24T22:47:52+00:00
2026-09-24T17:49:52-05:00,2026-09-24T22:49:52+00:00,Puente HTTP/REST (sensor de campo -> Central),DC-ACCESO-10,False,3,23.35,2026-09-24T22:49:52+00:00
2026-09-24T17:49:53-05:00,2026-09-24T22:49:53+00:00,Puente HTTP/REST (sensor de campo -> Central),DC-ACCESO-10,True,5,23.57,2026-09-24T22:49:52+00:00
2026-09-24T17:51:52-05:00,2026-09-24T22:51:52+00:00,Puente HTTP/REST (sensor de campo -> Central),DC-ACCESO-10,False,3,23.96,2026-09-24T22:51:52+00:00
2026-09-24T17:51:53-05:00,2026-09-24T22:51:53+00:00,Puente HTTP/REST (sensor de campo -> Central),DC-ACCESO-10,False,5,23.8,2026-09-24T22:51:53+00:00
2026-09-24T17:53:52-05:00,2026-09-24T22:53:52+00:00,Puente HTTP/REST (sensor de campo -> Central),DC-ACCESO-10,False,3,23.24,2026-09-24T22:53:52+00:00
2026-09-24T17:53:53-05:00,2026-09-24T22:53:53+00:00,Puente HTTP/REST (sensor de campo -> Central),DC-ACCESO-10,True,6,23.69,2026-09-24T22:53:53+00:00
2026-09-24T17:55:53-05:00,2026-09-24T22:55:53+00:00,Puente HTTP/REST (sensor de campo -> Central),DC-ACCESO-10,False,3,23.58,2026-09-24T22:55:52+00:00
2026-09-24T17:55:53-05:00,2026-09-24T22:55:53+00:00,Puente HTTP/REST (sensor de campo -> Central),DC-ACCESO-10,False,6,23.53,2026-09-24T22:55:53+00:00
2026-09-24T17:57:53-05:00,2026-09-24T22:57:53+00:00,Puente HTTP/REST (sensor de campo -> Central),DC-ACCESO-10,False,3,23.85,2026-09-24T22:57:53+00:00
2026-09-24T17:57:53-05:00,2026-09-24T22:57:53+00:00,Puente HTTP/REST (sensor de campo -> Central),DC-ACCESO-10,False,6,23.31,2026-09-24T22:57:53+00:00
2026-09-24T17:59:53-05:00,2026-09-24T22:59:53+00:00,Puente HTTP/REST (sensor de campo -> Central),DC-ACCESO-10,False,3,23.59,2026-09-24T22:59:53+00:00
2026-09-24T17:59:54-05:00,2026-09-24T22:59:54+00:00,Puente HTTP/REST (sensor de campo -> Central),DC-ACCESO-10,False,6,23.27,2026-09-24T22:59:53+00:00
2026-09-24T18:01:53-05:00,2026-09-24T23:01:53+00:00,Puente HTTP/REST (sensor de campo -> Central),DC-ACCESO-10,False,3,23.19,2026-09-24T23:01:53+00:00
2026-09-24T18:01:54-05:00,2026-09-24T23:01:54+00:00,Puente HTTP/REST (sensor de campo -> Central),DC-ACCESO-10,False,6,23.77,2026-09-24T23:01:54+00:00
2026-09-24T18:03:53-05:00,2026-09-24T23:03:53+00:00,Puente HTTP/REST (sensor de campo -> Central),DC-ACCESO-10,False,3,23.45,2026-09-24T23:03:53+00:00
2026-09-24T18:03:54-05:00,2026-09-24T23:03:54+00:00,Puente HTTP/REST (sensor de campo -> Central),DC-ACCESO-10,True,7,23.32,2026-09-24T23:03:54+00:00
2026-09-24T18:05:54-05:00,2026-09-24T23:05:54+00:00,Puente HTTP/REST (sensor de campo -> Central),DC-ACCESO-10,False,3,23.71,2026-09-24T23:05:53+00:00
2026-09-24T18:05:54-05:00,2026-09-24T23:05:54+00:00,Puente HTTP/REST (sensor de campo -> Central),DC-ACCESO-10,False,7,23.36,2026-09-24T23:05:54+00:00
2026-09-24T18:07:54-05:00,2026-09-24T23:07:54+00:00,Puente HTTP/REST (sensor de campo -> Central),DC-ACCESO-10,False,3,23.16,2026-09-24T23:07:54+00:00
2026-09-24T18:07:55-05:00,2026-09-24T23:07:55+00:00,Puente HTTP/REST (sensor de campo -> Central),DC-ACCESO-10,False,7,23.78,2026-09-24T23:07:54+00:00
2026-09-24T18:09:54-05:00,2026-09-24T23:09:54+00:00,Puente HTTP/REST (sensor de campo -> Central),DC-ACCESO-10,False,3,23.59,2026-09-24T23:09:54+00:00
2026-09-24T18:09:55-05:00,2026-09-24T23:09:55+00:00,Puente HTTP/REST (sensor de campo -> Central),DC-ACCESO-10,False,7,23.75,2026-09-24T23:09:55+00:00
2026-09-24T18:11:54-05:00,2026-09-24T23:11:54+00:00,Puente HTTP/REST (sensor de campo -> Central),DC-ACCESO-10,False,3,23.39,2026-09-24T23:11:54+00:00
2026-09-24T18:11:55-05:00,2026-09-24T23:11:55+00:00,Puente HTTP/REST (sensor de campo -> Central),DC-ACCESO-10,False,7,23.7,2026-09-24T23:11:55+00:00
2026-09-24T18:13:55-05:00,2026-09-24T23:13:55+00:00,Puente HTTP/REST (sensor de campo -> Central),DC-ACCESO-10,False,3,23.73,2026-09-24T23:13:54+00:00
2026-09-24T18:13:55-05:00,2026-09-24T23:13:55+00:00,Puente HTTP/REST (sensor de campo -> Central),DC-ACCESO-10,False,7,23.47,2026-09-24T23:13:55+00:00
2026-09-24T18:15:55-05:00,2026-09-24T23:15:55+00:00,Puente HTTP/REST (sensor de campo -> Central),DC-ACCESO-10,False,3,23.15,2026-09-24T23:15:55+00:00
2026-09-24T18:15:55-05:00,2026-09-24T23:15:55+00:00,Puente HTTP/REST (sensor de campo -> Central),DC-ACCESO-10,True,8,23.56,2026-09-24T23:15:55+00:00
2026-09-24T18:17:55-05:00,2026-09-24T23:17:55+00:00,Puente HTTP/REST (sensor de campo -> Central),DC-ACCESO-10,False,3,23.39,2026-09-24T23:17:55+00:00
2026-09-24T18:17:56-05:00,2026-09-24T23:17:56+00:00,Puente HTTP/REST (sensor de campo -> Central),DC-ACCESO-10,True,9,23.21,2026-09-24T23:17:55+00:00
2026-09-24T18:19:55-05:00,2026-09-24T23:19:55+00:00,Puente HTTP/REST (sensor de campo -> Central),DC-ACCESO-10,False,3,23.18,2026-09-24T23:19:55+00:00
2026-09-24T18:19:56-05:00,2026-09-24T23:19:56+00:00,Puente HTTP/REST (sensor de campo -> Central),DC-ACCESO-10,True,10,23.26,2026-09-24T23:19:56+00:00
2026-09-24T18:21:55-05:00,2026-09-24T23:21:55+00:00,Puente HTTP/REST (sensor de campo -> Central),DC-ACCESO-10,True,4,23.32,2026-09-24T23:21:55+00:00
2026-09-24T18:21:56-05:00,2026-09-24T23:21:56+00:00,Puente HTTP/REST (sensor de campo -> Central),DC-ACCESO-10,False,10,23.58,2026-09-24T23:21:56+00:00
2026-09-24T18:23:56-05:00,2026-09-24T23:23:56+00:00,Puente HTTP/REST (sensor de campo -> Central),DC-ACCESO-10,False,4,23.63,2026-09-24T23:23:55+00:00
2026-09-24T18:23:56-05:00,2026-09-24T23:23:56+00:00,Puente HTTP/REST (sensor de campo -> Central),DC-ACCESO-10,False,10,23.54,2026-09-24T23:23:56+00:00
2026-09-24T18:25:56-05:00,2026-09-24T23:25:56+00:00,Puente HTTP/REST (sensor de campo -> Central),DC-ACCESO-10,False,4,23.12,2026-09-24T23:25:56+00:00
2026-09-24T18:25:57-05:00,2026-09-24T23:25:57+00:00,Puente HTTP/REST (sensor de campo -> Central),DC-ACCESO-10,False,10,23.22,2026-09-24T23:25:56+00:00
2026-09-24T18:27:56-05:00,2026-09-24T23:27:56+00:00,Puente HTTP/REST (sensor de campo -> Central),DC-ACCESO-10,False,4,23.46,2026-09-24T23:27:56+00:00
2026-09-24T18:27:57-05:00,2026-09-24T23:27:57+00:00,Puente HTTP/REST (sensor de campo -> Central),DC-ACCESO-10,False,10,23.59,2026-09-24T23:27:57+00:00
2026-09-24T18:29:56-05:00,2026-09-24T23:29:56+00:00,Puente HTTP/REST (sensor de campo -> Central),DC-ACCESO-10,False,4,23.49,2026-09-24T23:29:56+00:00
2026-09-24T18:29:57-05:00,2026-09-24T23:29:57+00:00,Puente HTTP/REST (sensor de campo -> Central),DC-ACCESO-10,False,10,23.44,2026-09-24T23:29:57+00:00
2026-09-24T18:31:56-05:00,2026-09-24T23:31:56+00:00,Puente HTTP/REST (sensor de campo -> Central),DC-ACCESO-10,False,4,23.06,2026-09-24T23:31:56+00:00
2026-09-24T18:31:57-05:00,2026-09-24T23:31:57+00:00,Puente HTTP/REST (sensor de campo -> Central),DC-ACCESO-10,False,10,23.68,2026-09-24T23:31:57+00:00
2026-09-24T18:33:57-05:00,2026-09-24T23:33:57+00:00,Puente HTTP/REST (sensor de campo -> Central),DC-ACCESO-10,False,4,23.59,2026-09-24T23:33:56+00:00
2026-09-24T18:33:57-05:00,2026-09-24T23:33:57+00:00,Puente HTTP/REST (sensor de campo -> Central),DC-ACCESO-10,False,10,23.68,2026-09-24T23:33:57+00:00
2026-09-24T18:35:57-05:00,2026-09-24T23:35:57+00:00,Puente HTTP/REST (sensor de campo -> Central),DC-ACCESO-10,False,4,23.06,2026-09-24T23:35:57+00:00
2026-09-24T18:35:58-05:00,2026-09-24T23:35:58+00:00,Puente HTTP/REST (sensor de campo -> Central),DC-ACCESO-10,False,10,23.72,2026-09-24T23:35:57+00:00
2026-09-24T18:37:57-05:00,2026-09-24T23:37:57+00:00,Puente HTTP/REST (sensor de campo -> Central),DC-ACCESO-10,False,4,22.96,2026-09-24T23:37:57+00:00
2026-09-24T18:37:58-05:00,2026-09-24T23:37:58+00:00,Puente HTTP/REST (sensor de campo -> Central),DC-ACCESO-10,False,10,23.56,2026-09-24T23:37:58+00:00
2026-09-24T18:39:57-05:00,2026-09-24T23:39:57+00:00,Puente HTTP/REST (sensor de campo -> Central),DC-ACCESO-10,False,4,23.14,2026-09-24T23:39:57+00:00
2026-09-24T18:39:58-05:00,2026-09-24T23:39:58+00:00,Puente HTTP/REST (sensor de campo -> Central),DC-ACCESO-10,False,10,23.36,2026-09-24T23:39:58+00:00
2026-09-24T18:41:57-05:00,2026-09-24T23:41:57+00:00,Puente HTTP/REST (sensor de campo -> Central),DC-ACCESO-10,False,4,22.99,2026-09-24T23:41:57+00:00
2026-09-24T18:41:58-05:00,2026-09-24T23:41:58+00:00,Puente HTTP/REST (sensor de campo -> Central),DC-ACCESO-10,False,10,23.28,2026-09-24T23:41:58+00:00
2026-09-24T18:43:58-05:00,2026-09-24T23:43:58+00:00,Puente HTTP/REST (sensor de campo -> Central),DC-ACCESO-10,False,4,23.43,2026-09-24T23:43:57+00:00
2026-09-24T18:43:58-05:00,2026-09-24T23:43:58+00:00,Puente HTTP/REST (sensor de campo -> Central),DC-ACCESO-10,False,10,23.34,2026-09-24T23:43:58+00:00
2026-09-24T18:45:58-05:00,2026-09-24T23:45:58+00:00,Puente HTTP/REST (sensor de campo -> Central),DC-ACCESO-10,False,4,22.92,2026-09-24T23:45:58+00:00
2026-09-24T18:45:59-05:00,2026-09-24T23:45:59+00:00,Puente HTTP/REST (sensor de campo -> Central),DC-ACCESO-10,False,10,23.26,2026-09-24T23:45:58+00:00
2026-09-24T18:47:58-05:00,2026-09-24T23:47:58+00:00,Puente HTTP/REST (sensor de campo -> Central),DC-ACCESO-10,False,4,23.65,2026-09-24T23:47:58+00:00
2026-09-24T18:47:59-05:00,2026-09-24T23:47:59+00:00,Puente HTTP/REST (sensor de campo -> Central),DC-ACCESO-10,False,10,23.6,2026-09-24T23:47:59+00:00
2026-09-24T18:49:58-05:00,2026-09-24T23:49:58+00:00,Puente HTTP/REST (sensor de campo -> Central),DC-ACCESO-10,False,4,23.54,2026-09-24T23:49:58+00:00
2026-09-24T18:49:59-05:00,2026-09-24T23:49:59+00:00,Puente HTTP/REST (sensor de campo -> Central),DC-ACCESO-10,False,10,23.32,2026-09-24T23:49:59+00:00
2026-09-24T18:51:59-05:00,2026-09-24T23:51:59+00:00,Puente HTTP/REST (sensor de campo -> Central),DC-ACCESO-10,False,4,23.63,2026-09-24T23:51:58+00:00
2026-09-24T18:51:59-05:00,2026-09-24T23:51:59+00:00,Puente HTTP/REST (sensor de campo -> Central),DC-ACCESO-10,False,10,22.96,2026-09-24T23:51:59+00:00
2026-09-24T18:53:59-05:00,2026-09-24T23:53:59+00:00,Puente HTTP/REST (sensor de campo -> Central),DC-ACCESO-10,False,4,23.25,2026-09-24T23:53:59+00:00
2026-09-24T18:54:00-05:00,2026-09-24T23:54:00+00:00,Puente HTTP/REST (sensor de campo -> Central),DC-ACCESO-10,False,10,23.03,2026-09-24T23:53:59+00:00
2026-09-24T18:55:59-05:00,2026-09-24T23:55:59+00:00,Puente HTTP/REST (sensor de campo -> Central),DC-ACCESO-10,False,4,23.16,2026-09-24T23:55:59+00:00
2026-09-24T18:56:00-05:00,2026-09-24T23:56:00+00:00,Puente HTTP/REST (sensor de campo -> Central),DC-ACCESO-10,False,10,23.09,2026-09-24T23:56:00+00:00
2026-09-24T18:57:59-05:00,2026-09-24T23:57:59+00:00,Puente HTTP/REST (sensor de campo -> Central),DC-ACCESO-10,False,4,23.52,2026-09-24T23:57:59+00:00
2026-09-24T18:58:00-05:00,2026-09-24T23:58:00+00:00,Puente HTTP/REST (sensor de campo -> Central),DC-ACCESO-10,False,10,23.32,2026-09-24T23:58:00+00:00
2026-09-24T19:00:00-05:00,2026-09-25T00:00:00+00:00,Puente HTTP/REST (sensor de campo -> Central),DC-ACCESO-10,False,4,23.34,2026-09-24T23:59:59+00:00
2026-09-24T19:00:00-05:00,2026-09-25T00:00:00+00:00,Puente HTTP/REST (sensor de campo -> Central),DC-ACCESO-10,False,10,23.42,2026-09-25T00:00:00+00:00
2026-09-24T19:02:00-05:00,2026-09-25T00:02:00+00:00,Puente HTTP/REST (sensor de campo -> Central),DC-ACCESO-10,False,4,22.87,2026-09-25T00:02:00+00:00
2026-09-24T19:02:00-05:00,2026-09-25T00:02:00+00:00,Puente HTTP/REST (sensor de campo -> Central),DC-ACCESO-10,False,10,23.37,2026-09-25T00:02:00+00:00
2026-09-24T19:04:00-05:00,2026-09-25T00:04:00+00:00,Puente HTTP/REST (sensor de campo -> Central),DC-ACCESO-10,False,4,23.54,2026-09-25T00:04:00+00:00
2026-09-24T19:04:01-05:00,2026-09-25T00:04:01+00:00,Puente HTTP/REST (sensor de campo -> Central),DC-ACCESO-10,False,10,23.56,2026-09-25T00:04:00+00:00
2026-09-24T19:06:00-05:00,2026-09-25T00:06:00+00:00,Puente HTTP/REST (sensor de campo -> Central),DC-ACCESO-10,False,4,23.41,2026-09-25T00:06:00+00:00
2026-09-24T19:06:01-05:00,2026-09-25T00:06:01+00:00,Puente HTTP/REST (sensor de campo -> Central),DC-ACCESO-10,False,10,23.01,2026-09-25T00:06:01+00:00
2026-09-24T19:08:00-05:00,2026-09-25T00:08:00+00:00,Puente HTTP/REST (sensor de campo -> Central),DC-ACCESO-10,False,4,23.2,2026-09-25T00:08:00+00:00
2026-09-24T19:08:01-05:00,2026-09-25T00:08:01+00:00,Puente HTTP/REST (sensor de campo -> Central),DC-ACCESO-10,False,10,23.38,2026-09-25T00:08:01+00:00
2026-09-24T19:10:01-05:00,2026-09-25T00:10:01+00:00,Puente HTTP/REST (sensor de campo -> Central),DC-ACCESO-10,False,4,22.8,2026-09-25T00:10:00+00:00
2026-09-24T19:10:01-05:00,2026-09-25T00:10:01+00:00,Puente HTTP/REST (sensor de campo -> Central),DC-ACCESO-10,False,10,23.32,2026-09-25T00:10:01+00:00
2026-09-24T19:12:01-05:00,2026-09-25T00:12:01+00:00,Puente HTTP/REST (sensor de campo -> Central),DC-ACCESO-10,False,4,23.08,2026-09-25T00:12:01+00:00
2026-09-24T19:12:01-05:00,2026-09-25T00:12:01+00:00,Puente HTTP/REST (sensor de campo -> Central),DC-ACCESO-10,False,10,22.83,2026-09-25T00:12:01+00:00
2026-09-24T19:14:01-05:00,2026-09-25T00:14:01+00:00,Puente HTTP/REST (sensor de campo -> Central),DC-ACCESO-10,False,4,23.03,2026-09-25T00:14:01+00:00
2026-09-24T19:14:02-05:00,2026-09-25T00:14:02+00:00,Puente HTTP/REST (sensor de campo -> Central),DC-ACCESO-10,False,10,23.26,2026-09-25T00:14:01+00:00
2026-09-24T19:16:01-05:00,2026-09-25T00:16:01+00:00,Puente HTTP/REST (sensor de campo -> Central),DC-ACCESO-10,False,4,23.39,2026-09-25T00:16:01+00:00
2026-09-24T19:16:02-05:00,2026-09-25T00:16:02+00:00,Puente HTTP/REST (sensor de campo -> Central),DC-ACCESO-10,False,10,23.41,2026-09-25T00:16:02+00:00
2026-09-24T19:18:01-05:00,2026-09-25T00:18:01+00:00,Puente HTTP/REST (sensor de campo -> Central),DC-ACCESO-10,False,4,23.47,2026-09-25T00:18:01+00:00
2026-09-24T19:18:02-05:00,2026-09-25T00:18:02+00:00,Puente HTTP/REST (sensor de campo -> Central),DC-ACCESO-10,False,10,23.36,2026-09-25T00:18:02+00:00
2026-09-24T19:20:02-05:00,2026-09-25T00:20:02+00:00,Puente HTTP/REST (sensor de campo -> Central),DC-ACCESO-10,False,4,22.79,2026-09-25T00:20:01+00:00
2026-09-24T19:20:02-05:00,2026-09-25T00:20:02+00:00,Puente HTTP/REST (sensor de campo -> Central),DC-ACCESO-10,False,10,22.9,2026-09-25T00:20:02+00:00
2026-09-24T19:22:02-05:00,2026-09-25T00:22:02+00:00,Puente HTTP/REST (sensor de campo -> Central),DC-ACCESO-10,False,4,23.35,2026-09-25T00:22:02+00:00
2026-09-24T19:22:03-05:00,2026-09-25T00:22:03+00:00,Puente HTTP/REST (sensor de campo -> Central),DC-ACCESO-10,False,10,23.05,2026-09-25T00:22:02+00:00
2026-09-24T19:24:02-05:00,2026-09-25T00:24:02+00:00,Puente HTTP/REST (sensor de campo -> Central),DC-ACCESO-10,False,4,22.83,2026-09-25T00:24:02+00:00
2026-09-24T19:24:03-05:00,2026-09-25T00:24:03+00:00,Puente HTTP/REST (sensor de campo -> Central),DC-ACCESO-10,False,10,22.93,2026-09-25T00:24:03+00:00
2026-09-24T19:26:02-05:00,2026-09-25T00:26:02+00:00,Puente HTTP/REST (sensor de campo -> Central),DC-ACCESO-10,False,4,22.97,2026-09-25T00:26:02+00:00
2026-09-24T19:26:03-05:00,2026-09-25T00:26:03+00:00,Puente HTTP/REST (sensor de campo -> Central),DC-ACCESO-10,False,10,23.23,2026-09-25T00:26:03+00:00
2026-09-24T19:28:03-05:00,2026-09-25T00:28:03+00:00,Puente HTTP/REST (sensor de campo -> Central),DC-ACCESO-10,False,4,22.81,2026-09-25T00:28:02+00:00
2026-09-24T19:28:03-05:00,2026-09-25T00:28:03+00:00,Puente HTTP/REST (sensor de campo -> Central),DC-ACCESO-10,False,10,22.77,2026-09-25T00:28:03+00:00
2026-09-24T19:30:03-05:00,2026-09-25T00:30:03+00:00,Puente HTTP/REST (sensor de campo -> Central),DC-ACCESO-10,False,4,22.93,2026-09-25T00:30:03+00:00
2026-09-24T19:30:03-05:00,2026-09-25T00:30:03+00:00,Puente HTTP/REST (sensor de campo -> Central),DC-ACCESO-10,False,10,22.81,2026-09-25T00:30:03+00:00
2026-09-24T19:32:03-05:00,2026-09-25T00:32:03+00:00,Puente HTTP/REST (sensor de campo -> Central),DC-ACCESO-10,False,4,23.17,2026-09-25T00:32:03+00:00
2026-09-24T19:32:04-05:00,2026-09-25T00:32:04+00:00,Puente HTTP/REST (sensor de campo -> Central),DC-ACCESO-10,False,10,23.3,2026-09-25T00:32:03+00:00
2026-09-24T19:34:03-05:00,2026-09-25T00:34:03+00:00,Puente HTTP/REST (sensor de campo -> Central),DC-ACCESO-10,False,4,23.09,2026-09-25T00:34:03+00:00
2026-09-24T19:34:04-05:00,2026-09-25T00:34:04+00:00,Puente HTTP/REST (sensor de campo -> Central),DC-ACCESO-10,False,10,22.97,2026-09-25T00:34:04+00:00
2026-09-24T19:36:03-05:00,2026-09-25T00:36:03+00:00,Puente HTTP/REST (sensor de campo -> Central),DC-ACCESO-10,False,4,22.66,2026-09-25T00:36:03+00:00
2026-09-24T19:36:04-05:00,2026-09-25T00:36:04+00:00,Puente HTTP/REST (sensor de campo -> Central),DC-ACCESO-10,False,10,22.63,2026-09-25T00:36:04+00:00
2026-09-24T19:38:04-05:00,2026-09-25T00:38:04+00:00,Puente HTTP/REST (sensor de campo -> Central),DC-ACCESO-10,False,4,22.73,2026-09-25T00:38:03+00:00
2026-09-24T19:38:04-05:00,2026-09-25T00:38:04+00:00,Puente HTTP/REST (sensor de campo -> Central),DC-ACCESO-10,False,10,22.57,2026-09-25T00:38:04+00:00
2026-09-24T19:40:04-05:00,2026-09-25T00:40:04+00:00,Puente HTTP/REST (sensor de campo -> Central),DC-ACCESO-10,False,4,22.68,2026-09-25T00:40:04+00:00
2026-09-24T19:40:05-05:00,2026-09-25T00:40:05+00:00,Puente HTTP/REST (sensor de campo -> Central),DC-ACCESO-10,False,10,23.02,2026-09-25T00:40:04+00:00
2026-09-24T19:42:04-05:00,2026-09-25T00:42:04+00:00,Puente HTTP/REST (sensor de campo -> Central),DC-ACCESO-10,False,4,23.03,2026-09-25T00:42:04+00:00
2026-09-24T19:42:05-05:00,2026-09-25T00:42:05+00:00,Puente HTTP/REST (sensor de campo -> Central),DC-ACCESO-10,False,10,22.54,2026-09-25T00:42:05+00:00
2026-09-24T19:44:11-05:00,2026-09-25T00:44:11+00:00,Puente HTTP/REST (sensor de campo -> Central),DC-ACCESO-10,False,4,22.92,2026-09-25T00:44:06+00:00
2026-09-24T19:44:13-05:00,2026-09-25T00:44:13+00:00,Puente HTTP/REST (sensor de campo -> Central),DC-ACCESO-10,False,10,23.11,2026-09-25T00:44:11+00:00
2026-09-24T19:46:12-05:00,2026-09-25T00:46:12+00:00,Puente HTTP/REST (sensor de campo -> Central),DC-ACCESO-10,False,4,22.69,2026-09-25T00:46:11+00:00
2026-09-24T19:46:14-05:00,2026-09-25T00:46:14+00:00,Puente HTTP/REST (sensor de campo -> Central),DC-ACCESO-10,False,10,23.28,2026-09-25T00:46:14+00:00
2026-09-24T19:48:12-05:00,2026-09-25T00:48:12+00:00,Puente HTTP/REST (sensor de campo -> Central),DC-ACCESO-10,False,4,23.25,2026-09-25T00:48:12+00:00
2026-09-24T19:48:14-05:00,2026-09-25T00:48:14+00:00,Puente HTTP/REST (sensor de campo -> Central),DC-ACCESO-10,False,10,23.1,2026-09-25T00:48:14+00:00
2026-09-24T19:50:12-05:00,2026-09-25T00:50:12+00:00,Puente HTTP/REST (sensor de campo -> Central),DC-ACCESO-10,False,4,22.95,2026-09-25T00:50:12+00:00
2026-09-24T19:50:15-05:00,2026-09-25T00:50:15+00:00,Puente HTTP/REST (sensor de campo -> Central),DC-ACCESO-10,False,10,22.99,2026-09-25T00:50:14+00:00
2026-09-24T19:52:12-05:00,2026-09-25T00:52:12+00:00,Puente HTTP/REST (sensor de campo -> Central),DC-ACCESO-10,False,4,22.59,2026-09-25T00:52:12+00:00
2026-09-24T19:52:15-05:00,2026-09-25T00:52:15+00:00,Puente HTTP/REST (sensor de campo -> Central),DC-ACCESO-10,False,10,22.66,2026-09-25T00:52:15+00:00
2026-09-24T19:54:12-05:00,2026-09-25T00:54:12+00:00,Puente HTTP/REST (sensor de campo -> Central),DC-ACCESO-10,False,4,22.91,2026-09-25T00:54:12+00:00
2026-09-24T19:54:15-05:00,2026-09-25T00:54:15+00:00,Puente HTTP/REST (sensor de campo -> Central),DC-ACCESO-10,False,10,22.89,2026-09-25T00:54:15+00:00
2026-09-24T19:55:47-05:00,2026-09-25T00:55:47+00:00,Puente HTTP/REST (sensor de campo -> Central),DC-ACCESO-10,False,0,23.02,2026-09-25T00:55:47+00:00
2026-09-24T19:57:35-05:00,2026-09-25T00:57:35+00:00,Puente HTTP/REST (sensor de campo -> Central),DC-ACCESO-10,False,0,22.47,2026-09-25T00:57:35+00:00
2026-09-24T19:59:15-05:00,2026-09-25T00:59:15+00:00,Puente HTTP/REST (sensor de campo -> Central),DC-ACCESO-10,False,0,22.86,2026-09-25T00:59:15+00:00
2026-09-24T20:01:15-05:00,2026-09-25T01:01:15+00:00,Puente HTTP/REST (sensor de campo -> Central),DC-ACCESO-10,False,0,23.07,2026-09-25T01:01:14+00:00
2026-09-24T20:01:15-05:00,2026-09-25T01:01:15+00:00,Puente HTTP/REST (sensor de campo -> Central),DC-ACCESO-10,False,0,23.08,2026-09-25T01:01:15+00:00
2026-09-24T20:03:15-05:00,2026-09-25T01:03:15+00:00,Puente HTTP/REST (sensor de campo -> Central),DC-ACCESO-10,False,0,22.52,2026-09-25T01:03:15+00:00
2026-09-24T20:03:15-05:00,2026-09-25T01:03:15+00:00,Puente HTTP/REST (sensor de campo -> Central),DC-ACCESO-10,False,0,22.93,2026-09-25T01:03:15+00:00
2026-09-24T20:05:15-05:00,2026-09-25T01:05:15+00:00,Puente HTTP/REST (sensor de campo -> Central),DC-ACCESO-10,False,0,22.6,2026-09-25T01:05:15+00:00
2026-09-24T20:05:15-05:00,2026-09-25T01:05:15+00:00,Puente HTTP/REST (sensor de campo -> Central),DC-ACCESO-10,False,0,22.63,2026-09-25T01:05:15+00:00
2026-09-25T15:37:56-05:00,2026-09-25T20:37:56+00:00,Puente HTTP/REST (sensor de campo -> Central),DC-ACCESO-10,False,0,23.78,2026-09-25T20:37:55+00:00
2026-09-25T15:39:56-05:00,2026-09-25T20:39:56+00:00,Puente HTTP/REST (sensor de campo -> Central),DC-ACCESO-10,False,0,24.28,2026-09-25T20:39:55+00:00
2026-09-25T15:39:56-05:00,2026-09-25T20:39:56+00:00,Puente HTTP/REST (sensor de campo -> Central),DC-ACCESO-10,False,0,23.86,2026-09-25T20:39:56+00:00
2026-09-25T15:41:56-05:00,2026-09-25T20:41:56+00:00,Puente HTTP/REST (sensor de campo -> Central),DC-ACCESO-10,True,1,24.03,2026-09-25T20:41:56+00:00
2026-09-25T15:41:56-05:00,2026-09-25T20:41:56+00:00,Puente HTTP/REST (sensor de campo -> Central),DC-ACCESO-10,False,0,24.25,2026-09-25T20:41:56+00:00
2026-09-25T15:43:56-05:00,2026-09-25T20:43:56+00:00,Puente HTTP/REST (sensor de campo -> Central),DC-ACCESO-10,False,1,24.18,2026-09-25T20:43:56+00:00
2026-09-25T15:43:56-05:00,2026-09-25T20:43:56+00:00,Puente HTTP/REST (sensor de campo -> Central),DC-ACCESO-10,False,0,23.71,2026-09-25T20:43:56+00:00
2026-09-25T15:45:56-05:00,2026-09-25T20:45:56+00:00,Puente HTTP/REST (sensor de campo -> Central),DC-ACCESO-10,False,1,24.28,2026-09-25T20:45:56+00:00
2026-09-25T15:45:57-05:00,2026-09-25T20:45:57+00:00,Puente HTTP/REST (sensor de campo -> Central),DC-ACCESO-10,True,1,23.94,2026-09-25T20:45:56+00:00
2026-09-25T15:47:56-05:00,2026-09-25T20:47:56+00:00,Puente HTTP/REST (sensor de campo -> Central),DC-ACCESO-10,False,1,24.33,2026-09-25T20:47:56+00:00
2026-09-25T15:47:57-05:00,2026-09-25T20:47:57+00:00,Puente HTTP/REST (sensor de campo -> Central),DC-ACCESO-10,False,1,23.75,2026-09-25T20:47:57+00:00
2026-09-25T15:49:57-05:00,2026-09-25T20:49:57+00:00,Puente HTTP/REST (sensor de campo -> Central),DC-ACCESO-10,True,2,23.93,2026-09-25T20:49:56+00:00
2026-09-25T15:49:57-05:00,2026-09-25T20:49:57+00:00,Puente HTTP/REST (sensor de campo -> Central),DC-ACCESO-10,False,1,24.08,2026-09-25T20:49:57+00:00
2026-09-25T15:51:57-05:00,2026-09-25T20:51:57+00:00,Puente HTTP/REST (sensor de campo -> Central),DC-ACCESO-10,False,2,24.29,2026-09-25T20:51:57+00:00
2026-09-25T15:51:57-05:00,2026-09-25T20:51:57+00:00,Puente HTTP/REST (sensor de campo -> Central),DC-ACCESO-10,False,1,23.92,2026-09-25T20:51:57+00:00
2026-09-25T15:53:57-05:00,2026-09-25T20:53:57+00:00,Puente HTTP/REST (sensor de campo -> Central),DC-ACCESO-10,False,2,23.79,2026-09-25T20:53:57+00:00
2026-09-25T15:53:57-05:00,2026-09-25T20:53:57+00:00,Puente HTTP/REST (sensor de campo -> Central),DC-ACCESO-10,False,1,23.91,2026-09-25T20:53:57+00:00
2026-09-25T15:55:57-05:00,2026-09-25T20:55:57+00:00,Puente HTTP/REST (sensor de campo -> Central),DC-ACCESO-10,False,2,23.82,2026-09-25T20:55:57+00:00
2026-09-25T15:55:58-05:00,2026-09-25T20:55:58+00:00,Puente HTTP/REST (sensor de campo -> Central),DC-ACCESO-10,False,1,24.28,2026-09-25T20:55:57+00:00
2026-09-25T15:57:57-05:00,2026-09-25T20:57:57+00:00,Puente HTTP/REST (sensor de campo -> Central),DC-ACCESO-10,False,2,24.31,2026-09-25T20:57:57+00:00
2026-09-25T15:57:58-05:00,2026-09-25T20:57:58+00:00,Puente HTTP/REST (sensor de campo -> Central),DC-ACCESO-10,False,1,24.15,2026-09-25T20:57:58+00:00
2026-09-25T15:59:58-05:00,2026-09-25T20:59:58+00:00,Puente HTTP/REST (sensor de campo -> Central),DC-ACCESO-10,True,3,23.78,2026-09-25T20:59:57+00:00
2026-09-25T15:59:58-05:00,2026-09-25T20:59:58+00:00,Puente HTTP/REST (sensor de campo -> Central),DC-ACCESO-10,False,1,23.83,2026-09-25T20:59:58+00:00
2026-09-25T16:01:58-05:00,2026-09-25T21:01:58+00:00,Puente HTTP/REST (sensor de campo -> Central),DC-ACCESO-10,False,3,23.81,2026-09-25T21:01:58+00:00
2026-09-25T16:01:58-05:00,2026-09-25T21:01:58+00:00,Puente HTTP/REST (sensor de campo -> Central),DC-ACCESO-10,True,2,23.72,2026-09-25T21:01:58+00:00
2026-09-25T16:03:58-05:00,2026-09-25T21:03:58+00:00,Puente HTTP/REST (sensor de campo -> Central),DC-ACCESO-10,False,3,23.89,2026-09-25T21:03:58+00:00
2026-09-25T16:03:58-05:00,2026-09-25T21:03:58+00:00,Puente HTTP/REST (sensor de campo -> Central),DC-ACCESO-10,False,2,23.61,2026-09-25T21:03:58+00:00
2026-09-25T16:05:58-05:00,2026-09-25T21:05:58+00:00,Puente HTTP/REST (sensor de campo -> Central),DC-ACCESO-10,False,3,23.72,2026-09-25T21:05:58+00:00
2026-09-25T16:05:59-05:00,2026-09-25T21:05:59+00:00,Puente HTTP/REST (sensor de campo -> Central),DC-ACCESO-10,False,2,24.21,2026-09-25T21:05:58+00:00
2026-09-25T16:07:58-05:00,2026-09-25T21:07:58+00:00,Puente HTTP/REST (sensor de campo -> Central),DC-ACCESO-10,False,3,24.31,2026-09-25T21:07:58+00:00
2026-09-25T16:07:59-05:00,2026-09-25T21:07:59+00:00,Puente HTTP/REST (sensor de campo -> Central),DC-ACCESO-10,True,3,23.97,2026-09-25T21:07:59+00:00
2026-09-25T16:09:59-05:00,2026-09-25T21:09:59+00:00,Puente HTTP/REST (sensor de campo -> Central),DC-ACCESO-10,False,3,24.29,2026-09-25T21:09:58+00:00
2026-09-25T16:09:59-05:00,2026-09-25T21:09:59+00:00,Puente HTTP/REST (sensor de campo -> Central),DC-ACCESO-10,False,3,24.3,2026-09-25T21:09:59+00:00
2026-09-25T16:11:59-05:00,2026-09-25T21:11:59+00:00,Puente HTTP/REST (sensor de campo -> Central),DC-ACCESO-10,False,3,23.74,2026-09-25T21:11:59+00:00
2026-09-25T16:11:59-05:00,2026-09-25T21:11:59+00:00,Puente HTTP/REST (sensor de campo -> Central),DC-ACCESO-10,False,3,23.86,2026-09-25T21:11:59+00:00
2026-09-25T16:13:59-05:00,2026-09-25T21:13:59+00:00,Puente HTTP/REST (sensor de campo -> Central),DC-ACCESO-10,False,3,23.78,2026-09-25T21:13:59+00:00
2026-09-25T16:13:59-05:00,2026-09-25T21:13:59+00:00,Puente HTTP/REST (sensor de campo -> Central),DC-ACCESO-10,True,4,24.03,2026-09-25T21:13:59+00:00
2026-09-25T16:15:59-05:00,2026-09-25T21:15:59+00:00,Puente HTTP/REST (sensor de campo -> Central),DC-ACCESO-10,False,3,24.2,2026-09-25T21:15:59+00:00
2026-09-25T16:16:00-05:00,2026-09-25T21:16:00+00:00,Puente HTTP/REST (sensor de campo -> Central),DC-ACCESO-10,False,4,23.64,2026-09-25T21:15:59+00:00
2026-09-25T16:18:00-05:00,2026-09-25T21:18:00+00:00,Puente HTTP/REST (sensor de campo -> Central),DC-ACCESO-10,False,3,23.7,2026-09-25T21:17:59+00:00
2026-09-25T16:18:00-05:00,2026-09-25T21:18:00+00:00,Puente HTTP/REST (sensor de campo -> Central),DC-ACCESO-10,False,4,23.78,2026-09-25T21:18:00+00:00
2026-09-25T16:20:00-05:00,2026-09-25T21:20:00+00:00,Puente HTTP/REST (sensor de campo -> Central),DC-ACCESO-10,False,3,23.98,2026-09-25T21:20:00+00:00
2026-09-25T16:20:00-05:00,2026-09-25T21:20:00+00:00,Puente HTTP/REST (sensor de campo -> Central),DC-ACCESO-10,False,4,24.05,2026-09-25T21:20:00+00:00
2026-09-25T16:22:00-05:00,2026-09-25T21:22:00+00:00,Puente HTTP/REST (sensor de campo -> Central),DC-ACCESO-10,True,4,24.06,2026-09-25T21:22:00+00:00
2026-09-25T16:22:00-05:00,2026-09-25T21:22:00+00:00,Puente HTTP/REST (sensor de campo -> Central),DC-ACCESO-10,False,4,23.51,2026-09-25T21:22:00+00:00
2026-09-25T16:24:00-05:00,2026-09-25T21:24:00+00:00,Puente HTTP/REST (sensor de campo -> Central),DC-ACCESO-10,False,4,24.21,2026-09-25T21:24:00+00:00
2026-09-25T16:24:01-05:00,2026-09-25T21:24:01+00:00,Puente HTTP/REST (sensor de campo -> Central),DC-ACCESO-10,False,4,24.21,2026-09-25T21:24:00+00:00
2026-09-25T16:26:01-05:00,2026-09-25T21:26:01+00:00,Puente HTTP/REST (sensor de campo -> Central),DC-ACCESO-10,False,4,23.81,2026-09-25T21:26:00+00:00
2026-09-25T16:26:01-05:00,2026-09-25T21:26:01+00:00,Puente HTTP/REST (sensor de campo -> Central),DC-ACCESO-10,False,4,23.64,2026-09-25T21:26:01+00:00
2026-09-25T16:28:01-05:00,2026-09-25T21:28:01+00:00,Puente HTTP/REST (sensor de campo -> Central),DC-ACCESO-10,False,4,24.07,2026-09-25T21:28:01+00:00
2026-09-25T16:28:01-05:00,2026-09-25T21:28:01+00:00,Puente HTTP/REST (sensor de campo -> Central),DC-ACCESO-10,False,4,24.21,2026-09-25T21:28:01+00:00
2026-09-25T16:30:01-05:00,2026-09-25T21:30:01+00:00,Puente HTTP/REST (sensor de campo -> Central),DC-ACCESO-10,False,4,23.73,2026-09-25T21:30:01+00:00
2026-09-25T16:30:01-05:00,2026-09-25T21:30:01+00:00,Puente HTTP/REST (sensor de campo -> Central),DC-ACCESO-10,False,4,24.15,2026-09-25T21:30:01+00:00
2026-09-25T16:32:01-05:00,2026-09-25T21:32:01+00:00,Puente HTTP/REST (sensor de campo -> Central),DC-ACCESO-10,False,4,23.78,2026-09-25T21:32:01+00:00
2026-09-25T16:32:01-05:00,2026-09-25T21:32:01+00:00,Puente HTTP/REST (sensor de campo -> Central),DC-ACCESO-10,False,4,23.87,2026-09-25T21:32:01+00:00
2026-09-25T16:34:01-05:00,2026-09-25T21:34:01+00:00,Puente HTTP/REST (sensor de campo -> Central),DC-ACCESO-10,False,4,24.05,2026-09-25T21:34:01+00:00
2026-09-25T16:34:02-05:00,2026-09-25T21:34:02+00:00,Puente HTTP/REST (sensor de campo -> Central),DC-ACCESO-10,False,4,23.92,2026-09-25T21:34:01+00:00
2026-09-25T16:36:02-05:00,2026-09-25T21:36:02+00:00,Puente HTTP/REST (sensor de campo -> Central),DC-ACCESO-10,False,4,23.6,2026-09-25T21:36:01+00:00
2026-09-25T16:36:02-05:00,2026-09-25T21:36:02+00:00,Puente HTTP/REST (sensor de campo -> Central),DC-ACCESO-10,False,4,23.98,2026-09-25T21:36:02+00:00
2026-09-25T16:38:02-05:00,2026-09-25T21:38:02+00:00,Puente HTTP/REST (sensor de campo -> Central),DC-ACCESO-10,False,4,23.78,2026-09-25T21:38:02+00:00
2026-09-25T16:38:02-05:00,2026-09-25T21:38:02+00:00,Puente HTTP/REST (sensor de campo -> Central),DC-ACCESO-10,False,4,23.64,2026-09-25T21:38:02+00:00
2026-09-25T16:40:02-05:00,2026-09-25T21:40:02+00:00,Puente HTTP/REST (sensor de campo -> Central),DC-ACCESO-10,True,5,23.78,2026-09-25T21:40:02+00:00
2026-09-25T16:40:02-05:00,2026-09-25T21:40:02+00:00,Puente HTTP/REST (sensor de campo -> Central),DC-ACCESO-10,False,4,23.62,2026-09-25T21:40:02+00:00
2026-09-25T16:42:02-05:00,2026-09-25T21:42:02+00:00,Puente HTTP/REST (sensor de campo -> Central),DC-ACCESO-10,False,5,24.04,2026-09-25T21:42:02+00:00
2026-09-25T16:42:02-05:00,2026-09-25T21:42:02+00:00,Puente HTTP/REST (sensor de campo -> Central),DC-ACCESO-10,False,4,23.64,2026-09-25T21:42:02+00:00
2026-09-25T16:44:02-05:00,2026-09-25T21:44:02+00:00,Puente HTTP/REST (sensor de campo -> Central),DC-ACCESO-10,False,5,24.23,2026-09-25T21:44:02+00:00
2026-09-25T16:44:03-05:00,2026-09-25T21:44:03+00:00,Puente HTTP/REST (sensor de campo -> Central),DC-ACCESO-10,False,4,23.81,2026-09-25T21:44:02+00:00
2026-09-25T16:46:03-05:00,2026-09-25T21:46:03+00:00,Puente HTTP/REST (sensor de campo -> Central),DC-ACCESO-10,False,5,23.8,2026-09-25T21:46:03+00:00
2026-09-25T16:46:03-05:00,2026-09-25T21:46:03+00:00,Puente HTTP/REST (sensor de campo -> Central),DC-ACCESO-10,False,4,23.43,2026-09-25T21:46:03+00:00
2026-09-25T16:48:03-05:00,2026-09-25T21:48:03+00:00,Puente HTTP/REST (sensor de campo -> Central),DC-ACCESO-10,False,5,24.0,2026-09-25T21:48:03+00:00
2026-09-25T16:48:03-05:00,2026-09-25T21:48:03+00:00,Puente HTTP/REST (sensor de campo -> Central),DC-ACCESO-10,False,4,23.76,2026-09-25T21:48:03+00:00
2026-09-25T16:50:03-05:00,2026-09-25T21:50:03+00:00,Puente HTTP/REST (sensor de campo -> Central),DC-ACCESO-10,False,5,23.92,2026-09-25T21:50:03+00:00
2026-09-25T16:50:03-05:00,2026-09-25T21:50:03+00:00,Puente HTTP/REST (sensor de campo -> Central),DC-ACCESO-10,False,4,23.73,2026-09-25T21:50:03+00:00
2026-09-25T16:52:03-05:00,2026-09-25T21:52:03+00:00,Puente HTTP/REST (sensor de campo -> Central),DC-ACCESO-10,False,5,23.56,2026-09-25T21:52:03+00:00
2026-09-25T16:52:04-05:00,2026-09-25T21:52:04+00:00,Puente HTTP/REST (sensor de campo -> Central),DC-ACCESO-10,False,4,24.08,2026-09-25T21:52:03+00:00
2026-09-25T16:54:04-05:00,2026-09-25T21:54:04+00:00,Puente HTTP/REST (sensor de campo -> Central),DC-ACCESO-10,True,6,23.79,2026-09-25T21:54:03+00:00
2026-09-25T16:54:04-05:00,2026-09-25T21:54:04+00:00,Puente HTTP/REST (sensor de campo -> Central),DC-ACCESO-10,False,4,23.96,2026-09-25T21:54:04+00:00
2026-09-25T16:56:04-05:00,2026-09-25T21:56:04+00:00,Puente HTTP/REST (sensor de campo -> Central),DC-ACCESO-10,False,6,23.58,2026-09-25T21:56:04+00:00
2026-09-25T16:56:04-05:00,2026-09-25T21:56:04+00:00,Puente HTTP/REST (sensor de campo -> Central),DC-ACCESO-10,True,5,23.47,2026-09-25T21:56:04+00:00
2026-09-25T16:58:04-05:00,2026-09-25T21:58:04+00:00,Puente HTTP/REST (sensor de campo -> Central),DC-ACCESO-10,False,6,23.71,2026-09-25T21:58:04+00:00
2026-09-25T16:58:04-05:00,2026-09-25T21:58:04+00:00,Puente HTTP/REST (sensor de campo -> Central),DC-ACCESO-10,False,5,23.5,2026-09-25T21:58:04+00:00
2026-09-25T17:00:04-05:00,2026-09-25T22:00:04+00:00,Puente HTTP/REST (sensor de campo -> Central),DC-ACCESO-10,False,6,23.54,2026-09-25T22:00:04+00:00
2026-09-25T17:00:06-05:00,2026-09-25T22:00:06+00:00,Puente HTTP/REST (sensor de campo -> Central),DC-ACCESO-10,True,6,23.99,2026-09-25T22:00:04+00:00
2026-09-25T17:02:05-05:00,2026-09-25T22:02:05+00:00,Puente HTTP/REST (sensor de campo -> Central),DC-ACCESO-10,True,7,23.87,2026-09-25T22:02:04+00:00
2026-09-25T17:02:06-05:00,2026-09-25T22:02:06+00:00,Puente HTTP/REST (sensor de campo -> Central),DC-ACCESO-10,True,7,23.7,2026-09-25T22:02:06+00:00
2026-09-25T17:04:05-05:00,2026-09-25T22:04:05+00:00,Puente HTTP/REST (sensor de campo -> Central),DC-ACCESO-10,False,7,24.13,2026-09-25T22:04:05+00:00
2026-09-25T17:04:07-05:00,2026-09-25T22:04:07+00:00,Puente HTTP/REST (sensor de campo -> Central),DC-ACCESO-10,False,7,23.76,2026-09-25T22:04:06+00:00
2026-09-25T17:06:05-05:00,2026-09-25T22:06:05+00:00,Puente HTTP/REST (sensor de campo -> Central),DC-ACCESO-10,False,7,23.72,2026-09-25T22:06:05+00:00
2026-09-25T17:06:07-05:00,2026-09-25T22:06:07+00:00,Puente HTTP/REST (sensor de campo -> Central),DC-ACCESO-10,True,8,24.05,2026-09-25T22:06:07+00:00
2026-09-25T17:08:05-05:00,2026-09-25T22:08:05+00:00,Puente HTTP/REST (sensor de campo -> Central),DC-ACCESO-10,False,7,24.04,2026-09-25T22:08:05+00:00
2026-09-25T17:08:07-05:00,2026-09-25T22:08:07+00:00,Puente HTTP/REST (sensor de campo -> Central),DC-ACCESO-10,True,9,24.12,2026-09-25T22:08:07+00:00
2026-09-25T17:10:06-05:00,2026-09-25T22:10:06+00:00,Puente HTTP/REST (sensor de campo -> Central),DC-ACCESO-10,False,7,23.75,2026-09-25T22:10:05+00:00
2026-09-25T17:10:07-05:00,2026-09-25T22:10:07+00:00,Puente HTTP/REST (sensor de campo -> Central),DC-ACCESO-10,False,9,23.36,2026-09-25T22:10:07+00:00
2026-09-25T17:12:06-05:00,2026-09-25T22:12:06+00:00,Puente HTTP/REST (sensor de campo -> Central),DC-ACCESO-10,False,7,24.07,2026-09-25T22:12:06+00:00
2026-09-25T17:12:08-05:00,2026-09-25T22:12:08+00:00,Puente HTTP/REST (sensor de campo -> Central),DC-ACCESO-10,False,9,24.13,2026-09-25T22:12:07+00:00
2026-09-25T17:14:06-05:00,2026-09-25T22:14:06+00:00,Puente HTTP/REST (sensor de campo -> Central),DC-ACCESO-10,False,7,23.71,2026-09-25T22:14:06+00:00
2026-09-25T17:14:08-05:00,2026-09-25T22:14:08+00:00,Puente HTTP/REST (sensor de campo -> Central),DC-ACCESO-10,False,9,23.51,2026-09-25T22:14:08+00:00
2026-09-25T17:16:06-05:00,2026-09-25T22:16:06+00:00,Puente HTTP/REST (sensor de campo -> Central),DC-ACCESO-10,False,7,23.83,2026-09-25T22:16:06+00:00
2026-09-25T17:16:08-05:00,2026-09-25T22:16:08+00:00,Puente HTTP/REST (sensor de campo -> Central),DC-ACCESO-10,False,9,23.67,2026-09-25T22:16:08+00:00
2026-09-25T17:18:06-05:00,2026-09-25T22:18:06+00:00,Puente HTTP/REST (sensor de campo -> Central),DC-ACCESO-10,False,7,23.56,2026-09-25T22:18:06+00:00
2026-09-25T17:18:08-05:00,2026-09-25T22:18:08+00:00,Puente HTTP/REST (sensor de campo -> Central),DC-ACCESO-10,False,9,23.86,2026-09-25T22:18:08+00:00
2026-09-25T17:20:07-05:00,2026-09-25T22:20:07+00:00,Puente HTTP/REST (sensor de campo -> Central),DC-ACCESO-10,False,7,23.64,2026-09-25T22:20:06+00:00
2026-09-25T17:20:09-05:00,2026-09-25T22:20:09+00:00,Puente HTTP/REST (sensor de campo -> Central),DC-ACCESO-10,False,9,23.59,2026-09-25T22:20:08+00:00
2026-09-25T17:22:07-05:00,2026-09-25T22:22:07+00:00,Puente HTTP/REST (sensor de campo -> Central),DC-ACCESO-10,False,7,23.95,2026-09-25T22:22:07+00:00
2026-09-25T17:22:09-05:00,2026-09-25T22:22:09+00:00,Puente HTTP/REST (sensor de campo -> Central),DC-ACCESO-10,False,9,23.34,2026-09-25T22:22:09+00:00
2026-09-25T17:24:07-05:00,2026-09-25T22:24:07+00:00,Puente HTTP/REST (sensor de campo -> Central),DC-ACCESO-10,False,7,23.76,2026-09-25T22:24:07+00:00
2026-09-25T17:24:09-05:00,2026-09-25T22:24:09+00:00,Puente HTTP/REST (sensor de campo -> Central),DC-ACCESO-10,True,10,24.03,2026-09-25T22:24:09+00:00
2026-09-25T17:26:07-05:00,2026-09-25T22:26:07+00:00,Puente HTTP/REST (sensor de campo -> Central),DC-ACCESO-10,False,7,23.69,2026-09-25T22:26:07+00:00
2026-09-25T17:26:09-05:00,2026-09-25T22:26:09+00:00,Puente HTTP/REST (sensor de campo -> Central),DC-ACCESO-10,False,10,23.8,2026-09-25T22:26:09+00:00
2026-09-25T17:28:08-05:00,2026-09-25T22:28:08+00:00,Puente HTTP/REST (sensor de campo -> Central),DC-ACCESO-10,False,7,23.7,2026-09-25T22:28:07+00:00
2026-09-25T17:28:10-05:00,2026-09-25T22:28:10+00:00,Puente HTTP/REST (sensor de campo -> Central),DC-ACCESO-10,True,11,24.07,2026-09-25T22:28:09+00:00
2026-09-25T17:30:08-05:00,2026-09-25T22:30:08+00:00,Puente HTTP/REST (sensor de campo -> Central),DC-ACCESO-10,False,7,23.39,2026-09-25T22:30:08+00:00
2026-09-25T17:30:11-05:00,2026-09-25T22:30:11+00:00,Puente HTTP/REST (sensor de campo -> Central),DC-ACCESO-10,False,11,23.55,2026-09-25T22:30:10+00:00
2026-09-25T17:32:08-05:00,2026-09-25T22:32:08+00:00,Puente HTTP/REST (sensor de campo -> Central),DC-ACCESO-10,False,7,23.69,2026-09-25T22:32:08+00:00
2026-09-25T17:32:11-05:00,2026-09-25T22:32:11+00:00,Puente HTTP/REST (sensor de campo -> Central),DC-ACCESO-10,False,11,23.85,2026-09-25T22:32:11+00:00
2026-09-25T17:34:09-05:00,2026-09-25T22:34:09+00:00,Puente HTTP/REST (sensor de campo -> Central),DC-ACCESO-10,False,7,23.32,2026-09-25T22:34:08+00:00
2026-09-25T17:34:11-05:00,2026-09-25T22:34:11+00:00,Puente HTTP/REST (sensor de campo -> Central),DC-ACCESO-10,False,11,23.59,2026-09-25T22:34:11+00:00
2026-09-25T17:36:09-05:00,2026-09-25T22:36:09+00:00,Puente HTTP/REST (sensor de campo -> Central),DC-ACCESO-10,False,7,23.52,2026-09-25T22:36:09+00:00
2026-09-25T17:36:13-05:00,2026-09-25T22:36:13+00:00,Puente HTTP/REST (sensor de campo -> Central),DC-ACCESO-10,True,12,23.99,2026-09-25T22:36:11+00:00
2026-09-25T17:38:09-05:00,2026-09-25T22:38:09+00:00,Puente HTTP/REST (sensor de campo -> Central),DC-ACCESO-10,False,7,23.36,2026-09-25T22:38:09+00:00
2026-09-25T17:38:13-05:00,2026-09-25T22:38:13+00:00,Puente HTTP/REST (sensor de campo -> Central),DC-ACCESO-10,False,12,23.92,2026-09-25T22:38:13+00:00
2026-09-25T17:40:09-05:00,2026-09-25T22:40:09+00:00,Puente HTTP/REST (sensor de campo -> Central),DC-ACCESO-10,False,7,24.02,2026-09-25T22:40:09+00:00
2026-09-25T17:40:14-05:00,2026-09-25T22:40:14+00:00,Puente HTTP/REST (sensor de campo -> Central),DC-ACCESO-10,False,12,23.35,2026-09-25T22:40:13+00:00
2026-09-25T17:42:10-05:00,2026-09-25T22:42:10+00:00,Puente HTTP/REST (sensor de campo -> Central),DC-ACCESO-10,False,7,23.25,2026-09-25T22:42:09+00:00
2026-09-25T17:42:14-05:00,2026-09-25T22:42:14+00:00,Puente HTTP/REST (sensor de campo -> Central),DC-ACCESO-10,False,12,23.72,2026-09-25T22:42:14+00:00
2026-09-25T17:44:10-05:00,2026-09-25T22:44:10+00:00,Puente HTTP/REST (sensor de campo -> Central),DC-ACCESO-10,False,7,23.83,2026-09-25T22:44:10+00:00
2026-09-25T17:44:14-05:00,2026-09-25T22:44:14+00:00,Puente HTTP/REST (sensor de campo -> Central),DC-ACCESO-10,False,12,23.3,2026-09-25T22:44:14+00:00
2026-09-25T17:46:10-05:00,2026-09-25T22:46:10+00:00,Puente HTTP/REST (sensor de campo -> Central),DC-ACCESO-10,False,7,23.9,2026-09-25T22:46:10+00:00
2026-09-25T17:46:14-05:00,2026-09-25T22:46:14+00:00,Puente HTTP/REST (sensor de campo -> Central),DC-ACCESO-10,False,12,23.53,2026-09-25T22:46:14+00:00
2026-09-25T17:48:11-05:00,2026-09-25T22:48:11+00:00,Puente HTTP/REST (sensor de campo -> Central),DC-ACCESO-10,False,7,23.35,2026-09-25T22:48:10+00:00
2026-09-25T17:48:15-05:00,2026-09-25T22:48:15+00:00,Puente HTTP/REST (sensor de campo -> Central),DC-ACCESO-10,False,12,23.41,2026-09-25T22:48:14+00:00
2026-09-25T17:50:11-05:00,2026-09-25T22:50:11+00:00,Puente HTTP/REST (sensor de campo -> Central),DC-ACCESO-10,True,8,23.58,2026-09-25T22:50:11+00:00
2026-09-25T17:50:15-05:00,2026-09-25T22:50:15+00:00,Puente HTTP/REST (sensor de campo -> Central),DC-ACCESO-10,False,12,23.72,2026-09-25T22:50:15+00:00
2026-09-25T17:52:11-05:00,2026-09-25T22:52:11+00:00,Puente HTTP/REST (sensor de campo -> Central),DC-ACCESO-10,False,8,23.54,2026-09-25T22:52:11+00:00
2026-09-25T17:52:15-05:00,2026-09-25T22:52:15+00:00,Puente HTTP/REST (sensor de campo -> Central),DC-ACCESO-10,False,12,23.44,2026-09-25T22:52:15+00:00
2026-09-25T17:54:11-05:00,2026-09-25T22:54:11+00:00,Puente HTTP/REST (sensor de campo -> Central),DC-ACCESO-10,False,8,23.47,2026-09-25T22:54:11+00:00
2026-09-25T17:54:15-05:00,2026-09-25T22:54:15+00:00,Puente HTTP/REST (sensor de campo -> Central),DC-ACCESO-10,False,12,23.38,2026-09-25T22:54:15+00:00
2026-09-25T17:56:12-05:00,2026-09-25T22:56:12+00:00,Puente HTTP/REST (sensor de campo -> Central),DC-ACCESO-10,False,8,23.27,2026-09-25T22:56:11+00:00
2026-09-25T17:56:16-05:00,2026-09-25T22:56:16+00:00,Puente HTTP/REST (sensor de campo -> Central),DC-ACCESO-10,True,13,23.42,2026-09-25T22:56:15+00:00
2026-09-25T17:58:12-05:00,2026-09-25T22:58:12+00:00,Puente HTTP/REST (sensor de campo -> Central),DC-ACCESO-10,True,9,23.19,2026-09-25T22:58:12+00:00
2026-09-25T17:58:16-05:00,2026-09-25T22:58:16+00:00,Puente HTTP/REST (sensor de campo -> Central),DC-ACCESO-10,False,13,23.28,2026-09-25T22:58:16+00:00
2026-09-25T18:00:12-05:00,2026-09-25T23:00:12+00:00,Puente HTTP/REST (sensor de campo -> Central),DC-ACCESO-10,False,9,23.3,2026-09-25T23:00:12+00:00
2026-09-25T18:00:17-05:00,2026-09-25T23:00:17+00:00,Puente HTTP/REST (sensor de campo -> Central),DC-ACCESO-10,True,14,23.56,2026-09-25T23:00:16+00:00
2026-09-25T18:02:12-05:00,2026-09-25T23:02:12+00:00,Puente HTTP/REST (sensor de campo -> Central),DC-ACCESO-10,False,9,23.52,2026-09-25T23:02:12+00:00
2026-09-25T18:02:17-05:00,2026-09-25T23:02:17+00:00,Puente HTTP/REST (sensor de campo -> Central),DC-ACCESO-10,False,14,23.41,2026-09-25T23:02:17+00:00
2026-09-25T18:04:13-05:00,2026-09-25T23:04:13+00:00,Puente HTTP/REST (sensor de campo -> Central),DC-ACCESO-10,True,10,23.68,2026-09-25T23:04:12+00:00
2026-09-25T18:04:17-05:00,2026-09-25T23:04:17+00:00,Puente HTTP/REST (sensor de campo -> Central),DC-ACCESO-10,False,14,23.72,2026-09-25T23:04:17+00:00
2026-09-25T18:06:13-05:00,2026-09-25T23:06:13+00:00,Puente HTTP/REST (sensor de campo -> Central),DC-ACCESO-10,True,11,23.5,2026-09-25T23:06:13+00:00
2026-09-25T18:06:18-05:00,2026-09-25T23:06:18+00:00,Puente HTTP/REST (sensor de campo -> Central),DC-ACCESO-10,False,14,23.19,2026-09-25T23:06:17+00:00
2026-09-25T18:08:14-05:00,2026-09-25T23:08:14+00:00,Puente HTTP/REST (sensor de campo -> Central),DC-ACCESO-10,False,11,23.61,2026-09-25T23:08:13+00:00
2026-09-25T18:08:18-05:00,2026-09-25T23:08:18+00:00,Puente HTTP/REST (sensor de campo -> Central),DC-ACCESO-10,False,14,23.17,2026-09-25T23:08:18+00:00
2026-09-25T18:10:15-05:00,2026-09-25T23:10:15+00:00,Puente HTTP/REST (sensor de campo -> Central),DC-ACCESO-10,False,11,23.78,2026-09-25T23:10:14+00:00
2026-09-25T18:10:18-05:00,2026-09-25T23:10:18+00:00,Puente HTTP/REST (sensor de campo -> Central),DC-ACCESO-10,False,14,23.46,2026-09-25T23:10:18+00:00
2026-09-25T18:12:16-05:00,2026-09-25T23:12:16+00:00,Puente HTTP/REST (sensor de campo -> Central),DC-ACCESO-10,False,11,23.24,2026-09-25T23:12:15+00:00
2026-09-25T18:12:18-05:00,2026-09-25T23:12:18+00:00,Puente HTTP/REST (sensor de campo -> Central),DC-ACCESO-10,False,14,23.32,2026-09-25T23:12:18+00:00
2026-09-25T18:14:16-05:00,2026-09-25T23:14:16+00:00,Puente HTTP/REST (sensor de campo -> Central),DC-ACCESO-10,False,11,23.53,2026-09-25T23:14:16+00:00
2026-09-25T18:14:18-05:00,2026-09-25T23:14:18+00:00,Puente HTTP/REST (sensor de campo -> Central),DC-ACCESO-10,False,14,23.77,2026-09-25T23:14:18+00:00
2026-09-25T18:16:16-05:00,2026-09-25T23:16:16+00:00,Puente HTTP/REST (sensor de campo -> Central),DC-ACCESO-10,False,11,23.82,2026-09-25T23:16:16+00:00
2026-09-25T18:16:19-05:00,2026-09-25T23:16:19+00:00,Puente HTTP/REST (sensor de campo -> Central),DC-ACCESO-10,False,14,23.56,2026-09-25T23:16:18+00:00
2026-09-25T18:18:17-05:00,2026-09-25T23:18:17+00:00,Puente HTTP/REST (sensor de campo -> Central),DC-ACCESO-10,False,11,23.6,2026-09-25T23:18:16+00:00
2026-09-25T18:18:19-05:00,2026-09-25T23:18:19+00:00,Puente HTTP/REST (sensor de campo -> Central),DC-ACCESO-10,False,14,23.84,2026-09-25T23:18:19+00:00
2026-09-25T18:20:17-05:00,2026-09-25T23:20:17+00:00,Puente HTTP/REST (sensor de campo -> Central),DC-ACCESO-10,False,11,23.34,2026-09-25T23:20:17+00:00
2026-09-25T18:20:20-05:00,2026-09-25T23:20:20+00:00,Puente HTTP/REST (sensor de campo -> Central),DC-ACCESO-10,True,15,23.63,2026-09-25T23:20:19+00:00
2026-09-25T18:22:18-05:00,2026-09-25T23:22:18+00:00,Puente HTTP/REST (sensor de campo -> Central),DC-ACCESO-10,False,11,23.59,2026-09-25T23:22:17+00:00
2026-09-25T18:22:20-05:00,2026-09-25T23:22:20+00:00,Puente HTTP/REST (sensor de campo -> Central),DC-ACCESO-10,False,15,23.15,2026-09-25T23:22:20+00:00
2026-09-25T18:24:18-05:00,2026-09-25T23:24:18+00:00,Puente HTTP/REST (sensor de campo -> Central),DC-ACCESO-10,False,11,23.35,2026-09-25T23:24:18+00:00
2026-09-25T18:24:20-05:00,2026-09-25T23:24:20+00:00,Puente HTTP/REST (sensor de campo -> Central),DC-ACCESO-10,False,15,23.23,2026-09-25T23:24:20+00:00
2026-09-25T18:26:18-05:00,2026-09-25T23:26:18+00:00,Puente HTTP/REST (sensor de campo -> Central),DC-ACCESO-10,False,11,23.07,2026-09-25T23:26:18+00:00
2026-09-25T18:26:20-05:00,2026-09-25T23:26:20+00:00,Puente HTTP/REST (sensor de campo -> Central),DC-ACCESO-10,False,15,23.06,2026-09-25T23:26:20+00:00
2026-09-25T18:28:18-05:00,2026-09-25T23:28:18+00:00,Puente HTTP/REST (sensor de campo -> Central),DC-ACCESO-10,False,11,23.0,2026-09-25T23:28:18+00:00
2026-09-25T18:28:20-05:00,2026-09-25T23:28:20+00:00,Puente HTTP/REST (sensor de campo -> Central),DC-ACCESO-10,False,15,23.02,2026-09-25T23:28:20+00:00
2026-09-25T18:30:19-05:00,2026-09-25T23:30:19+00:00,Puente HTTP/REST (sensor de campo -> Central),DC-ACCESO-10,False,11,23.21,2026-09-25T23:30:18+00:00
2026-09-25T18:30:21-05:00,2026-09-25T23:30:21+00:00,Puente HTTP/REST (sensor de campo -> Central),DC-ACCESO-10,False,15,23.4,2026-09-25T23:30:20+00:00
2026-09-25T18:32:19-05:00,2026-09-25T23:32:19+00:00,Puente HTTP/REST (sensor de campo -> Central),DC-ACCESO-10,False,11,23.55,2026-09-25T23:32:19+00:00
2026-09-25T18:32:21-05:00,2026-09-25T23:32:21+00:00,Puente HTTP/REST (sensor de campo -> Central),DC-ACCESO-10,False,15,23.28,2026-09-25T23:32:21+00:00
2026-09-25T18:34:19-05:00,2026-09-25T23:34:19+00:00,Puente HTTP/REST (sensor de campo -> Central),DC-ACCESO-10,False,11,23.62,2026-09-25T23:34:19+00:00
2026-09-25T18:34:21-05:00,2026-09-25T23:34:21+00:00,Puente HTTP/REST (sensor de campo -> Central),DC-ACCESO-10,False,15,23.62,2026-09-25T23:34:21+00:00
2026-09-25T18:36:19-05:00,2026-09-25T23:36:19+00:00,Puente HTTP/REST (sensor de campo -> Central),DC-ACCESO-10,False,11,23.22,2026-09-25T23:36:19+00:00
2026-09-25T18:36:21-05:00,2026-09-25T23:36:21+00:00,Puente HTTP/REST (sensor de campo -> Central),DC-ACCESO-10,False,15,23.66,2026-09-25T23:36:21+00:00
2026-09-25T18:38:19-05:00,2026-09-25T23:38:19+00:00,Puente HTTP/REST (sensor de campo -> Central),DC-ACCESO-10,False,11,23.25,2026-09-25T23:38:19+00:00
2026-09-25T18:38:21-05:00,2026-09-25T23:38:21+00:00,Puente HTTP/REST (sensor de campo -> Central),DC-ACCESO-10,False,15,23.09,2026-09-25T23:38:21+00:00
2026-09-25T18:40:20-05:00,2026-09-25T23:40:20+00:00,Puente HTTP/REST (sensor de campo -> Central),DC-ACCESO-10,False,11,23.26,2026-09-25T23:40:19+00:00
2026-09-25T18:40:22-05:00,2026-09-25T23:40:22+00:00,Puente HTTP/REST (sensor de campo -> Central),DC-ACCESO-10,False,15,22.94,2026-09-25T23:40:21+00:00
2026-09-25T18:42:20-05:00,2026-09-25T23:42:20+00:00,Puente HTTP/REST (sensor de campo -> Central),DC-ACCESO-10,False,11,23.05,2026-09-25T23:42:20+00:00
2026-09-25T18:42:22-05:00,2026-09-25T23:42:22+00:00,Puente HTTP/REST (sensor de campo -> Central),DC-ACCESO-10,False,15,23.01,2026-09-25T23:42:22+00:00
2026-09-25T18:44:20-05:00,2026-09-25T23:44:20+00:00,Puente HTTP/REST (sensor de campo -> Central),DC-ACCESO-10,False,11,23.03,2026-09-25T23:44:20+00:00
2026-09-25T18:44:22-05:00,2026-09-25T23:44:22+00:00,Puente HTTP/REST (sensor de campo -> Central),DC-ACCESO-10,False,15,23.42,2026-09-25T23:44:22+00:00
2026-09-25T18:46:20-05:00,2026-09-25T23:46:20+00:00,Puente HTTP/REST (sensor de campo -> Central),DC-ACCESO-10,False,11,23.43,2026-09-25T23:46:20+00:00
2026-09-25T18:46:22-05:00,2026-09-25T23:46:22+00:00,Puente HTTP/REST (sensor de campo -> Central),DC-ACCESO-10,False,15,23.34,2026-09-25T23:46:22+00:00
2026-09-25T18:48:21-05:00,2026-09-25T23:48:21+00:00,Puente HTTP/REST (sensor de campo -> Central),DC-ACCESO-10,False,11,23.34,2026-09-25T23:48:20+00:00
2026-09-25T18:48:22-05:00,2026-09-25T23:48:22+00:00,Puente HTTP/REST (sensor de campo -> Central),DC-ACCESO-10,False,15,23.27,2026-09-25T23:48:22+00:00
2026-09-25T18:50:21-05:00,2026-09-25T23:50:21+00:00,Puente HTTP/REST (sensor de campo -> Central),DC-ACCESO-10,False,11,23.5,2026-09-25T23:50:21+00:00
2026-09-25T18:50:23-05:00,2026-09-25T23:50:23+00:00,Puente HTTP/REST (sensor de campo -> Central),DC-ACCESO-10,False,15,22.94,2026-09-25T23:50:22+00:00
2026-09-25T18:52:21-05:00,2026-09-25T23:52:21+00:00,Puente HTTP/REST (sensor de campo -> Central),DC-ACCESO-10,False,11,23.41,2026-09-25T23:52:21+00:00
2026-09-25T18:52:23-05:00,2026-09-25T23:52:23+00:00,Puente HTTP/REST (sensor de campo -> Central),DC-ACCESO-10,False,15,22.88,2026-09-25T23:52:23+00:00
2026-09-25T18:54:21-05:00,2026-09-25T23:54:21+00:00,Puente HTTP/REST (sensor de campo -> Central),DC-ACCESO-10,False,11,22.96,2026-09-25T23:54:21+00:00
2026-09-25T18:54:23-05:00,2026-09-25T23:54:23+00:00,Puente HTTP/REST (sensor de campo -> Central),DC-ACCESO-10,False,15,23.54,2026-09-25T23:54:23+00:00
2026-09-25T18:56:21-05:00,2026-09-25T23:56:21+00:00,Puente HTTP/REST (sensor de campo -> Central),DC-ACCESO-10,False,11,22.87,2026-09-25T23:56:21+00:00
2026-09-25T18:56:23-05:00,2026-09-25T23:56:23+00:00,Puente HTTP/REST (sensor de campo -> Central),DC-ACCESO-10,False,15,23.02,2026-09-25T23:56:23+00:00
2026-09-25T18:58:22-05:00,2026-09-25T23:58:22+00:00,Puente HTTP/REST (sensor de campo -> Central),DC-ACCESO-10,False,11,23.51,2026-09-25T23:58:21+00:00
2026-09-25T18:58:23-05:00,2026-09-25T23:58:23+00:00,Puente HTTP/REST (sensor de campo -> Central),DC-ACCESO-10,False,15,23.03,2026-09-25T23:58:23+00:00
2026-09-25T19:12:11-05:00,2026-09-26T00:12:11+00:00,Puente HTTP/REST (sensor de campo -> Central),DC-ACCESO-10,False,0,22.79,2026-09-26T00:12:11+00:00
2026-09-25T19:13:21-05:00,2026-09-26T00:13:21+00:00,Puente HTTP/REST (sensor de campo -> Central),DC-ACCESO-10,False,0,23.25,2026-09-26T00:13:21+00:00
2026-09-25T19:14:12-05:00,2026-09-26T00:14:12+00:00,Puente HTTP/REST (sensor de campo -> Central),DC-ACCESO-10,False,0,23.32,2026-09-26T00:14:12+00:00
2026-09-25T19:15:21-05:00,2026-09-26T00:15:21+00:00,Puente HTTP/REST (sensor de campo -> Central),DC-ACCESO-10,False,0,23.19,2026-09-26T00:15:21+00:00
2026-09-25T19:16:14-05:00,2026-09-26T00:16:14+00:00,Puente HTTP/REST (sensor de campo -> Central),DC-ACCESO-10,False,0,22.86,2026-09-26T00:16:13+00:00
2026-09-25T19:17:25-05:00,2026-09-26T00:17:25+00:00,Puente HTTP/REST (sensor de campo -> Central),DC-ACCESO-10,False,0,23.13,2026-09-26T00:17:25+00:00
2026-09-25T19:18:14-05:00,2026-09-26T00:18:14+00:00,Puente HTTP/REST (sensor de campo -> Central),DC-ACCESO-10,False,0,22.98,2026-09-26T00:18:14+00:00
2026-09-25T19:19:26-05:00,2026-09-26T00:19:26+00:00,Puente HTTP/REST (sensor de campo -> Central),DC-ACCESO-10,False,0,22.78,2026-09-26T00:19:26+00:00
2026-09-25T19:20:15-05:00,2026-09-26T00:20:15+00:00,Puente HTTP/REST (sensor de campo -> Central),DC-ACCESO-10,False,0,22.87,2026-09-26T00:20:14+00:00
2026-09-25T19:21:27-05:00,2026-09-26T00:21:27+00:00,Puente HTTP/REST (sensor de campo -> Central),DC-ACCESO-10,False,0,23.06,2026-09-26T00:21:26+00:00
2026-09-25T19:22:15-05:00,2026-09-26T00:22:15+00:00,Puente HTTP/REST (sensor de campo -> Central),DC-ACCESO-10,False,0,23.06,2026-09-26T00:22:15+00:00
2026-09-25T19:23:27-05:00,2026-09-26T00:23:27+00:00,Puente HTTP/REST (sensor de campo -> Central),DC-ACCESO-10,False,0,22.66,2026-09-26T00:23:27+00:00
2026-09-25T19:24:16-05:00,2026-09-26T00:24:16+00:00,Puente HTTP/REST (sensor de campo -> Central),DC-ACCESO-10,False,0,23.16,2026-09-26T00:24:16+00:00
2026-09-25T19:25:27-05:00,2026-09-26T00:25:27+00:00,Puente HTTP/REST (sensor de campo -> Central),DC-ACCESO-10,False,0,22.67,2026-09-26T00:25:27+00:00
2026-09-25T19:26:16-05:00,2026-09-26T00:26:16+00:00,Puente HTTP/REST (sensor de campo -> Central),DC-ACCESO-10,False,0,23.18,2026-09-26T00:26:16+00:00
2026-09-25T19:27:29-05:00,2026-09-26T00:27:29+00:00,Puente HTTP/REST (sensor de campo -> Central),DC-ACCESO-10,False,0,22.82,2026-09-26T00:27:28+00:00
2026-09-25T19:28:17-05:00,2026-09-26T00:28:17+00:00,Puente HTTP/REST (sensor de campo -> Central),DC-ACCESO-10,False,0,23.13,2026-09-26T00:28:17+00:00
2026-09-25T19:29:29-05:00,2026-09-26T00:29:29+00:00,Puente HTTP/REST (sensor de campo -> Central),DC-ACCESO-10,False,0,23.13,2026-09-26T00:29:29+00:00
2026-09-25T19:30:18-05:00,2026-09-26T00:30:18+00:00,Puente HTTP/REST (sensor de campo -> Central),DC-ACCESO-10,False,0,23.12,2026-09-26T00:30:18+00:00
2026-09-25T19:31:29-05:00,2026-09-26T00:31:29+00:00,Puente HTTP/REST (sensor de campo -> Central),DC-ACCESO-10,False,0,22.97,2026-09-26T00:31:29+00:00
2026-09-25T19:32:19-05:00,2026-09-26T00:32:19+00:00,Puente HTTP/REST (sensor de campo -> Central),DC-ACCESO-10,False,0,22.7,2026-09-26T00:32:18+00:00
2026-09-25T19:33:30-05:00,2026-09-26T00:33:30+00:00,Puente HTTP/REST (sensor de campo -> Central),DC-ACCESO-10,False,0,22.74,2026-09-26T00:33:30+00:00
2026-09-25T19:34:20-05:00,2026-09-26T00:34:20+00:00,Puente HTTP/REST (sensor de campo -> Central),DC-ACCESO-10,False,0,22.99,2026-09-26T00:34:19+00:00
2026-09-25T19:35:30-05:00,2026-09-26T00:35:30+00:00,Puente HTTP/REST (sensor de campo -> Central),DC-ACCESO-10,False,0,22.6,2026-09-26T00:35:30+00:00
2026-09-25T19:36:20-05:00,2026-09-26T00:36:20+00:00,Puente HTTP/REST (sensor de campo -> Central),DC-ACCESO-10,False,0,23.35,2026-09-26T00:36:20+00:00
2026-09-25T19:37:32-05:00,2026-09-26T00:37:32+00:00,Puente HTTP/REST (sensor de campo -> Central),DC-ACCESO-10,False,0,23.22,2026-09-26T00:37:31+00:00
2026-09-25T19:38:22-05:00,2026-09-26T00:38:22+00:00,Puente HTTP/REST (sensor de campo -> Central),DC-ACCESO-10,False,0,23.25,2026-09-26T00:38:20+00:00
2026-09-25T19:39:34-05:00,2026-09-26T00:39:34+00:00,Puente HTTP/REST (sensor de campo -> Central),DC-ACCESO-10,False,0,22.68,2026-09-26T00:39:32+00:00
2026-09-25T19:40:22-05:00,2026-09-26T00:40:22+00:00,Puente HTTP/REST (sensor de campo -> Central),DC-ACCESO-10,False,0,23.07,2026-09-26T00:40:22+00:00
2026-09-25T19:41:40-05:00,2026-09-26T00:41:40+00:00,Puente HTTP/REST (sensor de campo -> Central),DC-ACCESO-10,False,0,23.14,2026-09-26T00:41:40+00:00
2026-09-25T19:42:24-05:00,2026-09-26T00:42:24+00:00,Puente HTTP/REST (sensor de campo -> Central),DC-ACCESO-10,False,0,22.78,2026-09-26T00:42:23+00:00
2026-09-25T19:43:42-05:00,2026-09-26T00:43:42+00:00,Puente HTTP/REST (sensor de campo -> Central),DC-ACCESO-10,False,0,22.53,2026-09-26T00:43:41+00:00
2026-09-25T19:44:25-05:00,2026-09-26T00:44:25+00:00,Puente HTTP/REST (sensor de campo -> Central),DC-ACCESO-10,False,0,22.75,2026-09-26T00:44:24+00:00
2026-09-25T19:45:42-05:00,2026-09-26T00:45:42+00:00,Puente HTTP/REST (sensor de campo -> Central),DC-ACCESO-10,False,0,22.59,2026-09-26T00:45:42+00:00
2026-09-25T19:46:26-05:00,2026-09-26T00:46:26+00:00,Puente HTTP/REST (sensor de campo -> Central),DC-ACCESO-10,False,0,23.29,2026-09-26T00:46:25+00:00
2026-09-25T19:47:43-05:00,2026-09-26T00:47:43+00:00,Puente HTTP/REST (sensor de campo -> Central),DC-ACCESO-10,False,0,22.86,2026-09-26T00:47:42+00:00
2026-09-25T19:48:28-05:00,2026-09-26T00:48:28+00:00,Puente HTTP/REST (sensor de campo -> Central),DC-ACCESO-10,False,0,22.99,2026-09-26T00:48:26+00:00
2026-09-25T19:49:44-05:00,2026-09-26T00:49:44+00:00,Puente HTTP/REST (sensor de campo -> Central),DC-ACCESO-10,False,0,22.77,2026-09-26T00:49:43+00:00
2026-09-25T19:50:28-05:00,2026-09-26T00:50:28+00:00,Puente HTTP/REST (sensor de campo -> Central),DC-ACCESO-10,False,0,22.73,2026-09-26T00:50:28+00:00
2026-09-25T19:51:44-05:00,2026-09-26T00:51:44+00:00,Puente HTTP/REST (sensor de campo -> Central),DC-ACCESO-10,False,0,22.52,2026-09-26T00:51:44+00:00
2026-09-25T19:52:28-05:00,2026-09-26T00:52:28+00:00,Puente HTTP/REST (sensor de campo -> Central),DC-ACCESO-10,False,0,22.49,2026-09-26T00:52:28+00:00
2026-09-25T19:53:46-05:00,2026-09-26T00:53:46+00:00,Puente HTTP/REST (sensor de campo -> Central),DC-ACCESO-10,False,0,23.13,2026-09-26T00:53:45+00:00
2026-09-25T19:54:29-05:00,2026-09-26T00:54:29+00:00,Puente HTTP/REST (sensor de campo -> Central),DC-ACCESO-10,False,0,22.87,2026-09-26T00:54:28+00:00
2026-09-25T19:55:47-05:00,2026-09-26T00:55:47+00:00,Puente HTTP/REST (sensor de campo -> Central),DC-ACCESO-10,False,0,22.6,2026-09-26T00:55:46+00:00
2026-09-25T19:56:30-05:00,2026-09-26T00:56:30+00:00,Puente HTTP/REST (sensor de campo -> Central),DC-ACCESO-10,False,0,22.92,2026-09-26T00:56:29+00:00
2026-09-25T19:57:47-05:00,2026-09-26T00:57:47+00:00,Puente HTTP/REST (sensor de campo -> Central),DC-ACCESO-10,False,0,22.52,2026-09-26T00:57:47+00:00
2026-09-25T19:58:30-05:00,2026-09-26T00:58:30+00:00,Puente HTTP/REST (sensor de campo -> Central),DC-ACCESO-10,False,0,22.69,2026-09-26T00:58:30+00:00
2026-09-25T19:59:48-05:00,2026-09-26T00:59:48+00:00,Puente HTTP/REST (sensor de campo -> Central),DC-ACCESO-10,False,0,22.53,2026-09-26T00:59:48+00:00
2026-09-25T20:00:30-05:00,2026-09-26T01:00:30+00:00,Puente HTTP/REST (sensor de campo -> Central),DC-ACCESO-10,False,0,22.59,2026-09-26T01:00:30+00:00
2026-09-25T20:01:48-05:00,2026-09-26T01:01:48+00:00,Puente HTTP/REST (sensor de campo -> Central),DC-ACCESO-10,False,0,22.75,2026-09-26T01:01:48+00:00
2026-09-25T20:02:30-05:00,2026-09-26T01:02:30+00:00,Puente HTTP/REST (sensor de campo -> Central),DC-ACCESO-10,False,0,22.66,2026-09-26T01:02:30+00:00
2026-09-25T20:03:48-05:00,2026-09-26T01:03:48+00:00,Puente HTTP/REST (sensor de campo -> Central),DC-ACCESO-10,False,0,23.11,2026-09-26T01:03:48+00:00
2026-09-25T20:04:30-05:00,2026-09-26T01:04:30+00:00,Puente HTTP/REST (sensor de campo -> Central),DC-ACCESO-10,False,0,22.7,2026-09-26T01:04:30+00:00
2026-09-25T20:05:49-05:00,2026-09-26T01:05:49+00:00,Puente HTTP/REST (sensor de campo -> Central),DC-ACCESO-10,False,0,22.94,2026-09-26T01:05:48+00:00
2026-09-25T20:06:31-05:00,2026-09-26T01:06:31+00:00,Puente HTTP/REST (sensor de campo -> Central),DC-ACCESO-10,False,0,22.82,2026-09-26T01:06:30+00:00
2026-09-25T20:07:49-05:00,2026-09-26T01:07:49+00:00,Puente HTTP/REST (sensor de campo -> Central),DC-ACCESO-10,False,0,22.99,2026-09-26T01:07:49+00:00
2026-09-25T20:08:31-05:00,2026-09-26T01:08:31+00:00,Puente HTTP/REST (sensor de campo -> Central),DC-ACCESO-10,False,0,23.16,2026-09-26T01:08:31+00:00
2026-09-25T20:09:49-05:00,2026-09-26T01:09:49+00:00,Puente HTTP/REST (sensor de campo -> Central),DC-ACCESO-10,False,0,23.11,2026-09-26T01:09:49+00:00
2026-09-25T20:10:31-05:00,2026-09-26T01:10:31+00:00,Puente HTTP/REST (sensor de campo -> Central),DC-ACCESO-10,False,0,22.98,2026-09-26T01:10:31+00:00
2026-09-25T20:11:49-05:00,2026-09-26T01:11:49+00:00,Puente HTTP/REST (sensor de campo -> Central),DC-ACCESO-10,False,0,22.42,2026-09-26T01:11:49+00:00
2026-09-25T20:12:31-05:00,2026-09-26T01:12:31+00:00,Puente HTTP/REST (sensor de campo -> Central),DC-ACCESO-10,False,0,22.36,2026-09-26T01:12:31+00:00
2026-09-25T20:13:49-05:00,2026-09-26T01:13:49+00:00,Puente HTTP/REST (sensor de campo -> Central),DC-ACCESO-10,False,0,22.4,2026-09-26T01:13:49+00:00
2026-09-25T20:14:31-05:00,2026-09-26T01:14:31+00:00,Puente HTTP/REST (sensor de campo -> Central),DC-ACCESO-10,False,0,22.46,2026-09-26T01:14:31+00:00
2026-09-25T20:15:50-05:00,2026-09-26T01:15:50+00:00,Puente HTTP/REST (sensor de campo -> Central),DC-ACCESO-10,False,0,22.62,2026-09-26T01:15:49+00:00
2026-09-25T20:16:32-05:00,2026-09-26T01:16:32+00:00,Puente HTTP/REST (sensor de campo -> Central),DC-ACCESO-10,False,0,22.88,2026-09-26T01:16:31+00:00
2026-09-25T20:17:50-05:00,2026-09-26T01:17:50+00:00,Puente HTTP/REST (sensor de campo -> Central),DC-ACCESO-10,False,0,22.4,2026-09-26T01:17:50+00:00
2026-09-25T20:18:32-05:00,2026-09-26T01:18:32+00:00,Puente HTTP/REST (sensor de campo -> Central),DC-ACCESO-10,False,0,22.88,2026-09-26T01:18:32+00:00
2026-09-25T20:19:50-05:00,2026-09-26T01:19:50+00:00,Puente HTTP/REST (sensor de campo -> Central),DC-ACCESO-10,False,0,22.85,2026-09-26T01:19:50+00:00
2026-09-25T20:20:32-05:00,2026-09-26T01:20:32+00:00,Puente HTTP/REST (sensor de campo -> Central),DC-ACCESO-10,False,0,22.93,2026-09-26T01:20:32+00:00
2026-09-25T20:21:50-05:00,2026-09-26T01:21:50+00:00,Puente HTTP/REST (sensor de campo -> Central),DC-ACCESO-10,False,0,22.32,2026-09-26T01:21:50+00:00
2026-09-25T20:22:32-05:00,2026-09-26T01:22:32+00:00,Puente HTTP/REST (sensor de campo -> Central),DC-ACCESO-10,False,0,23.05,2026-09-26T01:22:32+00:00
2026-09-25T20:23:51-05:00,2026-09-26T01:23:51+00:00,Puente HTTP/REST (sensor de campo -> Central),DC-ACCESO-10,False,0,22.65,2026-09-26T01:23:50+00:00
2026-09-25T20:24:33-05:00,2026-09-26T01:24:33+00:00,Puente HTTP/REST (sensor de campo -> Central),DC-ACCESO-10,False,0,22.97,2026-09-26T01:24:32+00:00
2026-09-25T20:25:51-05:00,2026-09-26T01:25:51+00:00,Puente HTTP/REST (sensor de campo -> Central),DC-ACCESO-10,False,0,22.87,2026-09-26T01:25:51+00:00
2026-09-25T20:26:34-05:00,2026-09-26T01:26:34+00:00,Puente HTTP/REST (sensor de campo -> Central),DC-ACCESO-10,False,0,22.33,2026-09-26T01:26:33+00:00
2026-09-25T20:27:51-05:00,2026-09-26T01:27:51+00:00,Puente HTTP/REST (sensor de campo -> Central),DC-ACCESO-10,False,0,22.65,2026-09-26T01:27:51+00:00
2026-09-25T20:28:34-05:00,2026-09-26T01:28:34+00:00,Puente HTTP/REST (sensor de campo -> Central),DC-ACCESO-10,False,0,22.23,2026-09-26T01:28:34+00:00
2026-09-25T20:29:51-05:00,2026-09-26T01:29:51+00:00,Puente HTTP/REST (sensor de campo -> Central),DC-ACCESO-10,False,0,22.29,2026-09-26T01:29:51+00:00
2026-09-25T20:30:34-05:00,2026-09-26T01:30:34+00:00,Puente HTTP/REST (sensor de campo -> Central),DC-ACCESO-10,False,0,22.32,2026-09-26T01:30:34+00:00
2026-09-25T20:31:52-05:00,2026-09-26T01:31:52+00:00,Puente HTTP/REST (sensor de campo -> Central),DC-ACCESO-10,False,0,22.37,2026-09-26T01:31:51+00:00
2026-09-25T20:32:35-05:00,2026-09-26T01:32:35+00:00,Puente HTTP/REST (sensor de campo -> Central),DC-ACCESO-10,False,0,22.2,2026-09-26T01:32:34+00:00
2026-09-25T20:33:52-05:00,2026-09-26T01:33:52+00:00,Puente HTTP/REST (sensor de campo -> Central),DC-ACCESO-10,False,0,22.72,2026-09-26T01:33:52+00:00
2026-09-25T20:34:35-05:00,2026-09-26T01:34:35+00:00,Puente HTTP/REST (sensor de campo -> Central),DC-ACCESO-10,False,0,22.89,2026-09-26T01:34:35+00:00
2026-09-25T20:35:52-05:00,2026-09-26T01:35:52+00:00,Puente HTTP/REST (sensor de campo -> Central),DC-ACCESO-10,False,0,22.57,2026-09-26T01:35:52+00:00
2026-09-25T20:36:35-05:00,2026-09-26T01:36:35+00:00,Puente HTTP/REST (sensor de campo -> Central),DC-ACCESO-10,False,0,22.61,2026-09-26T01:36:35+00:00
2026-09-25T20:37:52-05:00,2026-09-26T01:37:52+00:00,Puente HTTP/REST (sensor de campo -> Central),DC-ACCESO-10,False,0,22.36,2026-09-26T01:37:52+00:00
2026-09-25T20:38:35-05:00,2026-09-26T01:38:35+00:00,Puente HTTP/REST (sensor de campo -> Central),DC-ACCESO-10,False,0,22.28,2026-09-26T01:38:35+00:00
2026-09-25T20:39:53-05:00,2026-09-26T01:39:53+00:00,Puente HTTP/REST (sensor de campo -> Central),DC-ACCESO-10,False,0,22.59,2026-09-26T01:39:53+00:00
2026-09-25T20:40:36-05:00,2026-09-26T01:40:36+00:00,Puente HTTP/REST (sensor de campo -> Central),DC-ACCESO-10,False,0,22.59,2026-09-26T01:40:35+00:00
2026-09-25T20:41:53-05:00,2026-09-26T01:41:53+00:00,Puente HTTP/REST (sensor de campo -> Central),DC-ACCESO-10,False,0,22.34,2026-09-26T01:41:53+00:00
2026-09-25T20:42:36-05:00,2026-09-26T01:42:36+00:00,Puente HTTP/REST (sensor de campo -> Central),DC-ACCESO-10,False,0,22.22,2026-09-26T01:42:36+00:00
2026-09-25T20:43:53-05:00,2026-09-26T01:43:53+00:00,Puente HTTP/REST (sensor de campo -> Central),DC-ACCESO-10,False,0,22.64,2026-09-26T01:43:53+00:00
2026-09-25T20:44:36-05:00,2026-09-26T01:44:36+00:00,Puente HTTP/REST (sensor de campo -> Central),DC-ACCESO-10,False,0,22.87,2026-09-26T01:44:36+00:00
2026-09-25T20:45:54-05:00,2026-09-26T01:45:54+00:00,Puente HTTP/REST (sensor de campo -> Central),DC-ACCESO-10,False,0,22.45,2026-09-26T01:45:53+00:00
2026-09-25T20:46:36-05:00,2026-09-26T01:46:36+00:00,Puente HTTP/REST (sensor de campo -> Central),DC-ACCESO-10,False,0,22.38,2026-09-26T01:46:36+00:00
2026-09-25T20:47:54-05:00,2026-09-26T01:47:54+00:00,Puente HTTP/REST (sensor de campo -> Central),DC-ACCESO-10,False,0,22.28,2026-09-26T01:47:54+00:00
2026-09-25T20:48:36-05:00,2026-09-26T01:48:36+00:00,Puente HTTP/REST (sensor de campo -> Central),DC-ACCESO-10,False,0,22.55,2026-09-26T01:48:36+00:00
2026-09-25T20:49:54-05:00,2026-09-26T01:49:54+00:00,Puente HTTP/REST (sensor de campo -> Central),DC-ACCESO-10,False,0,22.2,2026-09-26T01:49:54+00:00
2026-09-25T20:50:37-05:00,2026-09-26T01:50:37+00:00,Puente HTTP/REST (sensor de campo -> Central),DC-ACCESO-10,False,0,22.11,2026-09-26T01:50:36+00:00
2026-09-25T20:51:54-05:00,2026-09-26T01:51:54+00:00,Puente HTTP/REST (sensor de campo -> Central),DC-ACCESO-10,False,0,22.59,2026-09-26T01:51:54+00:00
2026-09-25T20:52:37-05:00,2026-09-26T01:52:37+00:00,Puente HTTP/REST (sensor de campo -> Central),DC-ACCESO-10,False,0,22.83,2026-09-26T01:52:37+00:00
2026-09-25T20:53:55-05:00,2026-09-26T01:53:55+00:00,Puente HTTP/REST (sensor de campo -> Central),DC-ACCESO-10,False,0,22.58,2026-09-26T01:53:54+00:00
2026-09-25T20:54:37-05:00,2026-09-26T01:54:37+00:00,Puente HTTP/REST (sensor de campo -> Central),DC-ACCESO-10,False,0,22.63,2026-09-26T01:54:37+00:00
2026-09-25T20:55:55-05:00,2026-09-26T01:55:55+00:00,Puente HTTP/REST (sensor de campo -> Central),DC-ACCESO-10,False,0,22.51,2026-09-26T01:55:55+00:00
2026-09-25T20:56:37-05:00,2026-09-26T01:56:37+00:00,Puente HTTP/REST (sensor de campo -> Central),DC-ACCESO-10,False,0,22.68,2026-09-26T01:56:37+00:00
2026-09-25T20:57:55-05:00,2026-09-26T01:57:55+00:00,Puente HTTP/REST (sensor de campo -> Central),DC-ACCESO-10,False,0,22.32,2026-09-26T01:57:55+00:00
2026-09-25T20:58:37-05:00,2026-09-26T01:58:37+00:00,Puente HTTP/REST (sensor de campo -> Central),DC-ACCESO-10,False,0,22.81,2026-09-26T01:58:37+00:00
2026-09-25T20:59:55-05:00,2026-09-26T01:59:55+00:00,Puente HTTP/REST (sensor de campo -> Central),DC-ACCESO-10,False,0,22.51,2026-09-26T01:59:55+00:00
2026-09-25T21:00:38-05:00,2026-09-26T02:00:38+00:00,Puente HTTP/REST (sensor de campo -> Central),DC-ACCESO-10,False,0,22.71,2026-09-26T02:00:38+00:00
2026-09-25T21:02:42-05:00,2026-09-26T02:02:42+00:00,Puente HTTP/REST (sensor de campo -> Central),DC-ACCESO-10,False,0,22.69,2026-09-26T02:02:38+00:00
2026-09-25T21:04:26-05:00,2026-09-26T02:04:26+00:00,Puente HTTP/REST (sensor de campo -> Central),DC-ACCESO-10,False,0,22.35,2026-09-26T02:04:26+00:00
2026-09-25T21:04:42-05:00,2026-09-26T02:04:42+00:00,Puente HTTP/REST (sensor de campo -> Central),DC-ACCESO-10,False,0,22.73,2026-09-26T02:04:42+00:00
2026-09-25T21:06:26-05:00,2026-09-26T02:06:26+00:00,Puente HTTP/REST (sensor de campo -> Central),DC-ACCESO-10,False,0,22.72,2026-09-26T02:06:26+00:00
2026-09-25T21:06:43-05:00,2026-09-26T02:06:43+00:00,Puente HTTP/REST (sensor de campo -> Central),DC-ACCESO-10,False,0,22.48,2026-09-26T02:06:42+00:00
2026-09-25T21:08:26-05:00,2026-09-26T02:08:26+00:00,Puente HTTP/REST (sensor de campo -> Central),DC-ACCESO-10,False,0,22.2,2026-09-26T02:08:26+00:00
2026-09-25T21:08:43-05:00,2026-09-26T02:08:43+00:00,Puente HTTP/REST (sensor de campo -> Central),DC-ACCESO-10,False,0,22.14,2026-09-26T02:08:43+00:00
2026-09-25T21:10:27-05:00,2026-09-26T02:10:27+00:00,Puente HTTP/REST (sensor de campo -> Central),DC-ACCESO-10,False,0,22.6,2026-09-26T02:10:27+00:00
2026-09-25T21:10:43-05:00,2026-09-26T02:10:43+00:00,Puente HTTP/REST (sensor de campo -> Central),DC-ACCESO-10,False,0,22.45,2026-09-26T02:10:43+00:00
2026-09-25T21:12:27-05:00,2026-09-26T02:12:27+00:00,Puente HTTP/REST (sensor de campo -> Central),DC-ACCESO-10,False,0,22.3,2026-09-26T02:12:27+00:00
2026-09-25T21:12:44-05:00,2026-09-26T02:12:44+00:00,Puente HTTP/REST (sensor de campo -> Central),DC-ACCESO-10,False,0,22.41,2026-09-26T02:12:43+00:00
2026-09-25T21:14:27-05:00,2026-09-26T02:14:27+00:00,Puente HTTP/REST (sensor de campo -> Central),DC-ACCESO-10,False,0,22.0,2026-09-26T02:14:27+00:00
2026-09-25T21:14:44-05:00,2026-09-26T02:14:44+00:00,Puente HTTP/REST (sensor de campo -> Central),DC-ACCESO-10,False,0,22.02,2026-09-26T02:14:44+00:00
2026-09-25T21:16:27-05:00,2026-09-26T02:16:27+00:00,Puente HTTP/REST (sensor de campo -> Central),DC-ACCESO-10,False,0,22.05,2026-09-26T02:16:27+00:00
2026-09-25T21:16:44-05:00,2026-09-26T02:16:44+00:00,Puente HTTP/REST (sensor de campo -> Central),DC-ACCESO-10,False,0,21.94,2026-09-26T02:16:44+00:00
2026-09-25T21:18:28-05:00,2026-09-26T02:18:28+00:00,Puente HTTP/REST (sensor de campo -> Central),DC-ACCESO-10,False,0,22.66,2026-09-26T02:18:27+00:00
2026-09-25T21:18:44-05:00,2026-09-26T02:18:44+00:00,Puente HTTP/REST (sensor de campo -> Central),DC-ACCESO-10,False,0,22.55,2026-09-26T02:18:44+00:00
2026-09-25T21:20:28-05:00,2026-09-26T02:20:28+00:00,Puente HTTP/REST (sensor de campo -> Central),DC-ACCESO-10,False,0,22.2,2026-09-26T02:20:28+00:00
2026-09-25T21:20:45-05:00,2026-09-26T02:20:45+00:00,Puente HTTP/REST (sensor de campo -> Central),DC-ACCESO-10,False,0,22.65,2026-09-26T02:20:44+00:00
2026-09-25T21:22:28-05:00,2026-09-26T02:22:28+00:00,Puente HTTP/REST (sensor de campo -> Central),DC-ACCESO-10,False,0,22.41,2026-09-26T02:22:28+00:00
2026-09-25T21:22:45-05:00,2026-09-26T02:22:45+00:00,Puente HTTP/REST (sensor de campo -> Central),DC-ACCESO-10,False,0,22.5,2026-09-26T02:22:45+00:00
2026-09-25T21:24:28-05:00,2026-09-26T02:24:28+00:00,Puente HTTP/REST (sensor de campo -> Central),DC-ACCESO-10,False,0,22.62,2026-09-26T02:24:28+00:00
2026-09-25T21:24:45-05:00,2026-09-26T02:24:45+00:00,Puente HTTP/REST (sensor de campo -> Central),DC-ACCESO-10,False,0,21.95,2026-09-26T02:24:45+00:00
2026-09-25T21:26:29-05:00,2026-09-26T02:26:29+00:00,Puente HTTP/REST (sensor de campo -> Central),DC-ACCESO-10,False,0,22.22,2026-09-26T02:26:28+00:00
2026-09-25T21:26:45-05:00,2026-09-26T02:26:45+00:00,Puente HTTP/REST (sensor de campo -> Central),DC-ACCESO-10,False,0,22.13,2026-09-26T02:26:45+00:00
2026-09-25T21:28:29-05:00,2026-09-26T02:28:29+00:00,Puente HTTP/REST (sensor de campo -> Central),DC-ACCESO-10,False,0,22.46,2026-09-26T02:28:29+00:00
2026-09-25T21:28:45-05:00,2026-09-26T02:28:45+00:00,Puente HTTP/REST (sensor de campo -> Central),DC-ACCESO-10,False,0,22.07,2026-09-26T02:28:45+00:00
2026-09-25T21:30:29-05:00,2026-09-26T02:30:29+00:00,Puente HTTP/REST (sensor de campo -> Central),DC-ACCESO-10,False,0,21.95,2026-09-26T02:30:29+00:00
2026-09-25T21:30:46-05:00,2026-09-26T02:30:46+00:00,Puente HTTP/REST (sensor de campo -> Central),DC-ACCESO-10,False,0,22.26,2026-09-26T02:30:45+00:00
2026-09-25T21:32:29-05:00,2026-09-26T02:32:29+00:00,Puente HTTP/REST (sensor de campo -> Central),DC-ACCESO-10,False,0,22.14,2026-09-26T02:32:29+00:00
2026-09-25T21:32:46-05:00,2026-09-26T02:32:46+00:00,Puente HTTP/REST (sensor de campo -> Central),DC-ACCESO-10,False,0,22.02,2026-09-26T02:32:46+00:00
2026-09-25T21:34:29-05:00,2026-09-26T02:34:29+00:00,Puente HTTP/REST (sensor de campo -> Central),DC-ACCESO-10,False,0,21.78,2026-09-26T02:34:29+00:00
2026-09-25T21:34:46-05:00,2026-09-26T02:34:46+00:00,Puente HTTP/REST (sensor de campo -> Central),DC-ACCESO-10,False,0,22.47,2026-09-26T02:34:46+00:00
2026-09-25T21:36:30-05:00,2026-09-26T02:36:30+00:00,Puente HTTP/REST (sensor de campo -> Central),DC-ACCESO-10,False,0,21.79,2026-09-26T02:36:29+00:00
2026-09-25T21:36:46-05:00,2026-09-26T02:36:46+00:00,Puente HTTP/REST (sensor de campo -> Central),DC-ACCESO-10,False,0,22.01,2026-09-26T02:36:46+00:00
2026-09-25T21:38:30-05:00,2026-09-26T02:38:30+00:00,Puente HTTP/REST (sensor de campo -> Central),DC-ACCESO-10,False,0,21.99,2026-09-26T02:38:30+00:00
2026-09-25T21:38:46-05:00,2026-09-26T02:38:46+00:00,Puente HTTP/REST (sensor de campo -> Central),DC-ACCESO-10,False,0,21.93,2026-09-26T02:38:46+00:00
2026-09-25T21:40:30-05:00,2026-09-26T02:40:30+00:00,Puente HTTP/REST (sensor de campo -> Central),DC-ACCESO-10,False,0,22.19,2026-09-26T02:40:30+00:00
2026-09-25T21:40:47-05:00,2026-09-26T02:40:47+00:00,Puente HTTP/REST (sensor de campo -> Central),DC-ACCESO-10,False,0,21.95,2026-09-26T02:40:46+00:00
2026-09-25T21:42:30-05:00,2026-09-26T02:42:30+00:00,Puente HTTP/REST (sensor de campo -> Central),DC-ACCESO-10,False,0,21.96,2026-09-26T02:42:30+00:00
2026-09-25T21:42:47-05:00,2026-09-26T02:42:47+00:00,Puente HTTP/REST (sensor de campo -> Central),DC-ACCESO-10,False,0,21.76,2026-09-26T02:42:47+00:00
2026-09-25T21:44:30-05:00,2026-09-26T02:44:30+00:00,Puente HTTP/REST (sensor de campo -> Central),DC-ACCESO-10,False,0,22.2,2026-09-26T02:44:30+00:00
2026-09-25T21:44:47-05:00,2026-09-26T02:44:47+00:00,Puente HTTP/REST (sensor de campo -> Central),DC-ACCESO-10,False,0,21.94,2026-09-26T02:44:47+00:00
2026-09-25T21:46:31-05:00,2026-09-26T02:46:31+00:00,Puente HTTP/REST (sensor de campo -> Central),DC-ACCESO-10,False,0,21.79,2026-09-26T02:46:30+00:00
2026-09-25T21:46:47-05:00,2026-09-26T02:46:47+00:00,Puente HTTP/REST (sensor de campo -> Central),DC-ACCESO-10,False,0,21.9,2026-09-26T02:46:47+00:00
2026-09-25T21:48:31-05:00,2026-09-26T02:48:31+00:00,Puente HTTP/REST (sensor de campo -> Central),DC-ACCESO-10,False,0,22.09,2026-09-26T02:48:31+00:00
2026-09-25T21:48:47-05:00,2026-09-26T02:48:47+00:00,Puente HTTP/REST (sensor de campo -> Central),DC-ACCESO-10,False,0,21.72,2026-09-26T02:48:47+00:00
2026-09-25T21:50:31-05:00,2026-09-26T02:50:31+00:00,Puente HTTP/REST (sensor de campo -> Central),DC-ACCESO-10,False,0,22.36,2026-09-26T02:50:31+00:00
2026-09-25T21:50:48-05:00,2026-09-26T02:50:48+00:00,Puente HTTP/REST (sensor de campo -> Central),DC-ACCESO-10,False,0,21.9,2026-09-26T02:50:47+00:00
2026-09-25T21:52:32-05:00,2026-09-26T02:52:32+00:00,Puente HTTP/REST (sensor de campo -> Central),DC-ACCESO-10,False,0,21.71,2026-09-26T02:52:32+00:00
2026-09-25T21:52:49-05:00,2026-09-26T02:52:49+00:00,Puente HTTP/REST (sensor de campo -> Central),DC-ACCESO-10,False,0,21.95,2026-09-26T02:52:49+00:00
2026-09-25T21:54:32-05:00,2026-09-26T02:54:32+00:00,Puente HTTP/REST (sensor de campo -> Central),DC-ACCESO-10,False,0,22.12,2026-09-26T02:54:32+00:00
2026-09-25T21:54:50-05:00,2026-09-26T02:54:50+00:00,Puente HTTP/REST (sensor de campo -> Central),DC-ACCESO-10,False,0,21.95,2026-09-26T02:54:50+00:00
2026-09-25T21:56:32-05:00,2026-09-26T02:56:32+00:00,Puente HTTP/REST (sensor de campo -> Central),DC-ACCESO-10,False,0,21.77,2026-09-26T02:56:32+00:00
2026-09-25T21:56:53-05:00,2026-09-26T02:56:53+00:00,Puente HTTP/REST (sensor de campo -> Central),DC-ACCESO-10,False,0,22.08,2026-09-26T02:56:52+00:00
2026-09-25T21:58:33-05:00,2026-09-26T02:58:33+00:00,Puente HTTP/REST (sensor de campo -> Central),DC-ACCESO-10,False,0,21.78,2026-09-26T02:58:32+00:00
2026-09-25T21:58:53-05:00,2026-09-26T02:58:53+00:00,Puente HTTP/REST (sensor de campo -> Central),DC-ACCESO-10,False,0,21.65,2026-09-26T02:58:53+00:00
2026-09-25T22:00:33-05:00,2026-09-26T03:00:33+00:00,Puente HTTP/REST (sensor de campo -> Central),DC-ACCESO-10,False,0,22.17,2026-09-26T03:00:33+00:00
2026-09-25T22:00:54-05:00,2026-09-26T03:00:54+00:00,Puente HTTP/REST (sensor de campo -> Central),DC-ACCESO-10,False,0,22.31,2026-09-26T03:00:53+00:00
2026-09-25T22:02:36-05:00,2026-09-26T03:02:36+00:00,Puente HTTP/REST (sensor de campo -> Central),DC-ACCESO-10,False,0,22.08,2026-09-26T03:02:36+00:00
2026-09-25T22:02:56-05:00,2026-09-26T03:02:56+00:00,Puente HTTP/REST (sensor de campo -> Central),DC-ACCESO-10,False,0,21.93,2026-09-26T03:02:56+00:00
2026-09-25T22:04:36-05:00,2026-09-26T03:04:36+00:00,Puente HTTP/REST (sensor de campo -> Central),DC-ACCESO-10,False,0,22.05,2026-09-26T03:04:36+00:00
2026-09-25T22:04:57-05:00,2026-09-26T03:04:57+00:00,Puente HTTP/REST (sensor de campo -> Central),DC-ACCESO-10,False,0,22.09,2026-09-26T03:04:56+00:00
2026-09-25T22:06:46-05:00,2026-09-26T03:06:46+00:00,Puente HTTP/REST (sensor de campo -> Central),DC-ACCESO-10,False,0,22.33,2026-09-26T03:06:46+00:00
2026-09-25T22:06:57-05:00,2026-09-26T03:06:57+00:00,Puente HTTP/REST (sensor de campo -> Central),DC-ACCESO-10,False,0,21.89,2026-09-26T03:06:57+00:00
2026-09-25T22:08:47-05:00,2026-09-26T03:08:47+00:00,Puente HTTP/REST (sensor de campo -> Central),DC-ACCESO-10,False,0,21.79,2026-09-26T03:08:46+00:00
2026-09-25T22:08:59-05:00,2026-09-26T03:08:59+00:00,Puente HTTP/REST (sensor de campo -> Central),DC-ACCESO-10,False,0,22.2,2026-09-26T03:08:59+00:00
2026-09-25T22:10:47-05:00,2026-09-26T03:10:47+00:00,Puente HTTP/REST (sensor de campo -> Central),DC-ACCESO-10,False,0,21.68,2026-09-26T03:10:47+00:00
2026-09-25T22:10:59-05:00,2026-09-26T03:10:59+00:00,Puente HTTP/REST (sensor de campo -> Central),DC-ACCESO-10,False,0,22.2,2026-09-26T03:10:59+00:00
2026-09-25T22:12:47-05:00,2026-09-26T03:12:47+00:00,Puente HTTP/REST (sensor de campo -> Central),DC-ACCESO-10,False,0,21.95,2026-09-26T03:12:47+00:00
2026-09-25T22:12:59-05:00,2026-09-26T03:12:59+00:00,Puente HTTP/REST (sensor de campo -> Central),DC-ACCESO-10,False,0,22.11,2026-09-26T03:12:59+00:00
2026-09-25T22:14:47-05:00,2026-09-26T03:14:47+00:00,Puente HTTP/REST (sensor de campo -> Central),DC-ACCESO-10,False,0,21.64,2026-09-26T03:14:47+00:00
2026-09-25T22:15:00-05:00,2026-09-26T03:15:00+00:00,Puente HTTP/REST (sensor de campo -> Central),DC-ACCESO-10,False,0,21.64,2026-09-26T03:14:59+00:00
2026-09-25T22:17:02-05:00,2026-09-26T03:17:02+00:00,Puente HTTP/REST (sensor de campo -> Central),DC-ACCESO-10,False,0,21.76,2026-09-26T03:17:02+00:00
2026-09-25T22:17:06-05:00,2026-09-26T03:17:06+00:00,Puente HTTP/REST (sensor de campo -> Central),DC-ACCESO-10,False,0,21.77,2026-09-26T03:17:06+00:00
2026-09-25T22:19:03-05:00,2026-09-26T03:19:03+00:00,Puente HTTP/REST (sensor de campo -> Central),DC-ACCESO-10,False,0,21.94,2026-09-26T03:19:02+00:00
2026-09-25T22:19:06-05:00,2026-09-26T03:19:06+00:00,Puente HTTP/REST (sensor de campo -> Central),DC-ACCESO-10,False,0,22.12,2026-09-26T03:19:06+00:00
2026-09-25T22:21:03-05:00,2026-09-26T03:21:03+00:00,Puente HTTP/REST (sensor de campo -> Central),DC-ACCESO-10,False,0,21.77,2026-09-26T03:21:03+00:00
2026-09-25T22:21:07-05:00,2026-09-26T03:21:07+00:00,Puente HTTP/REST (sensor de campo -> Central),DC-ACCESO-10,False,0,21.52,2026-09-26T03:21:06+00:00
2026-09-25T22:23:03-05:00,2026-09-26T03:23:03+00:00,Puente HTTP/REST (sensor de campo -> Central),DC-ACCESO-10,False,0,21.71,2026-09-26T03:23:03+00:00
2026-09-25T22:23:07-05:00,2026-09-26T03:23:07+00:00,Puente HTTP/REST (sensor de campo -> Central),DC-ACCESO-10,False,0,21.87,2026-09-26T03:23:07+00:00
2026-09-25T22:25:03-05:00,2026-09-26T03:25:03+00:00,Puente HTTP/REST (sensor de campo -> Central),DC-ACCESO-10,False,0,21.82,2026-09-26T03:25:03+00:00
2026-09-25T22:25:07-05:00,2026-09-26T03:25:07+00:00,Puente HTTP/REST (sensor de campo -> Central),DC-ACCESO-10,False,0,21.81,2026-09-26T03:25:07+00:00
2026-09-25T22:27:03-05:00,2026-09-26T03:27:03+00:00,Puente HTTP/REST (sensor de campo -> Central),DC-ACCESO-10,False,0,21.67,2026-09-26T03:27:03+00:00
2026-09-25T22:27:07-05:00,2026-09-26T03:27:07+00:00,Puente HTTP/REST (sensor de campo -> Central),DC-ACCESO-10,False,0,22.02,2026-09-26T03:27:07+00:00
2026-09-25T22:29:04-05:00,2026-09-26T03:29:04+00:00,Puente HTTP/REST (sensor de campo -> Central),DC-ACCESO-10,False,0,21.9,2026-09-26T03:29:03+00:00
2026-09-25T22:29:08-05:00,2026-09-26T03:29:08+00:00,Puente HTTP/REST (sensor de campo -> Central),DC-ACCESO-10,False,0,22.1,2026-09-26T03:29:07+00:00
2026-09-25T22:31:04-05:00,2026-09-26T03:31:04+00:00,Puente HTTP/REST (sensor de campo -> Central),DC-ACCESO-10,False,0,21.69,2026-09-26T03:31:04+00:00
2026-09-25T22:31:08-05:00,2026-09-26T03:31:08+00:00,Puente HTTP/REST (sensor de campo -> Central),DC-ACCESO-10,False,0,21.66,2026-09-26T03:31:08+00:00
2026-09-25T22:33:04-05:00,2026-09-26T03:33:04+00:00,Puente HTTP/REST (sensor de campo -> Central),DC-ACCESO-10,False,0,22.0,2026-09-26T03:33:04+00:00
2026-09-25T22:33:08-05:00,2026-09-26T03:33:08+00:00,Puente HTTP/REST (sensor de campo -> Central),DC-ACCESO-10,False,0,21.55,2026-09-26T03:33:08+00:00
2026-09-25T22:35:04-05:00,2026-09-26T03:35:04+00:00,Puente HTTP/REST (sensor de campo -> Central),DC-ACCESO-10,False,0,21.59,2026-09-26T03:35:04+00:00
2026-09-25T22:35:08-05:00,2026-09-26T03:35:08+00:00,Puente HTTP/REST (sensor de campo -> Central),DC-ACCESO-10,False,0,21.56,2026-09-26T03:35:08+00:00
2026-09-25T22:37:05-05:00,2026-09-26T03:37:05+00:00,Puente HTTP/REST (sensor de campo -> Central),DC-ACCESO-10,False,0,21.38,2026-09-26T03:37:04+00:00
2026-09-25T22:37:08-05:00,2026-09-26T03:37:08+00:00,Puente HTTP/REST (sensor de campo -> Central),DC-ACCESO-10,False,0,22.01,2026-09-26T03:37:08+00:00
2026-09-25T22:39:05-05:00,2026-09-26T03:39:05+00:00,Puente HTTP/REST (sensor de campo -> Central),DC-ACCESO-10,False,0,21.66,2026-09-26T03:39:05+00:00
2026-09-25T22:39:09-05:00,2026-09-26T03:39:09+00:00,Puente HTTP/REST (sensor de campo -> Central),DC-ACCESO-10,False,0,21.37,2026-09-26T03:39:08+00:00
2026-09-25T22:41:05-05:00,2026-09-26T03:41:05+00:00,Puente HTTP/REST (sensor de campo -> Central),DC-ACCESO-10,False,0,21.38,2026-09-26T03:41:05+00:00
2026-09-25T22:41:09-05:00,2026-09-26T03:41:09+00:00,Puente HTTP/REST (sensor de campo -> Central),DC-ACCESO-10,False,0,21.83,2026-09-26T03:41:09+00:00
2026-09-25T22:43:05-05:00,2026-09-26T03:43:05+00:00,Puente HTTP/REST (sensor de campo -> Central),DC-ACCESO-10,False,0,21.5,2026-09-26T03:43:05+00:00
2026-09-25T22:43:09-05:00,2026-09-26T03:43:09+00:00,Puente HTTP/REST (sensor de campo -> Central),DC-ACCESO-10,False,0,22.06,2026-09-26T03:43:09+00:00
2026-09-25T22:45:05-05:00,2026-09-26T03:45:05+00:00,Puente HTTP/REST (sensor de campo -> Central),DC-ACCESO-10,False,0,21.47,2026-09-26T03:45:05+00:00
2026-09-25T22:45:09-05:00,2026-09-26T03:45:09+00:00,Puente HTTP/REST (sensor de campo -> Central),DC-ACCESO-10,False,0,21.75,2026-09-26T03:45:09+00:00
2026-09-25T22:47:06-05:00,2026-09-26T03:47:06+00:00,Puente HTTP/REST (sensor de campo -> Central),DC-ACCESO-10,False,0,22.01,2026-09-26T03:47:05+00:00
2026-09-25T22:47:09-05:00,2026-09-26T03:47:09+00:00,Puente HTTP/REST (sensor de campo -> Central),DC-ACCESO-10,False,0,21.38,2026-09-26T03:47:09+00:00
2026-09-25T22:49:06-05:00,2026-09-26T03:49:06+00:00,Puente HTTP/REST (sensor de campo -> Central),DC-ACCESO-10,False,0,21.98,2026-09-26T03:49:06+00:00
2026-09-25T22:49:10-05:00,2026-09-26T03:49:10+00:00,Puente HTTP/REST (sensor de campo -> Central),DC-ACCESO-10,False,0,21.57,2026-09-26T03:49:09+00:00
2026-09-25T22:51:06-05:00,2026-09-26T03:51:06+00:00,Puente HTTP/REST (sensor de campo -> Central),DC-ACCESO-10,False,0,21.26,2026-09-26T03:51:06+00:00
2026-09-25T22:51:10-05:00,2026-09-26T03:51:10+00:00,Puente HTTP/REST (sensor de campo -> Central),DC-ACCESO-10,False,0,21.96,2026-09-26T03:51:10+00:00
2026-09-25T22:53:06-05:00,2026-09-26T03:53:06+00:00,Puente HTTP/REST (sensor de campo -> Central),DC-ACCESO-10,False,0,21.77,2026-09-26T03:53:06+00:00
2026-09-25T22:53:10-05:00,2026-09-26T03:53:10+00:00,Puente HTTP/REST (sensor de campo -> Central),DC-ACCESO-10,False,0,21.93,2026-09-26T03:53:10+00:00
2026-09-25T22:55:07-05:00,2026-09-26T03:55:07+00:00,Puente HTTP/REST (sensor de campo -> Central),DC-ACCESO-10,False,0,21.92,2026-09-26T03:55:06+00:00
2026-09-25T22:55:10-05:00,2026-09-26T03:55:10+00:00,Puente HTTP/REST (sensor de campo -> Central),DC-ACCESO-10,False,0,21.58,2026-09-26T03:55:10+00:00
2026-09-25T22:57:07-05:00,2026-09-26T03:57:07+00:00,Puente HTTP/REST (sensor de campo -> Central),DC-ACCESO-10,False,0,21.84,2026-09-26T03:57:07+00:00
2026-09-25T22:57:10-05:00,2026-09-26T03:57:10+00:00,Puente HTTP/REST (sensor de campo -> Central),DC-ACCESO-10,False,0,21.86,2026-09-26T03:57:10+00:00
2026-09-25T22:59:07-05:00,2026-09-26T03:59:07+00:00,Puente HTTP/REST (sensor de campo -> Central),DC-ACCESO-10,False,0,21.64,2026-09-26T03:59:07+00:00
2026-09-25T22:59:11-05:00,2026-09-26T03:59:11+00:00,Puente HTTP/REST (sensor de campo -> Central),DC-ACCESO-10,False,0,21.22,2026-09-26T03:59:10+00:00
2026-09-25T23:01:07-05:00,2026-09-26T04:01:07+00:00,Puente HTTP/REST (sensor de campo -> Central),DC-ACCESO-10,False,0,21.92,2026-09-26T04:01:07+00:00
2026-09-25T23:01:11-05:00,2026-09-26T04:01:11+00:00,Puente HTTP/REST (sensor de campo -> Central),DC-ACCESO-10,False,0,21.47,2026-09-26T04:01:11+00:00
2026-09-25T23:03:07-05:00,2026-09-26T04:03:07+00:00,Puente HTTP/REST (sensor de campo -> Central),DC-ACCESO-10,False,0,21.55,2026-09-26T04:03:07+00:00
2026-09-25T23:03:11-05:00,2026-09-26T04:03:11+00:00,Puente HTTP/REST (sensor de campo -> Central),DC-ACCESO-10,False,0,21.53,2026-09-26T04:03:11+00:00
2026-09-25T23:05:08-05:00,2026-09-26T04:05:08+00:00,Puente HTTP/REST (sensor de campo -> Central),DC-ACCESO-10,False,0,21.96,2026-09-26T04:05:07+00:00
2026-09-25T23:05:11-05:00,2026-09-26T04:05:11+00:00,Puente HTTP/REST (sensor de campo -> Central),DC-ACCESO-10,False,0,21.77,2026-09-26T04:05:11+00:00
2026-09-25T23:07:08-05:00,2026-09-26T04:07:08+00:00,Puente HTTP/REST (sensor de campo -> Central),DC-ACCESO-10,False,0,21.26,2026-09-26T04:07:08+00:00
2026-09-25T23:07:11-05:00,2026-09-26T04:07:11+00:00,Puente HTTP/REST (sensor de campo -> Central),DC-ACCESO-10,False,0,21.48,2026-09-26T04:07:11+00:00
2026-09-25T23:09:08-05:00,2026-09-26T04:09:08+00:00,Puente HTTP/REST (sensor de campo -> Central),DC-ACCESO-10,False,0,21.51,2026-09-26T04:09:08+00:00
2026-09-25T23:09:12-05:00,2026-09-26T04:09:12+00:00,Puente HTTP/REST (sensor de campo -> Central),DC-ACCESO-10,False,0,21.59,2026-09-26T04:09:11+00:00
2026-09-25T23:11:08-05:00,2026-09-26T04:11:08+00:00,Puente HTTP/REST (sensor de campo -> Central),DC-ACCESO-10,False,0,21.72,2026-09-26T04:11:08+00:00
2026-09-25T23:11:12-05:00,2026-09-26T04:11:12+00:00,Puente HTTP/REST (sensor de campo -> Central),DC-ACCESO-10,False,0,21.48,2026-09-26T04:11:12+00:00
2026-09-25T23:13:08-05:00,2026-09-26T04:13:08+00:00,Puente HTTP/REST (sensor de campo -> Central),DC-ACCESO-10,False,0,21.31,2026-09-26T04:13:08+00:00
2026-09-25T23:13:12-05:00,2026-09-26T04:13:12+00:00,Puente HTTP/REST (sensor de campo -> Central),DC-ACCESO-10,False,0,21.26,2026-09-26T04:13:12+00:00
2026-09-25T23:15:09-05:00,2026-09-26T04:15:09+00:00,Puente HTTP/REST (sensor de campo -> Central),DC-ACCESO-10,False,0,21.73,2026-09-26T04:15:08+00:00
2026-09-25T23:15:12-05:00,2026-09-26T04:15:12+00:00,Puente HTTP/REST (sensor de campo -> Central),DC-ACCESO-10,False,0,21.9,2026-09-26T04:15:12+00:00
2026-09-25T23:17:09-05:00,2026-09-26T04:17:09+00:00,Puente HTTP/REST (sensor de campo -> Central),DC-ACCESO-10,False,0,21.33,2026-09-26T04:17:09+00:00
2026-09-25T23:17:12-05:00,2026-09-26T04:17:12+00:00,Puente HTTP/REST (sensor de campo -> Central),DC-ACCESO-10,False,0,21.2,2026-09-26T04:17:12+00:00
2026-09-25T23:19:09-05:00,2026-09-26T04:19:09+00:00,Puente HTTP/REST (sensor de campo -> Central),DC-ACCESO-10,False,0,21.58,2026-09-26T04:19:09+00:00
2026-09-25T23:19:13-05:00,2026-09-26T04:19:13+00:00,Puente HTTP/REST (sensor de campo -> Central),DC-ACCESO-10,False,0,21.45,2026-09-26T04:19:12+00:00
2026-09-25T23:21:09-05:00,2026-09-26T04:21:09+00:00,Puente HTTP/REST (sensor de campo -> Central),DC-ACCESO-10,False,0,21.4,2026-09-26T04:21:09+00:00
2026-09-25T23:21:13-05:00,2026-09-26T04:21:13+00:00,Puente HTTP/REST (sensor de campo -> Central),DC-ACCESO-10,False,0,21.21,2026-09-26T04:21:13+00:00
2026-09-25T23:23:10-05:00,2026-09-26T04:23:10+00:00,Puente HTTP/REST (sensor de campo -> Central),DC-ACCESO-10,False,0,21.8,2026-09-26T04:23:09+00:00
2026-09-25T23:23:13-05:00,2026-09-26T04:23:13+00:00,Puente HTTP/REST (sensor de campo -> Central),DC-ACCESO-10,False,0,21.23,2026-09-26T04:23:13+00:00
2026-09-25T23:25:10-05:00,2026-09-26T04:25:10+00:00,Puente HTTP/REST (sensor de campo -> Central),DC-ACCESO-10,False,0,21.17,2026-09-26T04:25:10+00:00
2026-09-25T23:25:13-05:00,2026-09-26T04:25:13+00:00,Puente HTTP/REST (sensor de campo -> Central),DC-ACCESO-10,False,0,21.2,2026-09-26T04:25:13+00:00
2026-09-25T23:27:10-05:00,2026-09-26T04:27:10+00:00,Puente HTTP/REST (sensor de campo -> Central),DC-ACCESO-10,False,0,21.37,2026-09-26T04:27:10+00:00
2026-09-25T23:27:13-05:00,2026-09-26T04:27:13+00:00,Puente HTTP/REST (sensor de campo -> Central),DC-ACCESO-10,False,0,21.53,2026-09-26T04:27:13+00:00
2026-09-25T23:29:10-05:00,2026-09-26T04:29:10+00:00,Puente HTTP/REST (sensor de campo -> Central),DC-ACCESO-10,False,0,21.13,2026-09-26T04:29:10+00:00
2026-09-25T23:29:14-05:00,2026-09-26T04:29:14+00:00,Puente HTTP/REST (sensor de campo -> Central),DC-ACCESO-10,False,0,21.09,2026-09-26T04:29:13+00:00
2026-09-25T23:31:10-05:00,2026-09-26T04:31:10+00:00,Puente HTTP/REST (sensor de campo -> Central),DC-ACCESO-10,False,0,21.76,2026-09-26T04:31:10+00:00
2026-09-25T23:31:14-05:00,2026-09-26T04:31:14+00:00,Puente HTTP/REST (sensor de campo -> Central),DC-ACCESO-10,False,0,21.5,2026-09-26T04:31:14+00:00
2026-09-25T23:33:11-05:00,2026-09-26T04:33:11+00:00,Puente HTTP/REST (sensor de campo -> Central),DC-ACCESO-10,False,0,21.43,2026-09-26T04:33:10+00:00
2026-09-25T23:33:14-05:00,2026-09-26T04:33:14+00:00,Puente HTTP/REST (sensor de campo -> Central),DC-ACCESO-10,False,0,21.42,2026-09-26T04:33:14+00:00
2026-09-25T23:35:11-05:00,2026-09-26T04:35:11+00:00,Puente HTTP/REST (sensor de campo -> Central),DC-ACCESO-10,False,0,21.41,2026-09-26T04:35:11+00:00
2026-09-25T23:35:14-05:00,2026-09-26T04:35:14+00:00,Puente HTTP/REST (sensor de campo -> Central),DC-ACCESO-10,False,0,21.51,2026-09-26T04:35:14+00:00
2026-09-25T23:37:11-05:00,2026-09-26T04:37:11+00:00,Puente HTTP/REST (sensor de campo -> Central),DC-ACCESO-10,False,0,21.73,2026-09-26T04:37:11+00:00
2026-09-25T23:37:14-05:00,2026-09-26T04:37:14+00:00,Puente HTTP/REST (sensor de campo -> Central),DC-ACCESO-10,False,0,21.14,2026-09-26T04:37:14+00:00
2026-09-25T23:39:11-05:00,2026-09-26T04:39:11+00:00,Puente HTTP/REST (sensor de campo -> Central),DC-ACCESO-10,False,0,21.77,2026-09-26T04:39:11+00:00
2026-09-25T23:39:15-05:00,2026-09-26T04:39:15+00:00,Puente HTTP/REST (sensor de campo -> Central),DC-ACCESO-10,False,0,21.03,2026-09-26T04:39:14+00:00
2026-09-25T23:41:11-05:00,2026-09-26T04:41:11+00:00,Puente HTTP/REST (sensor de campo -> Central),DC-ACCESO-10,False,0,21.74,2026-09-26T04:41:11+00:00
2026-09-25T23:41:15-05:00,2026-09-26T04:41:15+00:00,Puente HTTP/REST (sensor de campo -> Central),DC-ACCESO-10,False,0,21.46,2026-09-26T04:41:15+00:00
2026-09-25T23:43:12-05:00,2026-09-26T04:43:12+00:00,Puente HTTP/REST (sensor de campo -> Central),DC-ACCESO-10,False,0,21.19,2026-09-26T04:43:11+00:00
2026-09-25T23:43:15-05:00,2026-09-26T04:43:15+00:00,Puente HTTP/REST (sensor de campo -> Central),DC-ACCESO-10,False,0,21.39,2026-09-26T04:43:15+00:00
2026-09-25T23:45:12-05:00,2026-09-26T04:45:12+00:00,Puente HTTP/REST (sensor de campo -> Central),DC-ACCESO-10,False,0,21.18,2026-09-26T04:45:12+00:00
2026-09-25T23:45:15-05:00,2026-09-26T04:45:15+00:00,Puente HTTP/REST (sensor de campo -> Central),DC-ACCESO-10,False,0,21.71,2026-09-26T04:45:15+00:00
2026-09-25T23:47:12-05:00,2026-09-26T04:47:12+00:00,Puente HTTP/REST (sensor de campo -> Central),DC-ACCESO-10,False,0,21.42,2026-09-26T04:47:12+00:00
2026-09-25T23:47:15-05:00,2026-09-26T04:47:15+00:00,Puente HTTP/REST (sensor de campo -> Central),DC-ACCESO-10,False,0,21.38,2026-09-26T04:47:15+00:00
2026-09-25T23:49:12-05:00,2026-09-26T04:49:12+00:00,Puente HTTP/REST (sensor de campo -> Central),DC-ACCESO-10,False,0,21.47,2026-09-26T04:49:12+00:00
2026-09-25T23:49:16-05:00,2026-09-26T04:49:16+00:00,Puente HTTP/REST (sensor de campo -> Central),DC-ACCESO-10,False,0,21.58,2026-09-26T04:49:15+00:00
2026-09-25T23:51:12-05:00,2026-09-26T04:51:12+00:00,Puente HTTP/REST (sensor de campo -> Central),DC-ACCESO-10,False,0,21.57,2026-09-26T04:51:12+00:00
2026-09-25T23:51:16-05:00,2026-09-26T04:51:16+00:00,Puente HTTP/REST (sensor de campo -> Central),DC-ACCESO-10,False,0,21.06,2026-09-26T04:51:16+00:00
2026-09-25T23:53:13-05:00,2026-09-26T04:53:13+00:00,Puente HTTP/REST (sensor de campo -> Central),DC-ACCESO-10,False,0,21.21,2026-09-26T04:53:13+00:00
2026-09-25T23:53:16-05:00,2026-09-26T04:53:16+00:00,Puente HTTP/REST (sensor de campo -> Central),DC-ACCESO-10,False,0,21.32,2026-09-26T04:53:16+00:00
2026-09-25T23:55:13-05:00,2026-09-26T04:55:13+00:00,Puente HTTP/REST (sensor de campo -> Central),DC-ACCESO-10,False,0,21.51,2026-09-26T04:55:13+00:00
2026-09-25T23:55:16-05:00,2026-09-26T04:55:16+00:00,Puente HTTP/REST (sensor de campo -> Central),DC-ACCESO-10,False,0,21.62,2026-09-26T04:55:16+00:00
2026-09-25T23:57:13-05:00,2026-09-26T04:57:13+00:00,Puente HTTP/REST (sensor de campo -> Central),DC-ACCESO-10,False,0,20.91,2026-09-26T04:57:13+00:00
2026-09-25T23:57:16-05:00,2026-09-26T04:57:16+00:00,Puente HTTP/REST (sensor de campo -> Central),DC-ACCESO-10,False,0,21.45,2026-09-26T04:57:16+00:00
2026-09-25T23:59:13-05:00,2026-09-26T04:59:13+00:00,Puente HTTP/REST (sensor de campo -> Central),DC-ACCESO-10,False,0,21.4,2026-09-26T04:59:13+00:00
2026-09-25T23:59:17-05:00,2026-09-26T04:59:17+00:00,Puente HTTP/REST (sensor de campo -> Central),DC-ACCESO-10,False,0,21.29,2026-09-26T04:59:16+00:00
2026-09-26T00:01:14-05:00,2026-09-26T05:01:14+00:00,Puente HTTP/REST (sensor de campo -> Central),DC-ACCESO-10,False,0,21.46,2026-09-26T05:01:13+00:00
2026-09-26T00:01:17-05:00,2026-09-26T05:01:17+00:00,Puente HTTP/REST (sensor de campo -> Central),DC-ACCESO-10,False,0,21.08,2026-09-26T05:01:17+00:00
2026-09-26T00:03:14-05:00,2026-09-26T05:03:14+00:00,Puente HTTP/REST (sensor de campo -> Central),DC-ACCESO-10,False,0,21.28,2026-09-26T05:03:14+00:00
2026-09-26T00:03:17-05:00,2026-09-26T05:03:17+00:00,Puente HTTP/REST (sensor de campo -> Central),DC-ACCESO-10,False,0,21.24,2026-09-26T05:03:17+00:00
2026-09-26T00:05:14-05:00,2026-09-26T05:05:14+00:00,Puente HTTP/REST (sensor de campo -> Central),DC-ACCESO-10,False,0,20.93,2026-09-26T05:05:14+00:00
2026-09-26T00:05:17-05:00,2026-09-26T05:05:17+00:00,Puente HTTP/REST (sensor de campo -> Central),DC-ACCESO-10,False,0,21.19,2026-09-26T05:05:17+00:00
2026-09-26T00:07:14-05:00,2026-09-26T05:07:14+00:00,Puente HTTP/REST (sensor de campo -> Central),DC-ACCESO-10,False,0,21.56,2026-09-26T05:07:14+00:00
2026-09-26T00:07:17-05:00,2026-09-26T05:07:17+00:00,Puente HTTP/REST (sensor de campo -> Central),DC-ACCESO-10,False,0,21.11,2026-09-26T05:07:17+00:00
2026-09-26T00:09:14-05:00,2026-09-26T05:09:14+00:00,Puente HTTP/REST (sensor de campo -> Central),DC-ACCESO-10,False,0,21.11,2026-09-26T05:09:14+00:00
2026-09-26T00:09:17-05:00,2026-09-26T05:09:17+00:00,Puente HTTP/REST (sensor de campo -> Central),DC-ACCESO-10,False,0,21.07,2026-09-26T05:09:17+00:00
2026-09-26T00:11:15-05:00,2026-09-26T05:11:15+00:00,Puente HTTP/REST (sensor de campo -> Central),DC-ACCESO-10,False,0,21.15,2026-09-26T05:11:14+00:00
2026-09-26T00:11:18-05:00,2026-09-26T05:11:18+00:00,Puente HTTP/REST (sensor de campo -> Central),DC-ACCESO-10,False,0,21.57,2026-09-26T05:11:17+00:00
2026-09-26T00:13:15-05:00,2026-09-26T05:13:15+00:00,Puente HTTP/REST (sensor de campo -> Central),DC-ACCESO-10,False,0,21.15,2026-09-26T05:13:15+00:00
2026-09-26T00:13:18-05:00,2026-09-26T05:13:18+00:00,Puente HTTP/REST (sensor de campo -> Central),DC-ACCESO-10,False,0,20.84,2026-09-26T05:13:18+00:00
2026-09-26T00:15:15-05:00,2026-09-26T05:15:15+00:00,Puente HTTP/REST (sensor de campo -> Central),DC-ACCESO-10,False,0,21.2,2026-09-26T05:15:15+00:00
2026-09-26T00:15:18-05:00,2026-09-26T05:15:18+00:00,Puente HTTP/REST (sensor de campo -> Central),DC-ACCESO-10,False,0,21.12,2026-09-26T05:15:18+00:00
2026-09-26T00:17:15-05:00,2026-09-26T05:17:15+00:00,Puente HTTP/REST (sensor de campo -> Central),DC-ACCESO-10,False,0,21.09,2026-09-26T05:17:15+00:00
2026-09-26T00:17:18-05:00,2026-09-26T05:17:18+00:00,Puente HTTP/REST (sensor de campo -> Central),DC-ACCESO-10,False,0,21.17,2026-09-26T05:17:18+00:00
2026-09-26T00:19:15-05:00,2026-09-26T05:19:15+00:00,Puente HTTP/REST (sensor de campo -> Central),DC-ACCESO-10,False,0,21.28,2026-09-26T05:19:15+00:00
2026-09-26T00:19:18-05:00,2026-09-26T05:19:18+00:00,Puente HTTP/REST (sensor de campo -> Central),DC-ACCESO-10,False,0,21.32,2026-09-26T05:19:18+00:00
2026-09-26T00:21:16-05:00,2026-09-26T05:21:16+00:00,Puente HTTP/REST (sensor de campo -> Central),DC-ACCESO-10,False,0,21.14,2026-09-26T05:21:15+00:00
2026-09-26T00:21:19-05:00,2026-09-26T05:21:19+00:00,Puente HTTP/REST (sensor de campo -> Central),DC-ACCESO-10,False,0,21.39,2026-09-26T05:21:18+00:00
2026-09-26T00:23:16-05:00,2026-09-26T05:23:16+00:00,Puente HTTP/REST (sensor de campo -> Central),DC-ACCESO-10,False,0,21.43,2026-09-26T05:23:16+00:00
2026-09-26T00:23:19-05:00,2026-09-26T05:23:19+00:00,Puente HTTP/REST (sensor de campo -> Central),DC-ACCESO-10,False,0,21.25,2026-09-26T05:23:19+00:00
2026-09-26T00:25:16-05:00,2026-09-26T05:25:16+00:00,Puente HTTP/REST (sensor de campo -> Central),DC-ACCESO-10,False,0,21.43,2026-09-26T05:25:16+00:00
2026-09-26T00:25:19-05:00,2026-09-26T05:25:19+00:00,Puente HTTP/REST (sensor de campo -> Central),DC-ACCESO-10,False,0,21.3,2026-09-26T05:25:19+00:00
2026-09-26T00:27:16-05:00,2026-09-26T05:27:16+00:00,Puente HTTP/REST (sensor de campo -> Central),DC-ACCESO-10,False,0,21.41,2026-09-26T05:27:16+00:00
2026-09-26T00:27:19-05:00,2026-09-26T05:27:19+00:00,Puente HTTP/REST (sensor de campo -> Central),DC-ACCESO-10,False,0,21.53,2026-09-26T05:27:19+00:00
2026-09-26T00:29:16-05:00,2026-09-26T05:29:16+00:00,Puente HTTP/REST (sensor de campo -> Central),DC-ACCESO-10,False,0,21.02,2026-09-26T05:29:16+00:00
2026-09-26T00:29:19-05:00,2026-09-26T05:29:19+00:00,Puente HTTP/REST (sensor de campo -> Central),DC-ACCESO-10,False,0,21.39,2026-09-26T05:29:19+00:00
2026-09-26T00:31:17-05:00,2026-09-26T05:31:17+00:00,Puente HTTP/REST (sensor de campo -> Central),DC-ACCESO-10,False,0,21.27,2026-09-26T05:31:16+00:00
2026-09-26T00:31:20-05:00,2026-09-26T05:31:20+00:00,Puente HTTP/REST (sensor de campo -> Central),DC-ACCESO-10,False,0,21.16,2026-09-26T05:31:19+00:00
2026-09-26T00:33:17-05:00,2026-09-26T05:33:17+00:00,Puente HTTP/REST (sensor de campo -> Central),DC-ACCESO-10,False,0,21.29,2026-09-26T05:33:17+00:00
2026-09-26T00:33:20-05:00,2026-09-26T05:33:20+00:00,Puente HTTP/REST (sensor de campo -> Central),DC-ACCESO-10,False,0,20.74,2026-09-26T05:33:20+00:00
2026-09-26T00:35:17-05:00,2026-09-26T05:35:17+00:00,Puente HTTP/REST (sensor de campo -> Central),DC-ACCESO-10,False,0,21.45,2026-09-26T05:35:17+00:00
2026-09-26T00:35:20-05:00,2026-09-26T05:35:20+00:00,Puente HTTP/REST (sensor de campo -> Central),DC-ACCESO-10,False,0,20.73,2026-09-26T05:35:20+00:00
2026-09-26T00:37:17-05:00,2026-09-26T05:37:17+00:00,Puente HTTP/REST (sensor de campo -> Central),DC-ACCESO-10,False,0,20.87,2026-09-26T05:37:17+00:00
2026-09-26T00:37:20-05:00,2026-09-26T05:37:20+00:00,Puente HTTP/REST (sensor de campo -> Central),DC-ACCESO-10,False,0,21.26,2026-09-26T05:37:20+00:00
2026-09-26T00:39:17-05:00,2026-09-26T05:39:17+00:00,Puente HTTP/REST (sensor de campo -> Central),DC-ACCESO-10,False,0,21.24,2026-09-26T05:39:17+00:00
2026-09-26T00:39:20-05:00,2026-09-26T05:39:20+00:00,Puente HTTP/REST (sensor de campo -> Central),DC-ACCESO-10,False,0,20.97,2026-09-26T05:39:20+00:00
2026-09-26T00:41:18-05:00,2026-09-26T05:41:18+00:00,Puente HTTP/REST (sensor de campo -> Central),DC-ACCESO-10,False,0,21.43,2026-09-26T05:41:17+00:00
2026-09-26T00:41:21-05:00,2026-09-26T05:41:21+00:00,Puente HTTP/REST (sensor de campo -> Central),DC-ACCESO-10,False,0,21.06,2026-09-26T05:41:20+00:00
2026-09-26T00:43:18-05:00,2026-09-26T05:43:18+00:00,Puente HTTP/REST (sensor de campo -> Central),DC-ACCESO-10,False,0,21.26,2026-09-26T05:43:18+00:00
2026-09-26T00:43:21-05:00,2026-09-26T05:43:21+00:00,Puente HTTP/REST (sensor de campo -> Central),DC-ACCESO-10,False,0,20.99,2026-09-26T05:43:21+00:00
2026-09-26T00:45:18-05:00,2026-09-26T05:45:18+00:00,Puente HTTP/REST (sensor de campo -> Central),DC-ACCESO-10,False,0,20.76,2026-09-26T05:45:18+00:00
2026-09-26T00:45:21-05:00,2026-09-26T05:45:21+00:00,Puente HTTP/REST (sensor de campo -> Central),DC-ACCESO-10,False,0,21.31,2026-09-26T05:45:21+00:00
2026-09-26T00:47:18-05:00,2026-09-26T05:47:18+00:00,Puente HTTP/REST (sensor de campo -> Central),DC-ACCESO-10,False,0,21.36,2026-09-26T05:47:18+00:00
2026-09-26T00:47:21-05:00,2026-09-26T05:47:21+00:00,Puente HTTP/REST (sensor de campo -> Central),DC-ACCESO-10,False,0,21.12,2026-09-26T05:47:21+00:00
2026-09-26T00:49:18-05:00,2026-09-26T05:49:18+00:00,Puente HTTP/REST (sensor de campo -> Central),DC-ACCESO-10,False,0,21.0,2026-09-26T05:49:18+00:00
2026-09-26T00:49:21-05:00,2026-09-26T05:49:21+00:00,Puente HTTP/REST (sensor de campo -> Central),DC-ACCESO-10,False,0,21.16,2026-09-26T05:49:21+00:00
2026-09-26T00:51:19-05:00,2026-09-26T05:51:19+00:00,Puente HTTP/REST (sensor de campo -> Central),DC-ACCESO-10,False,0,20.95,2026-09-26T05:51:18+00:00
2026-09-26T00:51:22-05:00,2026-09-26T05:51:22+00:00,Puente HTTP/REST (sensor de campo -> Central),DC-ACCESO-10,False,0,20.98,2026-09-26T05:51:21+00:00
2026-09-26T00:53:19-05:00,2026-09-26T05:53:19+00:00,Puente HTTP/REST (sensor de campo -> Central),DC-ACCESO-10,False,0,21.25,2026-09-26T05:53:19+00:00
2026-09-26T00:53:22-05:00,2026-09-26T05:53:22+00:00,Puente HTTP/REST (sensor de campo -> Central),DC-ACCESO-10,False,0,20.64,2026-09-26T05:53:22+00:00
2026-09-26T00:55:19-05:00,2026-09-26T05:55:19+00:00,Puente HTTP/REST (sensor de campo -> Central),DC-ACCESO-10,False,0,21.16,2026-09-26T05:55:19+00:00
2026-09-26T00:55:22-05:00,2026-09-26T05:55:22+00:00,Puente HTTP/REST (sensor de campo -> Central),DC-ACCESO-10,False,0,20.85,2026-09-26T05:55:22+00:00
2026-09-26T00:57:19-05:00,2026-09-26T05:57:19+00:00,Puente HTTP/REST (sensor de campo -> Central),DC-ACCESO-10,False,0,21.38,2026-09-26T05:57:19+00:00
2026-09-26T00:57:22-05:00,2026-09-26T05:57:22+00:00,Puente HTTP/REST (sensor de campo -> Central),DC-ACCESO-10,False,0,20.63,2026-09-26T05:57:22+00:00
2026-09-26T00:59:19-05:00,2026-09-26T05:59:19+00:00,Puente HTTP/REST (sensor de campo -> Central),DC-ACCESO-10,False,0,20.83,2026-09-26T05:59:19+00:00
2026-09-26T00:59:22-05:00,2026-09-26T05:59:22+00:00,Puente HTTP/REST (sensor de campo -> Central),DC-ACCESO-10,False,0,21.41,2026-09-26T05:59:22+00:00
2026-09-26T01:01:20-05:00,2026-09-26T06:01:20+00:00,Puente HTTP/REST (sensor de campo -> Central),DC-ACCESO-10,False,0,20.78,2026-09-26T06:01:19+00:00
2026-09-26T01:01:23-05:00,2026-09-26T06:01:23+00:00,Puente HTTP/REST (sensor de campo -> Central),DC-ACCESO-10,False,0,21.17,2026-09-26T06:01:22+00:00
2026-09-26T01:03:20-05:00,2026-09-26T06:03:20+00:00,Puente HTTP/REST (sensor de campo -> Central),DC-ACCESO-10,False,0,20.76,2026-09-26T06:03:20+00:00
2026-09-26T01:03:23-05:00,2026-09-26T06:03:23+00:00,Puente HTTP/REST (sensor de campo -> Central),DC-ACCESO-10,False,0,20.61,2026-09-26T06:03:23+00:00
2026-09-26T01:05:20-05:00,2026-09-26T06:05:20+00:00,Puente HTTP/REST (sensor de campo -> Central),DC-ACCESO-10,False,0,20.77,2026-09-26T06:05:20+00:00
2026-09-26T01:05:23-05:00,2026-09-26T06:05:23+00:00,Puente HTTP/REST (sensor de campo -> Central),DC-ACCESO-10,False,0,21.18,2026-09-26T06:05:23+00:00
2026-09-26T01:07:20-05:00,2026-09-26T06:07:20+00:00,Puente HTTP/REST (sensor de campo -> Central),DC-ACCESO-10,False,0,21.12,2026-09-26T06:07:20+00:00
2026-09-26T01:07:23-05:00,2026-09-26T06:07:23+00:00,Puente HTTP/REST (sensor de campo -> Central),DC-ACCESO-10,False,0,21.11,2026-09-26T06:07:23+00:00
2026-09-26T01:09:21-05:00,2026-09-26T06:09:21+00:00,Puente HTTP/REST (sensor de campo -> Central),DC-ACCESO-10,False,0,21.04,2026-09-26T06:09:20+00:00
2026-09-26T01:09:23-05:00,2026-09-26T06:09:23+00:00,Puente HTTP/REST (sensor de campo -> Central),DC-ACCESO-10,False,0,20.92,2026-09-26T06:09:23+00:00
2026-09-26T01:11:21-05:00,2026-09-26T06:11:21+00:00,Puente HTTP/REST (sensor de campo -> Central),DC-ACCESO-10,False,0,21.31,2026-09-26T06:11:21+00:00
2026-09-26T01:11:24-05:00,2026-09-26T06:11:24+00:00,Puente HTTP/REST (sensor de campo -> Central),DC-ACCESO-10,False,0,21.18,2026-09-26T06:11:23+00:00
2026-09-26T01:13:21-05:00,2026-09-26T06:13:21+00:00,Puente HTTP/REST (sensor de campo -> Central),DC-ACCESO-10,False,0,21.25,2026-09-26T06:13:21+00:00
2026-09-26T01:13:24-05:00,2026-09-26T06:13:24+00:00,Puente HTTP/REST (sensor de campo -> Central),DC-ACCESO-10,False,0,21.04,2026-09-26T06:13:24+00:00
2026-09-26T01:15:21-05:00,2026-09-26T06:15:21+00:00,Puente HTTP/REST (sensor de campo -> Central),DC-ACCESO-10,False,0,20.88,2026-09-26T06:15:21+00:00
2026-09-26T01:15:24-05:00,2026-09-26T06:15:24+00:00,Puente HTTP/REST (sensor de campo -> Central),DC-ACCESO-10,False,0,21.27,2026-09-26T06:15:24+00:00
2026-09-26T01:17:21-05:00,2026-09-26T06:17:21+00:00,Puente HTTP/REST (sensor de campo -> Central),DC-ACCESO-10,False,0,21.21,2026-09-26T06:17:21+00:00
2026-09-26T01:17:24-05:00,2026-09-26T06:17:24+00:00,Puente HTTP/REST (sensor de campo -> Central),DC-ACCESO-10,False,0,21.09,2026-09-26T06:17:24+00:00
2026-09-26T01:19:22-05:00,2026-09-26T06:19:22+00:00,Puente HTTP/REST (sensor de campo -> Central),DC-ACCESO-10,False,0,20.85,2026-09-26T06:19:21+00:00
2026-09-26T01:19:24-05:00,2026-09-26T06:19:24+00:00,Puente HTTP/REST (sensor de campo -> Central),DC-ACCESO-10,False,0,20.72,2026-09-26T06:19:24+00:00
2026-09-26T01:21:25-05:00,2026-09-26T06:21:25+00:00,Puente HTTP/REST (sensor de campo -> Central),DC-ACCESO-10,False,0,21.05,2026-09-26T06:21:24+00:00
2026-09-26T01:21:26-05:00,2026-09-26T06:21:26+00:00,Puente HTTP/REST (sensor de campo -> Central),DC-ACCESO-10,False,0,21.22,2026-09-26T06:21:26+00:00
2026-09-26T01:23:25-05:00,2026-09-26T06:23:25+00:00,Puente HTTP/REST (sensor de campo -> Central),DC-ACCESO-10,False,0,21.2,2026-09-26T06:23:25+00:00
2026-09-26T01:23:27-05:00,2026-09-26T06:23:27+00:00,Puente HTTP/REST (sensor de campo -> Central),DC-ACCESO-10,False,0,20.87,2026-09-26T06:23:26+00:00
2026-09-26T01:25:25-05:00,2026-09-26T06:25:25+00:00,Puente HTTP/REST (sensor de campo -> Central),DC-ACCESO-10,False,0,20.84,2026-09-26T06:25:25+00:00
2026-09-26T01:25:27-05:00,2026-09-26T06:25:27+00:00,Puente HTTP/REST (sensor de campo -> Central),DC-ACCESO-10,False,0,20.79,2026-09-26T06:25:27+00:00
2026-09-26T01:27:25-05:00,2026-09-26T06:27:25+00:00,Puente HTTP/REST (sensor de campo -> Central),DC-ACCESO-10,False,0,20.76,2026-09-26T06:27:25+00:00
2026-09-26T01:27:27-05:00,2026-09-26T06:27:27+00:00,Puente HTTP/REST (sensor de campo -> Central),DC-ACCESO-10,False,0,20.96,2026-09-26T06:27:27+00:00
2026-09-26T01:29:26-05:00,2026-09-26T06:29:26+00:00,Puente HTTP/REST (sensor de campo -> Central),DC-ACCESO-10,False,0,20.6,2026-09-26T06:29:25+00:00
2026-09-26T01:29:27-05:00,2026-09-26T06:29:27+00:00,Puente HTTP/REST (sensor de campo -> Central),DC-ACCESO-10,False,0,21.17,2026-09-26T06:29:27+00:00
2026-09-26T01:31:26-05:00,2026-09-26T06:31:26+00:00,Puente HTTP/REST (sensor de campo -> Central),DC-ACCESO-10,False,0,20.76,2026-09-26T06:31:26+00:00
2026-09-26T01:31:27-05:00,2026-09-26T06:31:27+00:00,Puente HTTP/REST (sensor de campo -> Central),DC-ACCESO-10,False,0,21.32,2026-09-26T06:31:27+00:00
2026-09-26T01:33:26-05:00,2026-09-26T06:33:26+00:00,Puente HTTP/REST (sensor de campo -> Central),DC-ACCESO-10,False,0,21.26,2026-09-26T06:33:26+00:00
2026-09-26T01:33:28-05:00,2026-09-26T06:33:28+00:00,Puente HTTP/REST (sensor de campo -> Central),DC-ACCESO-10,False,0,20.87,2026-09-26T06:33:27+00:00
2026-09-26T01:35:26-05:00,2026-09-26T06:35:26+00:00,Puente HTTP/REST (sensor de campo -> Central),DC-ACCESO-10,False,0,20.77,2026-09-26T06:35:26+00:00
2026-09-26T01:35:28-05:00,2026-09-26T06:35:28+00:00,Puente HTTP/REST (sensor de campo -> Central),DC-ACCESO-10,False,0,20.83,2026-09-26T06:35:28+00:00
2026-09-26T01:37:26-05:00,2026-09-26T06:37:26+00:00,Puente HTTP/REST (sensor de campo -> Central),DC-ACCESO-10,False,0,20.89,2026-09-26T06:37:26+00:00
2026-09-26T01:37:28-05:00,2026-09-26T06:37:28+00:00,Puente HTTP/REST (sensor de campo -> Central),DC-ACCESO-10,False,0,21.05,2026-09-26T06:37:28+00:00
2026-09-26T01:39:26-05:00,2026-09-26T06:39:26+00:00,Puente HTTP/REST (sensor de campo -> Central),DC-ACCESO-10,False,0,20.64,2026-09-26T06:39:26+00:00
2026-09-26T01:39:28-05:00,2026-09-26T06:39:28+00:00,Puente HTTP/REST (sensor de campo -> Central),DC-ACCESO-10,False,0,20.64,2026-09-26T06:39:28+00:00
2026-09-26T01:41:27-05:00,2026-09-26T06:41:27+00:00,Puente HTTP/REST (sensor de campo -> Central),DC-ACCESO-10,False,0,21.17,2026-09-26T06:41:27+00:00
2026-09-26T01:41:28-05:00,2026-09-26T06:41:28+00:00,Puente HTTP/REST (sensor de campo -> Central),DC-ACCESO-10,False,0,20.75,2026-09-26T06:41:28+00:00
2026-09-26T01:43:27-05:00,2026-09-26T06:43:27+00:00,Puente HTTP/REST (sensor de campo -> Central),DC-ACCESO-10,False,0,20.87,2026-09-26T06:43:27+00:00
2026-09-26T01:43:29-05:00,2026-09-26T06:43:29+00:00,Puente HTTP/REST (sensor de campo -> Central),DC-ACCESO-10,False,0,20.83,2026-09-26T06:43:28+00:00
2026-09-26T01:45:27-05:00,2026-09-26T06:45:27+00:00,Puente HTTP/REST (sensor de campo -> Central),DC-ACCESO-10,False,0,20.69,2026-09-26T06:45:27+00:00
2026-09-26T01:45:29-05:00,2026-09-26T06:45:29+00:00,Puente HTTP/REST (sensor de campo -> Central),DC-ACCESO-10,False,0,20.57,2026-09-26T06:45:29+00:00
2026-09-26T01:47:27-05:00,2026-09-26T06:47:27+00:00,Puente HTTP/REST (sensor de campo -> Central),DC-ACCESO-10,False,0,20.92,2026-09-26T06:47:27+00:00
2026-09-26T01:47:29-05:00,2026-09-26T06:47:29+00:00,Puente HTTP/REST (sensor de campo -> Central),DC-ACCESO-10,False,0,20.85,2026-09-26T06:47:29+00:00
2026-09-26T01:49:27-05:00,2026-09-26T06:49:27+00:00,Puente HTTP/REST (sensor de campo -> Central),DC-ACCESO-10,False,0,21.21,2026-09-26T06:49:27+00:00
2026-09-26T01:49:29-05:00,2026-09-26T06:49:29+00:00,Puente HTTP/REST (sensor de campo -> Central),DC-ACCESO-10,False,0,20.71,2026-09-26T06:49:29+00:00
2026-09-26T01:51:28-05:00,2026-09-26T06:51:28+00:00,Puente HTTP/REST (sensor de campo -> Central),DC-ACCESO-10,False,0,21.15,2026-09-26T06:51:27+00:00
2026-09-26T01:51:29-05:00,2026-09-26T06:51:29+00:00,Puente HTTP/REST (sensor de campo -> Central),DC-ACCESO-10,False,0,21.23,2026-09-26T06:51:29+00:00
2026-09-26T01:53:28-05:00,2026-09-26T06:53:28+00:00,Puente HTTP/REST (sensor de campo -> Central),DC-ACCESO-10,False,0,20.89,2026-09-26T06:53:28+00:00
2026-09-26T01:53:30-05:00,2026-09-26T06:53:30+00:00,Puente HTTP/REST (sensor de campo -> Central),DC-ACCESO-10,False,0,21.08,2026-09-26T06:53:29+00:00
2026-09-26T01:55:28-05:00,2026-09-26T06:55:28+00:00,Puente HTTP/REST (sensor de campo -> Central),DC-ACCESO-10,False,0,21.2,2026-09-26T06:55:28+00:00
2026-09-26T01:55:30-05:00,2026-09-26T06:55:30+00:00,Puente HTTP/REST (sensor de campo -> Central),DC-ACCESO-10,False,0,20.62,2026-09-26T06:55:30+00:00
2026-09-26T01:57:28-05:00,2026-09-26T06:57:28+00:00,Puente HTTP/REST (sensor de campo -> Central),DC-ACCESO-10,False,0,20.52,2026-09-26T06:57:28+00:00
2026-09-26T01:57:30-05:00,2026-09-26T06:57:30+00:00,Puente HTTP/REST (sensor de campo -> Central),DC-ACCESO-10,False,0,21.24,2026-09-26T06:57:30+00:00
2026-09-26T01:59:28-05:00,2026-09-26T06:59:28+00:00,Puente HTTP/REST (sensor de campo -> Central),DC-ACCESO-10,False,0,20.56,2026-09-26T06:59:28+00:00
2026-09-26T01:59:30-05:00,2026-09-26T06:59:30+00:00,Puente HTTP/REST (sensor de campo -> Central),DC-ACCESO-10,False,0,20.85,2026-09-26T06:59:30+00:00
2026-09-26T02:01:29-05:00,2026-09-26T07:01:29+00:00,Puente HTTP/REST (sensor de campo -> Central),DC-ACCESO-10,False,0,20.82,2026-09-26T07:01:28+00:00
2026-09-26T02:01:30-05:00,2026-09-26T07:01:30+00:00,Puente HTTP/REST (sensor de campo -> Central),DC-ACCESO-10,False,0,20.46,2026-09-26T07:01:30+00:00
2026-09-26T02:03:29-05:00,2026-09-26T07:03:29+00:00,Puente HTTP/REST (sensor de campo -> Central),DC-ACCESO-10,False,0,21.06,2026-09-26T07:03:29+00:00
2026-09-26T02:03:31-05:00,2026-09-26T07:03:31+00:00,Puente HTTP/REST (sensor de campo -> Central),DC-ACCESO-10,False,0,20.69,2026-09-26T07:03:30+00:00
2026-09-26T02:05:29-05:00,2026-09-26T07:05:29+00:00,Puente HTTP/REST (sensor de campo -> Central),DC-ACCESO-10,False,0,21.21,2026-09-26T07:05:29+00:00
2026-09-26T02:05:31-05:00,2026-09-26T07:05:31+00:00,Puente HTTP/REST (sensor de campo -> Central),DC-ACCESO-10,False,0,20.6,2026-09-26T07:05:31+00:00
2026-09-26T02:07:29-05:00,2026-09-26T07:07:29+00:00,Puente HTTP/REST (sensor de campo -> Central),DC-ACCESO-10,False,0,20.88,2026-09-26T07:07:29+00:00
2026-09-26T02:07:31-05:00,2026-09-26T07:07:31+00:00,Puente HTTP/REST (sensor de campo -> Central),DC-ACCESO-10,False,0,21.18,2026-09-26T07:07:31+00:00
2026-09-26T02:09:29-05:00,2026-09-26T07:09:29+00:00,Puente HTTP/REST (sensor de campo -> Central),DC-ACCESO-10,False,0,20.86,2026-09-26T07:09:29+00:00
2026-09-26T02:09:31-05:00,2026-09-26T07:09:31+00:00,Puente HTTP/REST (sensor de campo -> Central),DC-ACCESO-10,False,0,21.09,2026-09-26T07:09:31+00:00
2026-09-26T02:11:30-05:00,2026-09-26T07:11:30+00:00,Puente HTTP/REST (sensor de campo -> Central),DC-ACCESO-10,False,0,20.82,2026-09-26T07:11:29+00:00
2026-09-26T02:11:32-05:00,2026-09-26T07:11:32+00:00,Puente HTTP/REST (sensor de campo -> Central),DC-ACCESO-10,False,0,20.5,2026-09-26T07:11:31+00:00
2026-09-26T02:13:30-05:00,2026-09-26T07:13:30+00:00,Puente HTTP/REST (sensor de campo -> Central),DC-ACCESO-10,False,0,20.7,2026-09-26T07:13:30+00:00
2026-09-26T02:13:32-05:00,2026-09-26T07:13:32+00:00,Puente HTTP/REST (sensor de campo -> Central),DC-ACCESO-10,False,0,20.53,2026-09-26T07:13:32+00:00
2026-09-26T02:15:31-05:00,2026-09-26T07:15:31+00:00,Puente HTTP/REST (sensor de campo -> Central),DC-ACCESO-10,False,0,21.18,2026-09-26T07:15:30+00:00
2026-09-26T02:15:32-05:00,2026-09-26T07:15:32+00:00,Puente HTTP/REST (sensor de campo -> Central),DC-ACCESO-10,False,0,20.91,2026-09-26T07:15:32+00:00
2026-09-26T02:17:31-05:00,2026-09-26T07:17:31+00:00,Puente HTTP/REST (sensor de campo -> Central),DC-ACCESO-10,False,0,20.69,2026-09-26T07:17:31+00:00
2026-09-26T02:17:32-05:00,2026-09-26T07:17:32+00:00,Puente HTTP/REST (sensor de campo -> Central),DC-ACCESO-10,False,0,20.95,2026-09-26T07:17:32+00:00
2026-09-26T02:19:31-05:00,2026-09-26T07:19:31+00:00,Puente HTTP/REST (sensor de campo -> Central),DC-ACCESO-10,False,0,20.62,2026-09-26T07:19:31+00:00
2026-09-26T02:19:33-05:00,2026-09-26T07:19:33+00:00,Puente HTTP/REST (sensor de campo -> Central),DC-ACCESO-10,False,0,20.76,2026-09-26T07:19:32+00:00
2026-09-26T02:21:31-05:00,2026-09-26T07:21:31+00:00,Puente HTTP/REST (sensor de campo -> Central),DC-ACCESO-10,False,0,20.67,2026-09-26T07:21:31+00:00
2026-09-26T02:21:33-05:00,2026-09-26T07:21:33+00:00,Puente HTTP/REST (sensor de campo -> Central),DC-ACCESO-10,False,0,21.15,2026-09-26T07:21:33+00:00
2026-09-26T02:23:31-05:00,2026-09-26T07:23:31+00:00,Puente HTTP/REST (sensor de campo -> Central),DC-ACCESO-10,False,0,20.75,2026-09-26T07:23:31+00:00
2026-09-26T02:23:33-05:00,2026-09-26T07:23:33+00:00,Puente HTTP/REST (sensor de campo -> Central),DC-ACCESO-10,False,0,20.61,2026-09-26T07:23:33+00:00
2026-09-26T02:25:32-05:00,2026-09-26T07:25:32+00:00,Puente HTTP/REST (sensor de campo -> Central),DC-ACCESO-10,False,0,20.85,2026-09-26T07:25:31+00:00
2026-09-26T02:25:33-05:00,2026-09-26T07:25:33+00:00,Puente HTTP/REST (sensor de campo -> Central),DC-ACCESO-10,False,0,20.77,2026-09-26T07:25:33+00:00
2026-09-26T02:27:32-05:00,2026-09-26T07:27:32+00:00,Puente HTTP/REST (sensor de campo -> Central),DC-ACCESO-10,False,0,20.92,2026-09-26T07:27:32+00:00
2026-09-26T02:27:33-05:00,2026-09-26T07:27:33+00:00,Puente HTTP/REST (sensor de campo -> Central),DC-ACCESO-10,False,0,20.98,2026-09-26T07:27:33+00:00
2026-09-26T02:29:32-05:00,2026-09-26T07:29:32+00:00,Puente HTTP/REST (sensor de campo -> Central),DC-ACCESO-10,False,0,20.95,2026-09-26T07:29:32+00:00
2026-09-26T02:29:34-05:00,2026-09-26T07:29:34+00:00,Puente HTTP/REST (sensor de campo -> Central),DC-ACCESO-10,False,0,20.92,2026-09-26T07:29:33+00:00
2026-09-26T02:31:32-05:00,2026-09-26T07:31:32+00:00,Puente HTTP/REST (sensor de campo -> Central),DC-ACCESO-10,False,0,20.85,2026-09-26T07:31:32+00:00
2026-09-26T02:31:34-05:00,2026-09-26T07:31:34+00:00,Puente HTTP/REST (sensor de campo -> Central),DC-ACCESO-10,False,0,20.61,2026-09-26T07:31:34+00:00
2026-09-26T02:33:32-05:00,2026-09-26T07:33:32+00:00,Puente HTTP/REST (sensor de campo -> Central),DC-ACCESO-10,False,0,21.2,2026-09-26T07:33:32+00:00
2026-09-26T02:33:34-05:00,2026-09-26T07:33:34+00:00,Puente HTTP/REST (sensor de campo -> Central),DC-ACCESO-10,False,0,20.42,2026-09-26T07:33:34+00:00
2026-09-26T02:35:33-05:00,2026-09-26T07:35:33+00:00,Puente HTTP/REST (sensor de campo -> Central),DC-ACCESO-10,False,0,20.42,2026-09-26T07:35:32+00:00
2026-09-26T02:35:34-05:00,2026-09-26T07:35:34+00:00,Puente HTTP/REST (sensor de campo -> Central),DC-ACCESO-10,False,0,20.43,2026-09-26T07:35:34+00:00
2026-09-26T02:37:33-05:00,2026-09-26T07:37:33+00:00,Puente HTTP/REST (sensor de campo -> Central),DC-ACCESO-10,False,0,20.7,2026-09-26T07:37:33+00:00
2026-09-26T02:37:34-05:00,2026-09-26T07:37:34+00:00,Puente HTTP/REST (sensor de campo -> Central),DC-ACCESO-10,False,0,20.98,2026-09-26T07:37:34+00:00
2026-09-26T02:39:33-05:00,2026-09-26T07:39:33+00:00,Puente HTTP/REST (sensor de campo -> Central),DC-ACCESO-10,False,0,20.87,2026-09-26T07:39:33+00:00
2026-09-26T02:39:35-05:00,2026-09-26T07:39:35+00:00,Puente HTTP/REST (sensor de campo -> Central),DC-ACCESO-10,False,0,21.11,2026-09-26T07:39:34+00:00
2026-09-26T02:41:33-05:00,2026-09-26T07:41:33+00:00,Puente HTTP/REST (sensor de campo -> Central),DC-ACCESO-10,False,0,21.16,2026-09-26T07:41:33+00:00
2026-09-26T02:41:35-05:00,2026-09-26T07:41:35+00:00,Puente HTTP/REST (sensor de campo -> Central),DC-ACCESO-10,False,0,20.73,2026-09-26T07:41:35+00:00
2026-09-26T02:43:33-05:00,2026-09-26T07:43:33+00:00,Puente HTTP/REST (sensor de campo -> Central),DC-ACCESO-10,False,0,20.53,2026-09-26T07:43:33+00:00
2026-09-26T02:43:35-05:00,2026-09-26T07:43:35+00:00,Puente HTTP/REST (sensor de campo -> Central),DC-ACCESO-10,False,0,20.44,2026-09-26T07:43:35+00:00
2026-09-26T02:45:34-05:00,2026-09-26T07:45:34+00:00,Puente HTTP/REST (sensor de campo -> Central),DC-ACCESO-10,False,0,20.83,2026-09-26T07:45:33+00:00
2026-09-26T02:45:35-05:00,2026-09-26T07:45:35+00:00,Puente HTTP/REST (sensor de campo -> Central),DC-ACCESO-10,False,0,21.07,2026-09-26T07:45:35+00:00
2026-09-26T02:47:34-05:00,2026-09-26T07:47:34+00:00,Puente HTTP/REST (sensor de campo -> Central),DC-ACCESO-10,False,0,21.03,2026-09-26T07:47:34+00:00
2026-09-26T02:47:36-05:00,2026-09-26T07:47:36+00:00,Puente HTTP/REST (sensor de campo -> Central),DC-ACCESO-10,False,0,20.63,2026-09-26T07:47:35+00:00
2026-09-26T02:49:34-05:00,2026-09-26T07:49:34+00:00,Puente HTTP/REST (sensor de campo -> Central),DC-ACCESO-10,False,0,20.88,2026-09-26T07:49:34+00:00
2026-09-26T02:49:36-05:00,2026-09-26T07:49:36+00:00,Puente HTTP/REST (sensor de campo -> Central),DC-ACCESO-10,False,0,20.97,2026-09-26T07:49:36+00:00
2026-09-26T02:51:34-05:00,2026-09-26T07:51:34+00:00,Puente HTTP/REST (sensor de campo -> Central),DC-ACCESO-10,False,0,20.84,2026-09-26T07:51:34+00:00
2026-09-26T02:51:36-05:00,2026-09-26T07:51:36+00:00,Puente HTTP/REST (sensor de campo -> Central),DC-ACCESO-10,False,0,20.62,2026-09-26T07:51:36+00:00
2026-09-26T02:53:34-05:00,2026-09-26T07:53:34+00:00,Puente HTTP/REST (sensor de campo -> Central),DC-ACCESO-10,False,0,21.11,2026-09-26T07:53:34+00:00
2026-09-26T02:53:36-05:00,2026-09-26T07:53:36+00:00,Puente HTTP/REST (sensor de campo -> Central),DC-ACCESO-10,False,0,20.83,2026-09-26T07:53:36+00:00
2026-09-26T02:55:35-05:00,2026-09-26T07:55:35+00:00,Puente HTTP/REST (sensor de campo -> Central),DC-ACCESO-10,False,0,20.69,2026-09-26T07:55:34+00:00
2026-09-26T02:55:36-05:00,2026-09-26T07:55:36+00:00,Puente HTTP/REST (sensor de campo -> Central),DC-ACCESO-10,False,0,21.0,2026-09-26T07:55:36+00:00
2026-09-26T02:57:35-05:00,2026-09-26T07:57:35+00:00,Puente HTTP/REST (sensor de campo -> Central),DC-ACCESO-10,False,0,20.92,2026-09-26T07:57:35+00:00
2026-09-26T02:57:36-05:00,2026-09-26T07:57:36+00:00,Puente HTTP/REST (sensor de campo -> Central),DC-ACCESO-10,False,0,20.78,2026-09-26T07:57:36+00:00
2026-09-26T02:59:35-05:00,2026-09-26T07:59:35+00:00,Puente HTTP/REST (sensor de campo -> Central),DC-ACCESO-10,False,0,20.52,2026-09-26T07:59:35+00:00
2026-09-26T02:59:37-05:00,2026-09-26T07:59:37+00:00,Puente HTTP/REST (sensor de campo -> Central),DC-ACCESO-10,False,0,20.64,2026-09-26T07:59:37+00:00
2026-09-26T03:01:35-05:00,2026-09-26T08:01:35+00:00,Puente HTTP/REST (sensor de campo -> Central),DC-ACCESO-10,False,0,20.58,2026-09-26T08:01:35+00:00
2026-09-26T03:01:37-05:00,2026-09-26T08:01:37+00:00,Puente HTTP/REST (sensor de campo -> Central),DC-ACCESO-10,False,0,20.81,2026-09-26T08:01:37+00:00
2026-09-26T03:03:35-05:00,2026-09-26T08:03:35+00:00,Puente HTTP/REST (sensor de campo -> Central),DC-ACCESO-10,False,0,20.65,2026-09-26T08:03:35+00:00
2026-09-26T03:03:37-05:00,2026-09-26T08:03:37+00:00,Puente HTTP/REST (sensor de campo -> Central),DC-ACCESO-10,False,0,20.53,2026-09-26T08:03:37+00:00
2026-09-26T03:05:35-05:00,2026-09-26T08:05:35+00:00,Puente HTTP/REST (sensor de campo -> Central),DC-ACCESO-10,False,0,21.09,2026-09-26T08:05:35+00:00
2026-09-26T03:05:37-05:00,2026-09-26T08:05:37+00:00,Puente HTTP/REST (sensor de campo -> Central),DC-ACCESO-10,False,0,21.04,2026-09-26T08:05:37+00:00
2026-09-26T03:07:36-05:00,2026-09-26T08:07:36+00:00,Puente HTTP/REST (sensor de campo -> Central),DC-ACCESO-10,False,0,20.89,2026-09-26T08:07:35+00:00
2026-09-26T03:07:38-05:00,2026-09-26T08:07:38+00:00,Puente HTTP/REST (sensor de campo -> Central),DC-ACCESO-10,False,0,20.53,2026-09-26T08:07:37+00:00
2026-09-26T03:09:36-05:00,2026-09-26T08:09:36+00:00,Puente HTTP/REST (sensor de campo -> Central),DC-ACCESO-10,False,0,20.87,2026-09-26T08:09:36+00:00
2026-09-26T03:09:38-05:00,2026-09-26T08:09:38+00:00,Puente HTTP/REST (sensor de campo -> Central),DC-ACCESO-10,False,0,21.16,2026-09-26T08:09:38+00:00
2026-09-26T03:11:36-05:00,2026-09-26T08:11:36+00:00,Puente HTTP/REST (sensor de campo -> Central),DC-ACCESO-10,False,0,20.55,2026-09-26T08:11:36+00:00
2026-09-26T03:11:38-05:00,2026-09-26T08:11:38+00:00,Puente HTTP/REST (sensor de campo -> Central),DC-ACCESO-10,False,0,20.76,2026-09-26T08:11:38+00:00
2026-09-26T03:13:36-05:00,2026-09-26T08:13:36+00:00,Puente HTTP/REST (sensor de campo -> Central),DC-ACCESO-10,False,0,20.48,2026-09-26T08:13:36+00:00
2026-09-26T03:13:38-05:00,2026-09-26T08:13:38+00:00,Puente HTTP/REST (sensor de campo -> Central),DC-ACCESO-10,False,0,20.42,2026-09-26T08:13:38+00:00
2026-09-26T03:15:36-05:00,2026-09-26T08:15:36+00:00,Puente HTTP/REST (sensor de campo -> Central),DC-ACCESO-10,False,0,21.0,2026-09-26T08:15:36+00:00
2026-09-26T03:15:38-05:00,2026-09-26T08:15:38+00:00,Puente HTTP/REST (sensor de campo -> Central),DC-ACCESO-10,False,0,20.95,2026-09-26T08:15:38+00:00
2026-09-26T03:17:37-05:00,2026-09-26T08:17:37+00:00,Puente HTTP/REST (sensor de campo -> Central),DC-ACCESO-10,False,0,20.87,2026-09-26T08:17:36+00:00
2026-09-26T03:17:39-05:00,2026-09-26T08:17:39+00:00,Puente HTTP/REST (sensor de campo -> Central),DC-ACCESO-10,False,0,20.85,2026-09-26T08:17:38+00:00
2026-09-26T03:19:37-05:00,2026-09-26T08:19:37+00:00,Puente HTTP/REST (sensor de campo -> Central),DC-ACCESO-10,False,0,20.87,2026-09-26T08:19:37+00:00
2026-09-26T03:19:39-05:00,2026-09-26T08:19:39+00:00,Puente HTTP/REST (sensor de campo -> Central),DC-ACCESO-10,False,0,20.69,2026-09-26T08:19:39+00:00
2026-09-26T03:21:37-05:00,2026-09-26T08:21:37+00:00,Puente HTTP/REST (sensor de campo -> Central),DC-ACCESO-10,False,0,20.79,2026-09-26T08:21:37+00:00
2026-09-26T03:21:39-05:00,2026-09-26T08:21:39+00:00,Puente HTTP/REST (sensor de campo -> Central),DC-ACCESO-10,False,0,20.59,2026-09-26T08:21:39+00:00
2026-09-26T03:23:37-05:00,2026-09-26T08:23:37+00:00,Puente HTTP/REST (sensor de campo -> Central),DC-ACCESO-10,False,0,20.42,2026-09-26T08:23:37+00:00
2026-09-26T03:23:39-05:00,2026-09-26T08:23:39+00:00,Puente HTTP/REST (sensor de campo -> Central),DC-ACCESO-10,False,0,21.09,2026-09-26T08:23:39+00:00
2026-09-26T03:25:37-05:00,2026-09-26T08:25:37+00:00,Puente HTTP/REST (sensor de campo -> Central),DC-ACCESO-10,False,0,20.96,2026-09-26T08:25:37+00:00
2026-09-26T03:25:39-05:00,2026-09-26T08:25:39+00:00,Puente HTTP/REST (sensor de campo -> Central),DC-ACCESO-10,False,0,21.03,2026-09-26T08:25:39+00:00
2026-09-26T03:27:38-05:00,2026-09-26T08:27:38+00:00,Puente HTTP/REST (sensor de campo -> Central),DC-ACCESO-10,False,0,21.02,2026-09-26T08:27:37+00:00
2026-09-26T03:27:40-05:00,2026-09-26T08:27:40+00:00,Puente HTTP/REST (sensor de campo -> Central),DC-ACCESO-10,False,0,21.11,2026-09-26T08:27:39+00:00
2026-09-26T03:29:38-05:00,2026-09-26T08:29:38+00:00,Puente HTTP/REST (sensor de campo -> Central),DC-ACCESO-10,False,0,20.81,2026-09-26T08:29:38+00:00
2026-09-26T03:29:40-05:00,2026-09-26T08:29:40+00:00,Puente HTTP/REST (sensor de campo -> Central),DC-ACCESO-10,False,0,20.45,2026-09-26T08:29:40+00:00
2026-09-26T03:31:38-05:00,2026-09-26T08:31:38+00:00,Puente HTTP/REST (sensor de campo -> Central),DC-ACCESO-10,False,0,21.14,2026-09-26T08:31:38+00:00
2026-09-26T03:31:40-05:00,2026-09-26T08:31:40+00:00,Puente HTTP/REST (sensor de campo -> Central),DC-ACCESO-10,False,0,20.44,2026-09-26T08:31:40+00:00
2026-09-26T03:33:38-05:00,2026-09-26T08:33:38+00:00,Puente HTTP/REST (sensor de campo -> Central),DC-ACCESO-10,False,0,20.65,2026-09-26T08:33:38+00:00
2026-09-26T03:33:40-05:00,2026-09-26T08:33:40+00:00,Puente HTTP/REST (sensor de campo -> Central),DC-ACCESO-10,False,0,20.87,2026-09-26T08:33:40+00:00
2026-09-26T03:35:38-05:00,2026-09-26T08:35:38+00:00,Puente HTTP/REST (sensor de campo -> Central),DC-ACCESO-10,False,0,21.14,2026-09-26T08:35:38+00:00
2026-09-26T03:35:41-05:00,2026-09-26T08:35:41+00:00,Puente HTTP/REST (sensor de campo -> Central),DC-ACCESO-10,False,0,20.67,2026-09-26T08:35:40+00:00
2026-09-26T03:37:39-05:00,2026-09-26T08:37:39+00:00,Puente HTTP/REST (sensor de campo -> Central),DC-ACCESO-10,False,0,20.64,2026-09-26T08:37:38+00:00
2026-09-26T03:37:41-05:00,2026-09-26T08:37:41+00:00,Puente HTTP/REST (sensor de campo -> Central),DC-ACCESO-10,False,0,20.55,2026-09-26T08:37:41+00:00
2026-09-26T03:39:39-05:00,2026-09-26T08:39:39+00:00,Puente HTTP/REST (sensor de campo -> Central),DC-ACCESO-10,False,0,21.12,2026-09-26T08:39:39+00:00
2026-09-26T03:39:41-05:00,2026-09-26T08:39:41+00:00,Puente HTTP/REST (sensor de campo -> Central),DC-ACCESO-10,False,0,21.02,2026-09-26T08:39:41+00:00
2026-09-26T03:41:39-05:00,2026-09-26T08:41:39+00:00,Puente HTTP/REST (sensor de campo -> Central),DC-ACCESO-10,False,0,20.88,2026-09-26T08:41:39+00:00
2026-09-26T03:41:41-05:00,2026-09-26T08:41:41+00:00,Puente HTTP/REST (sensor de campo -> Central),DC-ACCESO-10,False,0,20.99,2026-09-26T08:41:41+00:00
2026-09-26T03:43:39-05:00,2026-09-26T08:43:39+00:00,Puente HTTP/REST (sensor de campo -> Central),DC-ACCESO-10,False,0,20.63,2026-09-26T08:43:39+00:00
2026-09-26T03:43:41-05:00,2026-09-26T08:43:41+00:00,Puente HTTP/REST (sensor de campo -> Central),DC-ACCESO-10,False,0,20.94,2026-09-26T08:43:41+00:00
2026-09-26T03:45:39-05:00,2026-09-26T08:45:39+00:00,Puente HTTP/REST (sensor de campo -> Central),DC-ACCESO-10,False,0,21.05,2026-09-26T08:45:39+00:00
2026-09-26T03:45:42-05:00,2026-09-26T08:45:42+00:00,Puente HTTP/REST (sensor de campo -> Central),DC-ACCESO-10,False,0,20.71,2026-09-26T08:45:41+00:00
2026-09-26T03:47:40-05:00,2026-09-26T08:47:40+00:00,Puente HTTP/REST (sensor de campo -> Central),DC-ACCESO-10,False,0,20.66,2026-09-26T08:47:39+00:00
2026-09-26T03:47:42-05:00,2026-09-26T08:47:42+00:00,Puente HTTP/REST (sensor de campo -> Central),DC-ACCESO-10,False,0,21.1,2026-09-26T08:47:42+00:00
2026-09-26T03:49:40-05:00,2026-09-26T08:49:40+00:00,Puente HTTP/REST (sensor de campo -> Central),DC-ACCESO-10,False,0,21.17,2026-09-26T08:49:40+00:00
2026-09-26T03:49:42-05:00,2026-09-26T08:49:42+00:00,Puente HTTP/REST (sensor de campo -> Central),DC-ACCESO-10,False,0,21.06,2026-09-26T08:49:42+00:00
2026-09-26T03:51:40-05:00,2026-09-26T08:51:40+00:00,Puente HTTP/REST (sensor de campo -> Central),DC-ACCESO-10,False,0,20.46,2026-09-26T08:51:40+00:00
2026-09-26T03:51:42-05:00,2026-09-26T08:51:42+00:00,Puente HTTP/REST (sensor de campo -> Central),DC-ACCESO-10,False,0,21.09,2026-09-26T08:51:42+00:00
2026-09-26T03:53:40-05:00,2026-09-26T08:53:40+00:00,Puente HTTP/REST (sensor de campo -> Central),DC-ACCESO-10,False,0,21.12,2026-09-26T08:53:40+00:00
2026-09-26T03:53:42-05:00,2026-09-26T08:53:42+00:00,Puente HTTP/REST (sensor de campo -> Central),DC-ACCESO-10,False,0,20.78,2026-09-26T08:53:42+00:00
2026-09-26T03:55:40-05:00,2026-09-26T08:55:40+00:00,Puente HTTP/REST (sensor de campo -> Central),DC-ACCESO-10,False,0,20.79,2026-09-26T08:55:40+00:00
2026-09-26T03:55:43-05:00,2026-09-26T08:55:43+00:00,Puente HTTP/REST (sensor de campo -> Central),DC-ACCESO-10,False,0,20.66,2026-09-26T08:55:42+00:00
2026-09-26T03:57:41-05:00,2026-09-26T08:57:41+00:00,Puente HTTP/REST (sensor de campo -> Central),DC-ACCESO-10,False,0,20.91,2026-09-26T08:57:40+00:00
2026-09-26T03:57:43-05:00,2026-09-26T08:57:43+00:00,Puente HTTP/REST (sensor de campo -> Central),DC-ACCESO-10,False,0,20.51,2026-09-26T08:57:43+00:00
2026-09-26T03:59:41-05:00,2026-09-26T08:59:41+00:00,Puente HTTP/REST (sensor de campo -> Central),DC-ACCESO-10,False,0,20.57,2026-09-26T08:59:41+00:00
2026-09-26T03:59:43-05:00,2026-09-26T08:59:43+00:00,Puente HTTP/REST (sensor de campo -> Central),DC-ACCESO-10,False,0,20.59,2026-09-26T08:59:43+00:00
2026-09-26T04:01:41-05:00,2026-09-26T09:01:41+00:00,Puente HTTP/REST (sensor de campo -> Central),DC-ACCESO-10,False,0,20.75,2026-09-26T09:01:41+00:00
2026-09-26T04:01:43-05:00,2026-09-26T09:01:43+00:00,Puente HTTP/REST (sensor de campo -> Central),DC-ACCESO-10,False,0,20.54,2026-09-26T09:01:43+00:00
2026-09-26T04:03:41-05:00,2026-09-26T09:03:41+00:00,Puente HTTP/REST (sensor de campo -> Central),DC-ACCESO-10,False,0,20.49,2026-09-26T09:03:41+00:00
2026-09-26T04:03:43-05:00,2026-09-26T09:03:43+00:00,Puente HTTP/REST (sensor de campo -> Central),DC-ACCESO-10,False,0,20.69,2026-09-26T09:03:43+00:00
2026-09-26T04:05:41-05:00,2026-09-26T09:05:41+00:00,Puente HTTP/REST (sensor de campo -> Central),DC-ACCESO-10,False,0,20.63,2026-09-26T09:05:41+00:00
2026-09-26T04:05:44-05:00,2026-09-26T09:05:44+00:00,Puente HTTP/REST (sensor de campo -> Central),DC-ACCESO-10,False,0,20.94,2026-09-26T09:05:44+00:00
2026-09-26T04:07:42-05:00,2026-09-26T09:07:42+00:00,Puente HTTP/REST (sensor de campo -> Central),DC-ACCESO-10,False,0,20.57,2026-09-26T09:07:41+00:00
2026-09-26T04:07:44-05:00,2026-09-26T09:07:44+00:00,Puente HTTP/REST (sensor de campo -> Central),DC-ACCESO-10,False,0,21.01,2026-09-26T09:07:44+00:00
2026-09-26T04:09:42-05:00,2026-09-26T09:09:42+00:00,Puente HTTP/REST (sensor de campo -> Central),DC-ACCESO-10,False,0,20.6,2026-09-26T09:09:42+00:00
2026-09-26T04:09:44-05:00,2026-09-26T09:09:44+00:00,Puente HTTP/REST (sensor de campo -> Central),DC-ACCESO-10,False,0,20.53,2026-09-26T09:09:44+00:00
2026-09-26T04:11:42-05:00,2026-09-26T09:11:42+00:00,Puente HTTP/REST (sensor de campo -> Central),DC-ACCESO-10,False,0,21.01,2026-09-26T09:11:42+00:00
2026-09-26T04:11:44-05:00,2026-09-26T09:11:44+00:00,Puente HTTP/REST (sensor de campo -> Central),DC-ACCESO-10,False,0,20.54,2026-09-26T09:11:44+00:00
2026-09-26T04:13:42-05:00,2026-09-26T09:13:42+00:00,Puente HTTP/REST (sensor de campo -> Central),DC-ACCESO-10,False,0,20.61,2026-09-26T09:13:42+00:00
2026-09-26T04:13:45-05:00,2026-09-26T09:13:45+00:00,Puente HTTP/REST (sensor de campo -> Central),DC-ACCESO-10,False,0,20.83,2026-09-26T09:13:44+00:00
2026-09-26T04:15:42-05:00,2026-09-26T09:15:42+00:00,Puente HTTP/REST (sensor de campo -> Central),DC-ACCESO-10,False,0,20.73,2026-09-26T09:15:42+00:00
2026-09-26T04:15:45-05:00,2026-09-26T09:15:45+00:00,Puente HTTP/REST (sensor de campo -> Central),DC-ACCESO-10,False,0,20.68,2026-09-26T09:15:45+00:00
2026-09-26T04:17:43-05:00,2026-09-26T09:17:43+00:00,Puente HTTP/REST (sensor de campo -> Central),DC-ACCESO-10,False,0,20.64,2026-09-26T09:17:42+00:00
2026-09-26T04:17:45-05:00,2026-09-26T09:17:45+00:00,Puente HTTP/REST (sensor de campo -> Central),DC-ACCESO-10,False,0,21.29,2026-09-26T09:17:45+00:00
2026-09-26T04:19:43-05:00,2026-09-26T09:19:43+00:00,Puente HTTP/REST (sensor de campo -> Central),DC-ACCESO-10,False,0,20.97,2026-09-26T09:19:43+00:00
2026-09-26T04:19:45-05:00,2026-09-26T09:19:45+00:00,Puente HTTP/REST (sensor de campo -> Central),DC-ACCESO-10,False,0,21.11,2026-09-26T09:19:45+00:00
2026-09-26T04:21:43-05:00,2026-09-26T09:21:43+00:00,Puente HTTP/REST (sensor de campo -> Central),DC-ACCESO-10,False,0,21.29,2026-09-26T09:21:43+00:00
2026-09-26T04:21:45-05:00,2026-09-26T09:21:45+00:00,Puente HTTP/REST (sensor de campo -> Central),DC-ACCESO-10,False,0,21.26,2026-09-26T09:21:45+00:00
2026-09-26T04:23:43-05:00,2026-09-26T09:23:43+00:00,Puente HTTP/REST (sensor de campo -> Central),DC-ACCESO-10,False,0,20.93,2026-09-26T09:23:43+00:00
2026-09-26T04:23:46-05:00,2026-09-26T09:23:46+00:00,Puente HTTP/REST (sensor de campo -> Central),DC-ACCESO-10,False,0,20.53,2026-09-26T09:23:45+00:00
2026-09-26T04:25:43-05:00,2026-09-26T09:25:43+00:00,Puente HTTP/REST (sensor de campo -> Central),DC-ACCESO-10,False,0,20.86,2026-09-26T09:25:43+00:00
2026-09-26T04:25:46-05:00,2026-09-26T09:25:46+00:00,Puente HTTP/REST (sensor de campo -> Central),DC-ACCESO-10,False,0,20.92,2026-09-26T09:25:46+00:00
2026-09-26T04:27:44-05:00,2026-09-26T09:27:44+00:00,Puente HTTP/REST (sensor de campo -> Central),DC-ACCESO-10,False,0,21.25,2026-09-26T09:27:43+00:00
2026-09-26T04:27:46-05:00,2026-09-26T09:27:46+00:00,Puente HTTP/REST (sensor de campo -> Central),DC-ACCESO-10,False,0,21.23,2026-09-26T09:27:46+00:00
2026-09-26T04:29:44-05:00,2026-09-26T09:29:44+00:00,Puente HTTP/REST (sensor de campo -> Central),DC-ACCESO-10,False,0,20.56,2026-09-26T09:29:44+00:00
2026-09-26T04:29:46-05:00,2026-09-26T09:29:46+00:00,Puente HTTP/REST (sensor de campo -> Central),DC-ACCESO-10,False,0,20.81,2026-09-26T09:29:46+00:00
2026-09-26T04:31:44-05:00,2026-09-26T09:31:44+00:00,Puente HTTP/REST (sensor de campo -> Central),DC-ACCESO-10,False,0,20.82,2026-09-26T09:31:44+00:00
2026-09-26T04:31:46-05:00,2026-09-26T09:31:46+00:00,Puente HTTP/REST (sensor de campo -> Central),DC-ACCESO-10,False,0,20.76,2026-09-26T09:31:46+00:00
2026-09-26T04:33:44-05:00,2026-09-26T09:33:44+00:00,Puente HTTP/REST (sensor de campo -> Central),DC-ACCESO-10,False,0,20.82,2026-09-26T09:33:44+00:00
2026-09-26T04:33:47-05:00,2026-09-26T09:33:47+00:00,Puente HTTP/REST (sensor de campo -> Central),DC-ACCESO-10,False,0,20.59,2026-09-26T09:33:46+00:00
2026-09-26T04:35:44-05:00,2026-09-26T09:35:44+00:00,Puente HTTP/REST (sensor de campo -> Central),DC-ACCESO-10,False,0,20.58,2026-09-26T09:35:44+00:00
2026-09-26T04:35:47-05:00,2026-09-26T09:35:47+00:00,Puente HTTP/REST (sensor de campo -> Central),DC-ACCESO-10,False,0,21.27,2026-09-26T09:35:47+00:00
2026-09-26T04:37:45-05:00,2026-09-26T09:37:45+00:00,Puente HTTP/REST (sensor de campo -> Central),DC-ACCESO-10,False,0,21.04,2026-09-26T09:37:44+00:00
2026-09-26T04:37:47-05:00,2026-09-26T09:37:47+00:00,Puente HTTP/REST (sensor de campo -> Central),DC-ACCESO-10,False,0,20.6,2026-09-26T09:37:47+00:00
2026-09-26T04:39:45-05:00,2026-09-26T09:39:45+00:00,Puente HTTP/REST (sensor de campo -> Central),DC-ACCESO-10,False,0,21.13,2026-09-26T09:39:45+00:00
2026-09-26T04:39:47-05:00,2026-09-26T09:39:47+00:00,Puente HTTP/REST (sensor de campo -> Central),DC-ACCESO-10,False,0,21.25,2026-09-26T09:39:47+00:00
2026-09-26T04:41:45-05:00,2026-09-26T09:41:45+00:00,Puente HTTP/REST (sensor de campo -> Central),DC-ACCESO-10,False,0,20.84,2026-09-26T09:41:45+00:00
2026-09-26T04:41:47-05:00,2026-09-26T09:41:47+00:00,Puente HTTP/REST (sensor de campo -> Central),DC-ACCESO-10,False,0,21.05,2026-09-26T09:41:47+00:00
2026-09-26T04:43:45-05:00,2026-09-26T09:43:45+00:00,Puente HTTP/REST (sensor de campo -> Central),DC-ACCESO-10,False,0,20.91,2026-09-26T09:43:45+00:00
2026-09-26T04:43:48-05:00,2026-09-26T09:43:48+00:00,Puente HTTP/REST (sensor de campo -> Central),DC-ACCESO-10,False,0,20.58,2026-09-26T09:43:47+00:00
2026-09-26T04:45:45-05:00,2026-09-26T09:45:45+00:00,Puente HTTP/REST (sensor de campo -> Central),DC-ACCESO-10,False,0,21.14,2026-09-26T09:45:45+00:00
2026-09-26T04:45:48-05:00,2026-09-26T09:45:48+00:00,Puente HTTP/REST (sensor de campo -> Central),DC-ACCESO-10,False,0,21.23,2026-09-26T09:45:48+00:00
2026-09-26T04:47:46-05:00,2026-09-26T09:47:46+00:00,Puente HTTP/REST (sensor de campo -> Central),DC-ACCESO-10,False,0,21.02,2026-09-26T09:47:45+00:00
2026-09-26T04:47:48-05:00,2026-09-26T09:47:48+00:00,Puente HTTP/REST (sensor de campo -> Central),DC-ACCESO-10,False,0,20.6,2026-09-26T09:47:48+00:00
2026-09-26T04:49:46-05:00,2026-09-26T09:49:46+00:00,Puente HTTP/REST (sensor de campo -> Central),DC-ACCESO-10,False,0,21.05,2026-09-26T09:49:46+00:00
2026-09-26T04:49:48-05:00,2026-09-26T09:49:48+00:00,Puente HTTP/REST (sensor de campo -> Central),DC-ACCESO-10,False,0,21.25,2026-09-26T09:49:48+00:00
2026-09-26T04:51:46-05:00,2026-09-26T09:51:46+00:00,Puente HTTP/REST (sensor de campo -> Central),DC-ACCESO-10,False,0,21.13,2026-09-26T09:51:46+00:00
2026-09-26T04:51:49-05:00,2026-09-26T09:51:49+00:00,Puente HTTP/REST (sensor de campo -> Central),DC-ACCESO-10,False,0,21.31,2026-09-26T09:51:48+00:00
2026-09-26T04:53:46-05:00,2026-09-26T09:53:46+00:00,Puente HTTP/REST (sensor de campo -> Central),DC-ACCESO-10,False,0,21.35,2026-09-26T09:53:46+00:00
2026-09-26T04:53:49-05:00,2026-09-26T09:53:49+00:00,Puente HTTP/REST (sensor de campo -> Central),DC-ACCESO-10,False,0,21.16,2026-09-26T09:53:49+00:00
2026-09-26T04:55:46-05:00,2026-09-26T09:55:46+00:00,Puente HTTP/REST (sensor de campo -> Central),DC-ACCESO-10,False,0,21.32,2026-09-26T09:55:46+00:00
2026-09-26T04:55:49-05:00,2026-09-26T09:55:49+00:00,Puente HTTP/REST (sensor de campo -> Central),DC-ACCESO-10,False,0,21.17,2026-09-26T09:55:49+00:00
2026-09-26T04:57:46-05:00,2026-09-26T09:57:46+00:00,Puente HTTP/REST (sensor de campo -> Central),DC-ACCESO-10,False,0,20.62,2026-09-26T09:57:46+00:00
2026-09-26T04:57:49-05:00,2026-09-26T09:57:49+00:00,Puente HTTP/REST (sensor de campo -> Central),DC-ACCESO-10,False,0,21.02,2026-09-26T09:57:49+00:00
2026-09-26T04:59:47-05:00,2026-09-26T09:59:47+00:00,Puente HTTP/REST (sensor de campo -> Central),DC-ACCESO-10,False,0,21.4,2026-09-26T09:59:46+00:00
2026-09-26T04:59:49-05:00,2026-09-26T09:59:49+00:00,Puente HTTP/REST (sensor de campo -> Central),DC-ACCESO-10,False,0,21.36,2026-09-26T09:59:49+00:00
2026-09-26T05:01:47-05:00,2026-09-26T10:01:47+00:00,Puente HTTP/REST (sensor de campo -> Central),DC-ACCESO-10,False,0,21.25,2026-09-26T10:01:47+00:00
2026-09-26T05:01:50-05:00,2026-09-26T10:01:50+00:00,Puente HTTP/REST (sensor de campo -> Central),DC-ACCESO-10,False,0,21.21,2026-09-26T10:01:49+00:00
2026-09-26T05:03:47-05:00,2026-09-26T10:03:47+00:00,Puente HTTP/REST (sensor de campo -> Central),DC-ACCESO-10,False,0,21.13,2026-09-26T10:03:47+00:00
2026-09-26T05:03:50-05:00,2026-09-26T10:03:50+00:00,Puente HTTP/REST (sensor de campo -> Central),DC-ACCESO-10,False,0,20.98,2026-09-26T10:03:50+00:00
2026-09-26T05:05:47-05:00,2026-09-26T10:05:47+00:00,Puente HTTP/REST (sensor de campo -> Central),DC-ACCESO-10,False,0,21.13,2026-09-26T10:05:47+00:00
2026-09-26T05:05:50-05:00,2026-09-26T10:05:50+00:00,Puente HTTP/REST (sensor de campo -> Central),DC-ACCESO-10,False,0,21.05,2026-09-26T10:05:50+00:00
2026-09-26T05:07:47-05:00,2026-09-26T10:07:47+00:00,Puente HTTP/REST (sensor de campo -> Central),DC-ACCESO-10,False,0,20.84,2026-09-26T10:07:47+00:00
2026-09-26T05:07:50-05:00,2026-09-26T10:07:50+00:00,Puente HTTP/REST (sensor de campo -> Central),DC-ACCESO-10,False,0,21.28,2026-09-26T10:07:50+00:00
2026-09-26T05:09:48-05:00,2026-09-26T10:09:48+00:00,Puente HTTP/REST (sensor de campo -> Central),DC-ACCESO-10,False,0,20.82,2026-09-26T10:09:47+00:00
2026-09-26T05:09:50-05:00,2026-09-26T10:09:50+00:00,Puente HTTP/REST (sensor de campo -> Central),DC-ACCESO-10,False,0,20.99,2026-09-26T10:09:50+00:00
2026-09-26T05:11:48-05:00,2026-09-26T10:11:48+00:00,Puente HTTP/REST (sensor de campo -> Central),DC-ACCESO-10,False,0,21.36,2026-09-26T10:11:48+00:00
2026-09-26T05:11:51-05:00,2026-09-26T10:11:51+00:00,Puente HTTP/REST (sensor de campo -> Central),DC-ACCESO-10,False,0,21.27,2026-09-26T10:11:50+00:00
2026-09-26T05:13:48-05:00,2026-09-26T10:13:48+00:00,Puente HTTP/REST (sensor de campo -> Central),DC-ACCESO-10,False,0,21.03,2026-09-26T10:13:48+00:00
2026-09-26T05:13:51-05:00,2026-09-26T10:13:51+00:00,Puente HTTP/REST (sensor de campo -> Central),DC-ACCESO-10,False,0,21.41,2026-09-26T10:13:51+00:00
2026-09-26T05:15:48-05:00,2026-09-26T10:15:48+00:00,Puente HTTP/REST (sensor de campo -> Central),DC-ACCESO-10,False,0,20.87,2026-09-26T10:15:48+00:00
2026-09-26T05:15:51-05:00,2026-09-26T10:15:51+00:00,Puente HTTP/REST (sensor de campo -> Central),DC-ACCESO-10,False,0,21.29,2026-09-26T10:15:51+00:00
2026-09-26T05:17:48-05:00,2026-09-26T10:17:48+00:00,Puente HTTP/REST (sensor de campo -> Central),DC-ACCESO-10,False,0,21.35,2026-09-26T10:17:48+00:00
2026-09-26T05:17:51-05:00,2026-09-26T10:17:51+00:00,Puente HTTP/REST (sensor de campo -> Central),DC-ACCESO-10,False,0,21.46,2026-09-26T10:17:51+00:00
2026-09-26T05:19:49-05:00,2026-09-26T10:19:49+00:00,Puente HTTP/REST (sensor de campo -> Central),DC-ACCESO-10,False,0,21.34,2026-09-26T10:19:48+00:00
2026-09-26T05:19:51-05:00,2026-09-26T10:19:51+00:00,Puente HTTP/REST (sensor de campo -> Central),DC-ACCESO-10,False,0,20.77,2026-09-26T10:19:51+00:00
2026-09-26T05:21:49-05:00,2026-09-26T10:21:49+00:00,Puente HTTP/REST (sensor de campo -> Central),DC-ACCESO-10,False,0,20.99,2026-09-26T10:21:49+00:00
2026-09-26T05:21:52-05:00,2026-09-26T10:21:52+00:00,Puente HTTP/REST (sensor de campo -> Central),DC-ACCESO-10,False,0,21.29,2026-09-26T10:21:51+00:00
2026-09-26T05:23:49-05:00,2026-09-26T10:23:49+00:00,Puente HTTP/REST (sensor de campo -> Central),DC-ACCESO-10,False,0,21.31,2026-09-26T10:23:49+00:00
2026-09-26T05:23:52-05:00,2026-09-26T10:23:52+00:00,Puente HTTP/REST (sensor de campo -> Central),DC-ACCESO-10,False,0,21.45,2026-09-26T10:23:52+00:00
2026-09-26T05:25:49-05:00,2026-09-26T10:25:49+00:00,Puente HTTP/REST (sensor de campo -> Central),DC-ACCESO-10,False,0,21.09,2026-09-26T10:25:49+00:00
2026-09-26T05:25:52-05:00,2026-09-26T10:25:52+00:00,Puente HTTP/REST (sensor de campo -> Central),DC-ACCESO-10,False,0,21.2,2026-09-26T10:25:52+00:00
2026-09-26T05:27:49-05:00,2026-09-26T10:27:49+00:00,Puente HTTP/REST (sensor de campo -> Central),DC-ACCESO-10,False,0,21.34,2026-09-26T10:27:49+00:00
2026-09-26T05:27:52-05:00,2026-09-26T10:27:52+00:00,Puente HTTP/REST (sensor de campo -> Central),DC-ACCESO-10,False,0,21.52,2026-09-26T10:27:52+00:00
2026-09-26T05:29:50-05:00,2026-09-26T10:29:50+00:00,Puente HTTP/REST (sensor de campo -> Central),DC-ACCESO-10,False,0,21.18,2026-09-26T10:29:49+00:00
2026-09-26T05:29:52-05:00,2026-09-26T10:29:52+00:00,Puente HTTP/REST (sensor de campo -> Central),DC-ACCESO-10,False,0,21.12,2026-09-26T10:29:52+00:00
2026-09-26T05:31:50-05:00,2026-09-26T10:31:50+00:00,Puente HTTP/REST (sensor de campo -> Central),DC-ACCESO-10,False,0,21.5,2026-09-26T10:31:50+00:00
2026-09-26T05:31:53-05:00,2026-09-26T10:31:53+00:00,Puente HTTP/REST (sensor de campo -> Central),DC-ACCESO-10,False,0,21.09,2026-09-26T10:31:53+00:00
2026-09-26T05:33:50-05:00,2026-09-26T10:33:50+00:00,Puente HTTP/REST (sensor de campo -> Central),DC-ACCESO-10,False,0,21.21,2026-09-26T10:33:50+00:00
2026-09-26T05:33:53-05:00,2026-09-26T10:33:53+00:00,Puente HTTP/REST (sensor de campo -> Central),DC-ACCESO-10,False,0,20.8,2026-09-26T10:33:53+00:00
2026-09-26T05:35:50-05:00,2026-09-26T10:35:50+00:00,Puente HTTP/REST (sensor de campo -> Central),DC-ACCESO-10,False,0,21.12,2026-09-26T10:35:50+00:00
2026-09-26T05:35:53-05:00,2026-09-26T10:35:53+00:00,Puente HTTP/REST (sensor de campo -> Central),DC-ACCESO-10,False,0,21.41,2026-09-26T10:35:53+00:00
2026-09-26T05:37:50-05:00,2026-09-26T10:37:50+00:00,Puente HTTP/REST (sensor de campo -> Central),DC-ACCESO-10,False,0,21.2,2026-09-26T10:37:50+00:00
2026-09-26T05:37:53-05:00,2026-09-26T10:37:53+00:00,Puente HTTP/REST (sensor de campo -> Central),DC-ACCESO-10,False,0,20.87,2026-09-26T10:37:53+00:00
2026-09-26T05:39:51-05:00,2026-09-26T10:39:51+00:00,Puente HTTP/REST (sensor de campo -> Central),DC-ACCESO-10,False,0,21.12,2026-09-26T10:39:50+00:00
2026-09-26T05:39:54-05:00,2026-09-26T10:39:54+00:00,Puente HTTP/REST (sensor de campo -> Central),DC-ACCESO-10,False,0,21.32,2026-09-26T10:39:53+00:00
2026-09-26T05:41:51-05:00,2026-09-26T10:41:51+00:00,Puente HTTP/REST (sensor de campo -> Central),DC-ACCESO-10,False,0,21.29,2026-09-26T10:41:51+00:00
2026-09-26T05:41:54-05:00,2026-09-26T10:41:54+00:00,Puente HTTP/REST (sensor de campo -> Central),DC-ACCESO-10,False,0,21.41,2026-09-26T10:41:54+00:00
2026-09-26T05:43:51-05:00,2026-09-26T10:43:51+00:00,Puente HTTP/REST (sensor de campo -> Central),DC-ACCESO-10,False,0,20.99,2026-09-26T10:43:51+00:00
2026-09-26T05:43:54-05:00,2026-09-26T10:43:54+00:00,Puente HTTP/REST (sensor de campo -> Central),DC-ACCESO-10,False,0,21.19,2026-09-26T10:43:54+00:00
2026-09-26T05:45:51-05:00,2026-09-26T10:45:51+00:00,Puente HTTP/REST (sensor de campo -> Central),DC-ACCESO-10,False,0,21.59,2026-09-26T10:45:51+00:00
2026-09-26T05:45:54-05:00,2026-09-26T10:45:54+00:00,Puente HTTP/REST (sensor de campo -> Central),DC-ACCESO-10,False,0,21.43,2026-09-26T10:45:54+00:00
2026-09-26T05:47:51-05:00,2026-09-26T10:47:51+00:00,Puente HTTP/REST (sensor de campo -> Central),DC-ACCESO-10,False,0,21.37,2026-09-26T10:47:51+00:00
2026-09-26T05:47:54-05:00,2026-09-26T10:47:54+00:00,Puente HTTP/REST (sensor de campo -> Central),DC-ACCESO-10,False,0,21.38,2026-09-26T10:47:54+00:00
2026-09-26T05:49:52-05:00,2026-09-26T10:49:52+00:00,Puente HTTP/REST (sensor de campo -> Central),DC-ACCESO-10,False,0,20.85,2026-09-26T10:49:51+00:00
2026-09-26T05:49:55-05:00,2026-09-26T10:49:55+00:00,Puente HTTP/REST (sensor de campo -> Central),DC-ACCESO-10,False,0,21.14,2026-09-26T10:49:54+00:00
2026-09-26T05:51:52-05:00,2026-09-26T10:51:52+00:00,Puente HTTP/REST (sensor de campo -> Central),DC-ACCESO-10,False,0,20.92,2026-09-26T10:51:52+00:00
2026-09-26T05:51:55-05:00,2026-09-26T10:51:55+00:00,Puente HTTP/REST (sensor de campo -> Central),DC-ACCESO-10,False,0,21.56,2026-09-26T10:51:55+00:00
2026-09-26T05:53:52-05:00,2026-09-26T10:53:52+00:00,Puente HTTP/REST (sensor de campo -> Central),DC-ACCESO-10,False,0,21.54,2026-09-26T10:53:52+00:00
2026-09-26T05:53:55-05:00,2026-09-26T10:53:55+00:00,Puente HTTP/REST (sensor de campo -> Central),DC-ACCESO-10,False,0,21.33,2026-09-26T10:53:55+00:00
2026-09-26T05:55:52-05:00,2026-09-26T10:55:52+00:00,Puente HTTP/REST (sensor de campo -> Central),DC-ACCESO-10,False,0,21.42,2026-09-26T10:55:52+00:00
2026-09-26T05:55:55-05:00,2026-09-26T10:55:55+00:00,Puente HTTP/REST (sensor de campo -> Central),DC-ACCESO-10,False,0,21.55,2026-09-26T10:55:55+00:00
2026-09-26T05:57:52-05:00,2026-09-26T10:57:52+00:00,Puente HTTP/REST (sensor de campo -> Central),DC-ACCESO-10,False,0,20.9,2026-09-26T10:57:52+00:00
2026-09-26T05:57:55-05:00,2026-09-26T10:57:55+00:00,Puente HTTP/REST (sensor de campo -> Central),DC-ACCESO-10,False,0,21.03,2026-09-26T10:57:55+00:00
2026-09-26T05:59:53-05:00,2026-09-26T10:59:53+00:00,Puente HTTP/REST (sensor de campo -> Central),DC-ACCESO-10,False,0,21.27,2026-09-26T10:59:52+00:00
2026-09-26T05:59:56-05:00,2026-09-26T10:59:56+00:00,Puente HTTP/REST (sensor de campo -> Central),DC-ACCESO-10,False,0,20.87,2026-09-26T10:59:55+00:00
2026-09-26T06:01:53-05:00,2026-09-26T11:01:53+00:00,Puente HTTP/REST (sensor de campo -> Central),DC-ACCESO-10,False,0,21.0,2026-09-26T11:01:53+00:00
2026-09-26T06:01:56-05:00,2026-09-26T11:01:56+00:00,Puente HTTP/REST (sensor de campo -> Central),DC-ACCESO-10,False,0,20.99,2026-09-26T11:01:56+00:00
2026-09-26T06:03:53-05:00,2026-09-26T11:03:53+00:00,Puente HTTP/REST (sensor de campo -> Central),DC-ACCESO-10,False,0,21.18,2026-09-26T11:03:53+00:00
2026-09-26T06:03:56-05:00,2026-09-26T11:03:56+00:00,Puente HTTP/REST (sensor de campo -> Central),DC-ACCESO-10,False,0,21.36,2026-09-26T11:03:56+00:00
2026-09-26T06:05:53-05:00,2026-09-26T11:05:53+00:00,Puente HTTP/REST (sensor de campo -> Central),DC-ACCESO-10,False,0,20.94,2026-09-26T11:05:53+00:00
2026-09-26T06:05:56-05:00,2026-09-26T11:05:56+00:00,Puente HTTP/REST (sensor de campo -> Central),DC-ACCESO-10,False,0,21.22,2026-09-26T11:05:56+00:00
2026-09-26T06:07:54-05:00,2026-09-26T11:07:54+00:00,Puente HTTP/REST (sensor de campo -> Central),DC-ACCESO-10,False,0,21.52,2026-09-26T11:07:53+00:00
2026-09-26T06:07:57-05:00,2026-09-26T11:07:57+00:00,Puente HTTP/REST (sensor de campo -> Central),DC-ACCESO-10,False,0,20.95,2026-09-26T11:07:56+00:00
2026-09-26T06:09:54-05:00,2026-09-26T11:09:54+00:00,Puente HTTP/REST (sensor de campo -> Central),DC-ACCESO-10,False,0,21.27,2026-09-26T11:09:54+00:00
2026-09-26T06:09:57-05:00,2026-09-26T11:09:57+00:00,Puente HTTP/REST (sensor de campo -> Central),DC-ACCESO-10,False,0,21.63,2026-09-26T11:09:57+00:00
2026-09-26T06:11:54-05:00,2026-09-26T11:11:54+00:00,Puente HTTP/REST (sensor de campo -> Central),DC-ACCESO-10,False,0,21.01,2026-09-26T11:11:54+00:00
2026-09-26T06:11:57-05:00,2026-09-26T11:11:57+00:00,Puente HTTP/REST (sensor de campo -> Central),DC-ACCESO-10,False,0,21.19,2026-09-26T11:11:57+00:00
2026-09-26T06:13:54-05:00,2026-09-26T11:13:54+00:00,Puente HTTP/REST (sensor de campo -> Central),DC-ACCESO-10,False,0,21.28,2026-09-26T11:13:54+00:00
2026-09-26T06:13:57-05:00,2026-09-26T11:13:57+00:00,Puente HTTP/REST (sensor de campo -> Central),DC-ACCESO-10,False,0,21.34,2026-09-26T11:13:57+00:00
2026-09-26T06:15:54-05:00,2026-09-26T11:15:54+00:00,Puente HTTP/REST (sensor de campo -> Central),DC-ACCESO-10,False,0,21.51,2026-09-26T11:15:54+00:00
2026-09-26T06:15:58-05:00,2026-09-26T11:15:58+00:00,Puente HTTP/REST (sensor de campo -> Central),DC-ACCESO-10,False,0,21.45,2026-09-26T11:15:57+00:00
2026-09-26T06:17:55-05:00,2026-09-26T11:17:55+00:00,Puente HTTP/REST (sensor de campo -> Central),DC-ACCESO-10,False,0,21.06,2026-09-26T11:17:54+00:00
2026-09-26T06:17:58-05:00,2026-09-26T11:17:58+00:00,Puente HTTP/REST (sensor de campo -> Central),DC-ACCESO-10,False,0,21.18,2026-09-26T11:17:58+00:00
2026-09-26T06:19:55-05:00,2026-09-26T11:19:55+00:00,Puente HTTP/REST (sensor de campo -> Central),DC-ACCESO-10,False,0,21.52,2026-09-26T11:19:55+00:00
2026-09-26T06:19:58-05:00,2026-09-26T11:19:58+00:00,Puente HTTP/REST (sensor de campo -> Central),DC-ACCESO-10,False,0,21.06,2026-09-26T11:19:58+00:00
2026-09-26T06:21:55-05:00,2026-09-26T11:21:55+00:00,Puente HTTP/REST (sensor de campo -> Central),DC-ACCESO-10,False,0,21.59,2026-09-26T11:21:55+00:00
2026-09-26T06:21:58-05:00,2026-09-26T11:21:58+00:00,Puente HTTP/REST (sensor de campo -> Central),DC-ACCESO-10,False,0,21.36,2026-09-26T11:21:58+00:00
2026-09-26T06:23:55-05:00,2026-09-26T11:23:55+00:00,Puente HTTP/REST (sensor de campo -> Central),DC-ACCESO-10,False,0,21.38,2026-09-26T11:23:55+00:00
2026-09-26T06:23:58-05:00,2026-09-26T11:23:58+00:00,Puente HTTP/REST (sensor de campo -> Central),DC-ACCESO-10,False,0,21.57,2026-09-26T11:23:58+00:00
2026-09-26T06:25:56-05:00,2026-09-26T11:25:56+00:00,Puente HTTP/REST (sensor de campo -> Central),DC-ACCESO-10,False,0,21.61,2026-09-26T11:25:55+00:00
2026-09-26T06:25:59-05:00,2026-09-26T11:25:59+00:00,Puente HTTP/REST (sensor de campo -> Central),DC-ACCESO-10,False,0,21.2,2026-09-26T11:25:58+00:00
2026-09-26T06:27:56-05:00,2026-09-26T11:27:56+00:00,Puente HTTP/REST (sensor de campo -> Central),DC-ACCESO-10,False,0,21.03,2026-09-26T11:27:56+00:00
2026-09-26T06:27:59-05:00,2026-09-26T11:27:59+00:00,Puente HTTP/REST (sensor de campo -> Central),DC-ACCESO-10,False,0,21.69,2026-09-26T11:27:59+00:00
2026-09-26T06:29:56-05:00,2026-09-26T11:29:56+00:00,Puente HTTP/REST (sensor de campo -> Central),DC-ACCESO-10,False,0,21.51,2026-09-26T11:29:56+00:00
2026-09-26T06:29:59-05:00,2026-09-26T11:29:59+00:00,Puente HTTP/REST (sensor de campo -> Central),DC-ACCESO-10,False,0,21.74,2026-09-26T11:29:59+00:00
2026-09-26T06:31:56-05:00,2026-09-26T11:31:56+00:00,Puente HTTP/REST (sensor de campo -> Central),DC-ACCESO-10,False,0,21.59,2026-09-26T11:31:56+00:00
2026-09-26T06:31:59-05:00,2026-09-26T11:31:59+00:00,Puente HTTP/REST (sensor de campo -> Central),DC-ACCESO-10,False,0,21.78,2026-09-26T11:31:59+00:00
2026-09-26T06:33:56-05:00,2026-09-26T11:33:56+00:00,Puente HTTP/REST (sensor de campo -> Central),DC-ACCESO-10,False,0,21.39,2026-09-26T11:33:56+00:00
2026-09-26T06:34:00-05:00,2026-09-26T11:34:00+00:00,Puente HTTP/REST (sensor de campo -> Central),DC-ACCESO-10,False,0,21.19,2026-09-26T11:33:59+00:00
2026-09-26T06:35:57-05:00,2026-09-26T11:35:57+00:00,Puente HTTP/REST (sensor de campo -> Central),DC-ACCESO-10,False,0,21.28,2026-09-26T11:35:57+00:00
2026-09-26T06:36:01-05:00,2026-09-26T11:36:01+00:00,Puente HTTP/REST (sensor de campo -> Central),DC-ACCESO-10,False,0,21.74,2026-09-26T11:36:01+00:00
2026-09-26T06:37:57-05:00,2026-09-26T11:37:57+00:00,Puente HTTP/REST (sensor de campo -> Central),DC-ACCESO-10,False,0,21.74,2026-09-26T11:37:57+00:00
2026-09-26T06:38:01-05:00,2026-09-26T11:38:01+00:00,Puente HTTP/REST (sensor de campo -> Central),DC-ACCESO-10,False,0,21.21,2026-09-26T11:38:01+00:00
2026-09-26T06:39:57-05:00,2026-09-26T11:39:57+00:00,Puente HTTP/REST (sensor de campo -> Central),DC-ACCESO-10,False,0,21.12,2026-09-26T11:39:57+00:00
2026-09-26T06:40:01-05:00,2026-09-26T11:40:01+00:00,Puente HTTP/REST (sensor de campo -> Central),DC-ACCESO-10,False,0,21.82,2026-09-26T11:40:01+00:00
2026-09-26T06:41:58-05:00,2026-09-26T11:41:58+00:00,Puente HTTP/REST (sensor de campo -> Central),DC-ACCESO-10,False,0,21.19,2026-09-26T11:41:57+00:00
2026-09-26T06:42:01-05:00,2026-09-26T11:42:01+00:00,Puente HTTP/REST (sensor de campo -> Central),DC-ACCESO-10,False,0,21.77,2026-09-26T11:42:01+00:00
2026-09-26T06:43:58-05:00,2026-09-26T11:43:58+00:00,Puente HTTP/REST (sensor de campo -> Central),DC-ACCESO-10,False,0,21.89,2026-09-26T11:43:58+00:00
2026-09-26T06:44:02-05:00,2026-09-26T11:44:02+00:00,Puente HTTP/REST (sensor de campo -> Central),DC-ACCESO-10,False,0,21.71,2026-09-26T11:44:01+00:00
2026-09-26T06:45:58-05:00,2026-09-26T11:45:58+00:00,Puente HTTP/REST (sensor de campo -> Central),DC-ACCESO-10,False,0,21.81,2026-09-26T11:45:58+00:00
2026-09-26T06:46:02-05:00,2026-09-26T11:46:02+00:00,Puente HTTP/REST (sensor de campo -> Central),DC-ACCESO-10,False,0,21.24,2026-09-26T11:46:02+00:00
2026-09-26T06:47:58-05:00,2026-09-26T11:47:58+00:00,Puente HTTP/REST (sensor de campo -> Central),DC-ACCESO-10,False,0,21.16,2026-09-26T11:47:58+00:00
2026-09-26T06:48:02-05:00,2026-09-26T11:48:02+00:00,Puente HTTP/REST (sensor de campo -> Central),DC-ACCESO-10,False,0,21.9,2026-09-26T11:48:02+00:00
2026-09-26T06:49:59-05:00,2026-09-26T11:49:59+00:00,Puente HTTP/REST (sensor de campo -> Central),DC-ACCESO-10,False,0,21.92,2026-09-26T11:49:58+00:00
2026-09-26T06:50:05-05:00,2026-09-26T11:50:05+00:00,Puente HTTP/REST (sensor de campo -> Central),DC-ACCESO-10,False,0,21.38,2026-09-26T11:50:04+00:00
2026-09-26T06:51:59-05:00,2026-09-26T11:51:59+00:00,Puente HTTP/REST (sensor de campo -> Central),DC-ACCESO-10,False,0,21.21,2026-09-26T11:51:59+00:00
2026-09-26T06:52:05-05:00,2026-09-26T11:52:05+00:00,Puente HTTP/REST (sensor de campo -> Central),DC-ACCESO-10,False,0,21.61,2026-09-26T11:52:05+00:00
2026-09-26T06:53:59-05:00,2026-09-26T11:53:59+00:00,Puente HTTP/REST (sensor de campo -> Central),DC-ACCESO-10,False,0,21.71,2026-09-26T11:53:59+00:00
2026-09-26T06:54:05-05:00,2026-09-26T11:54:05+00:00,Puente HTTP/REST (sensor de campo -> Central),DC-ACCESO-10,False,0,21.9,2026-09-26T11:54:05+00:00
2026-09-26T06:55:59-05:00,2026-09-26T11:55:59+00:00,Puente HTTP/REST (sensor de campo -> Central),DC-ACCESO-10,False,0,21.8,2026-09-26T11:55:59+00:00
2026-09-26T06:56:06-05:00,2026-09-26T11:56:06+00:00,Puente HTTP/REST (sensor de campo -> Central),DC-ACCESO-10,False,0,21.97,2026-09-26T11:56:05+00:00
2026-09-26T06:58:00-05:00,2026-09-26T11:58:00+00:00,Puente HTTP/REST (sensor de campo -> Central),DC-ACCESO-10,False,0,21.96,2026-09-26T11:58:00+00:00
2026-09-26T06:58:06-05:00,2026-09-26T11:58:06+00:00,Puente HTTP/REST (sensor de campo -> Central),DC-ACCESO-10,False,0,21.71,2026-09-26T11:58:06+00:00
2026-09-26T07:00:00-05:00,2026-09-26T12:00:00+00:00,Puente HTTP/REST (sensor de campo -> Central),DC-ACCESO-10,False,0,21.36,2026-09-26T12:00:00+00:00
2026-09-26T07:00:07-05:00,2026-09-26T12:00:07+00:00,Puente HTTP/REST (sensor de campo -> Central),DC-ACCESO-10,False,0,21.78,2026-09-26T12:00:07+00:00
2026-09-26T07:02:00-05:00,2026-09-26T12:02:00+00:00,Puente HTTP/REST (sensor de campo -> Central),DC-ACCESO-10,False,0,21.29,2026-09-26T12:02:00+00:00
2026-09-26T07:02:07-05:00,2026-09-26T12:02:07+00:00,Puente HTTP/REST (sensor de campo -> Central),DC-ACCESO-10,False,0,21.53,2026-09-26T12:02:07+00:00
2026-09-26T07:04:01-05:00,2026-09-26T12:04:01+00:00,Puente HTTP/REST (sensor de campo -> Central),DC-ACCESO-10,False,0,21.95,2026-09-26T12:04:00+00:00
2026-09-26T07:04:07-05:00,2026-09-26T12:04:07+00:00,Puente HTTP/REST (sensor de campo -> Central),DC-ACCESO-10,False,0,21.41,2026-09-26T12:04:07+00:00
2026-09-26T07:06:01-05:00,2026-09-26T12:06:01+00:00,Puente HTTP/REST (sensor de campo -> Central),DC-ACCESO-10,False,0,21.58,2026-09-26T12:06:01+00:00
2026-09-26T07:06:15-05:00,2026-09-26T12:06:15+00:00,Puente HTTP/REST (sensor de campo -> Central),DC-ACCESO-10,False,0,21.6,2026-09-26T12:06:15+00:00
2026-09-26T07:08:01-05:00,2026-09-26T12:08:01+00:00,Puente HTTP/REST (sensor de campo -> Central),DC-ACCESO-10,False,0,21.32,2026-09-26T12:08:01+00:00
2026-09-26T07:08:15-05:00,2026-09-26T12:08:15+00:00,Puente HTTP/REST (sensor de campo -> Central),DC-ACCESO-10,False,0,22.03,2026-09-26T12:08:15+00:00
2026-09-26T07:10:01-05:00,2026-09-26T12:10:01+00:00,Puente HTTP/REST (sensor de campo -> Central),DC-ACCESO-10,False,0,21.81,2026-09-26T12:10:01+00:00
2026-09-26T07:10:15-05:00,2026-09-26T12:10:15+00:00,Puente HTTP/REST (sensor de campo -> Central),DC-ACCESO-10,False,0,21.81,2026-09-26T12:10:15+00:00
2026-09-26T07:12:02-05:00,2026-09-26T12:12:02+00:00,Puente HTTP/REST (sensor de campo -> Central),DC-ACCESO-10,False,0,21.9,2026-09-26T12:12:01+00:00
2026-09-26T07:12:16-05:00,2026-09-26T12:12:16+00:00,Puente HTTP/REST (sensor de campo -> Central),DC-ACCESO-10,False,0,21.42,2026-09-26T12:12:15+00:00
2026-09-26T07:14:02-05:00,2026-09-26T12:14:02+00:00,Puente HTTP/REST (sensor de campo -> Central),DC-ACCESO-10,False,0,21.89,2026-09-26T12:14:02+00:00
2026-09-26T07:14:22-05:00,2026-09-26T12:14:22+00:00,Puente HTTP/REST (sensor de campo -> Central),DC-ACCESO-10,False,0,21.77,2026-09-26T12:14:22+00:00
2026-09-26T07:16:04-05:00,2026-09-26T12:16:04+00:00,Puente HTTP/REST (sensor de campo -> Central),DC-ACCESO-10,False,0,21.53,2026-09-26T12:16:04+00:00
2026-09-26T07:16:24-05:00,2026-09-26T12:16:24+00:00,Puente HTTP/REST (sensor de campo -> Central),DC-ACCESO-10,False,0,21.75,2026-09-26T12:16:24+00:00
2026-09-26T07:18:08-05:00,2026-09-26T12:18:08+00:00,Puente HTTP/REST (sensor de campo -> Central),DC-ACCESO-10,False,0,21.4,2026-09-26T12:18:08+00:00
2026-09-26T07:18:26-05:00,2026-09-26T12:18:26+00:00,Puente HTTP/REST (sensor de campo -> Central),DC-ACCESO-10,False,0,21.61,2026-09-26T12:18:26+00:00
2026-09-26T07:20:08-05:00,2026-09-26T12:20:08+00:00,Puente HTTP/REST (sensor de campo -> Central),DC-ACCESO-10,False,0,21.74,2026-09-26T12:20:08+00:00
2026-09-26T07:20:28-05:00,2026-09-26T12:20:28+00:00,Puente HTTP/REST (sensor de campo -> Central),DC-ACCESO-10,False,0,21.62,2026-09-26T12:20:27+00:00
2026-09-26T07:22:13-05:00,2026-09-26T12:22:13+00:00,Puente HTTP/REST (sensor de campo -> Central),DC-ACCESO-10,False,0,21.49,2026-09-26T12:22:09+00:00
2026-09-26T07:22:28-05:00,2026-09-26T12:22:28+00:00,Puente HTTP/REST (sensor de campo -> Central),DC-ACCESO-10,False,0,22.01,2026-09-26T12:22:28+00:00
2026-09-26T07:24:14-05:00,2026-09-26T12:24:14+00:00,Puente HTTP/REST (sensor de campo -> Central),DC-ACCESO-10,False,0,21.94,2026-09-26T12:24:14+00:00
2026-09-26T07:24:29-05:00,2026-09-26T12:24:29+00:00,Puente HTTP/REST (sensor de campo -> Central),DC-ACCESO-10,False,0,21.94,2026-09-26T12:24:28+00:00
2026-09-26T07:26:14-05:00,2026-09-26T12:26:14+00:00,Puente HTTP/REST (sensor de campo -> Central),DC-ACCESO-10,False,0,21.81,2026-09-26T12:26:14+00:00
2026-09-26T07:26:29-05:00,2026-09-26T12:26:29+00:00,Puente HTTP/REST (sensor de campo -> Central),DC-ACCESO-10,False,0,21.82,2026-09-26T12:26:29+00:00
2026-09-26T07:28:15-05:00,2026-09-26T12:28:15+00:00,Puente HTTP/REST (sensor de campo -> Central),DC-ACCESO-10,False,0,21.54,2026-09-26T12:28:14+00:00
2026-09-26T07:28:29-05:00,2026-09-26T12:28:29+00:00,Puente HTTP/REST (sensor de campo -> Central),DC-ACCESO-10,False,0,21.58,2026-09-26T12:28:29+00:00
2026-09-26T07:30:15-05:00,2026-09-26T12:30:15+00:00,Puente HTTP/REST (sensor de campo -> Central),DC-ACCESO-10,False,0,21.68,2026-09-26T12:30:15+00:00
2026-09-26T07:30:29-05:00,2026-09-26T12:30:29+00:00,Puente HTTP/REST (sensor de campo -> Central),DC-ACCESO-10,True,1,21.95,2026-09-26T12:30:29+00:00
2026-09-26T07:32:15-05:00,2026-09-26T12:32:15+00:00,Puente HTTP/REST (sensor de campo -> Central),DC-ACCESO-10,False,0,21.64,2026-09-26T12:32:15+00:00
2026-09-26T07:32:30-05:00,2026-09-26T12:32:30+00:00,Puente HTTP/REST (sensor de campo -> Central),DC-ACCESO-10,False,1,21.56,2026-09-26T12:32:29+00:00
2026-09-26T07:34:15-05:00,2026-09-26T12:34:15+00:00,Puente HTTP/REST (sensor de campo -> Central),DC-ACCESO-10,False,0,21.76,2026-09-26T12:34:15+00:00
2026-09-26T07:34:30-05:00,2026-09-26T12:34:30+00:00,Puente HTTP/REST (sensor de campo -> Central),DC-ACCESO-10,False,1,22.18,2026-09-26T12:34:30+00:00
2026-09-26T07:36:15-05:00,2026-09-26T12:36:15+00:00,Puente HTTP/REST (sensor de campo -> Central),DC-ACCESO-10,False,0,22.0,2026-09-26T12:36:15+00:00
2026-09-26T07:36:30-05:00,2026-09-26T12:36:30+00:00,Puente HTTP/REST (sensor de campo -> Central),DC-ACCESO-10,True,2,21.76,2026-09-26T12:36:30+00:00
2026-09-26T07:38:16-05:00,2026-09-26T12:38:16+00:00,Puente HTTP/REST (sensor de campo -> Central),DC-ACCESO-10,True,1,21.93,2026-09-26T12:38:15+00:00
2026-09-26T07:38:30-05:00,2026-09-26T12:38:30+00:00,Puente HTTP/REST (sensor de campo -> Central),DC-ACCESO-10,False,2,22.23,2026-09-26T12:38:30+00:00
2026-09-26T07:40:16-05:00,2026-09-26T12:40:16+00:00,Puente HTTP/REST (sensor de campo -> Central),DC-ACCESO-10,False,1,21.97,2026-09-26T12:40:16+00:00
2026-09-26T07:40:30-05:00,2026-09-26T12:40:30+00:00,Puente HTTP/REST (sensor de campo -> Central),DC-ACCESO-10,True,3,21.84,2026-09-26T12:40:30+00:00
2026-09-26T07:42:16-05:00,2026-09-26T12:42:16+00:00,Puente HTTP/REST (sensor de campo -> Central),DC-ACCESO-10,False,1,21.51,2026-09-26T12:42:16+00:00
2026-09-26T07:42:31-05:00,2026-09-26T12:42:31+00:00,Puente HTTP/REST (sensor de campo -> Central),DC-ACCESO-10,False,3,21.86,2026-09-26T12:42:30+00:00
2026-09-26T07:44:16-05:00,2026-09-26T12:44:16+00:00,Puente HTTP/REST (sensor de campo -> Central),DC-ACCESO-10,False,1,21.76,2026-09-26T12:44:16+00:00
2026-09-26T07:44:31-05:00,2026-09-26T12:44:31+00:00,Puente HTTP/REST (sensor de campo -> Central),DC-ACCESO-10,False,3,21.74,2026-09-26T12:44:31+00:00
2026-09-26T07:46:16-05:00,2026-09-26T12:46:16+00:00,Puente HTTP/REST (sensor de campo -> Central),DC-ACCESO-10,False,1,21.59,2026-09-26T12:46:16+00:00
2026-09-26T07:46:31-05:00,2026-09-26T12:46:31+00:00,Puente HTTP/REST (sensor de campo -> Central),DC-ACCESO-10,False,3,21.99,2026-09-26T12:46:31+00:00
2026-09-26T07:48:17-05:00,2026-09-26T12:48:17+00:00,Puente HTTP/REST (sensor de campo -> Central),DC-ACCESO-10,False,1,21.78,2026-09-26T12:48:16+00:00
2026-09-26T07:48:31-05:00,2026-09-26T12:48:31+00:00,Puente HTTP/REST (sensor de campo -> Central),DC-ACCESO-10,False,3,21.55,2026-09-26T12:48:31+00:00
2026-09-26T07:50:17-05:00,2026-09-26T12:50:17+00:00,Puente HTTP/REST (sensor de campo -> Central),DC-ACCESO-10,False,1,21.62,2026-09-26T12:50:17+00:00
2026-09-26T07:50:32-05:00,2026-09-26T12:50:32+00:00,Puente HTTP/REST (sensor de campo -> Central),DC-ACCESO-10,False,3,22.19,2026-09-26T12:50:31+00:00
2026-09-26T07:52:17-05:00,2026-09-26T12:52:17+00:00,Puente HTTP/REST (sensor de campo -> Central),DC-ACCESO-10,False,1,21.69,2026-09-26T12:52:17+00:00
2026-09-26T07:52:32-05:00,2026-09-26T12:52:32+00:00,Puente HTTP/REST (sensor de campo -> Central),DC-ACCESO-10,False,3,21.72,2026-09-26T12:52:32+00:00
2026-09-26T07:54:17-05:00,2026-09-26T12:54:17+00:00,Puente HTTP/REST (sensor de campo -> Central),DC-ACCESO-10,True,2,21.76,2026-09-26T12:54:17+00:00
2026-09-26T07:54:32-05:00,2026-09-26T12:54:32+00:00,Puente HTTP/REST (sensor de campo -> Central),DC-ACCESO-10,False,3,22.28,2026-09-26T12:54:32+00:00
2026-09-26T07:56:18-05:00,2026-09-26T12:56:18+00:00,Puente HTTP/REST (sensor de campo -> Central),DC-ACCESO-10,False,2,22.07,2026-09-26T12:56:17+00:00
2026-09-26T07:56:32-05:00,2026-09-26T12:56:32+00:00,Puente HTTP/REST (sensor de campo -> Central),DC-ACCESO-10,False,3,22.09,2026-09-26T12:56:32+00:00
2026-09-26T07:58:18-05:00,2026-09-26T12:58:18+00:00,Puente HTTP/REST (sensor de campo -> Central),DC-ACCESO-10,False,2,22.22,2026-09-26T12:58:18+00:00
2026-09-26T07:58:32-05:00,2026-09-26T12:58:32+00:00,Puente HTTP/REST (sensor de campo -> Central),DC-ACCESO-10,False,3,21.6,2026-09-26T12:58:32+00:00
2026-09-26T08:00:18-05:00,2026-09-26T13:00:18+00:00,Puente HTTP/REST (sensor de campo -> Central),DC-ACCESO-10,False,2,21.71,2026-09-26T13:00:18+00:00
2026-09-26T08:00:33-05:00,2026-09-26T13:00:33+00:00,Puente HTTP/REST (sensor de campo -> Central),DC-ACCESO-10,False,3,22.38,2026-09-26T13:00:33+00:00
2026-09-26T08:02:18-05:00,2026-09-26T13:02:18+00:00,Puente HTTP/REST (sensor de campo -> Central),DC-ACCESO-10,False,2,22.13,2026-09-26T13:02:18+00:00
2026-09-26T08:02:33-05:00,2026-09-26T13:02:33+00:00,Puente HTTP/REST (sensor de campo -> Central),DC-ACCESO-10,False,3,22.38,2026-09-26T13:02:33+00:00
2026-09-26T08:04:18-05:00,2026-09-26T13:04:18+00:00,Puente HTTP/REST (sensor de campo -> Central),DC-ACCESO-10,False,2,22.06,2026-09-26T13:04:18+00:00
2026-09-26T08:04:33-05:00,2026-09-26T13:04:33+00:00,Puente HTTP/REST (sensor de campo -> Central),DC-ACCESO-10,False,3,22.05,2026-09-26T13:04:33+00:00
2026-09-26T08:06:19-05:00,2026-09-26T13:06:19+00:00,Puente HTTP/REST (sensor de campo -> Central),DC-ACCESO-10,False,2,21.66,2026-09-26T13:06:18+00:00
2026-09-26T08:06:33-05:00,2026-09-26T13:06:33+00:00,Puente HTTP/REST (sensor de campo -> Central),DC-ACCESO-10,False,3,21.93,2026-09-26T13:06:33+00:00
2026-09-26T08:08:19-05:00,2026-09-26T13:08:19+00:00,Puente HTTP/REST (sensor de campo -> Central),DC-ACCESO-10,False,2,21.71,2026-09-26T13:08:19+00:00
2026-09-26T08:08:34-05:00,2026-09-26T13:08:34+00:00,Puente HTTP/REST (sensor de campo -> Central),DC-ACCESO-10,True,4,21.91,2026-09-26T13:08:33+00:00
2026-09-26T08:10:19-05:00,2026-09-26T13:10:19+00:00,Puente HTTP/REST (sensor de campo -> Central),DC-ACCESO-10,False,2,21.93,2026-09-26T13:10:19+00:00
2026-09-26T08:10:34-05:00,2026-09-26T13:10:34+00:00,Puente HTTP/REST (sensor de campo -> Central),DC-ACCESO-10,False,4,21.71,2026-09-26T13:10:34+00:00
2026-09-26T08:12:19-05:00,2026-09-26T13:12:19+00:00,Puente HTTP/REST (sensor de campo -> Central),DC-ACCESO-10,False,2,22.18,2026-09-26T13:12:19+00:00
2026-09-26T08:12:34-05:00,2026-09-26T13:12:34+00:00,Puente HTTP/REST (sensor de campo -> Central),DC-ACCESO-10,False,4,22.41,2026-09-26T13:12:34+00:00
2026-09-26T08:14:20-05:00,2026-09-26T13:14:20+00:00,Puente HTTP/REST (sensor de campo -> Central),DC-ACCESO-10,True,3,22.32,2026-09-26T13:14:19+00:00
2026-09-26T08:14:34-05:00,2026-09-26T13:14:34+00:00,Puente HTTP/REST (sensor de campo -> Central),DC-ACCESO-10,False,4,22.3,2026-09-26T13:14:34+00:00
2026-09-26T08:16:20-05:00,2026-09-26T13:16:20+00:00,Puente HTTP/REST (sensor de campo -> Central),DC-ACCESO-10,False,3,22.4,2026-09-26T13:16:20+00:00
2026-09-26T08:16:35-05:00,2026-09-26T13:16:35+00:00,Puente HTTP/REST (sensor de campo -> Central),DC-ACCESO-10,False,4,21.77,2026-09-26T13:16:34+00:00
2026-09-26T08:18:20-05:00,2026-09-26T13:18:20+00:00,Puente HTTP/REST (sensor de campo -> Central),DC-ACCESO-10,False,3,22.4,2026-09-26T13:18:20+00:00
2026-09-26T08:18:35-05:00,2026-09-26T13:18:35+00:00,Puente HTTP/REST (sensor de campo -> Central),DC-ACCESO-10,False,4,22.42,2026-09-26T13:18:35+00:00
2026-09-26T08:20:20-05:00,2026-09-26T13:20:20+00:00,Puente HTTP/REST (sensor de campo -> Central),DC-ACCESO-10,False,3,21.83,2026-09-26T13:20:20+00:00
2026-09-26T08:20:35-05:00,2026-09-26T13:20:35+00:00,Puente HTTP/REST (sensor de campo -> Central),DC-ACCESO-10,False,4,22.27,2026-09-26T13:20:35+00:00
2026-09-26T08:22:20-05:00,2026-09-26T13:22:20+00:00,Puente HTTP/REST (sensor de campo -> Central),DC-ACCESO-10,False,3,21.8,2026-09-26T13:22:20+00:00
2026-09-26T08:22:35-05:00,2026-09-26T13:22:35+00:00,Puente HTTP/REST (sensor de campo -> Central),DC-ACCESO-10,False,4,22.26,2026-09-26T13:22:35+00:00
2026-09-26T08:24:21-05:00,2026-09-26T13:24:21+00:00,Puente HTTP/REST (sensor de campo -> Central),DC-ACCESO-10,False,3,22.01,2026-09-26T13:24:20+00:00
2026-09-26T08:24:35-05:00,2026-09-26T13:24:35+00:00,Puente HTTP/REST (sensor de campo -> Central),DC-ACCESO-10,False,4,22.52,2026-09-26T13:24:35+00:00
2026-09-26T08:26:21-05:00,2026-09-26T13:26:21+00:00,Puente HTTP/REST (sensor de campo -> Central),DC-ACCESO-10,False,3,22.19,2026-09-26T13:26:21+00:00
2026-09-26T08:26:36-05:00,2026-09-26T13:26:36+00:00,Puente HTTP/REST (sensor de campo -> Central),DC-ACCESO-10,False,4,22.14,2026-09-26T13:26:35+00:00
2026-09-26T08:28:21-05:00,2026-09-26T13:28:21+00:00,Puente HTTP/REST (sensor de campo -> Central),DC-ACCESO-10,False,3,21.99,2026-09-26T13:28:21+00:00
2026-09-26T08:28:36-05:00,2026-09-26T13:28:36+00:00,Puente HTTP/REST (sensor de campo -> Central),DC-ACCESO-10,True,5,22.55,2026-09-26T13:28:36+00:00
2026-09-26T08:30:21-05:00,2026-09-26T13:30:21+00:00,Puente HTTP/REST (sensor de campo -> Central),DC-ACCESO-10,False,3,22.24,2026-09-26T13:30:21+00:00
2026-09-26T08:30:36-05:00,2026-09-26T13:30:36+00:00,Puente HTTP/REST (sensor de campo -> Central),DC-ACCESO-10,False,5,22.05,2026-09-26T13:30:36+00:00
2026-09-26T08:32:22-05:00,2026-09-26T13:32:22+00:00,Puente HTTP/REST (sensor de campo -> Central),DC-ACCESO-10,False,3,22.37,2026-09-26T13:32:21+00:00
2026-09-26T08:32:36-05:00,2026-09-26T13:32:36+00:00,Puente HTTP/REST (sensor de campo -> Central),DC-ACCESO-10,False,5,22.21,2026-09-26T13:32:36+00:00
2026-09-26T08:34:22-05:00,2026-09-26T13:34:22+00:00,Puente HTTP/REST (sensor de campo -> Central),DC-ACCESO-10,False,3,22.58,2026-09-26T13:34:22+00:00
2026-09-26T08:34:37-05:00,2026-09-26T13:34:37+00:00,Puente HTTP/REST (sensor de campo -> Central),DC-ACCESO-10,True,6,21.97,2026-09-26T13:34:36+00:00
2026-09-26T08:36:22-05:00,2026-09-26T13:36:22+00:00,Puente HTTP/REST (sensor de campo -> Central),DC-ACCESO-10,False,3,22.11,2026-09-26T13:36:22+00:00
2026-09-26T08:36:37-05:00,2026-09-26T13:36:37+00:00,Puente HTTP/REST (sensor de campo -> Central),DC-ACCESO-10,False,6,22.46,2026-09-26T13:36:37+00:00
2026-09-26T08:38:22-05:00,2026-09-26T13:38:22+00:00,Puente HTTP/REST (sensor de campo -> Central),DC-ACCESO-10,False,3,22.25,2026-09-26T13:38:22+00:00
2026-09-26T08:38:37-05:00,2026-09-26T13:38:37+00:00,Puente HTTP/REST (sensor de campo -> Central),DC-ACCESO-10,False,6,22.29,2026-09-26T13:38:37+00:00
2026-09-26T08:40:22-05:00,2026-09-26T13:40:22+00:00,Puente HTTP/REST (sensor de campo -> Central),DC-ACCESO-10,False,3,22.01,2026-09-26T13:40:22+00:00
2026-09-26T08:40:37-05:00,2026-09-26T13:40:37+00:00,Puente HTTP/REST (sensor de campo -> Central),DC-ACCESO-10,False,6,21.94,2026-09-26T13:40:37+00:00
2026-09-26T08:42:23-05:00,2026-09-26T13:42:23+00:00,Puente HTTP/REST (sensor de campo -> Central),DC-ACCESO-10,False,3,22.06,2026-09-26T13:42:22+00:00
2026-09-26T08:42:38-05:00,2026-09-26T13:42:38+00:00,Puente HTTP/REST (sensor de campo -> Central),DC-ACCESO-10,True,7,22.4,2026-09-26T13:42:37+00:00
2026-09-26T08:44:23-05:00,2026-09-26T13:44:23+00:00,Puente HTTP/REST (sensor de campo -> Central),DC-ACCESO-10,False,3,22.13,2026-09-26T13:44:23+00:00
2026-09-26T08:44:38-05:00,2026-09-26T13:44:38+00:00,Puente HTTP/REST (sensor de campo -> Central),DC-ACCESO-10,False,7,22.33,2026-09-26T13:44:38+00:00
2026-09-26T08:46:23-05:00,2026-09-26T13:46:23+00:00,Puente HTTP/REST (sensor de campo -> Central),DC-ACCESO-10,True,4,22.22,2026-09-26T13:46:23+00:00
2026-09-26T08:46:38-05:00,2026-09-26T13:46:38+00:00,Puente HTTP/REST (sensor de campo -> Central),DC-ACCESO-10,False,7,22.13,2026-09-26T13:46:38+00:00
2026-09-26T08:48:24-05:00,2026-09-26T13:48:24+00:00,Puente HTTP/REST (sensor de campo -> Central),DC-ACCESO-10,False,4,22.61,2026-09-26T13:48:23+00:00
2026-09-26T08:48:39-05:00,2026-09-26T13:48:39+00:00,Puente HTTP/REST (sensor de campo -> Central),DC-ACCESO-10,False,7,22.67,2026-09-26T13:48:38+00:00
2026-09-26T08:50:25-05:00,2026-09-26T13:50:25+00:00,Puente HTTP/REST (sensor de campo -> Central),DC-ACCESO-10,False,4,22.41,2026-09-26T13:50:25+00:00
2026-09-26T08:50:39-05:00,2026-09-26T13:50:39+00:00,Puente HTTP/REST (sensor de campo -> Central),DC-ACCESO-10,False,7,22.15,2026-09-26T13:50:39+00:00
2026-09-26T08:52:25-05:00,2026-09-26T13:52:25+00:00,Puente HTTP/REST (sensor de campo -> Central),DC-ACCESO-10,False,4,22.3,2026-09-26T13:52:25+00:00
2026-09-26T08:52:39-05:00,2026-09-26T13:52:39+00:00,Puente HTTP/REST (sensor de campo -> Central),DC-ACCESO-10,True,8,22.27,2026-09-26T13:52:39+00:00
2026-09-26T08:54:25-05:00,2026-09-26T13:54:25+00:00,Puente HTTP/REST (sensor de campo -> Central),DC-ACCESO-10,False,4,22.51,2026-09-26T13:54:25+00:00
2026-09-26T08:54:40-05:00,2026-09-26T13:54:40+00:00,Puente HTTP/REST (sensor de campo -> Central),DC-ACCESO-10,False,8,22.45,2026-09-26T13:54:39+00:00
2026-09-26T08:56:26-05:00,2026-09-26T13:56:26+00:00,Puente HTTP/REST (sensor de campo -> Central),DC-ACCESO-10,False,4,22.66,2026-09-26T13:56:25+00:00
2026-09-26T08:56:40-05:00,2026-09-26T13:56:40+00:00,Puente HTTP/REST (sensor de campo -> Central),DC-ACCESO-10,False,8,22.4,2026-09-26T13:56:40+00:00
2026-09-26T08:58:32-05:00,2026-09-26T13:58:32+00:00,Puente HTTP/REST (sensor de campo -> Central),DC-ACCESO-10,False,4,22.02,2026-09-26T13:58:32+00:00
2026-09-26T08:58:43-05:00,2026-09-26T13:58:43+00:00,Puente HTTP/REST (sensor de campo -> Central),DC-ACCESO-10,False,8,22.27,2026-09-26T13:58:42+00:00
2026-09-26T09:00:32-05:00,2026-09-26T14:00:32+00:00,Puente HTTP/REST (sensor de campo -> Central),DC-ACCESO-10,False,4,22.29,2026-09-26T14:00:32+00:00
2026-09-26T09:00:43-05:00,2026-09-26T14:00:43+00:00,Puente HTTP/REST (sensor de campo -> Central),DC-ACCESO-10,False,8,22.12,2026-09-26T14:00:43+00:00
2026-09-26T09:02:32-05:00,2026-09-26T14:02:32+00:00,Puente HTTP/REST (sensor de campo -> Central),DC-ACCESO-10,False,4,22.18,2026-09-26T14:02:32+00:00
2026-09-26T09:02:43-05:00,2026-09-26T14:02:43+00:00,Puente HTTP/REST (sensor de campo -> Central),DC-ACCESO-10,True,9,22.57,2026-09-26T14:02:43+00:00
2026-09-26T09:04:33-05:00,2026-09-26T14:04:33+00:00,Puente HTTP/REST (sensor de campo -> Central),DC-ACCESO-10,False,4,22.55,2026-09-26T14:04:32+00:00
2026-09-26T09:04:43-05:00,2026-09-26T14:04:43+00:00,Puente HTTP/REST (sensor de campo -> Central),DC-ACCESO-10,False,9,22.58,2026-09-26T14:04:43+00:00
2026-09-26T09:06:33-05:00,2026-09-26T14:06:33+00:00,Puente HTTP/REST (sensor de campo -> Central),DC-ACCESO-10,False,4,22.4,2026-09-26T14:06:33+00:00
2026-09-26T09:06:43-05:00,2026-09-26T14:06:43+00:00,Puente HTTP/REST (sensor de campo -> Central),DC-ACCESO-10,False,9,22.37,2026-09-26T14:06:43+00:00
2026-09-26T09:08:33-05:00,2026-09-26T14:08:33+00:00,Puente HTTP/REST (sensor de campo -> Central),DC-ACCESO-10,False,4,22.35,2026-09-26T14:08:33+00:00
2026-09-26T09:08:44-05:00,2026-09-26T14:08:44+00:00,Puente HTTP/REST (sensor de campo -> Central),DC-ACCESO-10,False,9,22.71,2026-09-26T14:08:43+00:00
2026-09-26T09:10:33-05:00,2026-09-26T14:10:33+00:00,Puente HTTP/REST (sensor de campo -> Central),DC-ACCESO-10,False,4,22.39,2026-09-26T14:10:33+00:00
2026-09-26T09:10:44-05:00,2026-09-26T14:10:44+00:00,Puente HTTP/REST (sensor de campo -> Central),DC-ACCESO-10,False,9,22.83,2026-09-26T14:10:44+00:00
2026-09-26T09:12:33-05:00,2026-09-26T14:12:33+00:00,Puente HTTP/REST (sensor de campo -> Central),DC-ACCESO-10,False,4,22.57,2026-09-26T14:12:33+00:00
2026-09-26T09:12:44-05:00,2026-09-26T14:12:44+00:00,Puente HTTP/REST (sensor de campo -> Central),DC-ACCESO-10,False,9,22.21,2026-09-26T14:12:44+00:00
2026-09-26T09:14:34-05:00,2026-09-26T14:14:34+00:00,Puente HTTP/REST (sensor de campo -> Central),DC-ACCESO-10,False,4,22.75,2026-09-26T14:14:33+00:00
2026-09-26T09:14:44-05:00,2026-09-26T14:14:44+00:00,Puente HTTP/REST (sensor de campo -> Central),DC-ACCESO-10,False,9,22.54,2026-09-26T14:14:44+00:00
2026-09-26T09:16:34-05:00,2026-09-26T14:16:34+00:00,Puente HTTP/REST (sensor de campo -> Central),DC-ACCESO-10,False,4,22.6,2026-09-26T14:16:34+00:00
2026-09-26T09:16:45-05:00,2026-09-26T14:16:45+00:00,Puente HTTP/REST (sensor de campo -> Central),DC-ACCESO-10,False,9,22.68,2026-09-26T14:16:44+00:00
2026-09-26T09:18:34-05:00,2026-09-26T14:18:34+00:00,Puente HTTP/REST (sensor de campo -> Central),DC-ACCESO-10,False,4,22.89,2026-09-26T14:18:34+00:00
2026-09-26T09:18:45-05:00,2026-09-26T14:18:45+00:00,Puente HTTP/REST (sensor de campo -> Central),DC-ACCESO-10,False,9,22.72,2026-09-26T14:18:45+00:00
2026-09-26T09:20:34-05:00,2026-09-26T14:20:34+00:00,Puente HTTP/REST (sensor de campo -> Central),DC-ACCESO-10,False,4,22.19,2026-09-26T14:20:34+00:00
2026-09-26T09:20:45-05:00,2026-09-26T14:20:45+00:00,Puente HTTP/REST (sensor de campo -> Central),DC-ACCESO-10,False,9,22.68,2026-09-26T14:20:45+00:00
2026-09-26T09:22:34-05:00,2026-09-26T14:22:34+00:00,Puente HTTP/REST (sensor de campo -> Central),DC-ACCESO-10,False,4,22.49,2026-09-26T14:22:34+00:00
2026-09-26T09:22:45-05:00,2026-09-26T14:22:45+00:00,Puente HTTP/REST (sensor de campo -> Central),DC-ACCESO-10,False,9,22.55,2026-09-26T14:22:45+00:00
2026-09-26T09:24:35-05:00,2026-09-26T14:24:35+00:00,Puente HTTP/REST (sensor de campo -> Central),DC-ACCESO-10,False,4,22.89,2026-09-26T14:24:34+00:00
2026-09-26T09:24:45-05:00,2026-09-26T14:24:45+00:00,Puente HTTP/REST (sensor de campo -> Central),DC-ACCESO-10,False,9,22.27,2026-09-26T14:24:45+00:00
2026-09-26T09:26:35-05:00,2026-09-26T14:26:35+00:00,Puente HTTP/REST (sensor de campo -> Central),DC-ACCESO-10,False,4,22.65,2026-09-26T14:26:35+00:00
2026-09-26T09:26:46-05:00,2026-09-26T14:26:46+00:00,Puente HTTP/REST (sensor de campo -> Central),DC-ACCESO-10,False,9,22.58,2026-09-26T14:26:45+00:00
2026-09-26T09:28:40-05:00,2026-09-26T14:28:40+00:00,Puente HTTP/REST (sensor de campo -> Central),DC-ACCESO-10,False,4,22.72,2026-09-26T14:28:39+00:00
2026-09-26T09:28:47-05:00,2026-09-26T14:28:47+00:00,Puente HTTP/REST (sensor de campo -> Central),DC-ACCESO-10,False,9,22.84,2026-09-26T14:28:46+00:00
2026-09-26T09:30:40-05:00,2026-09-26T14:30:40+00:00,Puente HTTP/REST (sensor de campo -> Central),DC-ACCESO-10,False,4,22.81,2026-09-26T14:30:40+00:00
2026-09-26T09:30:47-05:00,2026-09-26T14:30:47+00:00,Puente HTTP/REST (sensor de campo -> Central),DC-ACCESO-10,False,9,22.5,2026-09-26T14:30:47+00:00
2026-09-26T09:32:40-05:00,2026-09-26T14:32:40+00:00,Puente HTTP/REST (sensor de campo -> Central),DC-ACCESO-10,False,4,22.89,2026-09-26T14:32:40+00:00
2026-09-26T09:32:47-05:00,2026-09-26T14:32:47+00:00,Puente HTTP/REST (sensor de campo -> Central),DC-ACCESO-10,False,9,22.45,2026-09-26T14:32:47+00:00
2026-09-26T09:34:40-05:00,2026-09-26T14:34:40+00:00,Puente HTTP/REST (sensor de campo -> Central),DC-ACCESO-10,False,4,22.43,2026-09-26T14:34:40+00:00
2026-09-26T09:34:47-05:00,2026-09-26T14:34:47+00:00,Puente HTTP/REST (sensor de campo -> Central),DC-ACCESO-10,False,9,22.7,2026-09-26T14:34:47+00:00
2026-09-26T09:36:41-05:00,2026-09-26T14:36:41+00:00,Puente HTTP/REST (sensor de campo -> Central),DC-ACCESO-10,False,4,22.71,2026-09-26T14:36:40+00:00
2026-09-26T09:36:48-05:00,2026-09-26T14:36:48+00:00,Puente HTTP/REST (sensor de campo -> Central),DC-ACCESO-10,False,9,22.71,2026-09-26T14:36:48+00:00
2026-09-26T09:38:41-05:00,2026-09-26T14:38:41+00:00,Puente HTTP/REST (sensor de campo -> Central),DC-ACCESO-10,False,4,22.91,2026-09-26T14:38:41+00:00
2026-09-26T09:38:48-05:00,2026-09-26T14:38:48+00:00,Puente HTTP/REST (sensor de campo -> Central),DC-ACCESO-10,True,10,22.88,2026-09-26T14:38:48+00:00
2026-09-26T09:40:41-05:00,2026-09-26T14:40:41+00:00,Puente HTTP/REST (sensor de campo -> Central),DC-ACCESO-10,False,4,22.88,2026-09-26T14:40:41+00:00
2026-09-26T09:40:48-05:00,2026-09-26T14:40:48+00:00,Puente HTTP/REST (sensor de campo -> Central),DC-ACCESO-10,False,10,22.56,2026-09-26T14:40:48+00:00
2026-09-26T09:42:41-05:00,2026-09-26T14:42:41+00:00,Puente HTTP/REST (sensor de campo -> Central),DC-ACCESO-10,False,4,22.99,2026-09-26T14:42:41+00:00
2026-09-26T09:42:48-05:00,2026-09-26T14:42:48+00:00,Puente HTTP/REST (sensor de campo -> Central),DC-ACCESO-10,False,10,23.01,2026-09-26T14:42:48+00:00
2026-09-26T09:44:42-05:00,2026-09-26T14:44:42+00:00,Puente HTTP/REST (sensor de campo -> Central),DC-ACCESO-10,False,4,22.97,2026-09-26T14:44:41+00:00
2026-09-26T09:44:49-05:00,2026-09-26T14:44:49+00:00,Puente HTTP/REST (sensor de campo -> Central),DC-ACCESO-10,False,10,22.88,2026-09-26T14:44:49+00:00
2026-09-26T09:46:42-05:00,2026-09-26T14:46:42+00:00,Puente HTTP/REST (sensor de campo -> Central),DC-ACCESO-10,False,4,22.48,2026-09-26T14:46:42+00:00
2026-09-26T09:46:49-05:00,2026-09-26T14:46:49+00:00,Puente HTTP/REST (sensor de campo -> Central),DC-ACCESO-10,False,10,22.62,2026-09-26T14:46:49+00:00
2026-09-26T09:48:42-05:00,2026-09-26T14:48:42+00:00,Puente HTTP/REST (sensor de campo -> Central),DC-ACCESO-10,False,4,22.71,2026-09-26T14:48:42+00:00
2026-09-26T09:48:49-05:00,2026-09-26T14:48:49+00:00,Puente HTTP/REST (sensor de campo -> Central),DC-ACCESO-10,False,10,22.89,2026-09-26T14:48:49+00:00
2026-09-26T09:50:42-05:00,2026-09-26T14:50:42+00:00,Puente HTTP/REST (sensor de campo -> Central),DC-ACCESO-10,False,4,22.85,2026-09-26T14:50:42+00:00
2026-09-26T09:50:49-05:00,2026-09-26T14:50:49+00:00,Puente HTTP/REST (sensor de campo -> Central),DC-ACCESO-10,False,10,22.68,2026-09-26T14:50:49+00:00
2026-09-26T09:52:42-05:00,2026-09-26T14:52:42+00:00,Puente HTTP/REST (sensor de campo -> Central),DC-ACCESO-10,False,4,22.54,2026-09-26T14:52:42+00:00
2026-09-26T09:52:50-05:00,2026-09-26T14:52:50+00:00,Puente HTTP/REST (sensor de campo -> Central),DC-ACCESO-10,False,10,22.97,2026-09-26T14:52:49+00:00
2026-09-26T09:54:43-05:00,2026-09-26T14:54:43+00:00,Puente HTTP/REST (sensor de campo -> Central),DC-ACCESO-10,False,4,22.56,2026-09-26T14:54:42+00:00
2026-09-26T09:54:50-05:00,2026-09-26T14:54:50+00:00,Puente HTTP/REST (sensor de campo -> Central),DC-ACCESO-10,False,10,22.53,2026-09-26T14:54:50+00:00
2026-09-26T09:56:43-05:00,2026-09-26T14:56:43+00:00,Puente HTTP/REST (sensor de campo -> Central),DC-ACCESO-10,False,4,23.0,2026-09-26T14:56:43+00:00
2026-09-26T09:56:50-05:00,2026-09-26T14:56:50+00:00,Puente HTTP/REST (sensor de campo -> Central),DC-ACCESO-10,False,10,22.7,2026-09-26T14:56:50+00:00
2026-09-26T09:58:43-05:00,2026-09-26T14:58:43+00:00,Puente HTTP/REST (sensor de campo -> Central),DC-ACCESO-10,False,4,23.16,2026-09-26T14:58:43+00:00
2026-09-26T09:58:50-05:00,2026-09-26T14:58:50+00:00,Puente HTTP/REST (sensor de campo -> Central),DC-ACCESO-10,False,10,23.07,2026-09-26T14:58:50+00:00
2026-09-26T10:00:43-05:00,2026-09-26T15:00:43+00:00,Puente HTTP/REST (sensor de campo -> Central),DC-ACCESO-10,False,4,23.21,2026-09-26T15:00:43+00:00
2026-09-26T10:00:51-05:00,2026-09-26T15:00:51+00:00,Puente HTTP/REST (sensor de campo -> Central),DC-ACCESO-10,False,10,22.95,2026-09-26T15:00:50+00:00
2026-09-26T10:02:43-05:00,2026-09-26T15:02:43+00:00,Puente HTTP/REST (sensor de campo -> Central),DC-ACCESO-10,True,5,23.22,2026-09-26T15:02:43+00:00
2026-09-26T10:02:51-05:00,2026-09-26T15:02:51+00:00,Puente HTTP/REST (sensor de campo -> Central),DC-ACCESO-10,False,10,22.7,2026-09-26T15:02:51+00:00
2026-09-26T10:04:44-05:00,2026-09-26T15:04:44+00:00,Puente HTTP/REST (sensor de campo -> Central),DC-ACCESO-10,False,5,22.74,2026-09-26T15:04:44+00:00
2026-09-26T10:04:51-05:00,2026-09-26T15:04:51+00:00,Puente HTTP/REST (sensor de campo -> Central),DC-ACCESO-10,False,10,23.02,2026-09-26T15:04:51+00:00
2026-09-26T10:06:44-05:00,2026-09-26T15:06:44+00:00,Puente HTTP/REST (sensor de campo -> Central),DC-ACCESO-10,False,5,22.67,2026-09-26T15:06:44+00:00
2026-09-26T10:06:51-05:00,2026-09-26T15:06:51+00:00,Puente HTTP/REST (sensor de campo -> Central),DC-ACCESO-10,False,10,22.47,2026-09-26T15:06:51+00:00
2026-09-26T10:08:44-05:00,2026-09-26T15:08:44+00:00,Puente HTTP/REST (sensor de campo -> Central),DC-ACCESO-10,False,5,22.98,2026-09-26T15:08:44+00:00
2026-09-26T10:08:51-05:00,2026-09-26T15:08:51+00:00,Puente HTTP/REST (sensor de campo -> Central),DC-ACCESO-10,True,11,22.87,2026-09-26T15:08:51+00:00
2026-09-26T10:10:44-05:00,2026-09-26T15:10:44+00:00,Puente HTTP/REST (sensor de campo -> Central),DC-ACCESO-10,False,5,22.83,2026-09-26T15:10:44+00:00
2026-09-26T10:10:52-05:00,2026-09-26T15:10:52+00:00,Puente HTTP/REST (sensor de campo -> Central),DC-ACCESO-10,False,11,23.1,2026-09-26T15:10:51+00:00
2026-09-26T10:12:45-05:00,2026-09-26T15:12:45+00:00,Puente HTTP/REST (sensor de campo -> Central),DC-ACCESO-10,False,5,22.67,2026-09-26T15:12:45+00:00
2026-09-26T10:12:52-05:00,2026-09-26T15:12:52+00:00,Puente HTTP/REST (sensor de campo -> Central),DC-ACCESO-10,False,11,23.02,2026-09-26T15:12:52+00:00
2026-09-26T10:14:45-05:00,2026-09-26T15:14:45+00:00,Puente HTTP/REST (sensor de campo -> Central),DC-ACCESO-10,False,5,23.27,2026-09-26T15:14:45+00:00
2026-09-26T10:14:52-05:00,2026-09-26T15:14:52+00:00,Puente HTTP/REST (sensor de campo -> Central),DC-ACCESO-10,False,11,22.78,2026-09-26T15:14:52+00:00
2026-09-26T10:16:45-05:00,2026-09-26T15:16:45+00:00,Puente HTTP/REST (sensor de campo -> Central),DC-ACCESO-10,False,5,22.95,2026-09-26T15:16:45+00:00
2026-09-26T10:16:52-05:00,2026-09-26T15:16:52+00:00,Puente HTTP/REST (sensor de campo -> Central),DC-ACCESO-10,False,11,22.62,2026-09-26T15:16:52+00:00
2026-09-26T10:18:45-05:00,2026-09-26T15:18:45+00:00,Puente HTTP/REST (sensor de campo -> Central),DC-ACCESO-10,False,5,22.89,2026-09-26T15:18:45+00:00
2026-09-26T10:18:53-05:00,2026-09-26T15:18:53+00:00,Puente HTTP/REST (sensor de campo -> Central),DC-ACCESO-10,False,11,22.57,2026-09-26T15:18:52+00:00
2026-09-26T10:20:46-05:00,2026-09-26T15:20:46+00:00,Puente HTTP/REST (sensor de campo -> Central),DC-ACCESO-10,False,5,22.58,2026-09-26T15:20:45+00:00
2026-09-26T10:20:53-05:00,2026-09-26T15:20:53+00:00,Puente HTTP/REST (sensor de campo -> Central),DC-ACCESO-10,False,11,23.1,2026-09-26T15:20:53+00:00
2026-09-26T10:22:46-05:00,2026-09-26T15:22:46+00:00,Puente HTTP/REST (sensor de campo -> Central),DC-ACCESO-10,False,5,22.81,2026-09-26T15:22:46+00:00
2026-09-26T10:22:53-05:00,2026-09-26T15:22:53+00:00,Puente HTTP/REST (sensor de campo -> Central),DC-ACCESO-10,False,11,23.29,2026-09-26T15:22:53+00:00
2026-09-26T10:24:46-05:00,2026-09-26T15:24:46+00:00,Puente HTTP/REST (sensor de campo -> Central),DC-ACCESO-10,False,5,22.95,2026-09-26T15:24:46+00:00
2026-09-26T10:24:53-05:00,2026-09-26T15:24:53+00:00,Puente HTTP/REST (sensor de campo -> Central),DC-ACCESO-10,False,11,22.96,2026-09-26T15:24:53+00:00
2026-09-26T10:26:46-05:00,2026-09-26T15:26:46+00:00,Puente HTTP/REST (sensor de campo -> Central),DC-ACCESO-10,True,6,23.15,2026-09-26T15:26:46+00:00
2026-09-26T10:26:53-05:00,2026-09-26T15:26:53+00:00,Puente HTTP/REST (sensor de campo -> Central),DC-ACCESO-10,False,11,22.85,2026-09-26T15:26:53+00:00
2026-09-26T10:28:47-05:00,2026-09-26T15:28:47+00:00,Puente HTTP/REST (sensor de campo -> Central),DC-ACCESO-10,True,7,22.69,2026-09-26T15:28:46+00:00
2026-09-26T10:28:54-05:00,2026-09-26T15:28:54+00:00,Puente HTTP/REST (sensor de campo -> Central),DC-ACCESO-10,False,11,23.11,2026-09-26T15:28:53+00:00
2026-09-26T10:30:47-05:00,2026-09-26T15:30:47+00:00,Puente HTTP/REST (sensor de campo -> Central),DC-ACCESO-10,False,7,22.85,2026-09-26T15:30:47+00:00
2026-09-26T10:30:54-05:00,2026-09-26T15:30:54+00:00,Puente HTTP/REST (sensor de campo -> Central),DC-ACCESO-10,False,11,22.65,2026-09-26T15:30:54+00:00
2026-09-26T10:32:47-05:00,2026-09-26T15:32:47+00:00,Puente HTTP/REST (sensor de campo -> Central),DC-ACCESO-10,False,7,22.91,2026-09-26T15:32:47+00:00
2026-09-26T10:32:54-05:00,2026-09-26T15:32:54+00:00,Puente HTTP/REST (sensor de campo -> Central),DC-ACCESO-10,False,11,23.1,2026-09-26T15:32:54+00:00
2026-09-26T10:34:47-05:00,2026-09-26T15:34:47+00:00,Puente HTTP/REST (sensor de campo -> Central),DC-ACCESO-10,False,7,22.94,2026-09-26T15:34:47+00:00
2026-09-26T10:34:54-05:00,2026-09-26T15:34:54+00:00,Puente HTTP/REST (sensor de campo -> Central),DC-ACCESO-10,False,11,22.72,2026-09-26T15:34:54+00:00
2026-09-26T10:36:47-05:00,2026-09-26T15:36:47+00:00,Puente HTTP/REST (sensor de campo -> Central),DC-ACCESO-10,False,7,23.14,2026-09-26T15:36:47+00:00
2026-09-26T10:36:54-05:00,2026-09-26T15:36:54+00:00,Puente HTTP/REST (sensor de campo -> Central),DC-ACCESO-10,True,12,23.03,2026-09-26T15:36:54+00:00
2026-09-26T10:38:48-05:00,2026-09-26T15:38:48+00:00,Puente HTTP/REST (sensor de campo -> Central),DC-ACCESO-10,False,7,23.14,2026-09-26T15:38:47+00:00
2026-09-26T10:38:55-05:00,2026-09-26T15:38:55+00:00,Puente HTTP/REST (sensor de campo -> Central),DC-ACCESO-10,False,12,23.44,2026-09-26T15:38:54+00:00
2026-09-26T10:40:48-05:00,2026-09-26T15:40:48+00:00,Puente HTTP/REST (sensor de campo -> Central),DC-ACCESO-10,False,7,22.97,2026-09-26T15:40:48+00:00
2026-09-26T10:40:55-05:00,2026-09-26T15:40:55+00:00,Puente HTTP/REST (sensor de campo -> Central),DC-ACCESO-10,False,12,23.3,2026-09-26T15:40:55+00:00
2026-09-26T10:42:48-05:00,2026-09-26T15:42:48+00:00,Puente HTTP/REST (sensor de campo -> Central),DC-ACCESO-10,False,7,22.84,2026-09-26T15:42:48+00:00
2026-09-26T10:42:55-05:00,2026-09-26T15:42:55+00:00,Puente HTTP/REST (sensor de campo -> Central),DC-ACCESO-10,False,12,23.24,2026-09-26T15:42:55+00:00
2026-09-26T10:44:48-05:00,2026-09-26T15:44:48+00:00,Puente HTTP/REST (sensor de campo -> Central),DC-ACCESO-10,False,7,22.91,2026-09-26T15:44:48+00:00
2026-09-26T10:44:55-05:00,2026-09-26T15:44:55+00:00,Puente HTTP/REST (sensor de campo -> Central),DC-ACCESO-10,False,12,23.22,2026-09-26T15:44:55+00:00
2026-09-26T10:46:48-05:00,2026-09-26T15:46:48+00:00,Puente HTTP/REST (sensor de campo -> Central),DC-ACCESO-10,True,8,22.94,2026-09-26T15:46:48+00:00
2026-09-26T10:46:56-05:00,2026-09-26T15:46:56+00:00,Puente HTTP/REST (sensor de campo -> Central),DC-ACCESO-10,False,12,23.32,2026-09-26T15:46:55+00:00
2026-09-26T10:48:49-05:00,2026-09-26T15:48:49+00:00,Puente HTTP/REST (sensor de campo -> Central),DC-ACCESO-10,False,8,23.1,2026-09-26T15:48:48+00:00
2026-09-26T10:48:56-05:00,2026-09-26T15:48:56+00:00,Puente HTTP/REST (sensor de campo -> Central),DC-ACCESO-10,False,12,22.87,2026-09-26T15:48:56+00:00
2026-09-26T10:50:49-05:00,2026-09-26T15:50:49+00:00,Puente HTTP/REST (sensor de campo -> Central),DC-ACCESO-10,True,9,23.42,2026-09-26T15:50:49+00:00
2026-09-26T10:50:56-05:00,2026-09-26T15:50:56+00:00,Puente HTTP/REST (sensor de campo -> Central),DC-ACCESO-10,False,12,23.08,2026-09-26T15:50:56+00:00
2026-09-26T10:52:49-05:00,2026-09-26T15:52:49+00:00,Puente HTTP/REST (sensor de campo -> Central),DC-ACCESO-10,True,10,22.84,2026-09-26T15:52:49+00:00
2026-09-26T10:52:57-05:00,2026-09-26T15:52:57+00:00,Puente HTTP/REST (sensor de campo -> Central),DC-ACCESO-10,False,12,23.15,2026-09-26T15:52:56+00:00
2026-09-26T10:54:57-05:00,2026-09-26T15:54:57+00:00,Puente HTTP/REST (sensor de campo -> Central),DC-ACCESO-10,False,10,23.13,2026-09-26T15:54:57+00:00
2026-09-26T10:54:57-05:00,2026-09-26T15:54:57+00:00,Puente HTTP/REST (sensor de campo -> Central),DC-ACCESO-10,False,12,22.83,2026-09-26T15:54:57+00:00
2026-09-26T10:56:59-05:00,2026-09-26T15:56:59+00:00,Puente HTTP/REST (sensor de campo -> Central),DC-ACCESO-10,False,10,23.55,2026-09-26T15:56:57+00:00
2026-09-26T10:57:01-05:00,2026-09-26T15:57:01+00:00,Puente HTTP/REST (sensor de campo -> Central),DC-ACCESO-10,False,12,23.55,2026-09-26T15:57:00+00:00
2026-09-26T10:59:02-05:00,2026-09-26T15:59:02+00:00,Puente HTTP/REST (sensor de campo -> Central),DC-ACCESO-10,False,10,22.82,2026-09-26T15:58:59+00:00
2026-09-26T10:59:02-05:00,2026-09-26T15:59:02+00:00,Puente HTTP/REST (sensor de campo -> Central),DC-ACCESO-10,False,12,23.29,2026-09-26T15:59:02+00:00
2026-09-26T11:01:02-05:00,2026-09-26T16:01:02+00:00,Puente HTTP/REST (sensor de campo -> Central),DC-ACCESO-10,False,10,23.2,2026-09-26T16:01:02+00:00
2026-09-26T11:01:03-05:00,2026-09-26T16:01:03+00:00,Puente HTTP/REST (sensor de campo -> Central),DC-ACCESO-10,False,12,23.36,2026-09-26T16:01:02+00:00
2026-09-26T11:03:03-05:00,2026-09-26T16:03:03+00:00,Puente HTTP/REST (sensor de campo -> Central),DC-ACCESO-10,False,10,23.49,2026-09-26T16:03:02+00:00
2026-09-26T11:03:03-05:00,2026-09-26T16:03:03+00:00,Puente HTTP/REST (sensor de campo -> Central),DC-ACCESO-10,False,12,23.09,2026-09-26T16:03:03+00:00
2026-09-26T11:05:03-05:00,2026-09-26T16:05:03+00:00,Puente HTTP/REST (sensor de campo -> Central),DC-ACCESO-10,False,10,23.09,2026-09-26T16:05:03+00:00
2026-09-26T11:05:03-05:00,2026-09-26T16:05:03+00:00,Puente HTTP/REST (sensor de campo -> Central),DC-ACCESO-10,False,12,22.95,2026-09-26T16:05:03+00:00
2026-09-26T11:07:03-05:00,2026-09-26T16:07:03+00:00,Puente HTTP/REST (sensor de campo -> Central),DC-ACCESO-10,False,10,23.56,2026-09-26T16:07:03+00:00
2026-09-26T11:07:04-05:00,2026-09-26T16:07:04+00:00,Puente HTTP/REST (sensor de campo -> Central),DC-ACCESO-10,False,12,23.45,2026-09-26T16:07:03+00:00
2026-09-26T11:09:07-05:00,2026-09-26T16:09:07+00:00,Puente HTTP/REST (sensor de campo -> Central),DC-ACCESO-10,True,11,23.34,2026-09-26T16:09:06+00:00
2026-09-26T11:09:10-05:00,2026-09-26T16:09:10+00:00,Puente HTTP/REST (sensor de campo -> Central),DC-ACCESO-10,False,12,22.98,2026-09-26T16:09:10+00:00
2026-09-26T11:11:07-05:00,2026-09-26T16:11:07+00:00,Puente HTTP/REST (sensor de campo -> Central),DC-ACCESO-10,False,11,23.2,2026-09-26T16:11:07+00:00
2026-09-26T11:11:10-05:00,2026-09-26T16:11:10+00:00,Puente HTTP/REST (sensor de campo -> Central),DC-ACCESO-10,False,12,23.32,2026-09-26T16:11:10+00:00
2026-09-26T11:13:08-05:00,2026-09-26T16:13:08+00:00,Puente HTTP/REST (sensor de campo -> Central),DC-ACCESO-10,False,11,23.15,2026-09-26T16:13:07+00:00
2026-09-26T11:13:10-05:00,2026-09-26T16:13:10+00:00,Puente HTTP/REST (sensor de campo -> Central),DC-ACCESO-10,False,12,23.4,2026-09-26T16:13:10+00:00
2026-09-26T11:15:08-05:00,2026-09-26T16:15:08+00:00,Puente HTTP/REST (sensor de campo -> Central),DC-ACCESO-10,False,11,23.5,2026-09-26T16:15:08+00:00
2026-09-26T11:15:11-05:00,2026-09-26T16:15:11+00:00,Puente HTTP/REST (sensor de campo -> Central),DC-ACCESO-10,True,13,23.4,2026-09-26T16:15:10+00:00
2026-09-26T11:17:08-05:00,2026-09-26T16:17:08+00:00,Puente HTTP/REST (sensor de campo -> Central),DC-ACCESO-10,True,12,23.25,2026-09-26T16:17:08+00:00
2026-09-26T11:17:11-05:00,2026-09-26T16:17:11+00:00,Puente HTTP/REST (sensor de campo -> Central),DC-ACCESO-10,False,13,23.27,2026-09-26T16:17:11+00:00
2026-09-26T11:19:08-05:00,2026-09-26T16:19:08+00:00,Puente HTTP/REST (sensor de campo -> Central),DC-ACCESO-10,True,13,23.65,2026-09-26T16:19:08+00:00
2026-09-26T11:19:11-05:00,2026-09-26T16:19:11+00:00,Puente HTTP/REST (sensor de campo -> Central),DC-ACCESO-10,False,13,23.48,2026-09-26T16:19:11+00:00
2026-09-26T11:21:09-05:00,2026-09-26T16:21:09+00:00,Puente HTTP/REST (sensor de campo -> Central),DC-ACCESO-10,False,13,22.98,2026-09-26T16:21:08+00:00
2026-09-26T11:21:11-05:00,2026-09-26T16:21:11+00:00,Puente HTTP/REST (sensor de campo -> Central),DC-ACCESO-10,False,13,23.38,2026-09-26T16:21:11+00:00
2026-09-26T11:23:09-05:00,2026-09-26T16:23:09+00:00,Puente HTTP/REST (sensor de campo -> Central),DC-ACCESO-10,False,13,23.21,2026-09-26T16:23:09+00:00
2026-09-26T11:23:12-05:00,2026-09-26T16:23:12+00:00,Puente HTTP/REST (sensor de campo -> Central),DC-ACCESO-10,False,13,23.05,2026-09-26T16:23:11+00:00
2026-09-26T11:25:09-05:00,2026-09-26T16:25:09+00:00,Puente HTTP/REST (sensor de campo -> Central),DC-ACCESO-10,True,14,23.01,2026-09-26T16:25:09+00:00
2026-09-26T11:25:12-05:00,2026-09-26T16:25:12+00:00,Puente HTTP/REST (sensor de campo -> Central),DC-ACCESO-10,False,13,23.2,2026-09-26T16:25:12+00:00
2026-09-26T11:27:09-05:00,2026-09-26T16:27:09+00:00,Puente HTTP/REST (sensor de campo -> Central),DC-ACCESO-10,False,14,23.13,2026-09-26T16:27:09+00:00
2026-09-26T11:27:12-05:00,2026-09-26T16:27:12+00:00,Puente HTTP/REST (sensor de campo -> Central),DC-ACCESO-10,False,13,23.41,2026-09-26T16:27:12+00:00
2026-09-26T11:29:10-05:00,2026-09-26T16:29:10+00:00,Puente HTTP/REST (sensor de campo -> Central),DC-ACCESO-10,False,14,23.12,2026-09-26T16:29:10+00:00
2026-09-26T11:29:12-05:00,2026-09-26T16:29:12+00:00,Puente HTTP/REST (sensor de campo -> Central),DC-ACCESO-10,False,13,23.73,2026-09-26T16:29:12+00:00
2026-09-26T11:31:10-05:00,2026-09-26T16:31:10+00:00,Puente HTTP/REST (sensor de campo -> Central),DC-ACCESO-10,False,14,23.65,2026-09-26T16:31:10+00:00
2026-09-26T11:31:12-05:00,2026-09-26T16:31:12+00:00,Puente HTTP/REST (sensor de campo -> Central),DC-ACCESO-10,False,13,23.43,2026-09-26T16:31:12+00:00
2026-09-26T11:33:11-05:00,2026-09-26T16:33:11+00:00,Puente HTTP/REST (sensor de campo -> Central),DC-ACCESO-10,False,14,23.62,2026-09-26T16:33:10+00:00
2026-09-26T11:33:13-05:00,2026-09-26T16:33:13+00:00,Puente HTTP/REST (sensor de campo -> Central),DC-ACCESO-10,False,13,23.68,2026-09-26T16:33:12+00:00
2026-09-26T11:35:11-05:00,2026-09-26T16:35:11+00:00,Puente HTTP/REST (sensor de campo -> Central),DC-ACCESO-10,False,14,23.61,2026-09-26T16:35:11+00:00
2026-09-26T11:35:13-05:00,2026-09-26T16:35:13+00:00,Puente HTTP/REST (sensor de campo -> Central),DC-ACCESO-10,True,14,23.15,2026-09-26T16:35:13+00:00
2026-09-26T11:37:12-05:00,2026-09-26T16:37:12+00:00,Puente HTTP/REST (sensor de campo -> Central),DC-ACCESO-10,False,14,23.28,2026-09-26T16:37:11+00:00
2026-09-26T11:37:13-05:00,2026-09-26T16:37:13+00:00,Puente HTTP/REST (sensor de campo -> Central),DC-ACCESO-10,False,14,23.1,2026-09-26T16:37:13+00:00
2026-09-26T11:39:12-05:00,2026-09-26T16:39:12+00:00,Puente HTTP/REST (sensor de campo -> Central),DC-ACCESO-10,False,14,23.39,2026-09-26T16:39:12+00:00
2026-09-26T11:39:13-05:00,2026-09-26T16:39:13+00:00,Puente HTTP/REST (sensor de campo -> Central),DC-ACCESO-10,False,14,23.41,2026-09-26T16:39:13+00:00
2026-09-26T11:41:12-05:00,2026-09-26T16:41:12+00:00,Puente HTTP/REST (sensor de campo -> Central),DC-ACCESO-10,False,14,23.47,2026-09-26T16:41:12+00:00
2026-09-26T11:41:13-05:00,2026-09-26T16:41:13+00:00,Puente HTTP/REST (sensor de campo -> Central),DC-ACCESO-10,False,14,23.82,2026-09-26T16:41:13+00:00
2026-09-26T11:43:12-05:00,2026-09-26T16:43:12+00:00,Puente HTTP/REST (sensor de campo -> Central),DC-ACCESO-10,False,14,23.54,2026-09-26T16:43:12+00:00
2026-09-26T11:43:14-05:00,2026-09-26T16:43:14+00:00,Puente HTTP/REST (sensor de campo -> Central),DC-ACCESO-10,False,14,23.59,2026-09-26T16:43:13+00:00
2026-09-26T11:45:12-05:00,2026-09-26T16:45:12+00:00,Puente HTTP/REST (sensor de campo -> Central),DC-ACCESO-10,True,15,23.6,2026-09-26T16:45:12+00:00
2026-09-26T11:45:14-05:00,2026-09-26T16:45:14+00:00,Puente HTTP/REST (sensor de campo -> Central),DC-ACCESO-10,False,14,23.52,2026-09-26T16:45:14+00:00
2026-09-26T11:47:13-05:00,2026-09-26T16:47:13+00:00,Puente HTTP/REST (sensor de campo -> Central),DC-ACCESO-10,False,15,23.63,2026-09-26T16:47:12+00:00
2026-09-26T11:47:14-05:00,2026-09-26T16:47:14+00:00,Puente HTTP/REST (sensor de campo -> Central),DC-ACCESO-10,False,14,23.08,2026-09-26T16:47:14+00:00
2026-09-26T11:49:13-05:00,2026-09-26T16:49:13+00:00,Puente HTTP/REST (sensor de campo -> Central),DC-ACCESO-10,False,15,23.58,2026-09-26T16:49:13+00:00
2026-09-26T11:49:14-05:00,2026-09-26T16:49:14+00:00,Puente HTTP/REST (sensor de campo -> Central),DC-ACCESO-10,False,14,23.7,2026-09-26T16:49:14+00:00
2026-09-26T11:51:13-05:00,2026-09-26T16:51:13+00:00,Puente HTTP/REST (sensor de campo -> Central),DC-ACCESO-10,False,15,23.78,2026-09-26T16:51:13+00:00
2026-09-26T11:51:15-05:00,2026-09-26T16:51:15+00:00,Puente HTTP/REST (sensor de campo -> Central),DC-ACCESO-10,False,14,23.77,2026-09-26T16:51:14+00:00
2026-09-26T11:53:13-05:00,2026-09-26T16:53:13+00:00,Puente HTTP/REST (sensor de campo -> Central),DC-ACCESO-10,False,15,23.64,2026-09-26T16:53:13+00:00
2026-09-26T11:53:15-05:00,2026-09-26T16:53:15+00:00,Puente HTTP/REST (sensor de campo -> Central),DC-ACCESO-10,False,14,23.81,2026-09-26T16:53:15+00:00
2026-09-26T11:55:13-05:00,2026-09-26T16:55:13+00:00,Puente HTTP/REST (sensor de campo -> Central),DC-ACCESO-10,False,15,23.2,2026-09-26T16:55:13+00:00
2026-09-26T11:55:15-05:00,2026-09-26T16:55:15+00:00,Puente HTTP/REST (sensor de campo -> Central),DC-ACCESO-10,False,14,23.18,2026-09-26T16:55:15+00:00
2026-09-26T11:57:14-05:00,2026-09-26T16:57:14+00:00,Puente HTTP/REST (sensor de campo -> Central),DC-ACCESO-10,False,15,23.56,2026-09-26T16:57:13+00:00
2026-09-26T11:57:15-05:00,2026-09-26T16:57:15+00:00,Puente HTTP/REST (sensor de campo -> Central),DC-ACCESO-10,False,14,23.61,2026-09-26T16:57:15+00:00
2026-09-26T11:59:14-05:00,2026-09-26T16:59:14+00:00,Puente HTTP/REST (sensor de campo -> Central),DC-ACCESO-10,False,15,23.86,2026-09-26T16:59:14+00:00
2026-09-26T11:59:15-05:00,2026-09-26T16:59:15+00:00,Puente HTTP/REST (sensor de campo -> Central),DC-ACCESO-10,False,14,23.66,2026-09-26T16:59:15+00:00
2026-09-26T12:01:14-05:00,2026-09-26T17:01:14+00:00,Puente HTTP/REST (sensor de campo -> Central),DC-ACCESO-10,False,15,23.74,2026-09-26T17:01:14+00:00
2026-09-26T12:01:16-05:00,2026-09-26T17:01:16+00:00,Puente HTTP/REST (sensor de campo -> Central),DC-ACCESO-10,False,14,23.37,2026-09-26T17:01:15+00:00
2026-09-26T12:03:14-05:00,2026-09-26T17:03:14+00:00,Puente HTTP/REST (sensor de campo -> Central),DC-ACCESO-10,False,15,23.19,2026-09-26T17:03:14+00:00
2026-09-26T12:03:16-05:00,2026-09-26T17:03:16+00:00,Puente HTTP/REST (sensor de campo -> Central),DC-ACCESO-10,True,15,23.86,2026-09-26T17:03:16+00:00
2026-09-26T12:05:14-05:00,2026-09-26T17:05:14+00:00,Puente HTTP/REST (sensor de campo -> Central),DC-ACCESO-10,True,16,23.44,2026-09-26T17:05:14+00:00
2026-09-26T12:05:16-05:00,2026-09-26T17:05:16+00:00,Puente HTTP/REST (sensor de campo -> Central),DC-ACCESO-10,False,15,23.75,2026-09-26T17:05:16+00:00
2026-09-26T12:07:15-05:00,2026-09-26T17:07:15+00:00,Puente HTTP/REST (sensor de campo -> Central),DC-ACCESO-10,False,16,23.35,2026-09-26T17:07:15+00:00
2026-09-26T12:07:16-05:00,2026-09-26T17:07:16+00:00,Puente HTTP/REST (sensor de campo -> Central),DC-ACCESO-10,False,15,23.72,2026-09-26T17:07:16+00:00
2026-09-26T12:09:15-05:00,2026-09-26T17:09:15+00:00,Puente HTTP/REST (sensor de campo -> Central),DC-ACCESO-10,False,16,23.5,2026-09-26T17:09:15+00:00
2026-09-26T12:09:16-05:00,2026-09-26T17:09:16+00:00,Puente HTTP/REST (sensor de campo -> Central),DC-ACCESO-10,False,15,23.36,2026-09-26T17:09:16+00:00
2026-09-26T12:11:15-05:00,2026-09-26T17:11:15+00:00,Puente HTTP/REST (sensor de campo -> Central),DC-ACCESO-10,False,16,23.34,2026-09-26T17:11:15+00:00
2026-09-26T12:11:17-05:00,2026-09-26T17:11:17+00:00,Puente HTTP/REST (sensor de campo -> Central),DC-ACCESO-10,False,15,23.22,2026-09-26T17:11:17+00:00
2026-09-26T12:13:15-05:00,2026-09-26T17:13:15+00:00,Puente HTTP/REST (sensor de campo -> Central),DC-ACCESO-10,False,16,23.66,2026-09-26T17:13:15+00:00
2026-09-26T12:13:17-05:00,2026-09-26T17:13:17+00:00,Puente HTTP/REST (sensor de campo -> Central),DC-ACCESO-10,False,15,23.86,2026-09-26T17:13:17+00:00
2026-09-26T12:15:16-05:00,2026-09-26T17:15:16+00:00,Puente HTTP/REST (sensor de campo -> Central),DC-ACCESO-10,False,16,23.75,2026-09-26T17:15:15+00:00
2026-09-26T12:15:19-05:00,2026-09-26T17:15:19+00:00,Puente HTTP/REST (sensor de campo -> Central),DC-ACCESO-10,False,15,23.41,2026-09-26T17:15:17+00:00
2026-09-26T12:17:16-05:00,2026-09-26T17:17:16+00:00,Puente HTTP/REST (sensor de campo -> Central),DC-ACCESO-10,True,17,23.39,2026-09-26T17:17:16+00:00
2026-09-26T12:17:20-05:00,2026-09-26T17:17:20+00:00,Puente HTTP/REST (sensor de campo -> Central),DC-ACCESO-10,False,15,23.41,2026-09-26T17:17:19+00:00
2026-09-26T12:19:16-05:00,2026-09-26T17:19:16+00:00,Puente HTTP/REST (sensor de campo -> Central),DC-ACCESO-10,False,17,23.79,2026-09-26T17:19:16+00:00
2026-09-26T12:19:20-05:00,2026-09-26T17:19:20+00:00,Puente HTTP/REST (sensor de campo -> Central),DC-ACCESO-10,False,15,23.51,2026-09-26T17:19:20+00:00
2026-09-26T12:21:16-05:00,2026-09-26T17:21:16+00:00,Puente HTTP/REST (sensor de campo -> Central),DC-ACCESO-10,False,17,23.85,2026-09-26T17:21:16+00:00
2026-09-26T12:21:20-05:00,2026-09-26T17:21:20+00:00,Puente HTTP/REST (sensor de campo -> Central),DC-ACCESO-10,True,16,23.8,2026-09-26T17:21:20+00:00
2026-09-26T12:23:16-05:00,2026-09-26T17:23:16+00:00,Puente HTTP/REST (sensor de campo -> Central),DC-ACCESO-10,False,17,23.6,2026-09-26T17:23:16+00:00
2026-09-26T12:23:20-05:00,2026-09-26T17:23:20+00:00,Puente HTTP/REST (sensor de campo -> Central),DC-ACCESO-10,False,16,23.73,2026-09-26T17:23:20+00:00
2026-09-26T12:25:17-05:00,2026-09-26T17:25:17+00:00,Puente HTTP/REST (sensor de campo -> Central),DC-ACCESO-10,False,17,23.54,2026-09-26T17:25:16+00:00
2026-09-26T12:25:20-05:00,2026-09-26T17:25:20+00:00,Puente HTTP/REST (sensor de campo -> Central),DC-ACCESO-10,False,16,23.52,2026-09-26T17:25:20+00:00
2026-09-26T12:27:17-05:00,2026-09-26T17:27:17+00:00,Puente HTTP/REST (sensor de campo -> Central),DC-ACCESO-10,False,17,23.45,2026-09-26T17:27:17+00:00
2026-09-26T12:27:21-05:00,2026-09-26T17:27:21+00:00,Puente HTTP/REST (sensor de campo -> Central),DC-ACCESO-10,True,17,23.72,2026-09-26T17:27:20+00:00
2026-09-26T12:29:17-05:00,2026-09-26T17:29:17+00:00,Puente HTTP/REST (sensor de campo -> Central),DC-ACCESO-10,False,17,23.51,2026-09-26T17:29:17+00:00
2026-09-26T12:29:21-05:00,2026-09-26T17:29:21+00:00,Puente HTTP/REST (sensor de campo -> Central),DC-ACCESO-10,False,17,23.59,2026-09-26T17:29:21+00:00
2026-09-26T12:31:17-05:00,2026-09-26T17:31:17+00:00,Puente HTTP/REST (sensor de campo -> Central),DC-ACCESO-10,False,17,23.94,2026-09-26T17:31:17+00:00
2026-09-26T12:31:21-05:00,2026-09-26T17:31:21+00:00,Puente HTTP/REST (sensor de campo -> Central),DC-ACCESO-10,False,17,23.77,2026-09-26T17:31:21+00:00
2026-09-26T12:33:17-05:00,2026-09-26T17:33:17+00:00,Puente HTTP/REST (sensor de campo -> Central),DC-ACCESO-10,True,18,23.58,2026-09-26T17:33:17+00:00
2026-09-26T12:33:21-05:00,2026-09-26T17:33:21+00:00,Puente HTTP/REST (sensor de campo -> Central),DC-ACCESO-10,False,17,23.34,2026-09-26T17:33:21+00:00
2026-09-26T12:35:18-05:00,2026-09-26T17:35:18+00:00,Puente HTTP/REST (sensor de campo -> Central),DC-ACCESO-10,False,18,23.82,2026-09-26T17:35:17+00:00
2026-09-26T12:35:21-05:00,2026-09-26T17:35:21+00:00,Puente HTTP/REST (sensor de campo -> Central),DC-ACCESO-10,False,17,23.58,2026-09-26T17:35:21+00:00
2026-09-26T12:37:18-05:00,2026-09-26T17:37:18+00:00,Puente HTTP/REST (sensor de campo -> Central),DC-ACCESO-10,False,18,23.68,2026-09-26T17:37:18+00:00
2026-09-26T12:37:22-05:00,2026-09-26T17:37:22+00:00,Puente HTTP/REST (sensor de campo -> Central),DC-ACCESO-10,False,17,23.39,2026-09-26T17:37:21+00:00
2026-09-26T12:39:18-05:00,2026-09-26T17:39:18+00:00,Puente HTTP/REST (sensor de campo -> Central),DC-ACCESO-10,False,18,23.66,2026-09-26T17:39:18+00:00
2026-09-26T12:39:22-05:00,2026-09-26T17:39:22+00:00,Puente HTTP/REST (sensor de campo -> Central),DC-ACCESO-10,False,17,24.02,2026-09-26T17:39:22+00:00
2026-09-26T12:41:18-05:00,2026-09-26T17:41:18+00:00,Puente HTTP/REST (sensor de campo -> Central),DC-ACCESO-10,False,18,23.41,2026-09-26T17:41:18+00:00
2026-09-26T12:41:22-05:00,2026-09-26T17:41:22+00:00,Puente HTTP/REST (sensor de campo -> Central),DC-ACCESO-10,False,17,23.49,2026-09-26T17:41:22+00:00
2026-09-26T12:43:18-05:00,2026-09-26T17:43:18+00:00,Puente HTTP/REST (sensor de campo -> Central),DC-ACCESO-10,False,18,23.64,2026-09-26T17:43:18+00:00
2026-09-26T12:43:22-05:00,2026-09-26T17:43:22+00:00,Puente HTTP/REST (sensor de campo -> Central),DC-ACCESO-10,False,17,23.4,2026-09-26T17:43:22+00:00
2026-09-26T12:45:19-05:00,2026-09-26T17:45:19+00:00,Puente HTTP/REST (sensor de campo -> Central),DC-ACCESO-10,False,18,23.34,2026-09-26T17:45:19+00:00
2026-09-26T12:45:22-05:00,2026-09-26T17:45:22+00:00,Puente HTTP/REST (sensor de campo -> Central),DC-ACCESO-10,False,17,23.7,2026-09-26T17:45:22+00:00
2026-09-26T12:47:19-05:00,2026-09-26T17:47:19+00:00,Puente HTTP/REST (sensor de campo -> Central),DC-ACCESO-10,False,18,23.62,2026-09-26T17:47:19+00:00
2026-09-26T12:47:23-05:00,2026-09-26T17:47:23+00:00,Puente HTTP/REST (sensor de campo -> Central),DC-ACCESO-10,False,17,23.36,2026-09-26T17:47:23+00:00
2026-09-26T12:49:19-05:00,2026-09-26T17:49:19+00:00,Puente HTTP/REST (sensor de campo -> Central),DC-ACCESO-10,False,18,24.02,2026-09-26T17:49:19+00:00
2026-09-26T12:49:23-05:00,2026-09-26T17:49:23+00:00,Puente HTTP/REST (sensor de campo -> Central),DC-ACCESO-10,True,18,23.64,2026-09-26T17:49:23+00:00
2026-09-26T12:51:21-05:00,2026-09-26T17:51:21+00:00,Puente HTTP/REST (sensor de campo -> Central),DC-ACCESO-10,False,18,23.43,2026-09-26T17:51:21+00:00
2026-09-26T12:51:23-05:00,2026-09-26T17:51:23+00:00,Puente HTTP/REST (sensor de campo -> Central),DC-ACCESO-10,False,18,23.99,2026-09-26T17:51:23+00:00
2026-09-26T12:53:21-05:00,2026-09-26T17:53:21+00:00,Puente HTTP/REST (sensor de campo -> Central),DC-ACCESO-10,False,18,23.73,2026-09-26T17:53:21+00:00
2026-09-26T12:53:23-05:00,2026-09-26T17:53:23+00:00,Puente HTTP/REST (sensor de campo -> Central),DC-ACCESO-10,False,18,24.0,2026-09-26T17:53:23+00:00
2026-09-26T12:55:21-05:00,2026-09-26T17:55:21+00:00,Puente HTTP/REST (sensor de campo -> Central),DC-ACCESO-10,False,18,24.16,2026-09-26T17:55:21+00:00
2026-09-26T12:55:24-05:00,2026-09-26T17:55:24+00:00,Puente HTTP/REST (sensor de campo -> Central),DC-ACCESO-10,False,18,24.05,2026-09-26T17:55:23+00:00
2026-09-26T12:57:22-05:00,2026-09-26T17:57:22+00:00,Puente HTTP/REST (sensor de campo -> Central),DC-ACCESO-10,True,19,23.8,2026-09-26T17:57:21+00:00
2026-09-26T12:57:24-05:00,2026-09-26T17:57:24+00:00,Puente HTTP/REST (sensor de campo -> Central),DC-ACCESO-10,True,19,23.99,2026-09-26T17:57:24+00:00
2026-09-26T12:59:22-05:00,2026-09-26T17:59:22+00:00,Puente HTTP/REST (sensor de campo -> Central),DC-ACCESO-10,False,19,23.53,2026-09-26T17:59:22+00:00
2026-09-26T12:59:24-05:00,2026-09-26T17:59:24+00:00,Puente HTTP/REST (sensor de campo -> Central),DC-ACCESO-10,False,19,23.46,2026-09-26T17:59:24+00:00
2026-09-26T13:01:28-05:00,2026-09-26T18:01:28+00:00,Puente HTTP/REST (sensor de campo -> Central),DC-ACCESO-10,False,19,23.8,2026-09-26T18:01:28+00:00
2026-09-26T13:01:29-05:00,2026-09-26T18:01:29+00:00,Puente HTTP/REST (sensor de campo -> Central),DC-ACCESO-10,False,19,23.52,2026-09-26T18:01:28+00:00
2026-09-26T13:03:28-05:00,2026-09-26T18:03:28+00:00,Puente HTTP/REST (sensor de campo -> Central),DC-ACCESO-10,False,19,23.4,2026-09-26T18:03:28+00:00
2026-09-26T13:03:29-05:00,2026-09-26T18:03:29+00:00,Puente HTTP/REST (sensor de campo -> Central),DC-ACCESO-10,False,19,23.83,2026-09-26T18:03:29+00:00
2026-09-26T13:05:29-05:00,2026-09-26T18:05:29+00:00,Puente HTTP/REST (sensor de campo -> Central),DC-ACCESO-10,False,19,23.8,2026-09-26T18:05:28+00:00
2026-09-26T13:05:29-05:00,2026-09-26T18:05:29+00:00,Puente HTTP/REST (sensor de campo -> Central),DC-ACCESO-10,False,19,23.5,2026-09-26T18:05:29+00:00
2026-09-26T13:07:29-05:00,2026-09-26T18:07:29+00:00,Puente HTTP/REST (sensor de campo -> Central),DC-ACCESO-10,False,19,24.07,2026-09-26T18:07:29+00:00
2026-09-26T13:07:29-05:00,2026-09-26T18:07:29+00:00,Puente HTTP/REST (sensor de campo -> Central),DC-ACCESO-10,False,19,23.67,2026-09-26T18:07:29+00:00
2026-09-26T13:09:29-05:00,2026-09-26T18:09:29+00:00,Puente HTTP/REST (sensor de campo -> Central),DC-ACCESO-10,False,19,23.76,2026-09-26T18:09:29+00:00
2026-09-26T13:09:30-05:00,2026-09-26T18:09:30+00:00,Puente HTTP/REST (sensor de campo -> Central),DC-ACCESO-10,False,19,23.97,2026-09-26T18:09:29+00:00
2026-09-26T13:11:29-05:00,2026-09-26T18:11:29+00:00,Puente HTTP/REST (sensor de campo -> Central),DC-ACCESO-10,False,19,24.02,2026-09-26T18:11:29+00:00
2026-09-26T13:11:30-05:00,2026-09-26T18:11:30+00:00,Puente HTTP/REST (sensor de campo -> Central),DC-ACCESO-10,False,19,23.66,2026-09-26T18:11:30+00:00
2026-09-26T13:13:30-05:00,2026-09-26T18:13:30+00:00,Puente HTTP/REST (sensor de campo -> Central),DC-ACCESO-10,False,19,24.13,2026-09-26T18:13:30+00:00
2026-09-26T13:13:30-05:00,2026-09-26T18:13:30+00:00,Puente HTTP/REST (sensor de campo -> Central),DC-ACCESO-10,False,19,24.16,2026-09-26T18:13:30+00:00
2026-09-26T13:15:30-05:00,2026-09-26T18:15:30+00:00,Puente HTTP/REST (sensor de campo -> Central),DC-ACCESO-10,False,19,23.93,2026-09-26T18:15:30+00:00
2026-09-26T13:15:30-05:00,2026-09-26T18:15:30+00:00,Puente HTTP/REST (sensor de campo -> Central),DC-ACCESO-10,False,19,23.8,2026-09-26T18:15:30+00:00
2026-09-26T13:17:30-05:00,2026-09-26T18:17:30+00:00,Puente HTTP/REST (sensor de campo -> Central),DC-ACCESO-10,False,19,23.59,2026-09-26T18:17:30+00:00
2026-09-26T13:17:31-05:00,2026-09-26T18:17:31+00:00,Puente HTTP/REST (sensor de campo -> Central),DC-ACCESO-10,False,19,23.92,2026-09-26T18:17:30+00:00
2026-09-26T13:19:31-05:00,2026-09-26T18:19:31+00:00,Puente HTTP/REST (sensor de campo -> Central),DC-ACCESO-10,False,19,23.72,2026-09-26T18:19:30+00:00
2026-09-26T13:19:31-05:00,2026-09-26T18:19:31+00:00,Puente HTTP/REST (sensor de campo -> Central),DC-ACCESO-10,False,19,23.76,2026-09-26T18:19:31+00:00
2026-09-26T13:21:31-05:00,2026-09-26T18:21:31+00:00,Puente HTTP/REST (sensor de campo -> Central),DC-ACCESO-10,False,19,24.18,2026-09-26T18:21:31+00:00
2026-09-26T13:21:31-05:00,2026-09-26T18:21:31+00:00,Puente HTTP/REST (sensor de campo -> Central),DC-ACCESO-10,False,19,23.85,2026-09-26T18:21:31+00:00
2026-09-26T13:23:31-05:00,2026-09-26T18:23:31+00:00,Puente HTTP/REST (sensor de campo -> Central),DC-ACCESO-10,False,19,23.57,2026-09-26T18:23:31+00:00
2026-09-26T13:23:31-05:00,2026-09-26T18:23:31+00:00,Puente HTTP/REST (sensor de campo -> Central),DC-ACCESO-10,False,19,24.09,2026-09-26T18:23:31+00:00
2026-09-26T13:25:31-05:00,2026-09-26T18:25:31+00:00,Puente HTTP/REST (sensor de campo -> Central),DC-ACCESO-10,False,19,24.2,2026-09-26T18:25:31+00:00
2026-09-26T13:25:31-05:00,2026-09-26T18:25:31+00:00,Puente HTTP/REST (sensor de campo -> Central),DC-ACCESO-10,False,19,23.77,2026-09-26T18:25:31+00:00
2026-09-26T13:27:31-05:00,2026-09-26T18:27:31+00:00,Puente HTTP/REST (sensor de campo -> Central),DC-ACCESO-10,False,19,24.08,2026-09-26T18:27:31+00:00
2026-09-26T13:27:32-05:00,2026-09-26T18:27:32+00:00,Puente HTTP/REST (sensor de campo -> Central),DC-ACCESO-10,False,19,23.59,2026-09-26T18:27:31+00:00
2026-09-26T13:29:32-05:00,2026-09-26T18:29:32+00:00,Puente HTTP/REST (sensor de campo -> Central),DC-ACCESO-10,False,19,24.17,2026-09-26T18:29:31+00:00
2026-09-26T13:29:32-05:00,2026-09-26T18:29:32+00:00,Puente HTTP/REST (sensor de campo -> Central),DC-ACCESO-10,False,19,23.62,2026-09-26T18:29:32+00:00
2026-09-26T13:31:32-05:00,2026-09-26T18:31:32+00:00,Puente HTTP/REST (sensor de campo -> Central),DC-ACCESO-10,False,19,23.9,2026-09-26T18:31:32+00:00
2026-09-26T13:31:32-05:00,2026-09-26T18:31:32+00:00,Puente HTTP/REST (sensor de campo -> Central),DC-ACCESO-10,False,19,23.79,2026-09-26T18:31:32+00:00
2026-09-26T13:33:32-05:00,2026-09-26T18:33:32+00:00,Puente HTTP/REST (sensor de campo -> Central),DC-ACCESO-10,False,19,23.97,2026-09-26T18:33:32+00:00
2026-09-26T13:33:33-05:00,2026-09-26T18:33:33+00:00,Puente HTTP/REST (sensor de campo -> Central),DC-ACCESO-10,False,19,23.96,2026-09-26T18:33:32+00:00
2026-09-26T13:35:32-05:00,2026-09-26T18:35:32+00:00,Puente HTTP/REST (sensor de campo -> Central),DC-ACCESO-10,False,19,23.76,2026-09-26T18:35:32+00:00
2026-09-26T13:35:33-05:00,2026-09-26T18:35:33+00:00,Puente HTTP/REST (sensor de campo -> Central),DC-ACCESO-10,False,19,24.25,2026-09-26T18:35:33+00:00
2026-09-26T13:37:33-05:00,2026-09-26T18:37:33+00:00,Puente HTTP/REST (sensor de campo -> Central),DC-ACCESO-10,False,19,23.96,2026-09-26T18:37:32+00:00
2026-09-26T13:37:33-05:00,2026-09-26T18:37:33+00:00,Puente HTTP/REST (sensor de campo -> Central),DC-ACCESO-10,False,19,23.76,2026-09-26T18:37:33+00:00
2026-09-26T13:39:33-05:00,2026-09-26T18:39:33+00:00,Puente HTTP/REST (sensor de campo -> Central),DC-ACCESO-10,False,19,23.9,2026-09-26T18:39:33+00:00
2026-09-26T13:39:33-05:00,2026-09-26T18:39:33+00:00,Puente HTTP/REST (sensor de campo -> Central),DC-ACCESO-10,False,19,23.74,2026-09-26T18:39:33+00:00
2026-09-26T13:41:33-05:00,2026-09-26T18:41:33+00:00,Puente HTTP/REST (sensor de campo -> Central),DC-ACCESO-10,False,19,24.3,2026-09-26T18:41:33+00:00
2026-09-26T13:41:34-05:00,2026-09-26T18:41:34+00:00,Puente HTTP/REST (sensor de campo -> Central),DC-ACCESO-10,False,19,23.52,2026-09-26T18:41:34+00:00
2026-09-26T13:43:34-05:00,2026-09-26T18:43:34+00:00,Puente HTTP/REST (sensor de campo -> Central),DC-ACCESO-10,True,20,23.88,2026-09-26T18:43:33+00:00
2026-09-26T13:43:34-05:00,2026-09-26T18:43:34+00:00,Puente HTTP/REST (sensor de campo -> Central),DC-ACCESO-10,False,19,24.21,2026-09-26T18:43:34+00:00
2026-09-26T13:45:34-05:00,2026-09-26T18:45:34+00:00,Puente HTTP/REST (sensor de campo -> Central),DC-ACCESO-10,False,20,24.2,2026-09-26T18:45:34+00:00
2026-09-26T13:45:34-05:00,2026-09-26T18:45:34+00:00,Puente HTTP/REST (sensor de campo -> Central),DC-ACCESO-10,True,20,24.22,2026-09-26T18:45:34+00:00
2026-09-26T13:47:34-05:00,2026-09-26T18:47:34+00:00,Puente HTTP/REST (sensor de campo -> Central),DC-ACCESO-10,False,20,23.65,2026-09-26T18:47:34+00:00
2026-09-26T13:47:34-05:00,2026-09-26T18:47:34+00:00,Puente HTTP/REST (sensor de campo -> Central),DC-ACCESO-10,False,20,23.99,2026-09-26T18:47:34+00:00
2026-09-26T13:49:34-05:00,2026-09-26T18:49:34+00:00,Puente HTTP/REST (sensor de campo -> Central),DC-ACCESO-10,False,20,24.15,2026-09-26T18:49:34+00:00
2026-09-26T13:49:35-05:00,2026-09-26T18:49:35+00:00,Puente HTTP/REST (sensor de campo -> Central),DC-ACCESO-10,False,20,24.17,2026-09-26T18:49:34+00:00
2026-09-26T13:51:34-05:00,2026-09-26T18:51:34+00:00,Puente HTTP/REST (sensor de campo -> Central),DC-ACCESO-10,True,21,23.81,2026-09-26T18:51:34+00:00
2026-09-26T13:51:35-05:00,2026-09-26T18:51:35+00:00,Puente HTTP/REST (sensor de campo -> Central),DC-ACCESO-10,False,20,23.67,2026-09-26T18:51:35+00:00
2026-09-26T13:53:35-05:00,2026-09-26T18:53:35+00:00,Puente HTTP/REST (sensor de campo -> Central),DC-ACCESO-10,False,21,23.76,2026-09-26T18:53:34+00:00
2026-09-26T13:53:35-05:00,2026-09-26T18:53:35+00:00,Puente HTTP/REST (sensor de campo -> Central),DC-ACCESO-10,False,20,24.08,2026-09-26T18:53:35+00:00
2026-09-26T13:55:35-05:00,2026-09-26T18:55:35+00:00,Puente HTTP/REST (sensor de campo -> Central),DC-ACCESO-10,False,21,23.76,2026-09-26T18:55:35+00:00
2026-09-26T13:55:35-05:00,2026-09-26T18:55:35+00:00,Puente HTTP/REST (sensor de campo -> Central),DC-ACCESO-10,False,20,23.98,2026-09-26T18:55:35+00:00
2026-09-26T13:57:35-05:00,2026-09-26T18:57:35+00:00,Puente HTTP/REST (sensor de campo -> Central),DC-ACCESO-10,False,21,24.1,2026-09-26T18:57:35+00:00
2026-09-26T13:57:35-05:00,2026-09-26T18:57:35+00:00,Puente HTTP/REST (sensor de campo -> Central),DC-ACCESO-10,False,20,23.83,2026-09-26T18:57:35+00:00
2026-09-26T13:59:35-05:00,2026-09-26T18:59:35+00:00,Puente HTTP/REST (sensor de campo -> Central),DC-ACCESO-10,False,21,24.16,2026-09-26T18:59:35+00:00
2026-09-26T13:59:36-05:00,2026-09-26T18:59:36+00:00,Puente HTTP/REST (sensor de campo -> Central),DC-ACCESO-10,False,20,24.13,2026-09-26T18:59:35+00:00
2026-09-26T14:01:35-05:00,2026-09-26T19:01:35+00:00,Puente HTTP/REST (sensor de campo -> Central),DC-ACCESO-10,False,21,23.64,2026-09-26T19:01:35+00:00
2026-09-26T14:01:36-05:00,2026-09-26T19:01:36+00:00,Puente HTTP/REST (sensor de campo -> Central),DC-ACCESO-10,False,20,24.29,2026-09-26T19:01:36+00:00
2026-09-26T14:03:36-05:00,2026-09-26T19:03:36+00:00,Puente HTTP/REST (sensor de campo -> Central),DC-ACCESO-10,False,21,24.24,2026-09-26T19:03:35+00:00
2026-09-26T14:03:36-05:00,2026-09-26T19:03:36+00:00,Puente HTTP/REST (sensor de campo -> Central),DC-ACCESO-10,False,20,23.59,2026-09-26T19:03:36+00:00
2026-09-26T14:05:36-05:00,2026-09-26T19:05:36+00:00,Puente HTTP/REST (sensor de campo -> Central),DC-ACCESO-10,False,21,24.15,2026-09-26T19:05:36+00:00
2026-09-26T14:05:36-05:00,2026-09-26T19:05:36+00:00,Puente HTTP/REST (sensor de campo -> Central),DC-ACCESO-10,True,21,24.14,2026-09-26T19:05:36+00:00
2026-09-26T14:07:36-05:00,2026-09-26T19:07:36+00:00,Puente HTTP/REST (sensor de campo -> Central),DC-ACCESO-10,True,22,23.97,2026-09-26T19:07:36+00:00
2026-09-26T14:07:36-05:00,2026-09-26T19:07:36+00:00,Puente HTTP/REST (sensor de campo -> Central),DC-ACCESO-10,False,21,23.96,2026-09-26T19:07:36+00:00
2026-09-26T14:09:36-05:00,2026-09-26T19:09:36+00:00,Puente HTTP/REST (sensor de campo -> Central),DC-ACCESO-10,False,22,23.62,2026-09-26T19:09:36+00:00
2026-09-26T14:09:37-05:00,2026-09-26T19:09:37+00:00,Puente HTTP/REST (sensor de campo -> Central),DC-ACCESO-10,False,21,23.58,2026-09-26T19:09:36+00:00
2026-09-26T14:11:36-05:00,2026-09-26T19:11:36+00:00,Puente HTTP/REST (sensor de campo -> Central),DC-ACCESO-10,False,22,23.88,2026-09-26T19:11:36+00:00
2026-09-26T14:11:37-05:00,2026-09-26T19:11:37+00:00,Puente HTTP/REST (sensor de campo -> Central),DC-ACCESO-10,False,21,23.85,2026-09-26T19:11:37+00:00
2026-09-26T14:13:37-05:00,2026-09-26T19:13:37+00:00,Puente HTTP/REST (sensor de campo -> Central),DC-ACCESO-10,False,22,23.93,2026-09-26T19:13:36+00:00
2026-09-26T14:13:37-05:00,2026-09-26T19:13:37+00:00,Puente HTTP/REST (sensor de campo -> Central),DC-ACCESO-10,False,21,24.22,2026-09-26T19:13:37+00:00
2026-09-26T14:15:37-05:00,2026-09-26T19:15:37+00:00,Puente HTTP/REST (sensor de campo -> Central),DC-ACCESO-10,True,23,23.61,2026-09-26T19:15:37+00:00
2026-09-26T14:15:38-05:00,2026-09-26T19:15:38+00:00,Puente HTTP/REST (sensor de campo -> Central),DC-ACCESO-10,False,21,24.32,2026-09-26T19:15:37+00:00
2026-09-26T14:17:37-05:00,2026-09-26T19:17:37+00:00,Puente HTTP/REST (sensor de campo -> Central),DC-ACCESO-10,False,23,24.23,2026-09-26T19:17:37+00:00
2026-09-26T14:17:38-05:00,2026-09-26T19:17:38+00:00,Puente HTTP/REST (sensor de campo -> Central),DC-ACCESO-10,False,21,23.64,2026-09-26T19:17:38+00:00
2026-09-26T14:19:37-05:00,2026-09-26T19:19:37+00:00,Puente HTTP/REST (sensor de campo -> Central),DC-ACCESO-10,False,23,23.89,2026-09-26T19:19:37+00:00
2026-09-26T14:19:39-05:00,2026-09-26T19:19:39+00:00,Puente HTTP/REST (sensor de campo -> Central),DC-ACCESO-10,False,21,24.12,2026-09-26T19:19:38+00:00
2026-09-26T14:21:38-05:00,2026-09-26T19:21:38+00:00,Puente HTTP/REST (sensor de campo -> Central),DC-ACCESO-10,False,23,23.84,2026-09-26T19:21:37+00:00
2026-09-26T14:21:39-05:00,2026-09-26T19:21:39+00:00,Puente HTTP/REST (sensor de campo -> Central),DC-ACCESO-10,False,21,23.58,2026-09-26T19:21:39+00:00
2026-09-26T14:23:38-05:00,2026-09-26T19:23:38+00:00,Puente HTTP/REST (sensor de campo -> Central),DC-ACCESO-10,False,23,24.26,2026-09-26T19:23:38+00:00
2026-09-26T14:23:39-05:00,2026-09-26T19:23:39+00:00,Puente HTTP/REST (sensor de campo -> Central),DC-ACCESO-10,False,21,23.91,2026-09-26T19:23:39+00:00
2026-09-26T14:25:39-05:00,2026-09-26T19:25:39+00:00,Puente HTTP/REST (sensor de campo -> Central),DC-ACCESO-10,False,23,23.9,2026-09-26T19:25:38+00:00
2026-09-26T14:25:40-05:00,2026-09-26T19:25:40+00:00,Puente HTTP/REST (sensor de campo -> Central),DC-ACCESO-10,False,21,24.02,2026-09-26T19:25:39+00:00
2026-09-26T14:27:39-05:00,2026-09-26T19:27:39+00:00,Puente HTTP/REST (sensor de campo -> Central),DC-ACCESO-10,False,23,23.97,2026-09-26T19:27:39+00:00
2026-09-26T14:27:40-05:00,2026-09-26T19:27:40+00:00,Puente HTTP/REST (sensor de campo -> Central),DC-ACCESO-10,False,21,24.01,2026-09-26T19:27:40+00:00
2026-09-26T14:29:39-05:00,2026-09-26T19:29:39+00:00,Puente HTTP/REST (sensor de campo -> Central),DC-ACCESO-10,False,23,23.61,2026-09-26T19:29:39+00:00
2026-09-26T14:29:40-05:00,2026-09-26T19:29:40+00:00,Puente HTTP/REST (sensor de campo -> Central),DC-ACCESO-10,False,21,24.11,2026-09-26T19:29:40+00:00
2026-09-26T14:31:39-05:00,2026-09-26T19:31:39+00:00,Puente HTTP/REST (sensor de campo -> Central),DC-ACCESO-10,False,23,23.72,2026-09-26T19:31:39+00:00
2026-09-26T14:31:40-05:00,2026-09-26T19:31:40+00:00,Puente HTTP/REST (sensor de campo -> Central),DC-ACCESO-10,False,21,23.99,2026-09-26T19:31:40+00:00
2026-09-26T14:33:40-05:00,2026-09-26T19:33:40+00:00,Puente HTTP/REST (sensor de campo -> Central),DC-ACCESO-10,False,23,23.92,2026-09-26T19:33:39+00:00
2026-09-26T14:33:41-05:00,2026-09-26T19:33:41+00:00,Puente HTTP/REST (sensor de campo -> Central),DC-ACCESO-10,False,21,23.98,2026-09-26T19:33:40+00:00
2026-09-26T14:35:41-05:00,2026-09-26T19:35:41+00:00,Puente HTTP/REST (sensor de campo -> Central),DC-ACCESO-10,False,21,24.35,2026-09-26T19:35:41+00:00
2026-09-26T14:37:42-05:00,2026-09-26T19:37:42+00:00,Puente HTTP/REST (sensor de campo -> Central),DC-ACCESO-10,False,23,23.74,2026-09-26T19:37:42+00:00
2026-09-26T14:37:42-05:00,2026-09-26T19:37:42+00:00,Puente HTTP/REST (sensor de campo -> Central),DC-ACCESO-10,True,22,24.01,2026-09-26T19:37:42+00:00
2026-09-26T14:39:42-05:00,2026-09-26T19:39:42+00:00,Puente HTTP/REST (sensor de campo -> Central),DC-ACCESO-10,False,23,23.92,2026-09-26T19:39:42+00:00
2026-09-26T14:39:42-05:00,2026-09-26T19:39:42+00:00,Puente HTTP/REST (sensor de campo -> Central),DC-ACCESO-10,False,22,24.12,2026-09-26T19:39:42+00:00
2026-09-26T14:41:42-05:00,2026-09-26T19:41:42+00:00,Puente HTTP/REST (sensor de campo -> Central),DC-ACCESO-10,False,23,23.62,2026-09-26T19:41:42+00:00
2026-09-26T14:41:42-05:00,2026-09-26T19:41:42+00:00,Puente HTTP/REST (sensor de campo -> Central),DC-ACCESO-10,False,22,23.8,2026-09-26T19:41:42+00:00
2026-09-26T14:43:42-05:00,2026-09-26T19:43:42+00:00,Puente HTTP/REST (sensor de campo -> Central),DC-ACCESO-10,False,23,24.01,2026-09-26T19:43:42+00:00
2026-09-26T14:43:43-05:00,2026-09-26T19:43:43+00:00,Puente HTTP/REST (sensor de campo -> Central),DC-ACCESO-10,False,22,23.97,2026-09-26T19:43:42+00:00
2026-09-26T14:45:43-05:00,2026-09-26T19:45:43+00:00,Puente HTTP/REST (sensor de campo -> Central),DC-ACCESO-10,False,23,24.25,2026-09-26T19:45:42+00:00
2026-09-26T14:45:43-05:00,2026-09-26T19:45:43+00:00,Puente HTTP/REST (sensor de campo -> Central),DC-ACCESO-10,False,22,24.24,2026-09-26T19:45:43+00:00
2026-09-26T14:47:43-05:00,2026-09-26T19:47:43+00:00,Puente HTTP/REST (sensor de campo -> Central),DC-ACCESO-10,True,24,23.78,2026-09-26T19:47:43+00:00
2026-09-26T14:47:43-05:00,2026-09-26T19:47:43+00:00,Puente HTTP/REST (sensor de campo -> Central),DC-ACCESO-10,False,22,23.92,2026-09-26T19:47:43+00:00
2026-09-26T14:49:43-05:00,2026-09-26T19:49:43+00:00,Puente HTTP/REST (sensor de campo -> Central),DC-ACCESO-10,True,25,24.32,2026-09-26T19:49:43+00:00
2026-09-26T14:49:43-05:00,2026-09-26T19:49:43+00:00,Puente HTTP/REST (sensor de campo -> Central),DC-ACCESO-10,False,22,23.89,2026-09-26T19:49:43+00:00
2026-09-26T14:51:44-05:00,2026-09-26T19:51:44+00:00,Puente HTTP/REST (sensor de campo -> Central),DC-ACCESO-10,False,25,24.25,2026-09-26T19:51:43+00:00
2026-09-26T14:51:44-05:00,2026-09-26T19:51:44+00:00,Puente HTTP/REST (sensor de campo -> Central),DC-ACCESO-10,False,22,23.93,2026-09-26T19:51:43+00:00
2026-09-26T14:53:44-05:00,2026-09-26T19:53:44+00:00,Puente HTTP/REST (sensor de campo -> Central),DC-ACCESO-10,True,26,24.16,2026-09-26T19:53:44+00:00
2026-09-26T14:53:44-05:00,2026-09-26T19:53:44+00:00,Puente HTTP/REST (sensor de campo -> Central),DC-ACCESO-10,False,22,23.74,2026-09-26T19:53:44+00:00
2026-09-26T14:55:45-05:00,2026-09-26T19:55:45+00:00,Puente HTTP/REST (sensor de campo -> Central),DC-ACCESO-10,False,26,24.13,2026-09-26T19:55:44+00:00
2026-09-26T14:55:45-05:00,2026-09-26T19:55:45+00:00,Puente HTTP/REST (sensor de campo -> Central),DC-ACCESO-10,False,22,23.88,2026-09-26T19:55:44+00:00
2026-09-26T14:57:45-05:00,2026-09-26T19:57:45+00:00,Puente HTTP/REST (sensor de campo -> Central),DC-ACCESO-10,False,26,23.98,2026-09-26T19:57:45+00:00
2026-09-26T14:57:45-05:00,2026-09-26T19:57:45+00:00,Puente HTTP/REST (sensor de campo -> Central),DC-ACCESO-10,False,22,24.25,2026-09-26T19:57:45+00:00
2026-09-26T14:59:45-05:00,2026-09-26T19:59:45+00:00,Puente HTTP/REST (sensor de campo -> Central),DC-ACCESO-10,False,26,23.62,2026-09-26T19:59:45+00:00
2026-09-26T14:59:45-05:00,2026-09-26T19:59:45+00:00,Puente HTTP/REST (sensor de campo -> Central),DC-ACCESO-10,False,22,24.2,2026-09-26T19:59:45+00:00
2026-09-26T15:01:45-05:00,2026-09-26T20:01:45+00:00,Puente HTTP/REST (sensor de campo -> Central),DC-ACCESO-10,False,26,24.26,2026-09-26T20:01:45+00:00
2026-09-26T15:01:45-05:00,2026-09-26T20:01:45+00:00,Puente HTTP/REST (sensor de campo -> Central),DC-ACCESO-10,False,22,23.78,2026-09-26T20:01:45+00:00
2026-09-26T15:03:45-05:00,2026-09-26T20:03:45+00:00,Puente HTTP/REST (sensor de campo -> Central),DC-ACCESO-10,False,26,23.89,2026-09-26T20:03:45+00:00
2026-09-26T15:03:45-05:00,2026-09-26T20:03:45+00:00,Puente HTTP/REST (sensor de campo -> Central),DC-ACCESO-10,False,22,23.65,2026-09-26T20:03:45+00:00
2026-09-26T15:05:46-05:00,2026-09-26T20:05:46+00:00,Puente HTTP/REST (sensor de campo -> Central),DC-ACCESO-10,False,26,23.91,2026-09-26T20:05:45+00:00
2026-09-26T15:05:46-05:00,2026-09-26T20:05:46+00:00,Puente HTTP/REST (sensor de campo -> Central),DC-ACCESO-10,False,22,24.17,2026-09-26T20:05:45+00:00
2026-09-26T15:07:46-05:00,2026-09-26T20:07:46+00:00,Puente HTTP/REST (sensor de campo -> Central),DC-ACCESO-10,False,26,24.15,2026-09-26T20:07:46+00:00
2026-09-26T15:07:46-05:00,2026-09-26T20:07:46+00:00,Puente HTTP/REST (sensor de campo -> Central),DC-ACCESO-10,True,23,23.81,2026-09-26T20:07:46+00:00
2026-09-26T15:09:46-05:00,2026-09-26T20:09:46+00:00,Puente HTTP/REST (sensor de campo -> Central),DC-ACCESO-10,False,26,24.32,2026-09-26T20:09:46+00:00
2026-09-26T15:09:46-05:00,2026-09-26T20:09:46+00:00,Puente HTTP/REST (sensor de campo -> Central),DC-ACCESO-10,False,23,23.78,2026-09-26T20:09:46+00:00
2026-09-26T15:11:46-05:00,2026-09-26T20:11:46+00:00,Puente HTTP/REST (sensor de campo -> Central),DC-ACCESO-10,False,26,24.2,2026-09-26T20:11:46+00:00
2026-09-26T15:11:46-05:00,2026-09-26T20:11:46+00:00,Puente HTTP/REST (sensor de campo -> Central),DC-ACCESO-10,False,23,23.95,2026-09-26T20:11:46+00:00
2026-09-26T15:13:46-05:00,2026-09-26T20:13:46+00:00,Puente HTTP/REST (sensor de campo -> Central),DC-ACCESO-10,False,26,24.22,2026-09-26T20:13:46+00:00
2026-09-26T15:13:47-05:00,2026-09-26T20:13:47+00:00,Puente HTTP/REST (sensor de campo -> Central),DC-ACCESO-10,False,23,24.06,2026-09-26T20:13:46+00:00
2026-09-26T15:15:47-05:00,2026-09-26T20:15:47+00:00,Puente HTTP/REST (sensor de campo -> Central),DC-ACCESO-10,False,26,23.79,2026-09-26T20:15:46+00:00
2026-09-26T15:15:47-05:00,2026-09-26T20:15:47+00:00,Puente HTTP/REST (sensor de campo -> Central),DC-ACCESO-10,False,23,23.95,2026-09-26T20:15:47+00:00
2026-09-26T15:17:47-05:00,2026-09-26T20:17:47+00:00,Puente HTTP/REST (sensor de campo -> Central),DC-ACCESO-10,False,26,24.07,2026-09-26T20:17:47+00:00
2026-09-26T15:17:47-05:00,2026-09-26T20:17:47+00:00,Puente HTTP/REST (sensor de campo -> Central),DC-ACCESO-10,False,23,24.34,2026-09-26T20:17:47+00:00
2026-09-26T15:19:47-05:00,2026-09-26T20:19:47+00:00,Puente HTTP/REST (sensor de campo -> Central),DC-ACCESO-10,False,26,24.24,2026-09-26T20:19:47+00:00
2026-09-26T15:19:47-05:00,2026-09-26T20:19:47+00:00,Puente HTTP/REST (sensor de campo -> Central),DC-ACCESO-10,False,23,23.64,2026-09-26T20:19:47+00:00
2026-09-26T15:21:47-05:00,2026-09-26T20:21:47+00:00,Puente HTTP/REST (sensor de campo -> Central),DC-ACCESO-10,True,27,24.14,2026-09-26T20:21:47+00:00
2026-09-26T15:21:47-05:00,2026-09-26T20:21:47+00:00,Puente HTTP/REST (sensor de campo -> Central),DC-ACCESO-10,False,23,24.2,2026-09-26T20:21:47+00:00
