ts_local,ts_utc,origen,device_id,humo,tempTecho,tsDispositivo
2026-09-24T14:15:31-05:00,2026-09-24T19:15:31+00:00,"Cliente MQTT explicito (paho, SAS manual)",DC-HUMO-08,0.019,27.23,2026-09-24T19:15:31+00:00
2026-09-24T14:16:16-05:00,2026-09-24T19:16:16+00:00,"Cliente MQTT explicito (paho, SAS manual)",DC-HUMO-08,0.021,26.71,2026-09-24T19:16:16+00:00
2026-09-24T14:17:01-05:00,2026-09-24T19:17:01+00:00,"Cliente MQTT explicito (paho, SAS manual)",DC-HUMO-08,0.02,27.12,2026-09-24T19:17:01+00:00
2026-09-24T14:27:25-05:00,2026-09-24T19:27:25+00:00,"Cliente MQTT explicito (paho, SAS manual)",DC-HUMO-08,0.02,26.62,2026-09-24T19:27:25+00:00
2026-09-24T14:28:10-05:00,2026-09-24T19:28:10+00:00,"Cliente MQTT explicito (paho, SAS manual)",DC-HUMO-08,0.021,27.13,2026-09-24T19:28:10+00:00
2026-09-24T14:28:56-05:00,2026-09-24T19:28:56+00:00,"Cliente MQTT explicito (paho, SAS manual)",DC-HUMO-08,0.019,27.05,2026-09-24T19:28:56+00:00
2026-09-24T14:29:41-05:00,2026-09-24T19:29:41+00:00,"Cliente MQTT explicito (paho, SAS manual)",DC-HUMO-08,0.021,26.78,2026-09-24T19:29:41+00:00
2026-09-24T14:30:31-05:00,2026-09-24T19:30:31+00:00,"Cliente MQTT explicito (paho, SAS manual)",DC-HUMO-08,0.019,26.73,2026-09-24T19:30:31+00:00
2026-09-24T14:31:23-05:00,2026-09-24T19:31:23+00:00,"Cliente MQTT explicito (paho, SAS manual)",DC-HUMO-08,0.02,27.04,2026-09-24T19:31:23+00:00
2026-09-24T14:32:16-05:00,2026-09-24T19:32:16+00:00,"Cliente MQTT explicito (paho, SAS manual)",DC-HUMO-08,0.021,27.02,2026-09-24T19:32:16+00:00
2026-09-24T14:33:07-05:00,2026-09-24T19:33:07+00:00,"Cliente MQTT explicito (paho, SAS manual)",DC-HUMO-08,0.021,26.64,2026-09-24T19:33:07+00:00
2026-09-24T14:33:52-05:00,2026-09-24T19:33:52+00:00,"Cliente MQTT explicito (paho, SAS manual)",DC-HUMO-08,0.021,27.01,2026-09-24T19:33:52+00:00
2026-09-24T14:34:37-05:00,2026-09-24T19:34:37+00:00,"Cliente MQTT explicito (paho, SAS manual)",DC-HUMO-08,0.02,26.62,2026-09-24T19:34:37+00:00
2026-09-24T14:35:32-05:00,2026-09-24T19:35:32+00:00,"Cliente MQTT explicito (paho, SAS manual)",DC-HUMO-08,0.022,26.71,2026-09-24T19:35:32+00:00
2026-09-24T14:36:20-05:00,2026-09-24T19:36:20+00:00,"Cliente MQTT explicito (paho, SAS manual)",DC-HUMO-08,0.019,27.15,2026-09-24T19:36:20+00:00
2026-09-24T14:37:05-05:00,2026-09-24T19:37:05+00:00,"Cliente MQTT explicito (paho, SAS manual)",DC-HUMO-08,0.019,26.91,2026-09-24T19:37:05+00:00
2026-09-24T14:37:50-05:00,2026-09-24T19:37:50+00:00,"Cliente MQTT explicito (paho, SAS manual)",DC-HUMO-08,0.019,27.29,2026-09-24T19:37:50+00:00
2026-09-24T14:38:42-05:00,2026-09-24T19:38:42+00:00,"Cliente MQTT explicito (paho, SAS manual)",DC-HUMO-08,0.022,26.7,2026-09-24T19:38:42+00:00
2026-09-24T14:39:27-05:00,2026-09-24T19:39:27+00:00,"Cliente MQTT explicito (paho, SAS manual)",DC-HUMO-08,0.022,27.2,2026-09-24T19:39:27+00:00
2026-09-24T14:40:20-05:00,2026-09-24T19:40:20+00:00,"Cliente MQTT explicito (paho, SAS manual)",DC-HUMO-08,0.018,26.93,2026-09-24T19:40:20+00:00
2026-09-24T14:41:10-05:00,2026-09-24T19:41:10+00:00,"Cliente MQTT explicito (paho, SAS manual)",DC-HUMO-08,0.019,27.3,2026-09-24T19:41:10+00:00
2026-09-24T14:41:55-05:00,2026-09-24T19:41:55+00:00,"Cliente MQTT explicito (paho, SAS manual)",DC-HUMO-08,0.019,26.87,2026-09-24T19:41:55+00:00
2026-09-24T14:42:40-05:00,2026-09-24T19:42:40+00:00,"Cliente MQTT explicito (paho, SAS manual)",DC-HUMO-08,0.022,26.95,2026-09-24T19:42:40+00:00
2026-09-24T14:43:26-05:00,2026-09-24T19:43:26+00:00,"Cliente MQTT explicito (paho, SAS manual)",DC-HUMO-08,0.019,26.68,2026-09-24T19:43:26+00:00
2026-09-24T14:44:11-05:00,2026-09-24T19:44:11+00:00,"Cliente MQTT explicito (paho, SAS manual)",DC-HUMO-08,0.02,26.71,2026-09-24T19:44:11+00:00
2026-09-24T14:44:56-05:00,2026-09-24T19:44:56+00:00,"Cliente MQTT explicito (paho, SAS manual)",DC-HUMO-08,0.02,27.15,2026-09-24T19:44:56+00:00
2026-09-24T14:45:41-05:00,2026-09-24T19:45:41+00:00,"Cliente MQTT explicito (paho, SAS manual)",DC-HUMO-08,0.02,27.04,2026-09-24T19:45:41+00:00
2026-09-24T14:46:26-05:00,2026-09-24T19:46:26+00:00,"Cliente MQTT explicito (paho, SAS manual)",DC-HUMO-08,0.021,27.24,2026-09-24T19:46:26+00:00
2026-09-24T14:47:19-05:00,2026-09-24T19:47:19+00:00,"Cliente MQTT explicito (paho, SAS manual)",DC-HUMO-08,0.019,26.93,2026-09-24T19:47:19+00:00
2026-09-24T14:48:04-05:00,2026-09-24T19:48:04+00:00,"Cliente MQTT explicito (paho, SAS manual)",DC-HUMO-08,0.022,27.18,2026-09-24T19:48:04+00:00
2026-09-24T14:48:49-05:00,2026-09-24T19:48:49+00:00,"Cliente MQTT explicito (paho, SAS manual)",DC-HUMO-08,0.02,26.92,2026-09-24T19:48:49+00:00
2026-09-24T14:49:40-05:00,2026-09-24T19:49:40+00:00,"Cliente MQTT explicito (paho, SAS manual)",DC-HUMO-08,0.022,26.8,2026-09-24T19:49:40+00:00
2026-09-24T14:50:43-05:00,2026-09-24T19:50:43+00:00,"Cliente MQTT explicito (paho, SAS manual)",DC-HUMO-08,0.022,27.34,2026-09-24T19:50:43+00:00
2026-09-24T14:51:29-05:00,2026-09-24T19:51:29+00:00,"Cliente MQTT explicito (paho, SAS manual)",DC-HUMO-08,0.021,26.93,2026-09-24T19:51:29+00:00
2026-09-24T14:52:15-05:00,2026-09-24T19:52:15+00:00,"Cliente MQTT explicito (paho, SAS manual)",DC-HUMO-08,0.019,26.8,2026-09-24T19:52:15+00:00
2026-09-24T14:53:23-05:00,2026-09-24T19:53:23+00:00,"Cliente MQTT explicito (paho, SAS manual)",DC-HUMO-08,0.02,26.96,2026-09-24T19:53:23+00:00
2026-09-24T14:54:24-05:00,2026-09-24T19:54:24+00:00,"Cliente MQTT explicito (paho, SAS manual)",DC-HUMO-08,0.022,26.69,2026-09-24T19:54:24+00:00
2026-09-24T14:55:09-05:00,2026-09-24T19:55:09+00:00,"Cliente MQTT explicito (paho, SAS manual)",DC-HUMO-08,0.019,27.14,2026-09-24T19:55:09+00:00
2026-09-24T14:55:54-05:00,2026-09-24T19:55:54+00:00,"Cliente MQTT explicito (paho, SAS manual)",DC-HUMO-08,0.02,26.99,2026-09-24T19:55:54+00:00
2026-09-24T14:56:56-05:00,2026-09-24T19:56:56+00:00,"Cliente MQTT explicito (paho, SAS manual)",DC-HUMO-08,0.019,26.71,2026-09-24T19:56:56+00:00
2026-09-24T14:57:50-05:00,2026-09-24T19:57:50+00:00,"Cliente MQTT explicito (paho, SAS manual)",DC-HUMO-08,0.021,27.11,2026-09-24T19:57:50+00:00
2026-09-24T14:58:38-05:00,2026-09-24T19:58:38+00:00,"Cliente MQTT explicito (paho, SAS manual)",DC-HUMO-08,0.019,26.98,2026-09-24T19:58:38+00:00
2026-09-24T14:59:32-05:00,2026-09-24T19:59:32+00:00,"Cliente MQTT explicito (paho, SAS manual)",DC-HUMO-08,0.022,26.81,2026-09-24T19:59:32+00:00
2026-09-24T15:00:17-05:00,2026-09-24T20:00:17+00:00,"Cliente MQTT explicito (paho, SAS manual)",DC-HUMO-08,0.02,26.76,2026-09-24T20:00:17+00:00
2026-09-24T15:01:02-05:00,2026-09-24T20:01:02+00:00,"Cliente MQTT explicito (paho, SAS manual)",DC-HUMO-08,0.02,26.78,2026-09-24T20:01:02+00:00
2026-09-24T15:01:47-05:00,2026-09-24T20:01:47+00:00,"Cliente MQTT explicito (paho, SAS manual)",DC-HUMO-08,0.021,27.25,2026-09-24T20:01:47+00:00
2026-09-24T15:02:32-05:00,2026-09-24T20:02:32+00:00,"Cliente MQTT explicito (paho, SAS manual)",DC-HUMO-08,0.022,27.01,2026-09-24T20:02:32+00:00
2026-09-24T15:03:17-05:00,2026-09-24T20:03:17+00:00,"Cliente MQTT explicito (paho, SAS manual)",DC-HUMO-08,0.021,26.99,2026-09-24T20:03:17+00:00
2026-09-24T15:04:02-05:00,2026-09-24T20:04:02+00:00,"Cliente MQTT explicito (paho, SAS manual)",DC-HUMO-08,0.02,26.73,2026-09-24T20:04:02+00:00
2026-09-24T15:04:47-05:00,2026-09-24T20:04:47+00:00,"Cliente MQTT explicito (paho, SAS manual)",DC-HUMO-08,0.019,26.99,2026-09-24T20:04:47+00:00
2026-09-24T15:05:32-05:00,2026-09-24T20:05:32+00:00,"Cliente MQTT explicito (paho, SAS manual)",DC-HUMO-08,0.019,26.74,2026-09-24T20:05:32+00:00
2026-09-24T15:06:17-05:00,2026-09-24T20:06:17+00:00,"Cliente MQTT explicito (paho, SAS manual)",DC-HUMO-08,0.022,27.06,2026-09-24T20:06:17+00:00
2026-09-24T15:07:02-05:00,2026-09-24T20:07:02+00:00,"Cliente MQTT explicito (paho, SAS manual)",DC-HUMO-08,0.021,26.75,2026-09-24T20:07:02+00:00
2026-09-24T15:07:47-05:00,2026-09-24T20:07:47+00:00,"Cliente MQTT explicito (paho, SAS manual)",DC-HUMO-08,0.02,26.73,2026-09-24T20:07:47+00:00
2026-09-24T15:08:32-05:00,2026-09-24T20:08:32+00:00,"Cliente MQTT explicito (paho, SAS manual)",DC-HUMO-08,0.018,26.97,2026-09-24T20:08:32+00:00
2026-09-24T15:09:17-05:00,2026-09-24T20:09:17+00:00,"Cliente MQTT explicito (paho, SAS manual)",DC-HUMO-08,0.022,26.6,2026-09-24T20:09:17+00:00
2026-09-24T15:10:02-05:00,2026-09-24T20:10:02+00:00,"Cliente MQTT explicito (paho, SAS manual)",DC-HUMO-08,0.022,27.35,2026-09-24T20:10:02+00:00
2026-09-24T15:10:47-05:00,2026-09-24T20:10:47+00:00,"Cliente MQTT explicito (paho, SAS manual)",DC-HUMO-08,0.019,26.62,2026-09-24T20:10:47+00:00
2026-09-24T15:11:32-05:00,2026-09-24T20:11:32+00:00,"Cliente MQTT explicito (paho, SAS manual)",DC-HUMO-08,0.018,26.91,2026-09-24T20:11:32+00:00
2026-09-24T15:12:17-05:00,2026-09-24T20:12:17+00:00,"Cliente MQTT explicito (paho, SAS manual)",DC-HUMO-08,0.02,27.36,2026-09-24T20:12:17+00:00
2026-09-24T15:13:02-05:00,2026-09-24T20:13:02+00:00,"Cliente MQTT explicito (paho, SAS manual)",DC-HUMO-08,0.02,27.06,2026-09-24T20:13:02+00:00
2026-09-24T15:13:47-05:00,2026-09-24T20:13:47+00:00,"Cliente MQTT explicito (paho, SAS manual)",DC-HUMO-08,0.02,26.72,2026-09-24T20:13:47+00:00
2026-09-24T15:14:32-05:00,2026-09-24T20:14:32+00:00,"Cliente MQTT explicito (paho, SAS manual)",DC-HUMO-08,0.021,27.3,2026-09-24T20:14:32+00:00
2026-09-24T15:15:17-05:00,2026-09-24T20:15:17+00:00,"Cliente MQTT explicito (paho, SAS manual)",DC-HUMO-08,0.022,26.97,2026-09-24T20:15:17+00:00
2026-09-24T15:16:02-05:00,2026-09-24T20:16:02+00:00,"Cliente MQTT explicito (paho, SAS manual)",DC-HUMO-08,0.02,26.63,2026-09-24T20:16:02+00:00
2026-09-24T15:16:47-05:00,2026-09-24T20:16:47+00:00,"Cliente MQTT explicito (paho, SAS manual)",DC-HUMO-08,0.02,26.72,2026-09-24T20:16:47+00:00
2026-09-24T15:17:32-05:00,2026-09-24T20:17:32+00:00,"Cliente MQTT explicito (paho, SAS manual)",DC-HUMO-08,0.019,27.36,2026-09-24T20:17:32+00:00
2026-09-24T15:18:17-05:00,2026-09-24T20:18:17+00:00,"Cliente MQTT explicito (paho, SAS manual)",DC-HUMO-08,0.018,27.18,2026-09-24T20:18:17+00:00
2026-09-24T15:19:02-05:00,2026-09-24T20:19:02+00:00,"Cliente MQTT explicito (paho, SAS manual)",DC-HUMO-08,0.019,27.14,2026-09-24T20:19:02+00:00
2026-09-24T15:19:47-05:00,2026-09-24T20:19:47+00:00,"Cliente MQTT explicito (paho, SAS manual)",DC-HUMO-08,0.018,27.3,2026-09-24T20:19:47+00:00
2026-09-24T15:20:32-05:00,2026-09-24T20:20:32+00:00,"Cliente MQTT explicito (paho, SAS manual)",DC-HUMO-08,0.019,26.89,2026-09-24T20:20:32+00:00
2026-09-24T15:21:17-05:00,2026-09-24T20:21:17+00:00,"Cliente MQTT explicito (paho, SAS manual)",DC-HUMO-08,0.021,27.22,2026-09-24T20:21:17+00:00
2026-09-24T15:22:02-05:00,2026-09-24T20:22:02+00:00,"Cliente MQTT explicito (paho, SAS manual)",DC-HUMO-08,0.019,27.32,2026-09-24T20:22:02+00:00
2026-09-24T15:22:47-05:00,2026-09-24T20:22:47+00:00,"Cliente MQTT explicito (paho, SAS manual)",DC-HUMO-08,0.019,26.79,2026-09-24T20:22:47+00:00
2026-09-24T15:23:32-05:00,2026-09-24T20:23:32+00:00,"Cliente MQTT explicito (paho, SAS manual)",DC-HUMO-08,0.022,26.96,2026-09-24T20:23:32+00:00
2026-09-24T15:24:17-05:00,2026-09-24T20:24:17+00:00,"Cliente MQTT explicito (paho, SAS manual)",DC-HUMO-08,0.02,26.74,2026-09-24T20:24:17+00:00
2026-09-24T15:25:02-05:00,2026-09-24T20:25:02+00:00,"Cliente MQTT explicito (paho, SAS manual)",DC-HUMO-08,0.02,26.99,2026-09-24T20:25:02+00:00
2026-09-24T15:25:47-05:00,2026-09-24T20:25:47+00:00,"Cliente MQTT explicito (paho, SAS manual)",DC-HUMO-08,0.018,26.92,2026-09-24T20:25:47+00:00
2026-09-24T15:26:32-05:00,2026-09-24T20:26:32+00:00,"Cliente MQTT explicito (paho, SAS manual)",DC-HUMO-08,0.021,27.02,2026-09-24T20:26:32+00:00
2026-09-24T15:27:17-05:00,2026-09-24T20:27:17+00:00,"Cliente MQTT explicito (paho, SAS manual)",DC-HUMO-08,0.021,27.03,2026-09-24T20:27:17+00:00
2026-09-24T15:28:02-05:00,2026-09-24T20:28:02+00:00,"Cliente MQTT explicito (paho, SAS manual)",DC-HUMO-08,0.021,26.67,2026-09-24T20:28:02+00:00
2026-09-24T15:28:47-05:00,2026-09-24T20:28:47+00:00,"Cliente MQTT explicito (paho, SAS manual)",DC-HUMO-08,0.019,27.27,2026-09-24T20:28:47+00:00
2026-09-24T15:29:32-05:00,2026-09-24T20:29:32+00:00,"Cliente MQTT explicito (paho, SAS manual)",DC-HUMO-08,0.019,27.25,2026-09-24T20:29:32+00:00
2026-09-24T15:30:17-05:00,2026-09-24T20:30:17+00:00,"Cliente MQTT explicito (paho, SAS manual)",DC-HUMO-08,0.018,26.62,2026-09-24T20:30:17+00:00
2026-09-24T15:31:02-05:00,2026-09-24T20:31:02+00:00,"Cliente MQTT explicito (paho, SAS manual)",DC-HUMO-08,0.02,27.36,2026-09-24T20:31:02+00:00
2026-09-24T15:31:47-05:00,2026-09-24T20:31:47+00:00,"Cliente MQTT explicito (paho, SAS manual)",DC-HUMO-08,0.019,26.99,2026-09-24T20:31:47+00:00
2026-09-24T15:32:32-05:00,2026-09-24T20:32:32+00:00,"Cliente MQTT explicito (paho, SAS manual)",DC-HUMO-08,0.018,27.34,2026-09-24T20:32:32+00:00
2026-09-24T15:33:17-05:00,2026-09-24T20:33:17+00:00,"Cliente MQTT explicito (paho, SAS manual)",DC-HUMO-08,0.019,27.0,2026-09-24T20:33:17+00:00
2026-09-24T15:34:02-05:00,2026-09-24T20:34:02+00:00,"Cliente MQTT explicito (paho, SAS manual)",DC-HUMO-08,0.02,27.27,2026-09-24T20:34:02+00:00
2026-09-24T15:34:47-05:00,2026-09-24T20:34:47+00:00,"Cliente MQTT explicito (paho, SAS manual)",DC-HUMO-08,0.019,27.02,2026-09-24T20:34:47+00:00
2026-09-24T15:35:32-05:00,2026-09-24T20:35:32+00:00,"Cliente MQTT explicito (paho, SAS manual)",DC-HUMO-08,0.018,27.35,2026-09-24T20:35:32+00:00
2026-09-24T15:36:17-05:00,2026-09-24T20:36:17+00:00,"Cliente MQTT explicito (paho, SAS manual)",DC-HUMO-08,0.018,26.58,2026-09-24T20:36:17+00:00
2026-09-24T15:37:02-05:00,2026-09-24T20:37:02+00:00,"Cliente MQTT explicito (paho, SAS manual)",DC-HUMO-08,0.019,27.01,2026-09-24T20:37:02+00:00
2026-09-24T15:37:47-05:00,2026-09-24T20:37:47+00:00,"Cliente MQTT explicito (paho, SAS manual)",DC-HUMO-08,0.02,27.07,2026-09-24T20:37:47+00:00
2026-09-24T15:38:32-05:00,2026-09-24T20:38:32+00:00,"Cliente MQTT explicito (paho, SAS manual)",DC-HUMO-08,0.018,27.1,2026-09-24T20:38:32+00:00
2026-09-24T15:39:17-05:00,2026-09-24T20:39:17+00:00,"Cliente MQTT explicito (paho, SAS manual)",DC-HUMO-08,0.021,26.91,2026-09-24T20:39:17+00:00
2026-09-24T15:40:02-05:00,2026-09-24T20:40:02+00:00,"Cliente MQTT explicito (paho, SAS manual)",DC-HUMO-08,0.021,27.15,2026-09-24T20:40:02+00:00
2026-09-24T15:40:47-05:00,2026-09-24T20:40:47+00:00,"Cliente MQTT explicito (paho, SAS manual)",DC-HUMO-08,0.021,26.77,2026-09-24T20:40:47+00:00
2026-09-24T15:41:32-05:00,2026-09-24T20:41:32+00:00,"Cliente MQTT explicito (paho, SAS manual)",DC-HUMO-08,0.022,27.2,2026-09-24T20:41:32+00:00
2026-09-24T15:42:17-05:00,2026-09-24T20:42:17+00:00,"Cliente MQTT explicito (paho, SAS manual)",DC-HUMO-08,0.018,27.04,2026-09-24T20:42:17+00:00
2026-09-24T15:43:02-05:00,2026-09-24T20:43:02+00:00,"Cliente MQTT explicito (paho, SAS manual)",DC-HUMO-08,0.019,27.15,2026-09-24T20:43:02+00:00
2026-09-24T15:43:47-05:00,2026-09-24T20:43:47+00:00,"Cliente MQTT explicito (paho, SAS manual)",DC-HUMO-08,0.02,27.17,2026-09-24T20:43:47+00:00
2026-09-24T15:44:32-05:00,2026-09-24T20:44:32+00:00,"Cliente MQTT explicito (paho, SAS manual)",DC-HUMO-08,0.021,27.01,2026-09-24T20:44:32+00:00
2026-09-24T15:45:17-05:00,2026-09-24T20:45:17+00:00,"Cliente MQTT explicito (paho, SAS manual)",DC-HUMO-08,0.019,26.97,2026-09-24T20:45:17+00:00
2026-09-24T15:46:02-05:00,2026-09-24T20:46:02+00:00,"Cliente MQTT explicito (paho, SAS manual)",DC-HUMO-08,0.018,27.14,2026-09-24T20:46:02+00:00
2026-09-24T15:46:40-05:00,2026-09-24T20:46:40+00:00,"Cliente MQTT explicito (paho, SAS manual)",DC-HUMO-08,0.021,26.72,2026-09-24T20:46:40+00:00
2026-09-24T15:47:25-05:00,2026-09-24T20:47:25+00:00,"Cliente MQTT explicito (paho, SAS manual)",DC-HUMO-08,0.02,26.68,2026-09-24T20:47:25+00:00
2026-09-24T15:48:10-05:00,2026-09-24T20:48:10+00:00,"Cliente MQTT explicito (paho, SAS manual)",DC-HUMO-08,0.021,26.95,2026-09-24T20:48:10+00:00
2026-09-24T15:48:55-05:00,2026-09-24T20:48:55+00:00,"Cliente MQTT explicito (paho, SAS manual)",DC-HUMO-08,0.018,27.31,2026-09-24T20:48:55+00:00
2026-09-24T15:49:40-05:00,2026-09-24T20:49:40+00:00,"Cliente MQTT explicito (paho, SAS manual)",DC-HUMO-08,0.019,26.9,2026-09-24T20:49:40+00:00
2026-09-24T15:50:25-05:00,2026-09-24T20:50:25+00:00,"Cliente MQTT explicito (paho, SAS manual)",DC-HUMO-08,0.019,27.31,2026-09-24T20:50:25+00:00
2026-09-24T15:51:10-05:00,2026-09-24T20:51:10+00:00,"Cliente MQTT explicito (paho, SAS manual)",DC-HUMO-08,0.021,27.2,2026-09-24T20:51:10+00:00
2026-09-24T15:51:55-05:00,2026-09-24T20:51:55+00:00,"Cliente MQTT explicito (paho, SAS manual)",DC-HUMO-08,0.02,26.72,2026-09-24T20:51:55+00:00
2026-09-24T15:52:40-05:00,2026-09-24T20:52:40+00:00,"Cliente MQTT explicito (paho, SAS manual)",DC-HUMO-08,0.021,27.3,2026-09-24T20:52:40+00:00
2026-09-24T15:53:25-05:00,2026-09-24T20:53:25+00:00,"Cliente MQTT explicito (paho, SAS manual)",DC-HUMO-08,0.021,27.24,2026-09-24T20:53:25+00:00
2026-09-24T15:54:10-05:00,2026-09-24T20:54:10+00:00,"Cliente MQTT explicito (paho, SAS manual)",DC-HUMO-08,0.019,26.97,2026-09-24T20:54:10+00:00
2026-09-24T15:54:55-05:00,2026-09-24T20:54:55+00:00,"Cliente MQTT explicito (paho, SAS manual)",DC-HUMO-08,0.021,27.02,2026-09-24T20:54:55+00:00
2026-09-24T15:55:40-05:00,2026-09-24T20:55:40+00:00,"Cliente MQTT explicito (paho, SAS manual)",DC-HUMO-08,0.019,27.01,2026-09-24T20:55:40+00:00
2026-09-24T15:56:25-05:00,2026-09-24T20:56:25+00:00,"Cliente MQTT explicito (paho, SAS manual)",DC-HUMO-08,0.02,26.75,2026-09-24T20:56:25+00:00
2026-09-24T15:57:10-05:00,2026-09-24T20:57:10+00:00,"Cliente MQTT explicito (paho, SAS manual)",DC-HUMO-08,0.019,26.74,2026-09-24T20:57:10+00:00
2026-09-24T15:57:55-05:00,2026-09-24T20:57:55+00:00,"Cliente MQTT explicito (paho, SAS manual)",DC-HUMO-08,0.018,26.8,2026-09-24T20:57:55+00:00
2026-09-24T15:58:40-05:00,2026-09-24T20:58:40+00:00,"Cliente MQTT explicito (paho, SAS manual)",DC-HUMO-08,0.018,26.7,2026-09-24T20:58:40+00:00
2026-09-24T15:59:25-05:00,2026-09-24T20:59:25+00:00,"Cliente MQTT explicito (paho, SAS manual)",DC-HUMO-08,0.018,26.99,2026-09-24T20:59:25+00:00
2026-09-24T16:00:10-05:00,2026-09-24T21:00:10+00:00,"Cliente MQTT explicito (paho, SAS manual)",DC-HUMO-08,0.02,26.74,2026-09-24T21:00:10+00:00
2026-09-24T16:00:55-05:00,2026-09-24T21:00:55+00:00,"Cliente MQTT explicito (paho, SAS manual)",DC-HUMO-08,0.018,26.73,2026-09-24T21:00:55+00:00
2026-09-24T16:01:40-05:00,2026-09-24T21:01:40+00:00,"Cliente MQTT explicito (paho, SAS manual)",DC-HUMO-08,0.018,27.06,2026-09-24T21:01:40+00:00
2026-09-24T16:02:25-05:00,2026-09-24T21:02:25+00:00,"Cliente MQTT explicito (paho, SAS manual)",DC-HUMO-08,0.02,26.64,2026-09-24T21:02:25+00:00
2026-09-24T16:03:10-05:00,2026-09-24T21:03:10+00:00,"Cliente MQTT explicito (paho, SAS manual)",DC-HUMO-08,0.019,27.22,2026-09-24T21:03:10+00:00
2026-09-24T16:03:55-05:00,2026-09-24T21:03:55+00:00,"Cliente MQTT explicito (paho, SAS manual)",DC-HUMO-08,0.021,27.25,2026-09-24T21:03:55+00:00
2026-09-24T16:04:40-05:00,2026-09-24T21:04:40+00:00,"Cliente MQTT explicito (paho, SAS manual)",DC-HUMO-08,0.019,26.66,2026-09-24T21:04:40+00:00
2026-09-24T16:05:25-05:00,2026-09-24T21:05:25+00:00,"Cliente MQTT explicito (paho, SAS manual)",DC-HUMO-08,0.021,26.62,2026-09-24T21:05:25+00:00
2026-09-24T16:06:10-05:00,2026-09-24T21:06:10+00:00,"Cliente MQTT explicito (paho, SAS manual)",DC-HUMO-08,0.018,26.53,2026-09-24T21:06:10+00:00
2026-09-24T16:06:55-05:00,2026-09-24T21:06:55+00:00,"Cliente MQTT explicito (paho, SAS manual)",DC-HUMO-08,0.019,27.28,2026-09-24T21:06:55+00:00
2026-09-24T16:07:40-05:00,2026-09-24T21:07:40+00:00,"Cliente MQTT explicito (paho, SAS manual)",DC-HUMO-08,0.017,27.15,2026-09-24T21:07:40+00:00
2026-09-24T16:08:25-05:00,2026-09-24T21:08:25+00:00,"Cliente MQTT explicito (paho, SAS manual)",DC-HUMO-08,0.019,26.7,2026-09-24T21:08:25+00:00
2026-09-24T16:09:10-05:00,2026-09-24T21:09:10+00:00,"Cliente MQTT explicito (paho, SAS manual)",DC-HUMO-08,0.02,27.18,2026-09-24T21:09:10+00:00
2026-09-24T16:09:55-05:00,2026-09-24T21:09:55+00:00,"Cliente MQTT explicito (paho, SAS manual)",DC-HUMO-08,0.021,26.53,2026-09-24T21:09:55+00:00
2026-09-24T16:10:40-05:00,2026-09-24T21:10:40+00:00,"Cliente MQTT explicito (paho, SAS manual)",DC-HUMO-08,0.021,26.52,2026-09-24T21:10:40+00:00
2026-09-24T16:11:25-05:00,2026-09-24T21:11:25+00:00,"Cliente MQTT explicito (paho, SAS manual)",DC-HUMO-08,0.019,26.63,2026-09-24T21:11:25+00:00
2026-09-24T16:12:10-05:00,2026-09-24T21:12:10+00:00,"Cliente MQTT explicito (paho, SAS manual)",DC-HUMO-08,0.018,27.1,2026-09-24T21:12:10+00:00
2026-09-24T16:12:55-05:00,2026-09-24T21:12:55+00:00,"Cliente MQTT explicito (paho, SAS manual)",DC-HUMO-08,0.02,27.0,2026-09-24T21:12:55+00:00
2026-09-24T16:13:40-05:00,2026-09-24T21:13:40+00:00,"Cliente MQTT explicito (paho, SAS manual)",DC-HUMO-08,0.02,27.27,2026-09-24T21:13:40+00:00
2026-09-24T16:14:25-05:00,2026-09-24T21:14:25+00:00,"Cliente MQTT explicito (paho, SAS manual)",DC-HUMO-08,0.018,26.97,2026-09-24T21:14:25+00:00
2026-09-24T16:15:10-05:00,2026-09-24T21:15:10+00:00,"Cliente MQTT explicito (paho, SAS manual)",DC-HUMO-08,0.018,26.57,2026-09-24T21:15:10+00:00
2026-09-24T16:15:55-05:00,2026-09-24T21:15:55+00:00,"Cliente MQTT explicito (paho, SAS manual)",DC-HUMO-08,0.019,26.87,2026-09-24T21:15:55+00:00
2026-09-24T16:16:40-05:00,2026-09-24T21:16:40+00:00,"Cliente MQTT explicito (paho, SAS manual)",DC-HUMO-08,0.019,26.66,2026-09-24T21:16:40+00:00
2026-09-24T16:17:25-05:00,2026-09-24T21:17:25+00:00,"Cliente MQTT explicito (paho, SAS manual)",DC-HUMO-08,0.02,26.71,2026-09-24T21:17:25+00:00
2026-09-24T16:18:10-05:00,2026-09-24T21:18:10+00:00,"Cliente MQTT explicito (paho, SAS manual)",DC-HUMO-08,0.02,27.23,2026-09-24T21:18:10+00:00
2026-09-24T16:18:55-05:00,2026-09-24T21:18:55+00:00,"Cliente MQTT explicito (paho, SAS manual)",DC-HUMO-08,0.018,27.24,2026-09-24T21:18:55+00:00
2026-09-24T16:19:40-05:00,2026-09-24T21:19:40+00:00,"Cliente MQTT explicito (paho, SAS manual)",DC-HUMO-08,0.021,26.63,2026-09-24T21:19:40+00:00
2026-09-24T16:20:25-05:00,2026-09-24T21:20:25+00:00,"Cliente MQTT explicito (paho, SAS manual)",DC-HUMO-08,0.019,27.1,2026-09-24T21:20:25+00:00
2026-09-24T16:21:10-05:00,2026-09-24T21:21:10+00:00,"Cliente MQTT explicito (paho, SAS manual)",DC-HUMO-08,0.02,26.79,2026-09-24T21:21:10+00:00
2026-09-24T16:21:55-05:00,2026-09-24T21:21:55+00:00,"Cliente MQTT explicito (paho, SAS manual)",DC-HUMO-08,0.021,26.75,2026-09-24T21:21:55+00:00
2026-09-24T16:22:40-05:00,2026-09-24T21:22:40+00:00,"Cliente MQTT explicito (paho, SAS manual)",DC-HUMO-08,0.018,27.08,2026-09-24T21:22:40+00:00
2026-09-24T16:23:25-05:00,2026-09-24T21:23:25+00:00,"Cliente MQTT explicito (paho, SAS manual)",DC-HUMO-08,0.019,26.73,2026-09-24T21:23:25+00:00
2026-09-24T16:24:10-05:00,2026-09-24T21:24:10+00:00,"Cliente MQTT explicito (paho, SAS manual)",DC-HUMO-08,0.018,27.1,2026-09-24T21:24:10+00:00
2026-09-24T16:24:55-05:00,2026-09-24T21:24:55+00:00,"Cliente MQTT explicito (paho, SAS manual)",DC-HUMO-08,0.021,26.88,2026-09-24T21:24:55+00:00
2026-09-24T16:29:33-05:00,2026-09-24T21:29:33+00:00,"Cliente MQTT explicito (paho, SAS manual)",DC-HUMO-08,0.019,26.44,2026-09-24T21:29:33+00:00
2026-09-24T16:30:18-05:00,2026-09-24T21:30:18+00:00,"Cliente MQTT explicito (paho, SAS manual)",DC-HUMO-08,0.021,26.75,2026-09-24T21:30:18+00:00
2026-09-24T16:31:03-05:00,2026-09-24T21:31:03+00:00,"Cliente MQTT explicito (paho, SAS manual)",DC-HUMO-08,0.018,26.78,2026-09-24T21:31:03+00:00
2026-09-24T16:31:48-05:00,2026-09-24T21:31:48+00:00,"Cliente MQTT explicito (paho, SAS manual)",DC-HUMO-08,0.017,26.87,2026-09-24T21:31:48+00:00
2026-09-24T16:32:33-05:00,2026-09-24T21:32:33+00:00,"Cliente MQTT explicito (paho, SAS manual)",DC-HUMO-08,0.021,26.79,2026-09-24T21:32:33+00:00
2026-09-24T16:33:18-05:00,2026-09-24T21:33:18+00:00,"Cliente MQTT explicito (paho, SAS manual)",DC-HUMO-08,0.018,26.66,2026-09-24T21:33:18+00:00
2026-09-24T16:34:03-05:00,2026-09-24T21:34:03+00:00,"Cliente MQTT explicito (paho, SAS manual)",DC-HUMO-08,0.018,26.91,2026-09-24T21:34:03+00:00
2026-09-24T16:34:48-05:00,2026-09-24T21:34:48+00:00,"Cliente MQTT explicito (paho, SAS manual)",DC-HUMO-08,0.019,26.79,2026-09-24T21:34:48+00:00
2026-09-24T16:35:33-05:00,2026-09-24T21:35:33+00:00,"Cliente MQTT explicito (paho, SAS manual)",DC-HUMO-08,0.019,27.11,2026-09-24T21:35:33+00:00
2026-09-24T16:36:18-05:00,2026-09-24T21:36:18+00:00,"Cliente MQTT explicito (paho, SAS manual)",DC-HUMO-08,0.02,26.9,2026-09-24T21:36:18+00:00
2026-09-24T16:37:03-05:00,2026-09-24T21:37:03+00:00,"Cliente MQTT explicito (paho, SAS manual)",DC-HUMO-08,0.02,26.78,2026-09-24T21:37:03+00:00
2026-09-24T16:37:48-05:00,2026-09-24T21:37:48+00:00,"Cliente MQTT explicito (paho, SAS manual)",DC-HUMO-08,0.019,26.66,2026-09-24T21:37:48+00:00
2026-09-24T16:38:33-05:00,2026-09-24T21:38:33+00:00,"Cliente MQTT explicito (paho, SAS manual)",DC-HUMO-08,0.02,26.93,2026-09-24T21:38:33+00:00
2026-09-24T16:39:18-05:00,2026-09-24T21:39:18+00:00,"Cliente MQTT explicito (paho, SAS manual)",DC-HUMO-08,0.02,26.72,2026-09-24T21:39:18+00:00
2026-09-24T16:40:03-05:00,2026-09-24T21:40:03+00:00,"Cliente MQTT explicito (paho, SAS manual)",DC-HUMO-08,0.018,26.51,2026-09-24T21:40:03+00:00
2026-09-24T16:40:48-05:00,2026-09-24T21:40:48+00:00,"Cliente MQTT explicito (paho, SAS manual)",DC-HUMO-08,0.019,26.38,2026-09-24T21:40:48+00:00
2026-09-24T16:41:33-05:00,2026-09-24T21:41:33+00:00,"Cliente MQTT explicito (paho, SAS manual)",DC-HUMO-08,0.017,26.75,2026-09-24T21:41:33+00:00
2026-09-24T16:42:18-05:00,2026-09-24T21:42:18+00:00,"Cliente MQTT explicito (paho, SAS manual)",DC-HUMO-08,0.02,26.65,2026-09-24T21:42:18+00:00
2026-09-24T16:43:03-05:00,2026-09-24T21:43:03+00:00,"Cliente MQTT explicito (paho, SAS manual)",DC-HUMO-08,0.019,27.05,2026-09-24T21:43:03+00:00
2026-09-24T16:43:48-05:00,2026-09-24T21:43:48+00:00,"Cliente MQTT explicito (paho, SAS manual)",DC-HUMO-08,0.019,26.87,2026-09-24T21:43:48+00:00
2026-09-24T16:44:33-05:00,2026-09-24T21:44:33+00:00,"Cliente MQTT explicito (paho, SAS manual)",DC-HUMO-08,0.02,26.81,2026-09-24T21:44:33+00:00
2026-09-24T16:45:18-05:00,2026-09-24T21:45:18+00:00,"Cliente MQTT explicito (paho, SAS manual)",DC-HUMO-08,0.019,26.39,2026-09-24T21:45:18+00:00
2026-09-24T16:46:03-05:00,2026-09-24T21:46:03+00:00,"Cliente MQTT explicito (paho, SAS manual)",DC-HUMO-08,0.019,26.5,2026-09-24T21:46:03+00:00
2026-09-24T16:46:48-05:00,2026-09-24T21:46:48+00:00,"Cliente MQTT explicito (paho, SAS manual)",DC-HUMO-08,0.021,27.05,2026-09-24T21:46:48+00:00
2026-09-24T16:47:33-05:00,2026-09-24T21:47:33+00:00,"Cliente MQTT explicito (paho, SAS manual)",DC-HUMO-08,0.02,26.46,2026-09-24T21:47:33+00:00
2026-09-24T16:48:18-05:00,2026-09-24T21:48:18+00:00,"Cliente MQTT explicito (paho, SAS manual)",DC-HUMO-08,0.018,26.84,2026-09-24T21:48:18+00:00
2026-09-24T16:49:03-05:00,2026-09-24T21:49:03+00:00,"Cliente MQTT explicito (paho, SAS manual)",DC-HUMO-08,0.019,26.49,2026-09-24T21:49:03+00:00
2026-09-24T16:49:48-05:00,2026-09-24T21:49:48+00:00,"Cliente MQTT explicito (paho, SAS manual)",DC-HUMO-08,0.02,26.43,2026-09-24T21:49:48+00:00
2026-09-24T16:50:33-05:00,2026-09-24T21:50:33+00:00,"Cliente MQTT explicito (paho, SAS manual)",DC-HUMO-08,0.021,26.51,2026-09-24T21:50:33+00:00
2026-09-24T16:51:18-05:00,2026-09-24T21:51:18+00:00,"Cliente MQTT explicito (paho, SAS manual)",DC-HUMO-08,0.019,26.45,2026-09-24T21:51:18+00:00
2026-09-24T16:52:03-05:00,2026-09-24T21:52:03+00:00,"Cliente MQTT explicito (paho, SAS manual)",DC-HUMO-08,0.02,26.56,2026-09-24T21:52:03+00:00
2026-09-24T16:52:48-05:00,2026-09-24T21:52:48+00:00,"Cliente MQTT explicito (paho, SAS manual)",DC-HUMO-08,0.02,26.92,2026-09-24T21:52:48+00:00
2026-09-24T16:53:33-05:00,2026-09-24T21:53:33+00:00,"Cliente MQTT explicito (paho, SAS manual)",DC-HUMO-08,0.02,26.72,2026-09-24T21:53:33+00:00
2026-09-24T16:54:18-05:00,2026-09-24T21:54:18+00:00,"Cliente MQTT explicito (paho, SAS manual)",DC-HUMO-08,0.018,26.53,2026-09-24T21:54:18+00:00
2026-09-24T16:55:03-05:00,2026-09-24T21:55:03+00:00,"Cliente MQTT explicito (paho, SAS manual)",DC-HUMO-08,0.019,26.78,2026-09-24T21:55:03+00:00
2026-09-24T16:55:48-05:00,2026-09-24T21:55:48+00:00,"Cliente MQTT explicito (paho, SAS manual)",DC-HUMO-08,0.021,26.31,2026-09-24T21:55:48+00:00
2026-09-24T16:56:33-05:00,2026-09-24T21:56:33+00:00,"Cliente MQTT explicito (paho, SAS manual)",DC-HUMO-08,0.019,26.36,2026-09-24T21:56:33+00:00
2026-09-24T16:57:18-05:00,2026-09-24T21:57:18+00:00,"Cliente MQTT explicito (paho, SAS manual)",DC-HUMO-08,0.019,26.36,2026-09-24T21:57:18+00:00
2026-09-24T16:58:03-05:00,2026-09-24T21:58:03+00:00,"Cliente MQTT explicito (paho, SAS manual)",DC-HUMO-08,0.019,26.36,2026-09-24T21:58:03+00:00
2026-09-24T16:58:48-05:00,2026-09-24T21:58:48+00:00,"Cliente MQTT explicito (paho, SAS manual)",DC-HUMO-08,0.018,27.02,2026-09-24T21:58:48+00:00
2026-09-24T16:59:33-05:00,2026-09-24T21:59:33+00:00,"Cliente MQTT explicito (paho, SAS manual)",DC-HUMO-08,0.017,26.88,2026-09-24T21:59:33+00:00
2026-09-24T17:00:18-05:00,2026-09-24T22:00:18+00:00,"Cliente MQTT explicito (paho, SAS manual)",DC-HUMO-08,0.019,26.81,2026-09-24T22:00:18+00:00
2026-09-24T17:01:03-05:00,2026-09-24T22:01:03+00:00,"Cliente MQTT explicito (paho, SAS manual)",DC-HUMO-08,0.02,26.28,2026-09-24T22:01:03+00:00
2026-09-24T17:01:48-05:00,2026-09-24T22:01:48+00:00,"Cliente MQTT explicito (paho, SAS manual)",DC-HUMO-08,0.018,26.53,2026-09-24T22:01:48+00:00
2026-09-24T17:02:33-05:00,2026-09-24T22:02:33+00:00,"Cliente MQTT explicito (paho, SAS manual)",DC-HUMO-08,0.02,26.58,2026-09-24T22:02:33+00:00
2026-09-24T17:03:18-05:00,2026-09-24T22:03:18+00:00,"Cliente MQTT explicito (paho, SAS manual)",DC-HUMO-08,0.019,26.63,2026-09-24T22:03:18+00:00
2026-09-24T17:04:03-05:00,2026-09-24T22:04:03+00:00,"Cliente MQTT explicito (paho, SAS manual)",DC-HUMO-08,0.018,26.33,2026-09-24T22:04:03+00:00
2026-09-24T17:04:48-05:00,2026-09-24T22:04:48+00:00,"Cliente MQTT explicito (paho, SAS manual)",DC-HUMO-08,0.019,26.55,2026-09-24T22:04:48+00:00
2026-09-24T17:05:33-05:00,2026-09-24T22:05:33+00:00,"Cliente MQTT explicito (paho, SAS manual)",DC-HUMO-08,0.019,26.68,2026-09-24T22:05:33+00:00
2026-09-24T17:06:18-05:00,2026-09-24T22:06:18+00:00,"Cliente MQTT explicito (paho, SAS manual)",DC-HUMO-08,0.017,26.91,2026-09-24T22:06:18+00:00
2026-09-24T17:07:03-05:00,2026-09-24T22:07:03+00:00,"Cliente MQTT explicito (paho, SAS manual)",DC-HUMO-08,0.018,26.81,2026-09-24T22:07:03+00:00
2026-09-24T17:07:48-05:00,2026-09-24T22:07:48+00:00,"Cliente MQTT explicito (paho, SAS manual)",DC-HUMO-08,0.021,26.99,2026-09-24T22:07:48+00:00
2026-09-24T17:08:33-05:00,2026-09-24T22:08:33+00:00,"Cliente MQTT explicito (paho, SAS manual)",DC-HUMO-08,0.017,26.93,2026-09-24T22:08:33+00:00
2026-09-24T17:09:18-05:00,2026-09-24T22:09:18+00:00,"Cliente MQTT explicito (paho, SAS manual)",DC-HUMO-08,0.018,26.96,2026-09-24T22:09:18+00:00
2026-09-24T17:10:03-05:00,2026-09-24T22:10:03+00:00,"Cliente MQTT explicito (paho, SAS manual)",DC-HUMO-08,0.02,26.96,2026-09-24T22:10:03+00:00
2026-09-24T17:10:48-05:00,2026-09-24T22:10:48+00:00,"Cliente MQTT explicito (paho, SAS manual)",DC-HUMO-08,0.021,26.9,2026-09-24T22:10:48+00:00
2026-09-24T17:11:33-05:00,2026-09-24T22:11:33+00:00,"Cliente MQTT explicito (paho, SAS manual)",DC-HUMO-08,0.021,26.83,2026-09-24T22:11:33+00:00
2026-09-24T17:12:18-05:00,2026-09-24T22:12:18+00:00,"Cliente MQTT explicito (paho, SAS manual)",DC-HUMO-08,0.018,26.37,2026-09-24T22:12:18+00:00
2026-09-24T17:13:03-05:00,2026-09-24T22:13:03+00:00,"Cliente MQTT explicito (paho, SAS manual)",DC-HUMO-08,0.019,26.74,2026-09-24T22:13:03+00:00
2026-09-24T17:13:48-05:00,2026-09-24T22:13:48+00:00,"Cliente MQTT explicito (paho, SAS manual)",DC-HUMO-08,0.018,26.64,2026-09-24T22:13:48+00:00
2026-09-24T17:14:34-05:00,2026-09-24T22:14:34+00:00,"Cliente MQTT explicito (paho, SAS manual)",DC-HUMO-08,0.018,26.74,2026-09-24T22:14:34+00:00
2026-09-24T17:15:19-05:00,2026-09-24T22:15:19+00:00,"Cliente MQTT explicito (paho, SAS manual)",DC-HUMO-08,0.018,26.37,2026-09-24T22:15:19+00:00
2026-09-24T17:16:04-05:00,2026-09-24T22:16:04+00:00,"Cliente MQTT explicito (paho, SAS manual)",DC-HUMO-08,0.019,26.37,2026-09-24T22:16:04+00:00
2026-09-24T17:16:49-05:00,2026-09-24T22:16:49+00:00,"Cliente MQTT explicito (paho, SAS manual)",DC-HUMO-08,0.019,26.22,2026-09-24T22:16:49+00:00
2026-09-24T17:17:34-05:00,2026-09-24T22:17:34+00:00,"Cliente MQTT explicito (paho, SAS manual)",DC-HUMO-08,0.021,26.89,2026-09-24T22:17:34+00:00
2026-09-24T17:18:19-05:00,2026-09-24T22:18:19+00:00,"Cliente MQTT explicito (paho, SAS manual)",DC-HUMO-08,0.021,26.81,2026-09-24T22:18:19+00:00
2026-09-24T17:19:04-05:00,2026-09-24T22:19:04+00:00,"Cliente MQTT explicito (paho, SAS manual)",DC-HUMO-08,0.019,26.37,2026-09-24T22:19:04+00:00
2026-09-24T17:19:49-05:00,2026-09-24T22:19:49+00:00,"Cliente MQTT explicito (paho, SAS manual)",DC-HUMO-08,0.021,26.46,2026-09-24T22:19:49+00:00
2026-09-24T17:20:34-05:00,2026-09-24T22:20:34+00:00,"Cliente MQTT explicito (paho, SAS manual)",DC-HUMO-08,0.019,26.23,2026-09-24T22:20:34+00:00
2026-09-24T17:21:19-05:00,2026-09-24T22:21:19+00:00,"Cliente MQTT explicito (paho, SAS manual)",DC-HUMO-08,0.019,26.86,2026-09-24T22:21:19+00:00
2026-09-24T17:22:04-05:00,2026-09-24T22:22:04+00:00,"Cliente MQTT explicito (paho, SAS manual)",DC-HUMO-08,0.019,26.28,2026-09-24T22:22:04+00:00
2026-09-24T17:22:49-05:00,2026-09-24T22:22:49+00:00,"Cliente MQTT explicito (paho, SAS manual)",DC-HUMO-08,0.017,26.62,2026-09-24T22:22:49+00:00
2026-09-24T17:23:34-05:00,2026-09-24T22:23:34+00:00,"Cliente MQTT explicito (paho, SAS manual)",DC-HUMO-08,0.017,26.74,2026-09-24T22:23:34+00:00
2026-09-24T17:24:19-05:00,2026-09-24T22:24:19+00:00,"Cliente MQTT explicito (paho, SAS manual)",DC-HUMO-08,0.018,26.9,2026-09-24T22:24:19+00:00
2026-09-24T17:25:04-05:00,2026-09-24T22:25:04+00:00,"Cliente MQTT explicito (paho, SAS manual)",DC-HUMO-08,0.019,26.81,2026-09-24T22:25:04+00:00
2026-09-24T17:25:49-05:00,2026-09-24T22:25:49+00:00,"Cliente MQTT explicito (paho, SAS manual)",DC-HUMO-08,0.021,26.23,2026-09-24T22:25:49+00:00
2026-09-24T17:26:34-05:00,2026-09-24T22:26:34+00:00,"Cliente MQTT explicito (paho, SAS manual)",DC-HUMO-08,0.019,26.24,2026-09-24T22:26:34+00:00
2026-09-24T17:27:19-05:00,2026-09-24T22:27:19+00:00,"Cliente MQTT explicito (paho, SAS manual)",DC-HUMO-08,0.017,26.57,2026-09-24T22:27:19+00:00
2026-09-24T17:28:04-05:00,2026-09-24T22:28:04+00:00,"Cliente MQTT explicito (paho, SAS manual)",DC-HUMO-08,0.021,26.53,2026-09-24T22:28:04+00:00
2026-09-24T17:28:49-05:00,2026-09-24T22:28:49+00:00,"Cliente MQTT explicito (paho, SAS manual)",DC-HUMO-08,0.02,26.31,2026-09-24T22:28:49+00:00
2026-09-24T17:29:34-05:00,2026-09-24T22:29:34+00:00,"Cliente MQTT explicito (paho, SAS manual)",DC-HUMO-08,0.019,26.5,2026-09-24T22:29:34+00:00
2026-09-24T17:30:19-05:00,2026-09-24T22:30:19+00:00,"Cliente MQTT explicito (paho, SAS manual)",DC-HUMO-08,0.017,26.64,2026-09-24T22:30:19+00:00
2026-09-24T17:31:04-05:00,2026-09-24T22:31:04+00:00,"Cliente MQTT explicito (paho, SAS manual)",DC-HUMO-08,0.017,26.3,2026-09-24T22:31:04+00:00
2026-09-24T17:31:49-05:00,2026-09-24T22:31:49+00:00,"Cliente MQTT explicito (paho, SAS manual)",DC-HUMO-08,0.017,26.21,2026-09-24T22:31:49+00:00
2026-09-24T17:32:34-05:00,2026-09-24T22:32:34+00:00,"Cliente MQTT explicito (paho, SAS manual)",DC-HUMO-08,0.018,26.47,2026-09-24T22:32:34+00:00
2026-09-24T17:33:19-05:00,2026-09-24T22:33:19+00:00,"Cliente MQTT explicito (paho, SAS manual)",DC-HUMO-08,0.019,26.56,2026-09-24T22:33:19+00:00
2026-09-24T17:34:04-05:00,2026-09-24T22:34:04+00:00,"Cliente MQTT explicito (paho, SAS manual)",DC-HUMO-08,0.018,26.73,2026-09-24T22:34:04+00:00
2026-09-24T17:34:49-05:00,2026-09-24T22:34:49+00:00,"Cliente MQTT explicito (paho, SAS manual)",DC-HUMO-08,0.018,26.21,2026-09-24T22:34:49+00:00
2026-09-24T17:35:34-05:00,2026-09-24T22:35:34+00:00,"Cliente MQTT explicito (paho, SAS manual)",DC-HUMO-08,0.017,26.56,2026-09-24T22:35:34+00:00
2026-09-24T17:36:19-05:00,2026-09-24T22:36:19+00:00,"Cliente MQTT explicito (paho, SAS manual)",DC-HUMO-08,0.019,26.76,2026-09-24T22:36:19+00:00
2026-09-24T17:37:04-05:00,2026-09-24T22:37:04+00:00,"Cliente MQTT explicito (paho, SAS manual)",DC-HUMO-08,0.02,26.07,2026-09-24T22:37:04+00:00
2026-09-24T17:37:49-05:00,2026-09-24T22:37:49+00:00,"Cliente MQTT explicito (paho, SAS manual)",DC-HUMO-08,0.02,26.07,2026-09-24T22:37:49+00:00
2026-09-24T17:38:34-05:00,2026-09-24T22:38:34+00:00,"Cliente MQTT explicito (paho, SAS manual)",DC-HUMO-08,0.019,26.21,2026-09-24T22:38:34+00:00
2026-09-24T17:39:19-05:00,2026-09-24T22:39:19+00:00,"Cliente MQTT explicito (paho, SAS manual)",DC-HUMO-08,0.019,26.81,2026-09-24T22:39:19+00:00
2026-09-24T17:40:04-05:00,2026-09-24T22:40:04+00:00,"Cliente MQTT explicito (paho, SAS manual)",DC-HUMO-08,0.02,26.11,2026-09-24T22:40:04+00:00
2026-09-24T17:40:49-05:00,2026-09-24T22:40:49+00:00,"Cliente MQTT explicito (paho, SAS manual)",DC-HUMO-08,0.018,26.49,2026-09-24T22:40:49+00:00
2026-09-24T17:41:34-05:00,2026-09-24T22:41:34+00:00,"Cliente MQTT explicito (paho, SAS manual)",DC-HUMO-08,0.018,26.44,2026-09-24T22:41:34+00:00
2026-09-24T17:42:19-05:00,2026-09-24T22:42:19+00:00,"Cliente MQTT explicito (paho, SAS manual)",DC-HUMO-08,0.02,26.57,2026-09-24T22:42:19+00:00
2026-09-24T17:43:04-05:00,2026-09-24T22:43:04+00:00,"Cliente MQTT explicito (paho, SAS manual)",DC-HUMO-08,0.017,26.35,2026-09-24T22:43:04+00:00
2026-09-24T17:43:49-05:00,2026-09-24T22:43:49+00:00,"Cliente MQTT explicito (paho, SAS manual)",DC-HUMO-08,0.018,26.1,2026-09-24T22:43:49+00:00
2026-09-24T17:44:34-05:00,2026-09-24T22:44:34+00:00,"Cliente MQTT explicito (paho, SAS manual)",DC-HUMO-08,0.017,26.57,2026-09-24T22:44:34+00:00
2026-09-24T17:45:19-05:00,2026-09-24T22:45:19+00:00,"Cliente MQTT explicito (paho, SAS manual)",DC-HUMO-08,0.019,26.02,2026-09-24T22:45:19+00:00
2026-09-24T17:46:04-05:00,2026-09-24T22:46:04+00:00,"Cliente MQTT explicito (paho, SAS manual)",DC-HUMO-08,0.02,26.49,2026-09-24T22:46:04+00:00
2026-09-24T17:46:49-05:00,2026-09-24T22:46:49+00:00,"Cliente MQTT explicito (paho, SAS manual)",DC-HUMO-08,0.018,26.5,2026-09-24T22:46:49+00:00
2026-09-24T17:47:34-05:00,2026-09-24T22:47:34+00:00,"Cliente MQTT explicito (paho, SAS manual)",DC-HUMO-08,0.018,26.37,2026-09-24T22:47:34+00:00
2026-09-24T17:48:19-05:00,2026-09-24T22:48:19+00:00,"Cliente MQTT explicito (paho, SAS manual)",DC-HUMO-08,0.02,26.08,2026-09-24T22:48:19+00:00
2026-09-24T17:49:04-05:00,2026-09-24T22:49:04+00:00,"Cliente MQTT explicito (paho, SAS manual)",DC-HUMO-08,0.019,26.28,2026-09-24T22:49:04+00:00
2026-09-24T17:49:49-05:00,2026-09-24T22:49:49+00:00,"Cliente MQTT explicito (paho, SAS manual)",DC-HUMO-08,0.018,25.99,2026-09-24T22:49:49+00:00
2026-09-24T17:50:34-05:00,2026-09-24T22:50:34+00:00,"Cliente MQTT explicito (paho, SAS manual)",DC-HUMO-08,0.018,26.59,2026-09-24T22:50:34+00:00
2026-09-24T17:51:19-05:00,2026-09-24T22:51:19+00:00,"Cliente MQTT explicito (paho, SAS manual)",DC-HUMO-08,0.017,26.05,2026-09-24T22:51:19+00:00
2026-09-24T17:52:04-05:00,2026-09-24T22:52:04+00:00,"Cliente MQTT explicito (paho, SAS manual)",DC-HUMO-08,0.018,26.02,2026-09-24T22:52:04+00:00
2026-09-24T17:52:49-05:00,2026-09-24T22:52:49+00:00,"Cliente MQTT explicito (paho, SAS manual)",DC-HUMO-08,0.018,26.28,2026-09-24T22:52:49+00:00
2026-09-24T17:53:34-05:00,2026-09-24T22:53:34+00:00,"Cliente MQTT explicito (paho, SAS manual)",DC-HUMO-08,0.02,26.03,2026-09-24T22:53:34+00:00
2026-09-24T17:54:19-05:00,2026-09-24T22:54:19+00:00,"Cliente MQTT explicito (paho, SAS manual)",DC-HUMO-08,0.019,26.0,2026-09-24T22:54:19+00:00
2026-09-24T17:55:04-05:00,2026-09-24T22:55:04+00:00,"Cliente MQTT explicito (paho, SAS manual)",DC-HUMO-08,0.02,26.39,2026-09-24T22:55:04+00:00
2026-09-24T17:55:49-05:00,2026-09-24T22:55:49+00:00,"Cliente MQTT explicito (paho, SAS manual)",DC-HUMO-08,0.019,26.12,2026-09-24T22:55:49+00:00
2026-09-24T17:56:34-05:00,2026-09-24T22:56:34+00:00,"Cliente MQTT explicito (paho, SAS manual)",DC-HUMO-08,0.018,26.06,2026-09-24T22:56:34+00:00
2026-09-24T17:57:19-05:00,2026-09-24T22:57:19+00:00,"Cliente MQTT explicito (paho, SAS manual)",DC-HUMO-08,0.019,26.06,2026-09-24T22:57:19+00:00
2026-09-24T17:58:04-05:00,2026-09-24T22:58:04+00:00,"Cliente MQTT explicito (paho, SAS manual)",DC-HUMO-08,0.019,26.32,2026-09-24T22:58:04+00:00
2026-09-24T17:58:49-05:00,2026-09-24T22:58:49+00:00,"Cliente MQTT explicito (paho, SAS manual)",DC-HUMO-08,0.018,26.09,2026-09-24T22:58:49+00:00
2026-09-24T17:59:35-05:00,2026-09-24T22:59:35+00:00,"Cliente MQTT explicito (paho, SAS manual)",DC-HUMO-08,0.019,26.41,2026-09-24T22:59:35+00:00
2026-09-24T18:00:20-05:00,2026-09-24T23:00:20+00:00,"Cliente MQTT explicito (paho, SAS manual)",DC-HUMO-08,0.021,26.13,2026-09-24T23:00:20+00:00
2026-09-24T18:01:05-05:00,2026-09-24T23:01:05+00:00,"Cliente MQTT explicito (paho, SAS manual)",DC-HUMO-08,0.019,26.32,2026-09-24T23:01:05+00:00
2026-09-24T18:01:50-05:00,2026-09-24T23:01:50+00:00,"Cliente MQTT explicito (paho, SAS manual)",DC-HUMO-08,0.021,26.18,2026-09-24T23:01:50+00:00
2026-09-24T18:02:35-05:00,2026-09-24T23:02:35+00:00,"Cliente MQTT explicito (paho, SAS manual)",DC-HUMO-08,0.021,26.47,2026-09-24T23:02:35+00:00
2026-09-24T18:03:20-05:00,2026-09-24T23:03:20+00:00,"Cliente MQTT explicito (paho, SAS manual)",DC-HUMO-08,0.019,26.6,2026-09-24T23:03:20+00:00
2026-09-24T18:04:05-05:00,2026-09-24T23:04:05+00:00,"Cliente MQTT explicito (paho, SAS manual)",DC-HUMO-08,0.019,26.63,2026-09-24T23:04:05+00:00
2026-09-24T18:04:50-05:00,2026-09-24T23:04:50+00:00,"Cliente MQTT explicito (paho, SAS manual)",DC-HUMO-08,0.021,25.99,2026-09-24T23:04:50+00:00
2026-09-24T18:05:35-05:00,2026-09-24T23:05:35+00:00,"Cliente MQTT explicito (paho, SAS manual)",DC-HUMO-08,0.02,26.01,2026-09-24T23:05:35+00:00
2026-09-24T18:06:20-05:00,2026-09-24T23:06:20+00:00,"Cliente MQTT explicito (paho, SAS manual)",DC-HUMO-08,0.018,25.92,2026-09-24T23:06:20+00:00
2026-09-24T18:07:05-05:00,2026-09-24T23:07:05+00:00,"Cliente MQTT explicito (paho, SAS manual)",DC-HUMO-08,0.017,26.19,2026-09-24T23:07:05+00:00
2026-09-24T18:07:50-05:00,2026-09-24T23:07:50+00:00,"Cliente MQTT explicito (paho, SAS manual)",DC-HUMO-08,0.018,26.03,2026-09-24T23:07:50+00:00
2026-09-24T18:08:35-05:00,2026-09-24T23:08:35+00:00,"Cliente MQTT explicito (paho, SAS manual)",DC-HUMO-08,0.019,26.39,2026-09-24T23:08:35+00:00
2026-09-24T18:09:20-05:00,2026-09-24T23:09:20+00:00,"Cliente MQTT explicito (paho, SAS manual)",DC-HUMO-08,0.021,26.41,2026-09-24T23:09:20+00:00
2026-09-24T18:10:05-05:00,2026-09-24T23:10:05+00:00,"Cliente MQTT explicito (paho, SAS manual)",DC-HUMO-08,0.02,26.04,2026-09-24T23:10:05+00:00
2026-09-24T18:10:50-05:00,2026-09-24T23:10:50+00:00,"Cliente MQTT explicito (paho, SAS manual)",DC-HUMO-08,0.021,26.56,2026-09-24T23:10:50+00:00
2026-09-24T18:11:35-05:00,2026-09-24T23:11:35+00:00,"Cliente MQTT explicito (paho, SAS manual)",DC-HUMO-08,0.018,25.88,2026-09-24T23:11:35+00:00
2026-09-24T18:12:20-05:00,2026-09-24T23:12:20+00:00,"Cliente MQTT explicito (paho, SAS manual)",DC-HUMO-08,0.02,25.92,2026-09-24T23:12:20+00:00
2026-09-24T18:13:05-05:00,2026-09-24T23:13:05+00:00,"Cliente MQTT explicito (paho, SAS manual)",DC-HUMO-08,0.02,25.89,2026-09-24T23:13:05+00:00
2026-09-24T18:13:50-05:00,2026-09-24T23:13:50+00:00,"Cliente MQTT explicito (paho, SAS manual)",DC-HUMO-08,0.019,25.81,2026-09-24T23:13:50+00:00
2026-09-24T18:14:35-05:00,2026-09-24T23:14:35+00:00,"Cliente MQTT explicito (paho, SAS manual)",DC-HUMO-08,0.018,25.78,2026-09-24T23:14:35+00:00
2026-09-24T18:15:20-05:00,2026-09-24T23:15:20+00:00,"Cliente MQTT explicito (paho, SAS manual)",DC-HUMO-08,0.02,25.76,2026-09-24T23:15:20+00:00
2026-09-24T18:16:05-05:00,2026-09-24T23:16:05+00:00,"Cliente MQTT explicito (paho, SAS manual)",DC-HUMO-08,0.017,26.04,2026-09-24T23:16:05+00:00
2026-09-24T18:16:50-05:00,2026-09-24T23:16:50+00:00,"Cliente MQTT explicito (paho, SAS manual)",DC-HUMO-08,0.02,26.46,2026-09-24T23:16:50+00:00
2026-09-24T18:17:35-05:00,2026-09-24T23:17:35+00:00,"Cliente MQTT explicito (paho, SAS manual)",DC-HUMO-08,0.018,26.24,2026-09-24T23:17:35+00:00
2026-09-24T18:18:20-05:00,2026-09-24T23:18:20+00:00,"Cliente MQTT explicito (paho, SAS manual)",DC-HUMO-08,0.017,26.4,2026-09-24T23:18:20+00:00
2026-09-24T18:19:05-05:00,2026-09-24T23:19:05+00:00,"Cliente MQTT explicito (paho, SAS manual)",DC-HUMO-08,0.02,25.91,2026-09-24T23:19:05+00:00
2026-09-24T18:19:50-05:00,2026-09-24T23:19:50+00:00,"Cliente MQTT explicito (paho, SAS manual)",DC-HUMO-08,0.018,25.78,2026-09-24T23:19:50+00:00
2026-09-24T18:20:36-05:00,2026-09-24T23:20:36+00:00,"Cliente MQTT explicito (paho, SAS manual)",DC-HUMO-08,0.018,26.47,2026-09-24T23:20:36+00:00
2026-09-24T18:21:21-05:00,2026-09-24T23:21:21+00:00,"Cliente MQTT explicito (paho, SAS manual)",DC-HUMO-08,0.019,26.06,2026-09-24T23:21:21+00:00
2026-09-24T18:22:06-05:00,2026-09-24T23:22:06+00:00,"Cliente MQTT explicito (paho, SAS manual)",DC-HUMO-08,0.021,25.95,2026-09-24T23:22:06+00:00
2026-09-24T18:22:51-05:00,2026-09-24T23:22:51+00:00,"Cliente MQTT explicito (paho, SAS manual)",DC-HUMO-08,0.021,26.09,2026-09-24T23:22:51+00:00
2026-09-24T18:23:36-05:00,2026-09-24T23:23:36+00:00,"Cliente MQTT explicito (paho, SAS manual)",DC-HUMO-08,0.02,26.03,2026-09-24T23:23:36+00:00
2026-09-24T18:24:21-05:00,2026-09-24T23:24:21+00:00,"Cliente MQTT explicito (paho, SAS manual)",DC-HUMO-08,0.02,26.12,2026-09-24T23:24:21+00:00
2026-09-24T18:25:06-05:00,2026-09-24T23:25:06+00:00,"Cliente MQTT explicito (paho, SAS manual)",DC-HUMO-08,0.019,25.69,2026-09-24T23:25:06+00:00
2026-09-24T18:25:51-05:00,2026-09-24T23:25:51+00:00,"Cliente MQTT explicito (paho, SAS manual)",DC-HUMO-08,0.02,25.85,2026-09-24T23:25:51+00:00
2026-09-24T18:26:36-05:00,2026-09-24T23:26:36+00:00,"Cliente MQTT explicito (paho, SAS manual)",DC-HUMO-08,0.017,26.21,2026-09-24T23:26:36+00:00
2026-09-24T18:27:21-05:00,2026-09-24T23:27:21+00:00,"Cliente MQTT explicito (paho, SAS manual)",DC-HUMO-08,0.019,26.32,2026-09-24T23:27:21+00:00
2026-09-24T18:28:06-05:00,2026-09-24T23:28:06+00:00,"Cliente MQTT explicito (paho, SAS manual)",DC-HUMO-08,0.019,25.68,2026-09-24T23:28:06+00:00
2026-09-24T18:28:51-05:00,2026-09-24T23:28:51+00:00,"Cliente MQTT explicito (paho, SAS manual)",DC-HUMO-08,0.017,25.8,2026-09-24T23:28:51+00:00
2026-09-24T18:29:36-05:00,2026-09-24T23:29:36+00:00,"Cliente MQTT explicito (paho, SAS manual)",DC-HUMO-08,0.018,26.4,2026-09-24T23:29:36+00:00
2026-09-24T18:30:21-05:00,2026-09-24T23:30:21+00:00,"Cliente MQTT explicito (paho, SAS manual)",DC-HUMO-08,0.019,25.91,2026-09-24T23:30:21+00:00
2026-09-24T18:31:06-05:00,2026-09-24T23:31:06+00:00,"Cliente MQTT explicito (paho, SAS manual)",DC-HUMO-08,0.021,25.67,2026-09-24T23:31:06+00:00
2026-09-24T18:31:51-05:00,2026-09-24T23:31:51+00:00,"Cliente MQTT explicito (paho, SAS manual)",DC-HUMO-08,0.021,25.62,2026-09-24T23:31:51+00:00
2026-09-24T18:32:36-05:00,2026-09-24T23:32:36+00:00,"Cliente MQTT explicito (paho, SAS manual)",DC-HUMO-08,0.02,25.7,2026-09-24T23:32:36+00:00
2026-09-24T18:33:21-05:00,2026-09-24T23:33:21+00:00,"Cliente MQTT explicito (paho, SAS manual)",DC-HUMO-08,0.021,25.62,2026-09-24T23:33:21+00:00
2026-09-24T18:34:06-05:00,2026-09-24T23:34:06+00:00,"Cliente MQTT explicito (paho, SAS manual)",DC-HUMO-08,0.019,25.94,2026-09-24T23:34:06+00:00
2026-09-24T18:34:51-05:00,2026-09-24T23:34:51+00:00,"Cliente MQTT explicito (paho, SAS manual)",DC-HUMO-08,0.018,26.27,2026-09-24T23:34:51+00:00
2026-09-24T18:35:36-05:00,2026-09-24T23:35:36+00:00,"Cliente MQTT explicito (paho, SAS manual)",DC-HUMO-08,0.02,26.24,2026-09-24T23:35:36+00:00
2026-09-24T18:36:21-05:00,2026-09-24T23:36:21+00:00,"Cliente MQTT explicito (paho, SAS manual)",DC-HUMO-08,0.018,26.12,2026-09-24T23:36:21+00:00
2026-09-24T18:37:06-05:00,2026-09-24T23:37:06+00:00,"Cliente MQTT explicito (paho, SAS manual)",DC-HUMO-08,0.02,25.83,2026-09-24T23:37:06+00:00
2026-09-24T18:37:51-05:00,2026-09-24T23:37:51+00:00,"Cliente MQTT explicito (paho, SAS manual)",DC-HUMO-08,0.02,25.71,2026-09-24T23:37:51+00:00
2026-09-24T18:38:36-05:00,2026-09-24T23:38:36+00:00,"Cliente MQTT explicito (paho, SAS manual)",DC-HUMO-08,0.017,25.86,2026-09-24T23:38:36+00:00
2026-09-24T18:39:21-05:00,2026-09-24T23:39:21+00:00,"Cliente MQTT explicito (paho, SAS manual)",DC-HUMO-08,0.018,25.91,2026-09-24T23:39:21+00:00
2026-09-24T18:40:06-05:00,2026-09-24T23:40:06+00:00,"Cliente MQTT explicito (paho, SAS manual)",DC-HUMO-08,0.02,26.2,2026-09-24T23:40:06+00:00
2026-09-24T18:40:51-05:00,2026-09-24T23:40:51+00:00,"Cliente MQTT explicito (paho, SAS manual)",DC-HUMO-08,0.02,25.57,2026-09-24T23:40:51+00:00
2026-09-24T18:41:36-05:00,2026-09-24T23:41:36+00:00,"Cliente MQTT explicito (paho, SAS manual)",DC-HUMO-08,0.017,26.21,2026-09-24T23:41:36+00:00
2026-09-24T18:42:21-05:00,2026-09-24T23:42:21+00:00,"Cliente MQTT explicito (paho, SAS manual)",DC-HUMO-08,0.02,26.03,2026-09-24T23:42:21+00:00
2026-09-24T18:43:06-05:00,2026-09-24T23:43:06+00:00,"Cliente MQTT explicito (paho, SAS manual)",DC-HUMO-08,0.017,25.74,2026-09-24T23:43:06+00:00
2026-09-24T18:43:51-05:00,2026-09-24T23:43:51+00:00,"Cliente MQTT explicito (paho, SAS manual)",DC-HUMO-08,0.018,26.12,2026-09-24T23:43:51+00:00
2026-09-24T18:44:37-05:00,2026-09-24T23:44:37+00:00,"Cliente MQTT explicito (paho, SAS manual)",DC-HUMO-08,0.018,26.04,2026-09-24T23:44:37+00:00
2026-09-24T18:45:22-05:00,2026-09-24T23:45:22+00:00,"Cliente MQTT explicito (paho, SAS manual)",DC-HUMO-08,0.02,25.57,2026-09-24T23:45:22+00:00
2026-09-24T18:46:07-05:00,2026-09-24T23:46:07+00:00,"Cliente MQTT explicito (paho, SAS manual)",DC-HUMO-08,0.018,26.26,2026-09-24T23:46:07+00:00
2026-09-24T18:46:52-05:00,2026-09-24T23:46:52+00:00,"Cliente MQTT explicito (paho, SAS manual)",DC-HUMO-08,0.019,25.52,2026-09-24T23:46:52+00:00
2026-09-24T18:47:37-05:00,2026-09-24T23:47:37+00:00,"Cliente MQTT explicito (paho, SAS manual)",DC-HUMO-08,0.02,26.06,2026-09-24T23:47:37+00:00
2026-09-24T18:48:22-05:00,2026-09-24T23:48:22+00:00,"Cliente MQTT explicito (paho, SAS manual)",DC-HUMO-08,0.018,26.11,2026-09-24T23:48:22+00:00
2026-09-24T18:49:07-05:00,2026-09-24T23:49:07+00:00,"Cliente MQTT explicito (paho, SAS manual)",DC-HUMO-08,0.021,25.85,2026-09-24T23:49:07+00:00
2026-09-24T18:49:52-05:00,2026-09-24T23:49:52+00:00,"Cliente MQTT explicito (paho, SAS manual)",DC-HUMO-08,0.02,25.96,2026-09-24T23:49:52+00:00
2026-09-24T18:50:37-05:00,2026-09-24T23:50:37+00:00,"Cliente MQTT explicito (paho, SAS manual)",DC-HUMO-08,0.02,25.93,2026-09-24T23:50:37+00:00
2026-09-24T18:51:22-05:00,2026-09-24T23:51:22+00:00,"Cliente MQTT explicito (paho, SAS manual)",DC-HUMO-08,0.02,25.97,2026-09-24T23:51:22+00:00
2026-09-24T18:52:07-05:00,2026-09-24T23:52:07+00:00,"Cliente MQTT explicito (paho, SAS manual)",DC-HUMO-08,0.02,25.99,2026-09-24T23:52:07+00:00
2026-09-24T18:52:52-05:00,2026-09-24T23:52:52+00:00,"Cliente MQTT explicito (paho, SAS manual)",DC-HUMO-08,0.018,25.6,2026-09-24T23:52:52+00:00
2026-09-24T18:53:37-05:00,2026-09-24T23:53:37+00:00,"Cliente MQTT explicito (paho, SAS manual)",DC-HUMO-08,0.021,25.71,2026-09-24T23:53:37+00:00
2026-09-24T18:54:22-05:00,2026-09-24T23:54:22+00:00,"Cliente MQTT explicito (paho, SAS manual)",DC-HUMO-08,0.018,26.15,2026-09-24T23:54:22+00:00
2026-09-24T18:55:07-05:00,2026-09-24T23:55:07+00:00,"Cliente MQTT explicito (paho, SAS manual)",DC-HUMO-08,0.018,25.6,2026-09-24T23:55:07+00:00
2026-09-24T18:55:52-05:00,2026-09-24T23:55:52+00:00,"Cliente MQTT explicito (paho, SAS manual)",DC-HUMO-08,0.019,26.09,2026-09-24T23:55:52+00:00
2026-09-24T18:56:37-05:00,2026-09-24T23:56:37+00:00,"Cliente MQTT explicito (paho, SAS manual)",DC-HUMO-08,0.02,26.05,2026-09-24T23:56:37+00:00
2026-09-24T18:57:22-05:00,2026-09-24T23:57:22+00:00,"Cliente MQTT explicito (paho, SAS manual)",DC-HUMO-08,0.021,25.44,2026-09-24T23:57:22+00:00
2026-09-24T18:58:07-05:00,2026-09-24T23:58:07+00:00,"Cliente MQTT explicito (paho, SAS manual)",DC-HUMO-08,0.017,26.0,2026-09-24T23:58:07+00:00
2026-09-24T18:58:52-05:00,2026-09-24T23:58:52+00:00,"Cliente MQTT explicito (paho, SAS manual)",DC-HUMO-08,0.02,25.42,2026-09-24T23:58:52+00:00
2026-09-24T18:59:37-05:00,2026-09-24T23:59:37+00:00,"Cliente MQTT explicito (paho, SAS manual)",DC-HUMO-08,0.021,25.54,2026-09-24T23:59:37+00:00
2026-09-24T19:00:22-05:00,2026-09-25T00:00:22+00:00,"Cliente MQTT explicito (paho, SAS manual)",DC-HUMO-08,0.018,25.36,2026-09-25T00:00:22+00:00
2026-09-24T19:01:07-05:00,2026-09-25T00:01:07+00:00,"Cliente MQTT explicito (paho, SAS manual)",DC-HUMO-08,0.018,25.41,2026-09-25T00:01:07+00:00
2026-09-24T19:01:52-05:00,2026-09-25T00:01:52+00:00,"Cliente MQTT explicito (paho, SAS manual)",DC-HUMO-08,0.02,26.08,2026-09-25T00:01:52+00:00
2026-09-24T19:02:37-05:00,2026-09-25T00:02:37+00:00,"Cliente MQTT explicito (paho, SAS manual)",DC-HUMO-08,0.021,25.79,2026-09-25T00:02:37+00:00
2026-09-24T19:03:22-05:00,2026-09-25T00:03:22+00:00,"Cliente MQTT explicito (paho, SAS manual)",DC-HUMO-08,0.02,25.82,2026-09-25T00:03:22+00:00
2026-09-24T19:04:07-05:00,2026-09-25T00:04:07+00:00,"Cliente MQTT explicito (paho, SAS manual)",DC-HUMO-08,0.021,25.32,2026-09-25T00:04:07+00:00
2026-09-24T19:04:52-05:00,2026-09-25T00:04:52+00:00,"Cliente MQTT explicito (paho, SAS manual)",DC-HUMO-08,0.02,25.93,2026-09-25T00:04:52+00:00
2026-09-24T19:05:37-05:00,2026-09-25T00:05:37+00:00,"Cliente MQTT explicito (paho, SAS manual)",DC-HUMO-08,0.018,25.67,2026-09-25T00:05:37+00:00
2026-09-24T19:06:22-05:00,2026-09-25T00:06:22+00:00,"Cliente MQTT explicito (paho, SAS manual)",DC-HUMO-08,0.018,26.05,2026-09-25T00:06:22+00:00
2026-09-24T19:07:07-05:00,2026-09-25T00:07:07+00:00,"Cliente MQTT explicito (paho, SAS manual)",DC-HUMO-08,0.02,25.77,2026-09-25T00:07:07+00:00
2026-09-24T19:07:52-05:00,2026-09-25T00:07:52+00:00,"Cliente MQTT explicito (paho, SAS manual)",DC-HUMO-08,0.017,25.44,2026-09-25T00:07:52+00:00
2026-09-24T19:08:37-05:00,2026-09-25T00:08:37+00:00,"Cliente MQTT explicito (paho, SAS manual)",DC-HUMO-08,0.018,25.55,2026-09-25T00:08:37+00:00
2026-09-24T19:09:22-05:00,2026-09-25T00:09:22+00:00,"Cliente MQTT explicito (paho, SAS manual)",DC-HUMO-08,0.018,25.64,2026-09-25T00:09:22+00:00
2026-09-24T19:10:07-05:00,2026-09-25T00:10:07+00:00,"Cliente MQTT explicito (paho, SAS manual)",DC-HUMO-08,0.019,25.54,2026-09-25T00:10:07+00:00
2026-09-24T19:10:52-05:00,2026-09-25T00:10:52+00:00,"Cliente MQTT explicito (paho, SAS manual)",DC-HUMO-08,0.019,25.73,2026-09-25T00:10:52+00:00
2026-09-24T19:11:37-05:00,2026-09-25T00:11:37+00:00,"Cliente MQTT explicito (paho, SAS manual)",DC-HUMO-08,0.02,26.04,2026-09-25T00:11:37+00:00
2026-09-24T19:12:22-05:00,2026-09-25T00:12:22+00:00,"Cliente MQTT explicito (paho, SAS manual)",DC-HUMO-08,0.02,26.02,2026-09-25T00:12:22+00:00
2026-09-24T19:13:07-05:00,2026-09-25T00:13:07+00:00,"Cliente MQTT explicito (paho, SAS manual)",DC-HUMO-08,0.02,25.76,2026-09-25T00:13:07+00:00
2026-09-24T19:13:52-05:00,2026-09-25T00:13:52+00:00,"Cliente MQTT explicito (paho, SAS manual)",DC-HUMO-08,0.018,25.71,2026-09-25T00:13:52+00:00
2026-09-24T19:14:37-05:00,2026-09-25T00:14:37+00:00,"Cliente MQTT explicito (paho, SAS manual)",DC-HUMO-08,0.021,25.35,2026-09-25T00:14:37+00:00
2026-09-24T19:15:22-05:00,2026-09-25T00:15:22+00:00,"Cliente MQTT explicito (paho, SAS manual)",DC-HUMO-08,0.02,25.65,2026-09-25T00:15:22+00:00
2026-09-24T19:16:07-05:00,2026-09-25T00:16:07+00:00,"Cliente MQTT explicito (paho, SAS manual)",DC-HUMO-08,0.019,25.31,2026-09-25T00:16:07+00:00
2026-09-24T19:16:52-05:00,2026-09-25T00:16:52+00:00,"Cliente MQTT explicito (paho, SAS manual)",DC-HUMO-08,0.019,25.5,2026-09-25T00:16:52+00:00
2026-09-24T19:17:37-05:00,2026-09-25T00:17:37+00:00,"Cliente MQTT explicito (paho, SAS manual)",DC-HUMO-08,0.019,25.37,2026-09-25T00:17:37+00:00
2026-09-24T19:18:22-05:00,2026-09-25T00:18:22+00:00,"Cliente MQTT explicito (paho, SAS manual)",DC-HUMO-08,0.02,25.46,2026-09-25T00:18:22+00:00
2026-09-24T19:19:07-05:00,2026-09-25T00:19:07+00:00,"Cliente MQTT explicito (paho, SAS manual)",DC-HUMO-08,0.02,25.45,2026-09-25T00:19:07+00:00
2026-09-24T19:19:52-05:00,2026-09-25T00:19:52+00:00,"Cliente MQTT explicito (paho, SAS manual)",DC-HUMO-08,0.018,25.43,2026-09-25T00:19:52+00:00
2026-09-24T19:20:37-05:00,2026-09-25T00:20:37+00:00,"Cliente MQTT explicito (paho, SAS manual)",DC-HUMO-08,0.017,25.3,2026-09-25T00:20:37+00:00
2026-09-24T19:21:22-05:00,2026-09-25T00:21:22+00:00,"Cliente MQTT explicito (paho, SAS manual)",DC-HUMO-08,0.018,25.71,2026-09-25T00:21:22+00:00
2026-09-24T19:22:07-05:00,2026-09-25T00:22:07+00:00,"Cliente MQTT explicito (paho, SAS manual)",DC-HUMO-08,0.018,25.73,2026-09-25T00:22:07+00:00
2026-09-24T19:22:52-05:00,2026-09-25T00:22:52+00:00,"Cliente MQTT explicito (paho, SAS manual)",DC-HUMO-08,0.018,25.89,2026-09-25T00:22:52+00:00
2026-09-24T19:23:37-05:00,2026-09-25T00:23:37+00:00,"Cliente MQTT explicito (paho, SAS manual)",DC-HUMO-08,0.019,25.23,2026-09-25T00:23:37+00:00
2026-09-24T19:24:22-05:00,2026-09-25T00:24:22+00:00,"Cliente MQTT explicito (paho, SAS manual)",DC-HUMO-08,0.019,25.2,2026-09-25T00:24:22+00:00
2026-09-24T19:25:07-05:00,2026-09-25T00:25:07+00:00,"Cliente MQTT explicito (paho, SAS manual)",DC-HUMO-08,0.018,25.61,2026-09-25T00:25:07+00:00
2026-09-24T19:25:52-05:00,2026-09-25T00:25:52+00:00,"Cliente MQTT explicito (paho, SAS manual)",DC-HUMO-08,0.02,25.26,2026-09-25T00:25:52+00:00
2026-09-24T19:26:37-05:00,2026-09-25T00:26:37+00:00,"Cliente MQTT explicito (paho, SAS manual)",DC-HUMO-08,0.02,25.6,2026-09-25T00:26:37+00:00
2026-09-24T19:27:22-05:00,2026-09-25T00:27:22+00:00,"Cliente MQTT explicito (paho, SAS manual)",DC-HUMO-08,0.019,25.45,2026-09-25T00:27:22+00:00
2026-09-24T19:28:07-05:00,2026-09-25T00:28:07+00:00,"Cliente MQTT explicito (paho, SAS manual)",DC-HUMO-08,0.017,25.11,2026-09-25T00:28:07+00:00
2026-09-24T19:28:52-05:00,2026-09-25T00:28:52+00:00,"Cliente MQTT explicito (paho, SAS manual)",DC-HUMO-08,0.019,25.53,2026-09-25T00:28:52+00:00
2026-09-24T19:29:38-05:00,2026-09-25T00:29:38+00:00,"Cliente MQTT explicito (paho, SAS manual)",DC-HUMO-08,0.018,25.7,2026-09-25T00:29:38+00:00
2026-09-24T19:30:23-05:00,2026-09-25T00:30:23+00:00,"Cliente MQTT explicito (paho, SAS manual)",DC-HUMO-08,0.02,25.29,2026-09-25T00:30:23+00:00
2026-09-24T19:31:08-05:00,2026-09-25T00:31:08+00:00,"Cliente MQTT explicito (paho, SAS manual)",DC-HUMO-08,0.018,25.08,2026-09-25T00:31:08+00:00
2026-09-24T19:31:53-05:00,2026-09-25T00:31:53+00:00,"Cliente MQTT explicito (paho, SAS manual)",DC-HUMO-08,0.021,25.57,2026-09-25T00:31:53+00:00
2026-09-24T19:32:38-05:00,2026-09-25T00:32:38+00:00,"Cliente MQTT explicito (paho, SAS manual)",DC-HUMO-08,0.02,25.1,2026-09-25T00:32:38+00:00
2026-09-24T19:33:23-05:00,2026-09-25T00:33:23+00:00,"Cliente MQTT explicito (paho, SAS manual)",DC-HUMO-08,0.021,25.44,2026-09-25T00:33:23+00:00
2026-09-24T19:34:08-05:00,2026-09-25T00:34:08+00:00,"Cliente MQTT explicito (paho, SAS manual)",DC-HUMO-08,0.02,25.68,2026-09-25T00:34:08+00:00
2026-09-24T19:34:53-05:00,2026-09-25T00:34:53+00:00,"Cliente MQTT explicito (paho, SAS manual)",DC-HUMO-08,0.019,25.69,2026-09-25T00:34:53+00:00
2026-09-24T19:35:38-05:00,2026-09-25T00:35:38+00:00,"Cliente MQTT explicito (paho, SAS manual)",DC-HUMO-08,0.02,25.05,2026-09-25T00:35:38+00:00
2026-09-24T19:36:23-05:00,2026-09-25T00:36:23+00:00,"Cliente MQTT explicito (paho, SAS manual)",DC-HUMO-08,0.02,25.24,2026-09-25T00:36:23+00:00
2026-09-24T19:37:08-05:00,2026-09-25T00:37:08+00:00,"Cliente MQTT explicito (paho, SAS manual)",DC-HUMO-08,0.021,25.72,2026-09-25T00:37:08+00:00
2026-09-24T19:37:53-05:00,2026-09-25T00:37:53+00:00,"Cliente MQTT explicito (paho, SAS manual)",DC-HUMO-08,0.02,25.52,2026-09-25T00:37:53+00:00
2026-09-24T19:38:38-05:00,2026-09-25T00:38:38+00:00,"Cliente MQTT explicito (paho, SAS manual)",DC-HUMO-08,0.018,25.56,2026-09-25T00:38:38+00:00
2026-09-24T19:39:23-05:00,2026-09-25T00:39:23+00:00,"Cliente MQTT explicito (paho, SAS manual)",DC-HUMO-08,0.019,25.67,2026-09-25T00:39:23+00:00
2026-09-24T19:40:08-05:00,2026-09-25T00:40:08+00:00,"Cliente MQTT explicito (paho, SAS manual)",DC-HUMO-08,0.021,25.22,2026-09-25T00:40:08+00:00
2026-09-24T19:40:53-05:00,2026-09-25T00:40:53+00:00,"Cliente MQTT explicito (paho, SAS manual)",DC-HUMO-08,0.019,25.73,2026-09-25T00:40:53+00:00
2026-09-24T19:41:38-05:00,2026-09-25T00:41:38+00:00,"Cliente MQTT explicito (paho, SAS manual)",DC-HUMO-08,0.021,25.26,2026-09-25T00:41:38+00:00
2026-09-24T19:42:26-05:00,2026-09-25T00:42:26+00:00,"Cliente MQTT explicito (paho, SAS manual)",DC-HUMO-08,0.018,25.47,2026-09-25T00:42:26+00:00
2026-09-24T19:43:11-05:00,2026-09-25T00:43:11+00:00,"Cliente MQTT explicito (paho, SAS manual)",DC-HUMO-08,0.021,25.04,2026-09-25T00:43:11+00:00
2026-09-24T19:44:00-05:00,2026-09-25T00:44:00+00:00,"Cliente MQTT explicito (paho, SAS manual)",DC-HUMO-08,0.018,25.01,2026-09-25T00:44:00+00:00
2026-09-24T19:44:45-05:00,2026-09-25T00:44:45+00:00,"Cliente MQTT explicito (paho, SAS manual)",DC-HUMO-08,0.021,25.16,2026-09-25T00:44:45+00:00
2026-09-24T19:45:30-05:00,2026-09-25T00:45:30+00:00,"Cliente MQTT explicito (paho, SAS manual)",DC-HUMO-08,0.02,25.15,2026-09-25T00:45:30+00:00
2026-09-24T19:46:15-05:00,2026-09-25T00:46:15+00:00,"Cliente MQTT explicito (paho, SAS manual)",DC-HUMO-08,0.021,25.49,2026-09-25T00:46:15+00:00
2026-09-24T19:47:00-05:00,2026-09-25T00:47:00+00:00,"Cliente MQTT explicito (paho, SAS manual)",DC-HUMO-08,0.019,24.97,2026-09-25T00:47:00+00:00
2026-09-24T19:47:45-05:00,2026-09-25T00:47:45+00:00,"Cliente MQTT explicito (paho, SAS manual)",DC-HUMO-08,0.021,25.34,2026-09-25T00:47:45+00:00
2026-09-24T19:48:30-05:00,2026-09-25T00:48:30+00:00,"Cliente MQTT explicito (paho, SAS manual)",DC-HUMO-08,0.018,25.6,2026-09-25T00:48:30+00:00
2026-09-24T19:49:15-05:00,2026-09-25T00:49:15+00:00,"Cliente MQTT explicito (paho, SAS manual)",DC-HUMO-08,0.021,25.2,2026-09-25T00:49:15+00:00
2026-09-24T19:50:00-05:00,2026-09-25T00:50:00+00:00,"Cliente MQTT explicito (paho, SAS manual)",DC-HUMO-08,0.021,24.94,2026-09-25T00:50:00+00:00
2026-09-24T19:50:45-05:00,2026-09-25T00:50:45+00:00,"Cliente MQTT explicito (paho, SAS manual)",DC-HUMO-08,0.017,25.51,2026-09-25T00:50:45+00:00
2026-09-24T19:51:30-05:00,2026-09-25T00:51:30+00:00,"Cliente MQTT explicito (paho, SAS manual)",DC-HUMO-08,0.019,25.42,2026-09-25T00:51:30+00:00
2026-09-24T19:52:15-05:00,2026-09-25T00:52:15+00:00,"Cliente MQTT explicito (paho, SAS manual)",DC-HUMO-08,0.02,25.53,2026-09-25T00:52:15+00:00
2026-09-24T19:53:00-05:00,2026-09-25T00:53:00+00:00,"Cliente MQTT explicito (paho, SAS manual)",DC-HUMO-08,0.018,25.54,2026-09-25T00:53:00+00:00
2026-09-24T19:53:45-05:00,2026-09-25T00:53:45+00:00,"Cliente MQTT explicito (paho, SAS manual)",DC-HUMO-08,0.021,25.55,2026-09-25T00:53:45+00:00
2026-09-24T19:54:30-05:00,2026-09-25T00:54:30+00:00,"Cliente MQTT explicito (paho, SAS manual)",DC-HUMO-08,0.021,25.33,2026-09-25T00:54:30+00:00
2026-09-24T19:55:36-05:00,2026-09-25T00:55:36+00:00,"Cliente MQTT explicito (paho, SAS manual)",DC-HUMO-08,0.02,25.17,2026-09-25T00:55:36+00:00
2026-09-24T19:56:21-05:00,2026-09-25T00:56:21+00:00,"Cliente MQTT explicito (paho, SAS manual)",DC-HUMO-08,0.021,24.93,2026-09-25T00:56:21+00:00
2026-09-24T19:57:06-05:00,2026-09-25T00:57:06+00:00,"Cliente MQTT explicito (paho, SAS manual)",DC-HUMO-08,0.018,25.18,2026-09-25T00:57:06+00:00
2026-09-24T19:57:24-05:00,2026-09-25T00:57:24+00:00,"Cliente MQTT explicito (paho, SAS manual)",DC-HUMO-08,0.021,25.42,2026-09-25T00:57:24+00:00
2026-09-24T19:58:09-05:00,2026-09-25T00:58:09+00:00,"Cliente MQTT explicito (paho, SAS manual)",DC-HUMO-08,0.02,25.48,2026-09-25T00:58:09+00:00
2026-09-24T19:59:04-05:00,2026-09-25T00:59:04+00:00,"Cliente MQTT explicito (paho, SAS manual)",DC-HUMO-08,0.019,24.98,2026-09-25T00:59:04+00:00
2026-09-24T19:59:49-05:00,2026-09-25T00:59:49+00:00,"Cliente MQTT explicito (paho, SAS manual)",DC-HUMO-08,0.018,24.76,2026-09-25T00:59:49+00:00
2026-09-24T20:00:34-05:00,2026-09-25T01:00:34+00:00,"Cliente MQTT explicito (paho, SAS manual)",DC-HUMO-08,0.021,25.16,2026-09-25T01:00:34+00:00
2026-09-24T20:01:19-05:00,2026-09-25T01:01:19+00:00,"Cliente MQTT explicito (paho, SAS manual)",DC-HUMO-08,0.019,25.21,2026-09-25T01:01:19+00:00
2026-09-24T20:02:04-05:00,2026-09-25T01:02:04+00:00,"Cliente MQTT explicito (paho, SAS manual)",DC-HUMO-08,0.018,24.75,2026-09-25T01:02:04+00:00
2026-09-24T20:02:49-05:00,2026-09-25T01:02:49+00:00,"Cliente MQTT explicito (paho, SAS manual)",DC-HUMO-08,0.021,25.18,2026-09-25T01:02:49+00:00
2026-09-24T20:03:34-05:00,2026-09-25T01:03:34+00:00,"Cliente MQTT explicito (paho, SAS manual)",DC-HUMO-08,0.018,24.71,2026-09-25T01:03:34+00:00
2026-09-24T20:04:19-05:00,2026-09-25T01:04:19+00:00,"Cliente MQTT explicito (paho, SAS manual)",DC-HUMO-08,0.021,25.46,2026-09-25T01:04:19+00:00
2026-09-24T20:05:04-05:00,2026-09-25T01:05:04+00:00,"Cliente MQTT explicito (paho, SAS manual)",DC-HUMO-08,0.021,25.48,2026-09-25T01:05:04+00:00
2026-09-24T20:05:49-05:00,2026-09-25T01:05:49+00:00,"Cliente MQTT explicito (paho, SAS manual)",DC-HUMO-08,0.018,25.15,2026-09-25T01:05:49+00:00
2026-09-25T15:37:44-05:00,2026-09-25T20:37:44+00:00,"Cliente MQTT explicito (paho, SAS manual)",DC-HUMO-08,0.019,27.19,2026-09-25T20:37:44+00:00
2026-09-25T15:38:29-05:00,2026-09-25T20:38:29+00:00,"Cliente MQTT explicito (paho, SAS manual)",DC-HUMO-08,0.018,26.58,2026-09-25T20:38:29+00:00
2026-09-25T15:39:14-05:00,2026-09-25T20:39:14+00:00,"Cliente MQTT explicito (paho, SAS manual)",DC-HUMO-08,0.022,27.07,2026-09-25T20:39:14+00:00
2026-09-25T15:39:59-05:00,2026-09-25T20:39:59+00:00,"Cliente MQTT explicito (paho, SAS manual)",DC-HUMO-08,0.02,27.31,2026-09-25T20:39:59+00:00
2026-09-25T15:40:45-05:00,2026-09-25T20:40:45+00:00,"Cliente MQTT explicito (paho, SAS manual)",DC-HUMO-08,0.02,27.06,2026-09-25T20:40:45+00:00
2026-09-25T15:41:30-05:00,2026-09-25T20:41:30+00:00,"Cliente MQTT explicito (paho, SAS manual)",DC-HUMO-08,0.021,26.91,2026-09-25T20:41:30+00:00
2026-09-25T15:42:15-05:00,2026-09-25T20:42:15+00:00,"Cliente MQTT explicito (paho, SAS manual)",DC-HUMO-08,0.02,26.79,2026-09-25T20:42:15+00:00
2026-09-25T15:43:00-05:00,2026-09-25T20:43:00+00:00,"Cliente MQTT explicito (paho, SAS manual)",DC-HUMO-08,0.02,27.25,2026-09-25T20:43:00+00:00
2026-09-25T15:43:45-05:00,2026-09-25T20:43:45+00:00,"Cliente MQTT explicito (paho, SAS manual)",DC-HUMO-08,0.018,26.98,2026-09-25T20:43:45+00:00
2026-09-25T15:44:30-05:00,2026-09-25T20:44:30+00:00,"Cliente MQTT explicito (paho, SAS manual)",DC-HUMO-08,0.02,27.11,2026-09-25T20:44:30+00:00
2026-09-25T15:45:15-05:00,2026-09-25T20:45:15+00:00,"Cliente MQTT explicito (paho, SAS manual)",DC-HUMO-08,0.02,27.17,2026-09-25T20:45:15+00:00
2026-09-25T15:46:00-05:00,2026-09-25T20:46:00+00:00,"Cliente MQTT explicito (paho, SAS manual)",DC-HUMO-08,0.02,26.55,2026-09-25T20:46:00+00:00
2026-09-25T15:46:45-05:00,2026-09-25T20:46:45+00:00,"Cliente MQTT explicito (paho, SAS manual)",DC-HUMO-08,0.021,27.24,2026-09-25T20:46:45+00:00
2026-09-25T15:47:30-05:00,2026-09-25T20:47:30+00:00,"Cliente MQTT explicito (paho, SAS manual)",DC-HUMO-08,0.02,27.03,2026-09-25T20:47:30+00:00
2026-09-25T15:48:15-05:00,2026-09-25T20:48:15+00:00,"Cliente MQTT explicito (paho, SAS manual)",DC-HUMO-08,0.021,26.67,2026-09-25T20:48:15+00:00
2026-09-25T15:49:00-05:00,2026-09-25T20:49:00+00:00,"Cliente MQTT explicito (paho, SAS manual)",DC-HUMO-08,0.019,27.03,2026-09-25T20:49:00+00:00
2026-09-25T15:49:45-05:00,2026-09-25T20:49:45+00:00,"Cliente MQTT explicito (paho, SAS manual)",DC-HUMO-08,0.02,26.83,2026-09-25T20:49:45+00:00
2026-09-25T15:50:30-05:00,2026-09-25T20:50:30+00:00,"Cliente MQTT explicito (paho, SAS manual)",DC-HUMO-08,0.018,26.68,2026-09-25T20:50:30+00:00
2026-09-25T15:51:15-05:00,2026-09-25T20:51:15+00:00,"Cliente MQTT explicito (paho, SAS manual)",DC-HUMO-08,0.02,26.79,2026-09-25T20:51:15+00:00
2026-09-25T15:52:00-05:00,2026-09-25T20:52:00+00:00,"Cliente MQTT explicito (paho, SAS manual)",DC-HUMO-08,0.019,26.85,2026-09-25T20:52:00+00:00
2026-09-25T15:52:45-05:00,2026-09-25T20:52:45+00:00,"Cliente MQTT explicito (paho, SAS manual)",DC-HUMO-08,0.019,27.01,2026-09-25T20:52:45+00:00
2026-09-25T15:53:31-05:00,2026-09-25T20:53:31+00:00,"Cliente MQTT explicito (paho, SAS manual)",DC-HUMO-08,0.02,27.09,2026-09-25T20:53:31+00:00
2026-09-25T15:54:16-05:00,2026-09-25T20:54:16+00:00,"Cliente MQTT explicito (paho, SAS manual)",DC-HUMO-08,0.022,27.0,2026-09-25T20:54:16+00:00
2026-09-25T15:55:01-05:00,2026-09-25T20:55:01+00:00,"Cliente MQTT explicito (paho, SAS manual)",DC-HUMO-08,0.019,26.97,2026-09-25T20:55:01+00:00
2026-09-25T15:55:47-05:00,2026-09-25T20:55:47+00:00,"Cliente MQTT explicito (paho, SAS manual)",DC-HUMO-08,0.018,26.61,2026-09-25T20:55:47+00:00
2026-09-25T15:56:32-05:00,2026-09-25T20:56:32+00:00,"Cliente MQTT explicito (paho, SAS manual)",DC-HUMO-08,0.02,26.63,2026-09-25T20:56:32+00:00
2026-09-25T15:57:18-05:00,2026-09-25T20:57:18+00:00,"Cliente MQTT explicito (paho, SAS manual)",DC-HUMO-08,0.019,27.25,2026-09-25T20:57:18+00:00
2026-09-25T15:58:03-05:00,2026-09-25T20:58:03+00:00,"Cliente MQTT explicito (paho, SAS manual)",DC-HUMO-08,0.02,26.7,2026-09-25T20:58:03+00:00
2026-09-25T15:58:48-05:00,2026-09-25T20:58:48+00:00,"Cliente MQTT explicito (paho, SAS manual)",DC-HUMO-08,0.021,26.69,2026-09-25T20:58:48+00:00
2026-09-25T15:59:34-05:00,2026-09-25T20:59:34+00:00,"Cliente MQTT explicito (paho, SAS manual)",DC-HUMO-08,0.021,26.68,2026-09-25T20:59:34+00:00
2026-09-25T16:00:19-05:00,2026-09-25T21:00:19+00:00,"Cliente MQTT explicito (paho, SAS manual)",DC-HUMO-08,0.02,27.0,2026-09-25T21:00:19+00:00
2026-09-25T16:01:04-05:00,2026-09-25T21:01:04+00:00,"Cliente MQTT explicito (paho, SAS manual)",DC-HUMO-08,0.021,26.55,2026-09-25T21:01:04+00:00
2026-09-25T16:01:49-05:00,2026-09-25T21:01:49+00:00,"Cliente MQTT explicito (paho, SAS manual)",DC-HUMO-08,0.021,26.77,2026-09-25T21:01:49+00:00
2026-09-25T16:02:35-05:00,2026-09-25T21:02:35+00:00,"Cliente MQTT explicito (paho, SAS manual)",DC-HUMO-08,0.02,26.99,2026-09-25T21:02:35+00:00
2026-09-25T16:03:21-05:00,2026-09-25T21:03:21+00:00,"Cliente MQTT explicito (paho, SAS manual)",DC-HUMO-08,0.021,26.73,2026-09-25T21:03:21+00:00
2026-09-25T16:04:06-05:00,2026-09-25T21:04:06+00:00,"Cliente MQTT explicito (paho, SAS manual)",DC-HUMO-08,0.018,26.91,2026-09-25T21:04:06+00:00
2026-09-25T16:04:51-05:00,2026-09-25T21:04:51+00:00,"Cliente MQTT explicito (paho, SAS manual)",DC-HUMO-08,0.02,26.76,2026-09-25T21:04:51+00:00
2026-09-25T16:05:36-05:00,2026-09-25T21:05:36+00:00,"Cliente MQTT explicito (paho, SAS manual)",DC-HUMO-08,0.019,26.64,2026-09-25T21:05:36+00:00
2026-09-25T16:06:21-05:00,2026-09-25T21:06:21+00:00,"Cliente MQTT explicito (paho, SAS manual)",DC-HUMO-08,0.021,26.55,2026-09-25T21:06:21+00:00
2026-09-25T16:07:07-05:00,2026-09-25T21:07:07+00:00,"Cliente MQTT explicito (paho, SAS manual)",DC-HUMO-08,0.019,26.82,2026-09-25T21:07:07+00:00
2026-09-25T16:07:53-05:00,2026-09-25T21:07:53+00:00,"Cliente MQTT explicito (paho, SAS manual)",DC-HUMO-08,0.018,26.54,2026-09-25T21:07:53+00:00
2026-09-25T16:08:38-05:00,2026-09-25T21:08:38+00:00,"Cliente MQTT explicito (paho, SAS manual)",DC-HUMO-08,0.019,26.82,2026-09-25T21:08:38+00:00
2026-09-25T16:09:24-05:00,2026-09-25T21:09:24+00:00,"Cliente MQTT explicito (paho, SAS manual)",DC-HUMO-08,0.019,26.66,2026-09-25T21:09:24+00:00
2026-09-25T16:10:10-05:00,2026-09-25T21:10:10+00:00,"Cliente MQTT explicito (paho, SAS manual)",DC-HUMO-08,0.018,27.28,2026-09-25T21:10:10+00:00
2026-09-25T16:10:55-05:00,2026-09-25T21:10:55+00:00,"Cliente MQTT explicito (paho, SAS manual)",DC-HUMO-08,0.018,26.58,2026-09-25T21:10:55+00:00
2026-09-25T16:11:41-05:00,2026-09-25T21:11:41+00:00,"Cliente MQTT explicito (paho, SAS manual)",DC-HUMO-08,0.019,26.95,2026-09-25T21:11:41+00:00
2026-09-25T16:12:26-05:00,2026-09-25T21:12:26+00:00,"Cliente MQTT explicito (paho, SAS manual)",DC-HUMO-08,0.02,27.15,2026-09-25T21:12:26+00:00
2026-09-25T16:13:11-05:00,2026-09-25T21:13:11+00:00,"Cliente MQTT explicito (paho, SAS manual)",DC-HUMO-08,0.019,27.23,2026-09-25T21:13:11+00:00
2026-09-25T16:13:56-05:00,2026-09-25T21:13:56+00:00,"Cliente MQTT explicito (paho, SAS manual)",DC-HUMO-08,0.02,26.62,2026-09-25T21:13:56+00:00
2026-09-25T16:14:41-05:00,2026-09-25T21:14:41+00:00,"Cliente MQTT explicito (paho, SAS manual)",DC-HUMO-08,0.02,26.48,2026-09-25T21:14:41+00:00
2026-09-25T16:15:26-05:00,2026-09-25T21:15:26+00:00,"Cliente MQTT explicito (paho, SAS manual)",DC-HUMO-08,0.02,27.19,2026-09-25T21:15:26+00:00
2026-09-25T16:16:11-05:00,2026-09-25T21:16:11+00:00,"Cliente MQTT explicito (paho, SAS manual)",DC-HUMO-08,0.02,26.66,2026-09-25T21:16:11+00:00
2026-09-25T16:16:56-05:00,2026-09-25T21:16:56+00:00,"Cliente MQTT explicito (paho, SAS manual)",DC-HUMO-08,0.018,27.23,2026-09-25T21:16:56+00:00
2026-09-25T16:17:41-05:00,2026-09-25T21:17:41+00:00,"Cliente MQTT explicito (paho, SAS manual)",DC-HUMO-08,0.019,26.99,2026-09-25T21:17:41+00:00
2026-09-25T16:18:26-05:00,2026-09-25T21:18:26+00:00,"Cliente MQTT explicito (paho, SAS manual)",DC-HUMO-08,0.017,26.86,2026-09-25T21:18:26+00:00
2026-09-25T16:19:11-05:00,2026-09-25T21:19:11+00:00,"Cliente MQTT explicito (paho, SAS manual)",DC-HUMO-08,0.018,27.2,2026-09-25T21:19:11+00:00
2026-09-25T16:19:56-05:00,2026-09-25T21:19:56+00:00,"Cliente MQTT explicito (paho, SAS manual)",DC-HUMO-08,0.021,27.2,2026-09-25T21:19:56+00:00
2026-09-25T16:20:41-05:00,2026-09-25T21:20:41+00:00,"Cliente MQTT explicito (paho, SAS manual)",DC-HUMO-08,0.019,26.72,2026-09-25T21:20:41+00:00
2026-09-25T16:21:26-05:00,2026-09-25T21:21:26+00:00,"Cliente MQTT explicito (paho, SAS manual)",DC-HUMO-08,0.019,26.52,2026-09-25T21:21:26+00:00
2026-09-25T16:22:11-05:00,2026-09-25T21:22:11+00:00,"Cliente MQTT explicito (paho, SAS manual)",DC-HUMO-08,0.018,27.16,2026-09-25T21:22:11+00:00
2026-09-25T16:22:56-05:00,2026-09-25T21:22:56+00:00,"Cliente MQTT explicito (paho, SAS manual)",DC-HUMO-08,0.02,26.85,2026-09-25T21:22:56+00:00
2026-09-25T16:23:41-05:00,2026-09-25T21:23:41+00:00,"Cliente MQTT explicito (paho, SAS manual)",DC-HUMO-08,0.019,26.69,2026-09-25T21:23:41+00:00
2026-09-25T16:24:26-05:00,2026-09-25T21:24:26+00:00,"Cliente MQTT explicito (paho, SAS manual)",DC-HUMO-08,0.018,26.9,2026-09-25T21:24:26+00:00
2026-09-25T16:25:11-05:00,2026-09-25T21:25:11+00:00,"Cliente MQTT explicito (paho, SAS manual)",DC-HUMO-08,0.019,27.04,2026-09-25T21:25:11+00:00
2026-09-25T16:25:56-05:00,2026-09-25T21:25:56+00:00,"Cliente MQTT explicito (paho, SAS manual)",DC-HUMO-08,0.02,26.88,2026-09-25T21:25:56+00:00
2026-09-25T16:26:41-05:00,2026-09-25T21:26:41+00:00,"Cliente MQTT explicito (paho, SAS manual)",DC-HUMO-08,0.019,26.48,2026-09-25T21:26:41+00:00
2026-09-25T16:27:26-05:00,2026-09-25T21:27:26+00:00,"Cliente MQTT explicito (paho, SAS manual)",DC-HUMO-08,0.02,27.13,2026-09-25T21:27:26+00:00
2026-09-25T16:28:11-05:00,2026-09-25T21:28:11+00:00,"Cliente MQTT explicito (paho, SAS manual)",DC-HUMO-08,0.021,26.44,2026-09-25T21:28:11+00:00
2026-09-25T16:28:56-05:00,2026-09-25T21:28:56+00:00,"Cliente MQTT explicito (paho, SAS manual)",DC-HUMO-08,0.018,26.9,2026-09-25T21:28:56+00:00
2026-09-25T16:29:41-05:00,2026-09-25T21:29:41+00:00,"Cliente MQTT explicito (paho, SAS manual)",DC-HUMO-08,0.021,26.69,2026-09-25T21:29:41+00:00
2026-09-25T16:30:26-05:00,2026-09-25T21:30:26+00:00,"Cliente MQTT explicito (paho, SAS manual)",DC-HUMO-08,0.018,27.06,2026-09-25T21:30:26+00:00
2026-09-25T16:31:11-05:00,2026-09-25T21:31:11+00:00,"Cliente MQTT explicito (paho, SAS manual)",DC-HUMO-08,0.021,26.77,2026-09-25T21:31:11+00:00
2026-09-25T16:31:56-05:00,2026-09-25T21:31:56+00:00,"Cliente MQTT explicito (paho, SAS manual)",DC-HUMO-08,0.019,26.42,2026-09-25T21:31:56+00:00
2026-09-25T16:32:41-05:00,2026-09-25T21:32:41+00:00,"Cliente MQTT explicito (paho, SAS manual)",DC-HUMO-08,0.019,26.51,2026-09-25T21:32:41+00:00
2026-09-25T16:33:26-05:00,2026-09-25T21:33:26+00:00,"Cliente MQTT explicito (paho, SAS manual)",DC-HUMO-08,0.018,26.82,2026-09-25T21:33:26+00:00
2026-09-25T16:34:11-05:00,2026-09-25T21:34:11+00:00,"Cliente MQTT explicito (paho, SAS manual)",DC-HUMO-08,0.019,26.56,2026-09-25T21:34:11+00:00
2026-09-25T16:34:56-05:00,2026-09-25T21:34:56+00:00,"Cliente MQTT explicito (paho, SAS manual)",DC-HUMO-08,0.02,27.06,2026-09-25T21:34:56+00:00
2026-09-25T16:35:41-05:00,2026-09-25T21:35:41+00:00,"Cliente MQTT explicito (paho, SAS manual)",DC-HUMO-08,0.018,27.01,2026-09-25T21:35:41+00:00
2026-09-25T16:36:26-05:00,2026-09-25T21:36:26+00:00,"Cliente MQTT explicito (paho, SAS manual)",DC-HUMO-08,0.02,26.84,2026-09-25T21:36:26+00:00
2026-09-25T16:37:11-05:00,2026-09-25T21:37:11+00:00,"Cliente MQTT explicito (paho, SAS manual)",DC-HUMO-08,0.021,26.68,2026-09-25T21:37:11+00:00
2026-09-25T16:37:56-05:00,2026-09-25T21:37:56+00:00,"Cliente MQTT explicito (paho, SAS manual)",DC-HUMO-08,0.019,27.14,2026-09-25T21:37:56+00:00
2026-09-25T16:38:41-05:00,2026-09-25T21:38:41+00:00,"Cliente MQTT explicito (paho, SAS manual)",DC-HUMO-08,0.02,26.93,2026-09-25T21:38:41+00:00
2026-09-25T16:39:26-05:00,2026-09-25T21:39:26+00:00,"Cliente MQTT explicito (paho, SAS manual)",DC-HUMO-08,0.02,27.16,2026-09-25T21:39:26+00:00
2026-09-25T16:40:11-05:00,2026-09-25T21:40:11+00:00,"Cliente MQTT explicito (paho, SAS manual)",DC-HUMO-08,0.02,27.0,2026-09-25T21:40:11+00:00
2026-09-25T16:40:56-05:00,2026-09-25T21:40:56+00:00,"Cliente MQTT explicito (paho, SAS manual)",DC-HUMO-08,0.02,26.53,2026-09-25T21:40:56+00:00
2026-09-25T16:41:41-05:00,2026-09-25T21:41:41+00:00,"Cliente MQTT explicito (paho, SAS manual)",DC-HUMO-08,0.019,26.54,2026-09-25T21:41:41+00:00
2026-09-25T16:42:26-05:00,2026-09-25T21:42:26+00:00,"Cliente MQTT explicito (paho, SAS manual)",DC-HUMO-08,0.02,26.89,2026-09-25T21:42:26+00:00
2026-09-25T16:43:11-05:00,2026-09-25T21:43:11+00:00,"Cliente MQTT explicito (paho, SAS manual)",DC-HUMO-08,0.018,26.65,2026-09-25T21:43:11+00:00
2026-09-25T16:43:56-05:00,2026-09-25T21:43:56+00:00,"Cliente MQTT explicito (paho, SAS manual)",DC-HUMO-08,0.021,27.13,2026-09-25T21:43:56+00:00
2026-09-25T16:44:41-05:00,2026-09-25T21:44:41+00:00,"Cliente MQTT explicito (paho, SAS manual)",DC-HUMO-08,0.019,26.71,2026-09-25T21:44:41+00:00
2026-09-25T16:45:26-05:00,2026-09-25T21:45:26+00:00,"Cliente MQTT explicito (paho, SAS manual)",DC-HUMO-08,0.02,26.9,2026-09-25T21:45:26+00:00
2026-09-25T16:46:11-05:00,2026-09-25T21:46:11+00:00,"Cliente MQTT explicito (paho, SAS manual)",DC-HUMO-08,0.018,26.76,2026-09-25T21:46:11+00:00
2026-09-25T16:46:56-05:00,2026-09-25T21:46:56+00:00,"Cliente MQTT explicito (paho, SAS manual)",DC-HUMO-08,0.019,26.55,2026-09-25T21:46:56+00:00
2026-09-25T16:47:41-05:00,2026-09-25T21:47:41+00:00,"Cliente MQTT explicito (paho, SAS manual)",DC-HUMO-08,0.019,26.52,2026-09-25T21:47:41+00:00
2026-09-25T16:48:26-05:00,2026-09-25T21:48:26+00:00,"Cliente MQTT explicito (paho, SAS manual)",DC-HUMO-08,0.018,26.37,2026-09-25T21:48:26+00:00
2026-09-25T16:49:11-05:00,2026-09-25T21:49:11+00:00,"Cliente MQTT explicito (paho, SAS manual)",DC-HUMO-08,0.018,27.08,2026-09-25T21:49:11+00:00
2026-09-25T16:49:56-05:00,2026-09-25T21:49:56+00:00,"Cliente MQTT explicito (paho, SAS manual)",DC-HUMO-08,0.021,27.06,2026-09-25T21:49:56+00:00
2026-09-25T16:50:41-05:00,2026-09-25T21:50:41+00:00,"Cliente MQTT explicito (paho, SAS manual)",DC-HUMO-08,0.018,26.44,2026-09-25T21:50:41+00:00
2026-09-25T16:51:26-05:00,2026-09-25T21:51:26+00:00,"Cliente MQTT explicito (paho, SAS manual)",DC-HUMO-08,0.019,26.77,2026-09-25T21:51:26+00:00
2026-09-25T16:52:11-05:00,2026-09-25T21:52:11+00:00,"Cliente MQTT explicito (paho, SAS manual)",DC-HUMO-08,0.02,26.98,2026-09-25T21:52:11+00:00
2026-09-25T16:52:56-05:00,2026-09-25T21:52:56+00:00,"Cliente MQTT explicito (paho, SAS manual)",DC-HUMO-08,0.021,26.4,2026-09-25T21:52:56+00:00
2026-09-25T16:53:41-05:00,2026-09-25T21:53:41+00:00,"Cliente MQTT explicito (paho, SAS manual)",DC-HUMO-08,0.017,26.86,2026-09-25T21:53:41+00:00
2026-09-25T16:54:26-05:00,2026-09-25T21:54:26+00:00,"Cliente MQTT explicito (paho, SAS manual)",DC-HUMO-08,0.019,26.77,2026-09-25T21:54:26+00:00
2026-09-25T16:55:11-05:00,2026-09-25T21:55:11+00:00,"Cliente MQTT explicito (paho, SAS manual)",DC-HUMO-08,0.019,26.55,2026-09-25T21:55:11+00:00
2026-09-25T16:55:56-05:00,2026-09-25T21:55:56+00:00,"Cliente MQTT explicito (paho, SAS manual)",DC-HUMO-08,0.019,26.89,2026-09-25T21:55:56+00:00
2026-09-25T16:56:41-05:00,2026-09-25T21:56:41+00:00,"Cliente MQTT explicito (paho, SAS manual)",DC-HUMO-08,0.019,26.52,2026-09-25T21:56:41+00:00
2026-09-25T16:57:27-05:00,2026-09-25T21:57:27+00:00,"Cliente MQTT explicito (paho, SAS manual)",DC-HUMO-08,0.018,26.58,2026-09-25T21:57:27+00:00
2026-09-25T16:58:12-05:00,2026-09-25T21:58:12+00:00,"Cliente MQTT explicito (paho, SAS manual)",DC-HUMO-08,0.021,27.06,2026-09-25T21:58:12+00:00
2026-09-25T16:58:58-05:00,2026-09-25T21:58:58+00:00,"Cliente MQTT explicito (paho, SAS manual)",DC-HUMO-08,0.018,26.92,2026-09-25T21:58:58+00:00
2026-09-25T16:59:43-05:00,2026-09-25T21:59:43+00:00,"Cliente MQTT explicito (paho, SAS manual)",DC-HUMO-08,0.02,27.01,2026-09-25T21:59:43+00:00
2026-09-25T17:00:29-05:00,2026-09-25T22:00:29+00:00,"Cliente MQTT explicito (paho, SAS manual)",DC-HUMO-08,0.018,26.98,2026-09-25T22:00:29+00:00
2026-09-25T17:01:14-05:00,2026-09-25T22:01:14+00:00,"Cliente MQTT explicito (paho, SAS manual)",DC-HUMO-08,0.019,26.84,2026-09-25T22:01:14+00:00
2026-09-25T17:01:59-05:00,2026-09-25T22:01:59+00:00,"Cliente MQTT explicito (paho, SAS manual)",DC-HUMO-08,0.018,26.74,2026-09-25T22:01:59+00:00
2026-09-25T17:02:44-05:00,2026-09-25T22:02:44+00:00,"Cliente MQTT explicito (paho, SAS manual)",DC-HUMO-08,0.021,26.46,2026-09-25T22:02:44+00:00
2026-09-25T17:03:29-05:00,2026-09-25T22:03:29+00:00,"Cliente MQTT explicito (paho, SAS manual)",DC-HUMO-08,0.019,26.85,2026-09-25T22:03:29+00:00
2026-09-25T17:04:15-05:00,2026-09-25T22:04:15+00:00,"Cliente MQTT explicito (paho, SAS manual)",DC-HUMO-08,0.02,26.54,2026-09-25T22:04:15+00:00
2026-09-25T17:05:00-05:00,2026-09-25T22:05:00+00:00,"Cliente MQTT explicito (paho, SAS manual)",DC-HUMO-08,0.018,26.32,2026-09-25T22:05:00+00:00
2026-09-25T17:05:46-05:00,2026-09-25T22:05:46+00:00,"Cliente MQTT explicito (paho, SAS manual)",DC-HUMO-08,0.019,27.01,2026-09-25T22:05:46+00:00
2026-09-25T17:06:33-05:00,2026-09-25T22:06:33+00:00,"Cliente MQTT explicito (paho, SAS manual)",DC-HUMO-08,0.017,26.82,2026-09-25T22:06:33+00:00
2026-09-25T17:07:20-05:00,2026-09-25T22:07:20+00:00,"Cliente MQTT explicito (paho, SAS manual)",DC-HUMO-08,0.02,26.98,2026-09-25T22:07:20+00:00
2026-09-25T17:08:05-05:00,2026-09-25T22:08:05+00:00,"Cliente MQTT explicito (paho, SAS manual)",DC-HUMO-08,0.017,26.86,2026-09-25T22:08:05+00:00
2026-09-25T17:08:50-05:00,2026-09-25T22:08:50+00:00,"Cliente MQTT explicito (paho, SAS manual)",DC-HUMO-08,0.02,26.42,2026-09-25T22:08:50+00:00
2026-09-25T17:09:36-05:00,2026-09-25T22:09:36+00:00,"Cliente MQTT explicito (paho, SAS manual)",DC-HUMO-08,0.02,26.4,2026-09-25T22:09:36+00:00
2026-09-25T17:10:21-05:00,2026-09-25T22:10:21+00:00,"Cliente MQTT explicito (paho, SAS manual)",DC-HUMO-08,0.02,26.86,2026-09-25T22:10:21+00:00
2026-09-25T17:11:06-05:00,2026-09-25T22:11:06+00:00,"Cliente MQTT explicito (paho, SAS manual)",DC-HUMO-08,0.018,26.89,2026-09-25T22:11:06+00:00
2026-09-25T17:11:51-05:00,2026-09-25T22:11:51+00:00,"Cliente MQTT explicito (paho, SAS manual)",DC-HUMO-08,0.02,26.57,2026-09-25T22:11:51+00:00
2026-09-25T17:12:37-05:00,2026-09-25T22:12:37+00:00,"Cliente MQTT explicito (paho, SAS manual)",DC-HUMO-08,0.019,26.53,2026-09-25T22:12:37+00:00
2026-09-25T17:13:23-05:00,2026-09-25T22:13:23+00:00,"Cliente MQTT explicito (paho, SAS manual)",DC-HUMO-08,0.02,26.43,2026-09-25T22:13:23+00:00
2026-09-25T17:14:08-05:00,2026-09-25T22:14:08+00:00,"Cliente MQTT explicito (paho, SAS manual)",DC-HUMO-08,0.019,26.69,2026-09-25T22:14:08+00:00
2026-09-25T17:14:53-05:00,2026-09-25T22:14:53+00:00,"Cliente MQTT explicito (paho, SAS manual)",DC-HUMO-08,0.019,26.64,2026-09-25T22:14:53+00:00
2026-09-25T17:15:38-05:00,2026-09-25T22:15:38+00:00,"Cliente MQTT explicito (paho, SAS manual)",DC-HUMO-08,0.021,26.61,2026-09-25T22:15:38+00:00
2026-09-25T17:16:24-05:00,2026-09-25T22:16:24+00:00,"Cliente MQTT explicito (paho, SAS manual)",DC-HUMO-08,0.018,26.24,2026-09-25T22:16:24+00:00
2026-09-25T17:17:09-05:00,2026-09-25T22:17:09+00:00,"Cliente MQTT explicito (paho, SAS manual)",DC-HUMO-08,0.019,26.8,2026-09-25T22:17:09+00:00
2026-09-25T17:17:54-05:00,2026-09-25T22:17:54+00:00,"Cliente MQTT explicito (paho, SAS manual)",DC-HUMO-08,0.019,26.49,2026-09-25T22:17:54+00:00
2026-09-25T17:18:39-05:00,2026-09-25T22:18:39+00:00,"Cliente MQTT explicito (paho, SAS manual)",DC-HUMO-08,0.018,26.18,2026-09-25T22:18:39+00:00
2026-09-25T17:19:24-05:00,2026-09-25T22:19:24+00:00,"Cliente MQTT explicito (paho, SAS manual)",DC-HUMO-08,0.019,26.16,2026-09-25T22:19:24+00:00
2026-09-25T17:20:09-05:00,2026-09-25T22:20:09+00:00,"Cliente MQTT explicito (paho, SAS manual)",DC-HUMO-08,0.02,26.9,2026-09-25T22:20:09+00:00
2026-09-25T17:20:54-05:00,2026-09-25T22:20:54+00:00,"Cliente MQTT explicito (paho, SAS manual)",DC-HUMO-08,0.019,26.46,2026-09-25T22:20:54+00:00
2026-09-25T17:21:40-05:00,2026-09-25T22:21:40+00:00,"Cliente MQTT explicito (paho, SAS manual)",DC-HUMO-08,0.02,26.32,2026-09-25T22:21:40+00:00
2026-09-25T17:22:25-05:00,2026-09-25T22:22:25+00:00,"Cliente MQTT explicito (paho, SAS manual)",DC-HUMO-08,0.019,26.69,2026-09-25T22:22:25+00:00
2026-09-25T17:23:11-05:00,2026-09-25T22:23:11+00:00,"Cliente MQTT explicito (paho, SAS manual)",DC-HUMO-08,0.019,26.73,2026-09-25T22:23:11+00:00
2026-09-25T17:23:56-05:00,2026-09-25T22:23:56+00:00,"Cliente MQTT explicito (paho, SAS manual)",DC-HUMO-08,0.019,26.35,2026-09-25T22:23:56+00:00
2026-09-25T17:24:41-05:00,2026-09-25T22:24:41+00:00,"Cliente MQTT explicito (paho, SAS manual)",DC-HUMO-08,0.02,26.58,2026-09-25T22:24:41+00:00
2026-09-25T17:25:26-05:00,2026-09-25T22:25:26+00:00,"Cliente MQTT explicito (paho, SAS manual)",DC-HUMO-08,0.019,26.38,2026-09-25T22:25:26+00:00
2026-09-25T17:26:12-05:00,2026-09-25T22:26:12+00:00,"Cliente MQTT explicito (paho, SAS manual)",DC-HUMO-08,0.018,26.13,2026-09-25T22:26:12+00:00
2026-09-25T17:26:57-05:00,2026-09-25T22:26:57+00:00,"Cliente MQTT explicito (paho, SAS manual)",DC-HUMO-08,0.019,26.64,2026-09-25T22:26:57+00:00
2026-09-25T17:27:43-05:00,2026-09-25T22:27:43+00:00,"Cliente MQTT explicito (paho, SAS manual)",DC-HUMO-08,0.02,26.4,2026-09-25T22:27:43+00:00
2026-09-25T17:28:28-05:00,2026-09-25T22:28:28+00:00,"Cliente MQTT explicito (paho, SAS manual)",DC-HUMO-08,0.02,26.53,2026-09-25T22:28:28+00:00
2026-09-25T17:29:14-05:00,2026-09-25T22:29:14+00:00,"Cliente MQTT explicito (paho, SAS manual)",DC-HUMO-08,0.02,26.64,2026-09-25T22:29:14+00:00
2026-09-25T17:29:59-05:00,2026-09-25T22:29:59+00:00,"Cliente MQTT explicito (paho, SAS manual)",DC-HUMO-08,0.017,26.47,2026-09-25T22:29:59+00:00
2026-09-25T17:30:46-05:00,2026-09-25T22:30:46+00:00,"Cliente MQTT explicito (paho, SAS manual)",DC-HUMO-08,0.017,26.66,2026-09-25T22:30:46+00:00
2026-09-25T17:31:31-05:00,2026-09-25T22:31:31+00:00,"Cliente MQTT explicito (paho, SAS manual)",DC-HUMO-08,0.018,26.81,2026-09-25T22:31:31+00:00
2026-09-25T17:32:16-05:00,2026-09-25T22:32:16+00:00,"Cliente MQTT explicito (paho, SAS manual)",DC-HUMO-08,0.019,26.21,2026-09-25T22:32:16+00:00
2026-09-25T17:33:01-05:00,2026-09-25T22:33:01+00:00,"Cliente MQTT explicito (paho, SAS manual)",DC-HUMO-08,0.021,26.09,2026-09-25T22:33:01+00:00
2026-09-25T17:33:46-05:00,2026-09-25T22:33:46+00:00,"Cliente MQTT explicito (paho, SAS manual)",DC-HUMO-08,0.019,26.18,2026-09-25T22:33:46+00:00
2026-09-25T17:34:31-05:00,2026-09-25T22:34:31+00:00,"Cliente MQTT explicito (paho, SAS manual)",DC-HUMO-08,0.02,26.26,2026-09-25T22:34:31+00:00
2026-09-25T17:35:19-05:00,2026-09-25T22:35:19+00:00,"Cliente MQTT explicito (paho, SAS manual)",DC-HUMO-08,0.017,26.17,2026-09-25T22:35:19+00:00
2026-09-25T17:36:08-05:00,2026-09-25T22:36:08+00:00,"Cliente MQTT explicito (paho, SAS manual)",DC-HUMO-08,0.019,26.2,2026-09-25T22:36:08+00:00
2026-09-25T17:36:53-05:00,2026-09-25T22:36:53+00:00,"Cliente MQTT explicito (paho, SAS manual)",DC-HUMO-08,0.019,26.48,2026-09-25T22:36:53+00:00
2026-09-25T17:37:40-05:00,2026-09-25T22:37:40+00:00,"Cliente MQTT explicito (paho, SAS manual)",DC-HUMO-08,0.019,26.32,2026-09-25T22:37:40+00:00
2026-09-25T17:38:25-05:00,2026-09-25T22:38:25+00:00,"Cliente MQTT explicito (paho, SAS manual)",DC-HUMO-08,0.017,26.05,2026-09-25T22:38:25+00:00
2026-09-25T17:39:10-05:00,2026-09-25T22:39:10+00:00,"Cliente MQTT explicito (paho, SAS manual)",DC-HUMO-08,0.021,26.53,2026-09-25T22:39:10+00:00
2026-09-25T17:39:55-05:00,2026-09-25T22:39:55+00:00,"Cliente MQTT explicito (paho, SAS manual)",DC-HUMO-08,0.02,26.74,2026-09-25T22:39:55+00:00
2026-09-25T17:40:40-05:00,2026-09-25T22:40:40+00:00,"Cliente MQTT explicito (paho, SAS manual)",DC-HUMO-08,0.018,26.49,2026-09-25T22:40:40+00:00
2026-09-25T17:41:25-05:00,2026-09-25T22:41:25+00:00,"Cliente MQTT explicito (paho, SAS manual)",DC-HUMO-08,0.018,26.1,2026-09-25T22:41:25+00:00
2026-09-25T17:42:10-05:00,2026-09-25T22:42:10+00:00,"Cliente MQTT explicito (paho, SAS manual)",DC-HUMO-08,0.019,26.29,2026-09-25T22:42:10+00:00
2026-09-25T17:42:55-05:00,2026-09-25T22:42:55+00:00,"Cliente MQTT explicito (paho, SAS manual)",DC-HUMO-08,0.021,26.75,2026-09-25T22:42:55+00:00
2026-09-25T17:43:40-05:00,2026-09-25T22:43:40+00:00,"Cliente MQTT explicito (paho, SAS manual)",DC-HUMO-08,0.02,26.17,2026-09-25T22:43:40+00:00
2026-09-25T17:44:25-05:00,2026-09-25T22:44:25+00:00,"Cliente MQTT explicito (paho, SAS manual)",DC-HUMO-08,0.019,26.5,2026-09-25T22:44:25+00:00
2026-09-25T17:45:10-05:00,2026-09-25T22:45:10+00:00,"Cliente MQTT explicito (paho, SAS manual)",DC-HUMO-08,0.018,26.02,2026-09-25T22:45:10+00:00
2026-09-25T17:45:59-05:00,2026-09-25T22:45:59+00:00,"Cliente MQTT explicito (paho, SAS manual)",DC-HUMO-08,0.018,26.09,2026-09-25T22:45:59+00:00
2026-09-25T17:46:44-05:00,2026-09-25T22:46:44+00:00,"Cliente MQTT explicito (paho, SAS manual)",DC-HUMO-08,0.021,26.1,2026-09-25T22:46:44+00:00
2026-09-25T17:47:29-05:00,2026-09-25T22:47:29+00:00,"Cliente MQTT explicito (paho, SAS manual)",DC-HUMO-08,0.019,26.59,2026-09-25T22:47:29+00:00
2026-09-25T17:48:14-05:00,2026-09-25T22:48:14+00:00,"Cliente MQTT explicito (paho, SAS manual)",DC-HUMO-08,0.02,26.48,2026-09-25T22:48:14+00:00
2026-09-25T17:48:59-05:00,2026-09-25T22:48:59+00:00,"Cliente MQTT explicito (paho, SAS manual)",DC-HUMO-08,0.018,26.27,2026-09-25T22:48:59+00:00
2026-09-25T17:49:58-05:00,2026-09-25T22:49:58+00:00,"Cliente MQTT explicito (paho, SAS manual)",DC-HUMO-08,0.019,25.97,2026-09-25T22:49:58+00:00
2026-09-25T17:50:44-05:00,2026-09-25T22:50:44+00:00,"Cliente MQTT explicito (paho, SAS manual)",DC-HUMO-08,0.018,26.25,2026-09-25T22:50:44+00:00
2026-09-25T17:51:29-05:00,2026-09-25T22:51:29+00:00,"Cliente MQTT explicito (paho, SAS manual)",DC-HUMO-08,0.018,26.55,2026-09-25T22:51:29+00:00
2026-09-25T17:52:14-05:00,2026-09-25T22:52:14+00:00,"Cliente MQTT explicito (paho, SAS manual)",DC-HUMO-08,0.021,26.72,2026-09-25T22:52:14+00:00
2026-09-25T17:52:59-05:00,2026-09-25T22:52:59+00:00,"Cliente MQTT explicito (paho, SAS manual)",DC-HUMO-08,0.019,26.1,2026-09-25T22:52:59+00:00
2026-09-25T17:53:44-05:00,2026-09-25T22:53:44+00:00,"Cliente MQTT explicito (paho, SAS manual)",DC-HUMO-08,0.02,26.44,2026-09-25T22:53:44+00:00
2026-09-25T17:54:29-05:00,2026-09-25T22:54:29+00:00,"Cliente MQTT explicito (paho, SAS manual)",DC-HUMO-08,0.018,26.3,2026-09-25T22:54:29+00:00
2026-09-25T17:55:15-05:00,2026-09-25T22:55:15+00:00,"Cliente MQTT explicito (paho, SAS manual)",DC-HUMO-08,0.021,26.19,2026-09-25T22:55:15+00:00
2026-09-25T17:56:02-05:00,2026-09-25T22:56:02+00:00,"Cliente MQTT explicito (paho, SAS manual)",DC-HUMO-08,0.019,26.65,2026-09-25T22:56:02+00:00
2026-09-25T17:56:47-05:00,2026-09-25T22:56:47+00:00,"Cliente MQTT explicito (paho, SAS manual)",DC-HUMO-08,0.017,26.51,2026-09-25T22:56:47+00:00
2026-09-25T17:57:32-05:00,2026-09-25T22:57:32+00:00,"Cliente MQTT explicito (paho, SAS manual)",DC-HUMO-08,0.02,25.95,2026-09-25T22:57:32+00:00
2026-09-25T17:58:18-05:00,2026-09-25T22:58:18+00:00,"Cliente MQTT explicito (paho, SAS manual)",DC-HUMO-08,0.017,26.31,2026-09-25T22:58:18+00:00
2026-09-25T17:59:05-05:00,2026-09-25T22:59:05+00:00,"Cliente MQTT explicito (paho, SAS manual)",DC-HUMO-08,0.017,26.29,2026-09-25T22:59:05+00:00
2026-09-25T17:59:50-05:00,2026-09-25T22:59:50+00:00,"Cliente MQTT explicito (paho, SAS manual)",DC-HUMO-08,0.021,25.88,2026-09-25T22:59:50+00:00
2026-09-25T18:00:35-05:00,2026-09-25T23:00:35+00:00,"Cliente MQTT explicito (paho, SAS manual)",DC-HUMO-08,0.018,26.19,2026-09-25T23:00:35+00:00
2026-09-25T18:01:20-05:00,2026-09-25T23:01:20+00:00,"Cliente MQTT explicito (paho, SAS manual)",DC-HUMO-08,0.02,26.04,2026-09-25T23:01:20+00:00
2026-09-25T18:02:05-05:00,2026-09-25T23:02:05+00:00,"Cliente MQTT explicito (paho, SAS manual)",DC-HUMO-08,0.018,26.31,2026-09-25T23:02:05+00:00
2026-09-25T18:02:53-05:00,2026-09-25T23:02:53+00:00,"Cliente MQTT explicito (paho, SAS manual)",DC-HUMO-08,0.019,25.9,2026-09-25T23:02:53+00:00
2026-09-25T18:03:38-05:00,2026-09-25T23:03:38+00:00,"Cliente MQTT explicito (paho, SAS manual)",DC-HUMO-08,0.018,26.11,2026-09-25T23:03:38+00:00
2026-09-25T18:04:23-05:00,2026-09-25T23:04:23+00:00,"Cliente MQTT explicito (paho, SAS manual)",DC-HUMO-08,0.019,26.5,2026-09-25T23:04:23+00:00
2026-09-25T18:05:08-05:00,2026-09-25T23:05:08+00:00,"Cliente MQTT explicito (paho, SAS manual)",DC-HUMO-08,0.018,25.93,2026-09-25T23:05:08+00:00
2026-09-25T18:05:54-05:00,2026-09-25T23:05:54+00:00,"Cliente MQTT explicito (paho, SAS manual)",DC-HUMO-08,0.02,26.07,2026-09-25T23:05:54+00:00
2026-09-25T18:06:39-05:00,2026-09-25T23:06:39+00:00,"Cliente MQTT explicito (paho, SAS manual)",DC-HUMO-08,0.017,26.3,2026-09-25T23:06:39+00:00
2026-09-25T18:07:24-05:00,2026-09-25T23:07:24+00:00,"Cliente MQTT explicito (paho, SAS manual)",DC-HUMO-08,0.019,26.14,2026-09-25T23:07:24+00:00
2026-09-25T18:08:10-05:00,2026-09-25T23:08:10+00:00,"Cliente MQTT explicito (paho, SAS manual)",DC-HUMO-08,0.018,26.37,2026-09-25T23:08:10+00:00
2026-09-25T18:08:55-05:00,2026-09-25T23:08:55+00:00,"Cliente MQTT explicito (paho, SAS manual)",DC-HUMO-08,0.019,25.89,2026-09-25T23:08:55+00:00
2026-09-25T18:09:41-05:00,2026-09-25T23:09:41+00:00,"Cliente MQTT explicito (paho, SAS manual)",DC-HUMO-08,0.021,26.06,2026-09-25T23:09:41+00:00
2026-09-25T18:10:26-05:00,2026-09-25T23:10:26+00:00,"Cliente MQTT explicito (paho, SAS manual)",DC-HUMO-08,0.02,26.35,2026-09-25T23:10:26+00:00
2026-09-25T18:11:11-05:00,2026-09-25T23:11:11+00:00,"Cliente MQTT explicito (paho, SAS manual)",DC-HUMO-08,0.017,26.51,2026-09-25T23:11:11+00:00
2026-09-25T18:11:56-05:00,2026-09-25T23:11:56+00:00,"Cliente MQTT explicito (paho, SAS manual)",DC-HUMO-08,0.02,26.4,2026-09-25T23:11:56+00:00
2026-09-25T18:12:41-05:00,2026-09-25T23:12:41+00:00,"Cliente MQTT explicito (paho, SAS manual)",DC-HUMO-08,0.02,25.89,2026-09-25T23:12:41+00:00
2026-09-25T18:13:26-05:00,2026-09-25T23:13:26+00:00,"Cliente MQTT explicito (paho, SAS manual)",DC-HUMO-08,0.017,26.48,2026-09-25T23:13:26+00:00
2026-09-25T18:14:11-05:00,2026-09-25T23:14:11+00:00,"Cliente MQTT explicito (paho, SAS manual)",DC-HUMO-08,0.02,26.34,2026-09-25T23:14:11+00:00
2026-09-25T18:14:58-05:00,2026-09-25T23:14:58+00:00,"Cliente MQTT explicito (paho, SAS manual)",DC-HUMO-08,0.017,26.15,2026-09-25T23:14:58+00:00
2026-09-25T18:15:43-05:00,2026-09-25T23:15:43+00:00,"Cliente MQTT explicito (paho, SAS manual)",DC-HUMO-08,0.018,25.9,2026-09-25T23:15:43+00:00
2026-09-25T18:16:29-05:00,2026-09-25T23:16:29+00:00,"Cliente MQTT explicito (paho, SAS manual)",DC-HUMO-08,0.019,25.89,2026-09-25T23:16:29+00:00
2026-09-25T18:17:16-05:00,2026-09-25T23:17:16+00:00,"Cliente MQTT explicito (paho, SAS manual)",DC-HUMO-08,0.02,26.02,2026-09-25T23:17:16+00:00
2026-09-25T18:18:01-05:00,2026-09-25T23:18:01+00:00,"Cliente MQTT explicito (paho, SAS manual)",DC-HUMO-08,0.02,25.97,2026-09-25T23:18:01+00:00
2026-09-25T18:18:46-05:00,2026-09-25T23:18:46+00:00,"Cliente MQTT explicito (paho, SAS manual)",DC-HUMO-08,0.018,26.22,2026-09-25T23:18:46+00:00
2026-09-25T18:19:31-05:00,2026-09-25T23:19:31+00:00,"Cliente MQTT explicito (paho, SAS manual)",DC-HUMO-08,0.02,26.27,2026-09-25T23:19:31+00:00
2026-09-25T18:20:16-05:00,2026-09-25T23:20:16+00:00,"Cliente MQTT explicito (paho, SAS manual)",DC-HUMO-08,0.017,25.76,2026-09-25T23:20:16+00:00
2026-09-25T18:21:01-05:00,2026-09-25T23:21:01+00:00,"Cliente MQTT explicito (paho, SAS manual)",DC-HUMO-08,0.02,25.94,2026-09-25T23:21:01+00:00
2026-09-25T18:21:46-05:00,2026-09-25T23:21:46+00:00,"Cliente MQTT explicito (paho, SAS manual)",DC-HUMO-08,0.018,25.79,2026-09-25T23:21:46+00:00
2026-09-25T18:22:31-05:00,2026-09-25T23:22:31+00:00,"Cliente MQTT explicito (paho, SAS manual)",DC-HUMO-08,0.02,25.94,2026-09-25T23:22:31+00:00
2026-09-25T18:23:16-05:00,2026-09-25T23:23:16+00:00,"Cliente MQTT explicito (paho, SAS manual)",DC-HUMO-08,0.02,25.99,2026-09-25T23:23:16+00:00
2026-09-25T18:24:01-05:00,2026-09-25T23:24:01+00:00,"Cliente MQTT explicito (paho, SAS manual)",DC-HUMO-08,0.021,25.96,2026-09-25T23:24:01+00:00
2026-09-25T18:24:47-05:00,2026-09-25T23:24:47+00:00,"Cliente MQTT explicito (paho, SAS manual)",DC-HUMO-08,0.018,25.71,2026-09-25T23:24:47+00:00
2026-09-25T18:25:33-05:00,2026-09-25T23:25:33+00:00,"Cliente MQTT explicito (paho, SAS manual)",DC-HUMO-08,0.018,25.83,2026-09-25T23:25:33+00:00
2026-09-25T18:26:18-05:00,2026-09-25T23:26:18+00:00,"Cliente MQTT explicito (paho, SAS manual)",DC-HUMO-08,0.021,26.33,2026-09-25T23:26:18+00:00
2026-09-25T18:27:03-05:00,2026-09-25T23:27:03+00:00,"Cliente MQTT explicito (paho, SAS manual)",DC-HUMO-08,0.021,26.43,2026-09-25T23:27:03+00:00
2026-09-25T18:27:48-05:00,2026-09-25T23:27:48+00:00,"Cliente MQTT explicito (paho, SAS manual)",DC-HUMO-08,0.018,26.44,2026-09-25T23:27:48+00:00
2026-09-25T18:28:33-05:00,2026-09-25T23:28:33+00:00,"Cliente MQTT explicito (paho, SAS manual)",DC-HUMO-08,0.019,26.32,2026-09-25T23:28:33+00:00
2026-09-25T18:29:18-05:00,2026-09-25T23:29:18+00:00,"Cliente MQTT explicito (paho, SAS manual)",DC-HUMO-08,0.018,25.84,2026-09-25T23:29:18+00:00
2026-09-25T18:30:04-05:00,2026-09-25T23:30:04+00:00,"Cliente MQTT explicito (paho, SAS manual)",DC-HUMO-08,0.017,26.42,2026-09-25T23:30:04+00:00
2026-09-25T18:30:49-05:00,2026-09-25T23:30:49+00:00,"Cliente MQTT explicito (paho, SAS manual)",DC-HUMO-08,0.019,25.75,2026-09-25T23:30:49+00:00
2026-09-25T18:31:34-05:00,2026-09-25T23:31:34+00:00,"Cliente MQTT explicito (paho, SAS manual)",DC-HUMO-08,0.02,26.03,2026-09-25T23:31:34+00:00
2026-09-25T18:32:19-05:00,2026-09-25T23:32:19+00:00,"Cliente MQTT explicito (paho, SAS manual)",DC-HUMO-08,0.017,25.82,2026-09-25T23:32:19+00:00
2026-09-25T18:33:04-05:00,2026-09-25T23:33:04+00:00,"Cliente MQTT explicito (paho, SAS manual)",DC-HUMO-08,0.021,26.02,2026-09-25T23:33:04+00:00
2026-09-25T18:33:50-05:00,2026-09-25T23:33:50+00:00,"Cliente MQTT explicito (paho, SAS manual)",DC-HUMO-08,0.02,25.9,2026-09-25T23:33:50+00:00
2026-09-25T18:34:35-05:00,2026-09-25T23:34:35+00:00,"Cliente MQTT explicito (paho, SAS manual)",DC-HUMO-08,0.019,26.1,2026-09-25T23:34:35+00:00
2026-09-25T18:35:20-05:00,2026-09-25T23:35:20+00:00,"Cliente MQTT explicito (paho, SAS manual)",DC-HUMO-08,0.018,26.24,2026-09-25T23:35:20+00:00
2026-09-25T18:36:05-05:00,2026-09-25T23:36:05+00:00,"Cliente MQTT explicito (paho, SAS manual)",DC-HUMO-08,0.018,26.35,2026-09-25T23:36:05+00:00
2026-09-25T18:36:50-05:00,2026-09-25T23:36:50+00:00,"Cliente MQTT explicito (paho, SAS manual)",DC-HUMO-08,0.018,26.21,2026-09-25T23:36:50+00:00
2026-09-25T18:37:35-05:00,2026-09-25T23:37:35+00:00,"Cliente MQTT explicito (paho, SAS manual)",DC-HUMO-08,0.02,25.84,2026-09-25T23:37:35+00:00
2026-09-25T18:38:20-05:00,2026-09-25T23:38:20+00:00,"Cliente MQTT explicito (paho, SAS manual)",DC-HUMO-08,0.019,25.81,2026-09-25T23:38:20+00:00
2026-09-25T18:39:05-05:00,2026-09-25T23:39:05+00:00,"Cliente MQTT explicito (paho, SAS manual)",DC-HUMO-08,0.021,25.89,2026-09-25T23:39:05+00:00
2026-09-25T18:39:50-05:00,2026-09-25T23:39:50+00:00,"Cliente MQTT explicito (paho, SAS manual)",DC-HUMO-08,0.021,25.57,2026-09-25T23:39:50+00:00
2026-09-25T18:40:35-05:00,2026-09-25T23:40:35+00:00,"Cliente MQTT explicito (paho, SAS manual)",DC-HUMO-08,0.019,26.13,2026-09-25T23:40:35+00:00
2026-09-25T18:41:20-05:00,2026-09-25T23:41:20+00:00,"Cliente MQTT explicito (paho, SAS manual)",DC-HUMO-08,0.021,25.78,2026-09-25T23:41:20+00:00
2026-09-25T18:42:05-05:00,2026-09-25T23:42:05+00:00,"Cliente MQTT explicito (paho, SAS manual)",DC-HUMO-08,0.018,26.3,2026-09-25T23:42:05+00:00
2026-09-25T18:42:50-05:00,2026-09-25T23:42:50+00:00,"Cliente MQTT explicito (paho, SAS manual)",DC-HUMO-08,0.019,25.84,2026-09-25T23:42:50+00:00
2026-09-25T18:43:35-05:00,2026-09-25T23:43:35+00:00,"Cliente MQTT explicito (paho, SAS manual)",DC-HUMO-08,0.018,26.03,2026-09-25T23:43:35+00:00
2026-09-25T18:44:20-05:00,2026-09-25T23:44:20+00:00,"Cliente MQTT explicito (paho, SAS manual)",DC-HUMO-08,0.02,26.02,2026-09-25T23:44:20+00:00
2026-09-25T18:45:05-05:00,2026-09-25T23:45:05+00:00,"Cliente MQTT explicito (paho, SAS manual)",DC-HUMO-08,0.019,26.06,2026-09-25T23:45:05+00:00
2026-09-25T18:45:50-05:00,2026-09-25T23:45:50+00:00,"Cliente MQTT explicito (paho, SAS manual)",DC-HUMO-08,0.018,25.49,2026-09-25T23:45:50+00:00
2026-09-25T18:46:35-05:00,2026-09-25T23:46:35+00:00,"Cliente MQTT explicito (paho, SAS manual)",DC-HUMO-08,0.02,26.26,2026-09-25T23:46:35+00:00
2026-09-25T18:47:20-05:00,2026-09-25T23:47:20+00:00,"Cliente MQTT explicito (paho, SAS manual)",DC-HUMO-08,0.018,26.04,2026-09-25T23:47:20+00:00
2026-09-25T18:48:05-05:00,2026-09-25T23:48:05+00:00,"Cliente MQTT explicito (paho, SAS manual)",DC-HUMO-08,0.02,26.24,2026-09-25T23:48:05+00:00
2026-09-25T18:48:50-05:00,2026-09-25T23:48:50+00:00,"Cliente MQTT explicito (paho, SAS manual)",DC-HUMO-08,0.018,25.7,2026-09-25T23:48:50+00:00
2026-09-25T18:49:35-05:00,2026-09-25T23:49:35+00:00,"Cliente MQTT explicito (paho, SAS manual)",DC-HUMO-08,0.019,25.98,2026-09-25T23:49:35+00:00
2026-09-25T18:50:20-05:00,2026-09-25T23:50:20+00:00,"Cliente MQTT explicito (paho, SAS manual)",DC-HUMO-08,0.017,25.68,2026-09-25T23:50:20+00:00
2026-09-25T18:51:05-05:00,2026-09-25T23:51:05+00:00,"Cliente MQTT explicito (paho, SAS manual)",DC-HUMO-08,0.021,26.18,2026-09-25T23:51:05+00:00
2026-09-25T18:51:50-05:00,2026-09-25T23:51:50+00:00,"Cliente MQTT explicito (paho, SAS manual)",DC-HUMO-08,0.018,25.63,2026-09-25T23:51:50+00:00
2026-09-25T18:52:35-05:00,2026-09-25T23:52:35+00:00,"Cliente MQTT explicito (paho, SAS manual)",DC-HUMO-08,0.019,26.2,2026-09-25T23:52:35+00:00
2026-09-25T18:53:20-05:00,2026-09-25T23:53:20+00:00,"Cliente MQTT explicito (paho, SAS manual)",DC-HUMO-08,0.021,25.72,2026-09-25T23:53:20+00:00
2026-09-25T18:54:05-05:00,2026-09-25T23:54:05+00:00,"Cliente MQTT explicito (paho, SAS manual)",DC-HUMO-08,0.02,25.46,2026-09-25T23:54:05+00:00
2026-09-25T18:54:50-05:00,2026-09-25T23:54:50+00:00,"Cliente MQTT explicito (paho, SAS manual)",DC-HUMO-08,0.019,25.41,2026-09-25T23:54:50+00:00
2026-09-25T18:55:35-05:00,2026-09-25T23:55:35+00:00,"Cliente MQTT explicito (paho, SAS manual)",DC-HUMO-08,0.02,25.84,2026-09-25T23:55:35+00:00
2026-09-25T18:56:21-05:00,2026-09-25T23:56:21+00:00,"Cliente MQTT explicito (paho, SAS manual)",DC-HUMO-08,0.019,25.7,2026-09-25T23:56:21+00:00
2026-09-25T18:57:06-05:00,2026-09-25T23:57:06+00:00,"Cliente MQTT explicito (paho, SAS manual)",DC-HUMO-08,0.021,25.63,2026-09-25T23:57:06+00:00
2026-09-25T18:57:51-05:00,2026-09-25T23:57:51+00:00,"Cliente MQTT explicito (paho, SAS manual)",DC-HUMO-08,0.019,26.0,2026-09-25T23:57:51+00:00
2026-09-25T18:58:36-05:00,2026-09-25T23:58:36+00:00,"Cliente MQTT explicito (paho, SAS manual)",DC-HUMO-08,0.019,26.01,2026-09-25T23:58:36+00:00
2026-09-25T18:59:21-05:00,2026-09-25T23:59:21+00:00,"Cliente MQTT explicito (paho, SAS manual)",DC-HUMO-08,0.021,25.58,2026-09-25T23:59:21+00:00
2026-09-25T19:11:18-05:00,2026-09-26T00:11:18+00:00,"Cliente MQTT explicito (paho, SAS manual)",DC-HUMO-08,0.018,25.83,2026-09-26T00:11:18+00:00
2026-09-25T19:12:03-05:00,2026-09-26T00:12:03+00:00,"Cliente MQTT explicito (paho, SAS manual)",DC-HUMO-08,0.017,25.37,2026-09-26T00:12:03+00:00
2026-09-25T19:12:49-05:00,2026-09-26T00:12:49+00:00,"Cliente MQTT explicito (paho, SAS manual)",DC-HUMO-08,0.018,25.84,2026-09-26T00:12:49+00:00
2026-09-25T19:13:35-05:00,2026-09-26T00:13:35+00:00,"Cliente MQTT explicito (paho, SAS manual)",DC-HUMO-08,0.018,25.84,2026-09-26T00:13:35+00:00
2026-09-25T19:14:21-05:00,2026-09-26T00:14:21+00:00,"Cliente MQTT explicito (paho, SAS manual)",DC-HUMO-08,0.019,25.3,2026-09-26T00:14:21+00:00
2026-09-25T19:15:06-05:00,2026-09-26T00:15:06+00:00,"Cliente MQTT explicito (paho, SAS manual)",DC-HUMO-08,0.019,25.6,2026-09-26T00:15:06+00:00
2026-09-25T19:15:52-05:00,2026-09-26T00:15:52+00:00,"Cliente MQTT explicito (paho, SAS manual)",DC-HUMO-08,0.02,25.34,2026-09-26T00:15:52+00:00
2026-09-25T19:16:37-05:00,2026-09-26T00:16:37+00:00,"Cliente MQTT explicito (paho, SAS manual)",DC-HUMO-08,0.019,25.24,2026-09-26T00:16:37+00:00
2026-09-25T19:17:24-05:00,2026-09-26T00:17:24+00:00,"Cliente MQTT explicito (paho, SAS manual)",DC-HUMO-08,0.018,25.81,2026-09-26T00:17:24+00:00
2026-09-25T19:18:09-05:00,2026-09-26T00:18:09+00:00,"Cliente MQTT explicito (paho, SAS manual)",DC-HUMO-08,0.02,25.61,2026-09-26T00:18:09+00:00
2026-09-25T19:18:54-05:00,2026-09-26T00:18:54+00:00,"Cliente MQTT explicito (paho, SAS manual)",DC-HUMO-08,0.021,25.35,2026-09-26T00:18:54+00:00
2026-09-25T19:19:40-05:00,2026-09-26T00:19:40+00:00,"Cliente MQTT explicito (paho, SAS manual)",DC-HUMO-08,0.02,25.63,2026-09-26T00:19:40+00:00
2026-09-25T19:20:25-05:00,2026-09-26T00:20:25+00:00,"Cliente MQTT explicito (paho, SAS manual)",DC-HUMO-08,0.018,25.23,2026-09-26T00:20:25+00:00
2026-09-25T19:21:10-05:00,2026-09-26T00:21:10+00:00,"Cliente MQTT explicito (paho, SAS manual)",DC-HUMO-08,0.02,25.74,2026-09-26T00:21:10+00:00
2026-09-25T19:21:56-05:00,2026-09-26T00:21:56+00:00,"Cliente MQTT explicito (paho, SAS manual)",DC-HUMO-08,0.02,25.48,2026-09-26T00:21:56+00:00
2026-09-25T19:22:41-05:00,2026-09-26T00:22:41+00:00,"Cliente MQTT explicito (paho, SAS manual)",DC-HUMO-08,0.02,25.8,2026-09-26T00:22:41+00:00
2026-09-25T19:23:26-05:00,2026-09-26T00:23:26+00:00,"Cliente MQTT explicito (paho, SAS manual)",DC-HUMO-08,0.021,25.58,2026-09-26T00:23:26+00:00
2026-09-25T19:24:12-05:00,2026-09-26T00:24:12+00:00,"Cliente MQTT explicito (paho, SAS manual)",DC-HUMO-08,0.018,25.23,2026-09-26T00:24:12+00:00
2026-09-25T19:24:57-05:00,2026-09-26T00:24:57+00:00,"Cliente MQTT explicito (paho, SAS manual)",DC-HUMO-08,0.017,25.89,2026-09-26T00:24:57+00:00
2026-09-25T19:25:42-05:00,2026-09-26T00:25:42+00:00,"Cliente MQTT explicito (paho, SAS manual)",DC-HUMO-08,0.02,25.68,2026-09-26T00:25:42+00:00
2026-09-25T19:26:29-05:00,2026-09-26T00:26:29+00:00,"Cliente MQTT explicito (paho, SAS manual)",DC-HUMO-08,0.02,25.8,2026-09-26T00:26:29+00:00
2026-09-25T19:27:14-05:00,2026-09-26T00:27:14+00:00,"Cliente MQTT explicito (paho, SAS manual)",DC-HUMO-08,0.021,25.5,2026-09-26T00:27:14+00:00
2026-09-25T19:27:59-05:00,2026-09-26T00:27:59+00:00,"Cliente MQTT explicito (paho, SAS manual)",DC-HUMO-08,0.02,25.76,2026-09-26T00:27:59+00:00
2026-09-25T19:28:44-05:00,2026-09-26T00:28:44+00:00,"Cliente MQTT explicito (paho, SAS manual)",DC-HUMO-08,0.02,25.77,2026-09-26T00:28:44+00:00
2026-09-25T19:29:29-05:00,2026-09-26T00:29:29+00:00,"Cliente MQTT explicito (paho, SAS manual)",DC-HUMO-08,0.021,25.28,2026-09-26T00:29:29+00:00
2026-09-25T19:30:14-05:00,2026-09-26T00:30:14+00:00,"Cliente MQTT explicito (paho, SAS manual)",DC-HUMO-08,0.019,25.64,2026-09-26T00:30:14+00:00
2026-09-25T19:31:00-05:00,2026-09-26T00:31:00+00:00,"Cliente MQTT explicito (paho, SAS manual)",DC-HUMO-08,0.02,25.36,2026-09-26T00:31:00+00:00
2026-09-25T19:31:46-05:00,2026-09-26T00:31:46+00:00,"Cliente MQTT explicito (paho, SAS manual)",DC-HUMO-08,0.018,25.64,2026-09-26T00:31:46+00:00
2026-09-25T19:32:31-05:00,2026-09-26T00:32:31+00:00,"Cliente MQTT explicito (paho, SAS manual)",DC-HUMO-08,0.018,25.6,2026-09-26T00:32:31+00:00
2026-09-25T19:33:16-05:00,2026-09-26T00:33:16+00:00,"Cliente MQTT explicito (paho, SAS manual)",DC-HUMO-08,0.02,25.41,2026-09-26T00:33:16+00:00
2026-09-25T19:34:01-05:00,2026-09-26T00:34:01+00:00,"Cliente MQTT explicito (paho, SAS manual)",DC-HUMO-08,0.018,25.39,2026-09-26T00:34:01+00:00
2026-09-25T19:34:46-05:00,2026-09-26T00:34:46+00:00,"Cliente MQTT explicito (paho, SAS manual)",DC-HUMO-08,0.021,25.18,2026-09-26T00:34:46+00:00
2026-09-25T19:35:34-05:00,2026-09-26T00:35:34+00:00,"Cliente MQTT explicito (paho, SAS manual)",DC-HUMO-08,0.019,25.07,2026-09-26T00:35:34+00:00
2026-09-25T19:36:19-05:00,2026-09-26T00:36:19+00:00,"Cliente MQTT explicito (paho, SAS manual)",DC-HUMO-08,0.018,25.11,2026-09-26T00:36:19+00:00
2026-09-25T19:37:04-05:00,2026-09-26T00:37:04+00:00,"Cliente MQTT explicito (paho, SAS manual)",DC-HUMO-08,0.021,25.2,2026-09-26T00:37:04+00:00
2026-09-25T19:37:49-05:00,2026-09-26T00:37:49+00:00,"Cliente MQTT explicito (paho, SAS manual)",DC-HUMO-08,0.02,25.52,2026-09-26T00:37:49+00:00
2026-09-25T19:38:34-05:00,2026-09-26T00:38:34+00:00,"Cliente MQTT explicito (paho, SAS manual)",DC-HUMO-08,0.017,25.11,2026-09-26T00:38:34+00:00
2026-09-25T19:39:20-05:00,2026-09-26T00:39:20+00:00,"Cliente MQTT explicito (paho, SAS manual)",DC-HUMO-08,0.018,25.72,2026-09-26T00:39:20+00:00
2026-09-25T19:40:05-05:00,2026-09-26T00:40:05+00:00,"Cliente MQTT explicito (paho, SAS manual)",DC-HUMO-08,0.019,25.45,2026-09-26T00:40:05+00:00
2026-09-25T19:40:50-05:00,2026-09-26T00:40:50+00:00,"Cliente MQTT explicito (paho, SAS manual)",DC-HUMO-08,0.018,25.18,2026-09-26T00:40:50+00:00
2026-09-25T19:41:36-05:00,2026-09-26T00:41:36+00:00,"Cliente MQTT explicito (paho, SAS manual)",DC-HUMO-08,0.02,25.24,2026-09-26T00:41:36+00:00
2026-09-25T19:42:21-05:00,2026-09-26T00:42:21+00:00,"Cliente MQTT explicito (paho, SAS manual)",DC-HUMO-08,0.019,25.39,2026-09-26T00:42:21+00:00
2026-09-25T19:43:06-05:00,2026-09-26T00:43:06+00:00,"Cliente MQTT explicito (paho, SAS manual)",DC-HUMO-08,0.019,25.5,2026-09-26T00:43:06+00:00
2026-09-25T19:43:52-05:00,2026-09-26T00:43:52+00:00,"Cliente MQTT explicito (paho, SAS manual)",DC-HUMO-08,0.018,25.27,2026-09-26T00:43:52+00:00
2026-09-25T19:44:38-05:00,2026-09-26T00:44:38+00:00,"Cliente MQTT explicito (paho, SAS manual)",DC-HUMO-08,0.021,25.42,2026-09-26T00:44:38+00:00
2026-09-25T19:45:23-05:00,2026-09-26T00:45:23+00:00,"Cliente MQTT explicito (paho, SAS manual)",DC-HUMO-08,0.018,25.69,2026-09-26T00:45:23+00:00
2026-09-25T19:46:08-05:00,2026-09-26T00:46:08+00:00,"Cliente MQTT explicito (paho, SAS manual)",DC-HUMO-08,0.018,25.6,2026-09-26T00:46:08+00:00
2026-09-25T19:46:54-05:00,2026-09-26T00:46:54+00:00,"Cliente MQTT explicito (paho, SAS manual)",DC-HUMO-08,0.02,25.43,2026-09-26T00:46:54+00:00
2026-09-25T19:47:39-05:00,2026-09-26T00:47:39+00:00,"Cliente MQTT explicito (paho, SAS manual)",DC-HUMO-08,0.02,25.66,2026-09-26T00:47:39+00:00
2026-09-25T19:48:24-05:00,2026-09-26T00:48:24+00:00,"Cliente MQTT explicito (paho, SAS manual)",DC-HUMO-08,0.019,25.39,2026-09-26T00:48:24+00:00
2026-09-25T19:49:09-05:00,2026-09-26T00:49:09+00:00,"Cliente MQTT explicito (paho, SAS manual)",DC-HUMO-08,0.019,24.92,2026-09-26T00:49:09+00:00
2026-09-25T19:49:54-05:00,2026-09-26T00:49:54+00:00,"Cliente MQTT explicito (paho, SAS manual)",DC-HUMO-08,0.018,25.11,2026-09-26T00:49:54+00:00
2026-09-25T19:50:40-05:00,2026-09-26T00:50:40+00:00,"Cliente MQTT explicito (paho, SAS manual)",DC-HUMO-08,0.019,24.88,2026-09-26T00:50:40+00:00
2026-09-25T19:51:25-05:00,2026-09-26T00:51:25+00:00,"Cliente MQTT explicito (paho, SAS manual)",DC-HUMO-08,0.018,25.23,2026-09-26T00:51:25+00:00
2026-09-25T19:52:10-05:00,2026-09-26T00:52:10+00:00,"Cliente MQTT explicito (paho, SAS manual)",DC-HUMO-08,0.018,24.91,2026-09-26T00:52:10+00:00
2026-09-25T19:52:55-05:00,2026-09-26T00:52:55+00:00,"Cliente MQTT explicito (paho, SAS manual)",DC-HUMO-08,0.018,24.88,2026-09-26T00:52:55+00:00
2026-09-25T19:53:40-05:00,2026-09-26T00:53:40+00:00,"Cliente MQTT explicito (paho, SAS manual)",DC-HUMO-08,0.021,24.88,2026-09-26T00:53:40+00:00
2026-09-25T19:54:25-05:00,2026-09-26T00:54:25+00:00,"Cliente MQTT explicito (paho, SAS manual)",DC-HUMO-08,0.019,25.45,2026-09-26T00:54:25+00:00
2026-09-25T19:55:10-05:00,2026-09-26T00:55:10+00:00,"Cliente MQTT explicito (paho, SAS manual)",DC-HUMO-08,0.021,25.2,2026-09-26T00:55:10+00:00
2026-09-25T19:55:55-05:00,2026-09-26T00:55:55+00:00,"Cliente MQTT explicito (paho, SAS manual)",DC-HUMO-08,0.02,25.07,2026-09-26T00:55:55+00:00
2026-09-25T19:56:42-05:00,2026-09-26T00:56:42+00:00,"Cliente MQTT explicito (paho, SAS manual)",DC-HUMO-08,0.021,25.51,2026-09-26T00:56:42+00:00
2026-09-25T19:57:27-05:00,2026-09-26T00:57:27+00:00,"Cliente MQTT explicito (paho, SAS manual)",DC-HUMO-08,0.021,25.38,2026-09-26T00:57:27+00:00
2026-09-25T19:58:12-05:00,2026-09-26T00:58:12+00:00,"Cliente MQTT explicito (paho, SAS manual)",DC-HUMO-08,0.018,25.26,2026-09-26T00:58:12+00:00
2026-09-25T19:58:57-05:00,2026-09-26T00:58:57+00:00,"Cliente MQTT explicito (paho, SAS manual)",DC-HUMO-08,0.018,25.55,2026-09-26T00:58:57+00:00
2026-09-25T19:59:42-05:00,2026-09-26T00:59:42+00:00,"Cliente MQTT explicito (paho, SAS manual)",DC-HUMO-08,0.021,25.51,2026-09-26T00:59:42+00:00
2026-09-25T20:00:27-05:00,2026-09-26T01:00:27+00:00,"Cliente MQTT explicito (paho, SAS manual)",DC-HUMO-08,0.021,24.87,2026-09-26T01:00:27+00:00
2026-09-25T20:01:12-05:00,2026-09-26T01:01:12+00:00,"Cliente MQTT explicito (paho, SAS manual)",DC-HUMO-08,0.02,25.23,2026-09-26T01:01:12+00:00
2026-09-25T20:01:57-05:00,2026-09-26T01:01:57+00:00,"Cliente MQTT explicito (paho, SAS manual)",DC-HUMO-08,0.02,24.74,2026-09-26T01:01:57+00:00
2026-09-25T20:02:42-05:00,2026-09-26T01:02:42+00:00,"Cliente MQTT explicito (paho, SAS manual)",DC-HUMO-08,0.019,25.28,2026-09-26T01:02:42+00:00
2026-09-25T20:03:27-05:00,2026-09-26T01:03:27+00:00,"Cliente MQTT explicito (paho, SAS manual)",DC-HUMO-08,0.019,24.94,2026-09-26T01:03:27+00:00
2026-09-25T20:04:12-05:00,2026-09-26T01:04:12+00:00,"Cliente MQTT explicito (paho, SAS manual)",DC-HUMO-08,0.018,25.12,2026-09-26T01:04:12+00:00
2026-09-25T20:04:57-05:00,2026-09-26T01:04:57+00:00,"Cliente MQTT explicito (paho, SAS manual)",DC-HUMO-08,0.02,25.31,2026-09-26T01:04:57+00:00
2026-09-25T20:05:42-05:00,2026-09-26T01:05:42+00:00,"Cliente MQTT explicito (paho, SAS manual)",DC-HUMO-08,0.021,24.96,2026-09-26T01:05:42+00:00
2026-09-25T20:06:27-05:00,2026-09-26T01:06:27+00:00,"Cliente MQTT explicito (paho, SAS manual)",DC-HUMO-08,0.02,25.45,2026-09-26T01:06:27+00:00
2026-09-25T20:07:12-05:00,2026-09-26T01:07:12+00:00,"Cliente MQTT explicito (paho, SAS manual)",DC-HUMO-08,0.02,25.05,2026-09-26T01:07:12+00:00
2026-09-25T20:07:57-05:00,2026-09-26T01:07:57+00:00,"Cliente MQTT explicito (paho, SAS manual)",DC-HUMO-08,0.021,24.89,2026-09-26T01:07:57+00:00
2026-09-25T20:08:42-05:00,2026-09-26T01:08:42+00:00,"Cliente MQTT explicito (paho, SAS manual)",DC-HUMO-08,0.019,25.3,2026-09-26T01:08:42+00:00
2026-09-25T20:09:27-05:00,2026-09-26T01:09:27+00:00,"Cliente MQTT explicito (paho, SAS manual)",DC-HUMO-08,0.021,25.12,2026-09-26T01:09:27+00:00
2026-09-25T20:10:12-05:00,2026-09-26T01:10:12+00:00,"Cliente MQTT explicito (paho, SAS manual)",DC-HUMO-08,0.02,24.67,2026-09-26T01:10:12+00:00
2026-09-25T20:10:57-05:00,2026-09-26T01:10:57+00:00,"Cliente MQTT explicito (paho, SAS manual)",DC-HUMO-08,0.019,24.92,2026-09-26T01:10:57+00:00
2026-09-25T20:11:42-05:00,2026-09-26T01:11:42+00:00,"Cliente MQTT explicito (paho, SAS manual)",DC-HUMO-08,0.021,25.01,2026-09-26T01:11:42+00:00
2026-09-25T20:12:27-05:00,2026-09-26T01:12:27+00:00,"Cliente MQTT explicito (paho, SAS manual)",DC-HUMO-08,0.02,24.63,2026-09-26T01:12:27+00:00
2026-09-25T20:13:12-05:00,2026-09-26T01:13:12+00:00,"Cliente MQTT explicito (paho, SAS manual)",DC-HUMO-08,0.021,24.68,2026-09-26T01:13:12+00:00
2026-09-25T20:13:57-05:00,2026-09-26T01:13:57+00:00,"Cliente MQTT explicito (paho, SAS manual)",DC-HUMO-08,0.019,24.78,2026-09-26T01:13:57+00:00
2026-09-25T20:14:42-05:00,2026-09-26T01:14:42+00:00,"Cliente MQTT explicito (paho, SAS manual)",DC-HUMO-08,0.019,24.93,2026-09-26T01:14:42+00:00
2026-09-25T20:15:27-05:00,2026-09-26T01:15:27+00:00,"Cliente MQTT explicito (paho, SAS manual)",DC-HUMO-08,0.021,25.25,2026-09-26T01:15:27+00:00
2026-09-25T20:16:12-05:00,2026-09-26T01:16:12+00:00,"Cliente MQTT explicito (paho, SAS manual)",DC-HUMO-08,0.022,24.62,2026-09-26T01:16:12+00:00
2026-09-25T20:16:57-05:00,2026-09-26T01:16:57+00:00,"Cliente MQTT explicito (paho, SAS manual)",DC-HUMO-08,0.021,24.71,2026-09-26T01:16:57+00:00
2026-09-25T20:17:42-05:00,2026-09-26T01:17:42+00:00,"Cliente MQTT explicito (paho, SAS manual)",DC-HUMO-08,0.018,25.06,2026-09-26T01:17:42+00:00
2026-09-25T20:18:27-05:00,2026-09-26T01:18:27+00:00,"Cliente MQTT explicito (paho, SAS manual)",DC-HUMO-08,0.02,25.19,2026-09-26T01:18:27+00:00
2026-09-25T20:19:12-05:00,2026-09-26T01:19:12+00:00,"Cliente MQTT explicito (paho, SAS manual)",DC-HUMO-08,0.018,25.12,2026-09-26T01:19:12+00:00
2026-09-25T20:19:57-05:00,2026-09-26T01:19:57+00:00,"Cliente MQTT explicito (paho, SAS manual)",DC-HUMO-08,0.018,25.11,2026-09-26T01:19:57+00:00
2026-09-25T20:20:42-05:00,2026-09-26T01:20:42+00:00,"Cliente MQTT explicito (paho, SAS manual)",DC-HUMO-08,0.019,24.82,2026-09-26T01:20:42+00:00
2026-09-25T20:21:27-05:00,2026-09-26T01:21:27+00:00,"Cliente MQTT explicito (paho, SAS manual)",DC-HUMO-08,0.02,24.6,2026-09-26T01:21:27+00:00
2026-09-25T20:22:12-05:00,2026-09-26T01:22:12+00:00,"Cliente MQTT explicito (paho, SAS manual)",DC-HUMO-08,0.019,25.09,2026-09-26T01:22:12+00:00
2026-09-25T20:22:57-05:00,2026-09-26T01:22:57+00:00,"Cliente MQTT explicito (paho, SAS manual)",DC-HUMO-08,0.018,24.51,2026-09-26T01:22:57+00:00
2026-09-25T20:23:42-05:00,2026-09-26T01:23:42+00:00,"Cliente MQTT explicito (paho, SAS manual)",DC-HUMO-08,0.02,25.12,2026-09-26T01:23:42+00:00
2026-09-25T20:24:27-05:00,2026-09-26T01:24:27+00:00,"Cliente MQTT explicito (paho, SAS manual)",DC-HUMO-08,0.018,24.58,2026-09-26T01:24:27+00:00
2026-09-25T20:25:12-05:00,2026-09-26T01:25:12+00:00,"Cliente MQTT explicito (paho, SAS manual)",DC-HUMO-08,0.02,24.84,2026-09-26T01:25:12+00:00
2026-09-25T20:25:57-05:00,2026-09-26T01:25:57+00:00,"Cliente MQTT explicito (paho, SAS manual)",DC-HUMO-08,0.021,25.27,2026-09-26T01:25:57+00:00
2026-09-25T20:26:42-05:00,2026-09-26T01:26:42+00:00,"Cliente MQTT explicito (paho, SAS manual)",DC-HUMO-08,0.021,24.82,2026-09-26T01:26:42+00:00
2026-09-25T20:27:27-05:00,2026-09-26T01:27:27+00:00,"Cliente MQTT explicito (paho, SAS manual)",DC-HUMO-08,0.019,25.08,2026-09-26T01:27:27+00:00
2026-09-25T20:28:12-05:00,2026-09-26T01:28:12+00:00,"Cliente MQTT explicito (paho, SAS manual)",DC-HUMO-08,0.02,24.46,2026-09-26T01:28:12+00:00
2026-09-25T20:28:57-05:00,2026-09-26T01:28:57+00:00,"Cliente MQTT explicito (paho, SAS manual)",DC-HUMO-08,0.018,24.47,2026-09-26T01:28:57+00:00
2026-09-25T20:29:42-05:00,2026-09-26T01:29:42+00:00,"Cliente MQTT explicito (paho, SAS manual)",DC-HUMO-08,0.021,24.49,2026-09-26T01:29:42+00:00
2026-09-25T20:30:27-05:00,2026-09-26T01:30:27+00:00,"Cliente MQTT explicito (paho, SAS manual)",DC-HUMO-08,0.018,25.03,2026-09-26T01:30:27+00:00
2026-09-25T20:31:12-05:00,2026-09-26T01:31:12+00:00,"Cliente MQTT explicito (paho, SAS manual)",DC-HUMO-08,0.018,25.06,2026-09-26T01:31:12+00:00
2026-09-25T20:31:57-05:00,2026-09-26T01:31:57+00:00,"Cliente MQTT explicito (paho, SAS manual)",DC-HUMO-08,0.019,24.6,2026-09-26T01:31:57+00:00
2026-09-25T20:32:42-05:00,2026-09-26T01:32:42+00:00,"Cliente MQTT explicito (paho, SAS manual)",DC-HUMO-08,0.02,24.86,2026-09-26T01:32:42+00:00
2026-09-25T20:33:27-05:00,2026-09-26T01:33:27+00:00,"Cliente MQTT explicito (paho, SAS manual)",DC-HUMO-08,0.018,25.18,2026-09-26T01:33:27+00:00
2026-09-25T20:34:12-05:00,2026-09-26T01:34:12+00:00,"Cliente MQTT explicito (paho, SAS manual)",DC-HUMO-08,0.02,25.11,2026-09-26T01:34:12+00:00
2026-09-25T20:34:57-05:00,2026-09-26T01:34:57+00:00,"Cliente MQTT explicito (paho, SAS manual)",DC-HUMO-08,0.021,24.54,2026-09-26T01:34:57+00:00
2026-09-25T20:35:42-05:00,2026-09-26T01:35:42+00:00,"Cliente MQTT explicito (paho, SAS manual)",DC-HUMO-08,0.021,24.97,2026-09-26T01:35:42+00:00
2026-09-25T20:36:27-05:00,2026-09-26T01:36:27+00:00,"Cliente MQTT explicito (paho, SAS manual)",DC-HUMO-08,0.019,25.07,2026-09-26T01:36:27+00:00
2026-09-25T20:37:12-05:00,2026-09-26T01:37:12+00:00,"Cliente MQTT explicito (paho, SAS manual)",DC-HUMO-08,0.02,24.95,2026-09-26T01:37:12+00:00
2026-09-25T20:37:57-05:00,2026-09-26T01:37:57+00:00,"Cliente MQTT explicito (paho, SAS manual)",DC-HUMO-08,0.018,24.99,2026-09-26T01:37:57+00:00
2026-09-25T20:38:42-05:00,2026-09-26T01:38:42+00:00,"Cliente MQTT explicito (paho, SAS manual)",DC-HUMO-08,0.019,24.9,2026-09-26T01:38:42+00:00
2026-09-25T20:39:27-05:00,2026-09-26T01:39:27+00:00,"Cliente MQTT explicito (paho, SAS manual)",DC-HUMO-08,0.021,24.71,2026-09-26T01:39:27+00:00
2026-09-25T20:40:12-05:00,2026-09-26T01:40:12+00:00,"Cliente MQTT explicito (paho, SAS manual)",DC-HUMO-08,0.02,24.62,2026-09-26T01:40:12+00:00
2026-09-25T20:40:57-05:00,2026-09-26T01:40:57+00:00,"Cliente MQTT explicito (paho, SAS manual)",DC-HUMO-08,0.019,24.77,2026-09-26T01:40:57+00:00
2026-09-25T20:41:44-05:00,2026-09-26T01:41:44+00:00,"Cliente MQTT explicito (paho, SAS manual)",DC-HUMO-08,0.02,24.8,2026-09-26T01:41:44+00:00
2026-09-25T20:42:29-05:00,2026-09-26T01:42:29+00:00,"Cliente MQTT explicito (paho, SAS manual)",DC-HUMO-08,0.022,24.64,2026-09-26T01:42:29+00:00
2026-09-25T20:43:14-05:00,2026-09-26T01:43:14+00:00,"Cliente MQTT explicito (paho, SAS manual)",DC-HUMO-08,0.021,24.94,2026-09-26T01:43:14+00:00
2026-09-25T20:43:59-05:00,2026-09-26T01:43:59+00:00,"Cliente MQTT explicito (paho, SAS manual)",DC-HUMO-08,0.02,24.57,2026-09-26T01:43:59+00:00
2026-09-25T20:44:44-05:00,2026-09-26T01:44:44+00:00,"Cliente MQTT explicito (paho, SAS manual)",DC-HUMO-08,0.019,24.92,2026-09-26T01:44:44+00:00
2026-09-25T20:45:29-05:00,2026-09-26T01:45:29+00:00,"Cliente MQTT explicito (paho, SAS manual)",DC-HUMO-08,0.022,24.67,2026-09-26T01:45:29+00:00
2026-09-25T20:46:14-05:00,2026-09-26T01:46:14+00:00,"Cliente MQTT explicito (paho, SAS manual)",DC-HUMO-08,0.021,24.71,2026-09-26T01:46:14+00:00
2026-09-25T20:46:59-05:00,2026-09-26T01:46:59+00:00,"Cliente MQTT explicito (paho, SAS manual)",DC-HUMO-08,0.021,24.82,2026-09-26T01:46:59+00:00
2026-09-25T20:47:44-05:00,2026-09-26T01:47:44+00:00,"Cliente MQTT explicito (paho, SAS manual)",DC-HUMO-08,0.019,24.97,2026-09-26T01:47:44+00:00
2026-09-25T20:48:29-05:00,2026-09-26T01:48:29+00:00,"Cliente MQTT explicito (paho, SAS manual)",DC-HUMO-08,0.019,24.8,2026-09-26T01:48:29+00:00
2026-09-25T20:49:14-05:00,2026-09-26T01:49:14+00:00,"Cliente MQTT explicito (paho, SAS manual)",DC-HUMO-08,0.02,24.55,2026-09-26T01:49:14+00:00
2026-09-25T20:49:59-05:00,2026-09-26T01:49:59+00:00,"Cliente MQTT explicito (paho, SAS manual)",DC-HUMO-08,0.021,24.3,2026-09-26T01:49:59+00:00
2026-09-25T20:50:44-05:00,2026-09-26T01:50:44+00:00,"Cliente MQTT explicito (paho, SAS manual)",DC-HUMO-08,0.022,24.39,2026-09-26T01:50:44+00:00
2026-09-25T20:51:29-05:00,2026-09-26T01:51:29+00:00,"Cliente MQTT explicito (paho, SAS manual)",DC-HUMO-08,0.019,24.36,2026-09-26T01:51:29+00:00
2026-09-25T20:52:14-05:00,2026-09-26T01:52:14+00:00,"Cliente MQTT explicito (paho, SAS manual)",DC-HUMO-08,0.021,24.93,2026-09-26T01:52:14+00:00
2026-09-25T20:52:59-05:00,2026-09-26T01:52:59+00:00,"Cliente MQTT explicito (paho, SAS manual)",DC-HUMO-08,0.018,24.24,2026-09-26T01:52:59+00:00
2026-09-25T20:53:44-05:00,2026-09-26T01:53:44+00:00,"Cliente MQTT explicito (paho, SAS manual)",DC-HUMO-08,0.018,24.74,2026-09-26T01:53:44+00:00
2026-09-25T20:54:29-05:00,2026-09-26T01:54:29+00:00,"Cliente MQTT explicito (paho, SAS manual)",DC-HUMO-08,0.019,24.44,2026-09-26T01:54:29+00:00
2026-09-25T20:55:14-05:00,2026-09-26T01:55:14+00:00,"Cliente MQTT explicito (paho, SAS manual)",DC-HUMO-08,0.019,24.46,2026-09-26T01:55:14+00:00
2026-09-25T20:55:59-05:00,2026-09-26T01:55:59+00:00,"Cliente MQTT explicito (paho, SAS manual)",DC-HUMO-08,0.018,24.93,2026-09-26T01:55:59+00:00
2026-09-25T20:56:44-05:00,2026-09-26T01:56:44+00:00,"Cliente MQTT explicito (paho, SAS manual)",DC-HUMO-08,0.02,24.66,2026-09-26T01:56:44+00:00
2026-09-25T20:57:29-05:00,2026-09-26T01:57:29+00:00,"Cliente MQTT explicito (paho, SAS manual)",DC-HUMO-08,0.02,24.25,2026-09-26T01:57:29+00:00
2026-09-25T20:58:14-05:00,2026-09-26T01:58:14+00:00,"Cliente MQTT explicito (paho, SAS manual)",DC-HUMO-08,0.019,24.61,2026-09-26T01:58:14+00:00
2026-09-25T20:58:59-05:00,2026-09-26T01:58:59+00:00,"Cliente MQTT explicito (paho, SAS manual)",DC-HUMO-08,0.021,24.13,2026-09-26T01:58:59+00:00
2026-09-25T20:59:44-05:00,2026-09-26T01:59:44+00:00,"Cliente MQTT explicito (paho, SAS manual)",DC-HUMO-08,0.022,24.15,2026-09-26T01:59:44+00:00
2026-09-25T21:00:29-05:00,2026-09-26T02:00:29+00:00,"Cliente MQTT explicito (paho, SAS manual)",DC-HUMO-08,0.018,24.73,2026-09-26T02:00:29+00:00
2026-09-25T21:01:14-05:00,2026-09-26T02:01:14+00:00,"Cliente MQTT explicito (paho, SAS manual)",DC-HUMO-08,0.019,24.39,2026-09-26T02:01:14+00:00
2026-09-25T21:01:59-05:00,2026-09-26T02:01:59+00:00,"Cliente MQTT explicito (paho, SAS manual)",DC-HUMO-08,0.02,24.38,2026-09-26T02:01:59+00:00
2026-09-25T21:02:44-05:00,2026-09-26T02:02:44+00:00,"Cliente MQTT explicito (paho, SAS manual)",DC-HUMO-08,0.019,24.43,2026-09-26T02:02:44+00:00
2026-09-25T21:03:29-05:00,2026-09-26T02:03:29+00:00,"Cliente MQTT explicito (paho, SAS manual)",DC-HUMO-08,0.02,24.56,2026-09-26T02:03:29+00:00
2026-09-25T21:04:14-05:00,2026-09-26T02:04:14+00:00,"Cliente MQTT explicito (paho, SAS manual)",DC-HUMO-08,0.019,24.16,2026-09-26T02:04:14+00:00
2026-09-25T21:04:59-05:00,2026-09-26T02:04:59+00:00,"Cliente MQTT explicito (paho, SAS manual)",DC-HUMO-08,0.019,24.68,2026-09-26T02:04:59+00:00
2026-09-25T21:05:44-05:00,2026-09-26T02:05:44+00:00,"Cliente MQTT explicito (paho, SAS manual)",DC-HUMO-08,0.02,24.61,2026-09-26T02:05:44+00:00
2026-09-25T21:06:29-05:00,2026-09-26T02:06:29+00:00,"Cliente MQTT explicito (paho, SAS manual)",DC-HUMO-08,0.02,24.52,2026-09-26T02:06:29+00:00
2026-09-25T21:07:14-05:00,2026-09-26T02:07:14+00:00,"Cliente MQTT explicito (paho, SAS manual)",DC-HUMO-08,0.022,24.32,2026-09-26T02:07:14+00:00
2026-09-25T21:07:59-05:00,2026-09-26T02:07:59+00:00,"Cliente MQTT explicito (paho, SAS manual)",DC-HUMO-08,0.022,24.08,2026-09-26T02:07:59+00:00
2026-09-25T21:08:44-05:00,2026-09-26T02:08:44+00:00,"Cliente MQTT explicito (paho, SAS manual)",DC-HUMO-08,0.019,24.47,2026-09-26T02:08:44+00:00
2026-09-25T21:09:29-05:00,2026-09-26T02:09:29+00:00,"Cliente MQTT explicito (paho, SAS manual)",DC-HUMO-08,0.021,24.6,2026-09-26T02:09:29+00:00
2026-09-25T21:10:14-05:00,2026-09-26T02:10:14+00:00,"Cliente MQTT explicito (paho, SAS manual)",DC-HUMO-08,0.019,24.05,2026-09-26T02:10:14+00:00
2026-09-25T21:11:00-05:00,2026-09-26T02:11:00+00:00,"Cliente MQTT explicito (paho, SAS manual)",DC-HUMO-08,0.02,24.19,2026-09-26T02:11:00+00:00
2026-09-25T21:11:45-05:00,2026-09-26T02:11:45+00:00,"Cliente MQTT explicito (paho, SAS manual)",DC-HUMO-08,0.019,24.37,2026-09-26T02:11:45+00:00
2026-09-25T21:12:30-05:00,2026-09-26T02:12:30+00:00,"Cliente MQTT explicito (paho, SAS manual)",DC-HUMO-08,0.019,24.3,2026-09-26T02:12:30+00:00
2026-09-25T21:13:15-05:00,2026-09-26T02:13:15+00:00,"Cliente MQTT explicito (paho, SAS manual)",DC-HUMO-08,0.021,24.66,2026-09-26T02:13:15+00:00
2026-09-25T21:14:00-05:00,2026-09-26T02:14:00+00:00,"Cliente MQTT explicito (paho, SAS manual)",DC-HUMO-08,0.021,24.63,2026-09-26T02:14:00+00:00
2026-09-25T21:14:45-05:00,2026-09-26T02:14:45+00:00,"Cliente MQTT explicito (paho, SAS manual)",DC-HUMO-08,0.019,24.33,2026-09-26T02:14:45+00:00
2026-09-25T21:15:30-05:00,2026-09-26T02:15:30+00:00,"Cliente MQTT explicito (paho, SAS manual)",DC-HUMO-08,0.022,24.39,2026-09-26T02:15:30+00:00
2026-09-25T21:16:15-05:00,2026-09-26T02:16:15+00:00,"Cliente MQTT explicito (paho, SAS manual)",DC-HUMO-08,0.022,24.46,2026-09-26T02:16:15+00:00
2026-09-25T21:17:00-05:00,2026-09-26T02:17:00+00:00,"Cliente MQTT explicito (paho, SAS manual)",DC-HUMO-08,0.02,24.25,2026-09-26T02:17:00+00:00
2026-09-25T21:17:45-05:00,2026-09-26T02:17:45+00:00,"Cliente MQTT explicito (paho, SAS manual)",DC-HUMO-08,0.022,24.07,2026-09-26T02:17:45+00:00
2026-09-25T21:18:31-05:00,2026-09-26T02:18:31+00:00,"Cliente MQTT explicito (paho, SAS manual)",DC-HUMO-08,0.02,23.97,2026-09-26T02:18:31+00:00
2026-09-25T21:19:16-05:00,2026-09-26T02:19:16+00:00,"Cliente MQTT explicito (paho, SAS manual)",DC-HUMO-08,0.021,24.22,2026-09-26T02:19:16+00:00
2026-09-25T21:20:01-05:00,2026-09-26T02:20:01+00:00,"Cliente MQTT explicito (paho, SAS manual)",DC-HUMO-08,0.022,24.57,2026-09-26T02:20:01+00:00
2026-09-25T21:20:46-05:00,2026-09-26T02:20:46+00:00,"Cliente MQTT explicito (paho, SAS manual)",DC-HUMO-08,0.022,24.28,2026-09-26T02:20:46+00:00
2026-09-25T21:21:31-05:00,2026-09-26T02:21:31+00:00,"Cliente MQTT explicito (paho, SAS manual)",DC-HUMO-08,0.02,24.43,2026-09-26T02:21:31+00:00
2026-09-25T21:22:16-05:00,2026-09-26T02:22:16+00:00,"Cliente MQTT explicito (paho, SAS manual)",DC-HUMO-08,0.02,24.38,2026-09-26T02:22:16+00:00
2026-09-25T21:23:01-05:00,2026-09-26T02:23:01+00:00,"Cliente MQTT explicito (paho, SAS manual)",DC-HUMO-08,0.021,24.65,2026-09-26T02:23:01+00:00
2026-09-25T21:23:46-05:00,2026-09-26T02:23:46+00:00,"Cliente MQTT explicito (paho, SAS manual)",DC-HUMO-08,0.021,24.18,2026-09-26T02:23:46+00:00
2026-09-25T21:24:31-05:00,2026-09-26T02:24:31+00:00,"Cliente MQTT explicito (paho, SAS manual)",DC-HUMO-08,0.021,24.23,2026-09-26T02:24:31+00:00
2026-09-25T21:25:16-05:00,2026-09-26T02:25:16+00:00,"Cliente MQTT explicito (paho, SAS manual)",DC-HUMO-08,0.019,23.93,2026-09-26T02:25:16+00:00
2026-09-25T21:26:01-05:00,2026-09-26T02:26:01+00:00,"Cliente MQTT explicito (paho, SAS manual)",DC-HUMO-08,0.019,24.02,2026-09-26T02:26:01+00:00
2026-09-25T21:26:47-05:00,2026-09-26T02:26:47+00:00,"Cliente MQTT explicito (paho, SAS manual)",DC-HUMO-08,0.021,24.3,2026-09-26T02:26:47+00:00
2026-09-25T21:27:32-05:00,2026-09-26T02:27:32+00:00,"Cliente MQTT explicito (paho, SAS manual)",DC-HUMO-08,0.019,23.99,2026-09-26T02:27:32+00:00
2026-09-25T21:28:17-05:00,2026-09-26T02:28:17+00:00,"Cliente MQTT explicito (paho, SAS manual)",DC-HUMO-08,0.021,24.28,2026-09-26T02:28:17+00:00
2026-09-25T21:29:02-05:00,2026-09-26T02:29:02+00:00,"Cliente MQTT explicito (paho, SAS manual)",DC-HUMO-08,0.021,24.53,2026-09-26T02:29:02+00:00
2026-09-25T21:29:47-05:00,2026-09-26T02:29:47+00:00,"Cliente MQTT explicito (paho, SAS manual)",DC-HUMO-08,0.02,24.04,2026-09-26T02:29:47+00:00
2026-09-25T21:30:32-05:00,2026-09-26T02:30:32+00:00,"Cliente MQTT explicito (paho, SAS manual)",DC-HUMO-08,0.022,23.92,2026-09-26T02:30:32+00:00
2026-09-25T21:31:17-05:00,2026-09-26T02:31:17+00:00,"Cliente MQTT explicito (paho, SAS manual)",DC-HUMO-08,0.021,24.16,2026-09-26T02:31:17+00:00
2026-09-25T21:32:02-05:00,2026-09-26T02:32:02+00:00,"Cliente MQTT explicito (paho, SAS manual)",DC-HUMO-08,0.019,24.08,2026-09-26T02:32:02+00:00
2026-09-25T21:32:47-05:00,2026-09-26T02:32:47+00:00,"Cliente MQTT explicito (paho, SAS manual)",DC-HUMO-08,0.019,24.07,2026-09-26T02:32:47+00:00
2026-09-25T21:33:32-05:00,2026-09-26T02:33:32+00:00,"Cliente MQTT explicito (paho, SAS manual)",DC-HUMO-08,0.02,24.41,2026-09-26T02:33:32+00:00
2026-09-25T21:34:17-05:00,2026-09-26T02:34:17+00:00,"Cliente MQTT explicito (paho, SAS manual)",DC-HUMO-08,0.022,24.18,2026-09-26T02:34:17+00:00
2026-09-25T21:35:02-05:00,2026-09-26T02:35:02+00:00,"Cliente MQTT explicito (paho, SAS manual)",DC-HUMO-08,0.022,23.94,2026-09-26T02:35:02+00:00
2026-09-25T21:35:47-05:00,2026-09-26T02:35:47+00:00,"Cliente MQTT explicito (paho, SAS manual)",DC-HUMO-08,0.019,24.05,2026-09-26T02:35:47+00:00
2026-09-25T21:36:32-05:00,2026-09-26T02:36:32+00:00,"Cliente MQTT explicito (paho, SAS manual)",DC-HUMO-08,0.02,24.32,2026-09-26T02:36:32+00:00
2026-09-25T21:37:17-05:00,2026-09-26T02:37:17+00:00,"Cliente MQTT explicito (paho, SAS manual)",DC-HUMO-08,0.02,24.33,2026-09-26T02:37:17+00:00
2026-09-25T21:38:02-05:00,2026-09-26T02:38:02+00:00,"Cliente MQTT explicito (paho, SAS manual)",DC-HUMO-08,0.021,24.29,2026-09-26T02:38:02+00:00
2026-09-25T21:38:47-05:00,2026-09-26T02:38:47+00:00,"Cliente MQTT explicito (paho, SAS manual)",DC-HUMO-08,0.021,24.2,2026-09-26T02:38:47+00:00
2026-09-25T21:39:32-05:00,2026-09-26T02:39:32+00:00,"Cliente MQTT explicito (paho, SAS manual)",DC-HUMO-08,0.021,23.76,2026-09-26T02:39:32+00:00
2026-09-25T21:40:17-05:00,2026-09-26T02:40:17+00:00,"Cliente MQTT explicito (paho, SAS manual)",DC-HUMO-08,0.02,24.11,2026-09-26T02:40:17+00:00
2026-09-25T21:41:02-05:00,2026-09-26T02:41:02+00:00,"Cliente MQTT explicito (paho, SAS manual)",DC-HUMO-08,0.02,24.37,2026-09-26T02:41:02+00:00
2026-09-25T21:41:47-05:00,2026-09-26T02:41:47+00:00,"Cliente MQTT explicito (paho, SAS manual)",DC-HUMO-08,0.021,23.87,2026-09-26T02:41:47+00:00
2026-09-25T21:42:32-05:00,2026-09-26T02:42:32+00:00,"Cliente MQTT explicito (paho, SAS manual)",DC-HUMO-08,0.019,24.28,2026-09-26T02:42:32+00:00
2026-09-25T21:43:17-05:00,2026-09-26T02:43:17+00:00,"Cliente MQTT explicito (paho, SAS manual)",DC-HUMO-08,0.021,23.9,2026-09-26T02:43:17+00:00
2026-09-25T21:44:02-05:00,2026-09-26T02:44:02+00:00,"Cliente MQTT explicito (paho, SAS manual)",DC-HUMO-08,0.021,23.68,2026-09-26T02:44:02+00:00
2026-09-25T21:44:47-05:00,2026-09-26T02:44:47+00:00,"Cliente MQTT explicito (paho, SAS manual)",DC-HUMO-08,0.022,23.8,2026-09-26T02:44:47+00:00
2026-09-25T21:45:32-05:00,2026-09-26T02:45:32+00:00,"Cliente MQTT explicito (paho, SAS manual)",DC-HUMO-08,0.023,24.22,2026-09-26T02:45:32+00:00
2026-09-25T21:46:17-05:00,2026-09-26T02:46:17+00:00,"Cliente MQTT explicito (paho, SAS manual)",DC-HUMO-08,0.02,24.38,2026-09-26T02:46:17+00:00
2026-09-25T21:47:02-05:00,2026-09-26T02:47:02+00:00,"Cliente MQTT explicito (paho, SAS manual)",DC-HUMO-08,0.02,23.94,2026-09-26T02:47:02+00:00
2026-09-25T21:47:47-05:00,2026-09-26T02:47:47+00:00,"Cliente MQTT explicito (paho, SAS manual)",DC-HUMO-08,0.021,23.85,2026-09-26T02:47:47+00:00
2026-09-25T21:48:32-05:00,2026-09-26T02:48:32+00:00,"Cliente MQTT explicito (paho, SAS manual)",DC-HUMO-08,0.022,24.34,2026-09-26T02:48:32+00:00
2026-09-25T21:49:18-05:00,2026-09-26T02:49:18+00:00,"Cliente MQTT explicito (paho, SAS manual)",DC-HUMO-08,0.019,24.04,2026-09-26T02:49:18+00:00
2026-09-25T21:50:03-05:00,2026-09-26T02:50:03+00:00,"Cliente MQTT explicito (paho, SAS manual)",DC-HUMO-08,0.021,24.31,2026-09-26T02:50:03+00:00
2026-09-25T21:50:48-05:00,2026-09-26T02:50:48+00:00,"Cliente MQTT explicito (paho, SAS manual)",DC-HUMO-08,0.021,24.24,2026-09-26T02:50:48+00:00
2026-09-25T21:51:33-05:00,2026-09-26T02:51:33+00:00,"Cliente MQTT explicito (paho, SAS manual)",DC-HUMO-08,0.022,24.31,2026-09-26T02:51:33+00:00
2026-09-25T21:52:18-05:00,2026-09-26T02:52:18+00:00,"Cliente MQTT explicito (paho, SAS manual)",DC-HUMO-08,0.023,23.83,2026-09-26T02:52:18+00:00
2026-09-25T21:53:03-05:00,2026-09-26T02:53:03+00:00,"Cliente MQTT explicito (paho, SAS manual)",DC-HUMO-08,0.021,23.9,2026-09-26T02:53:03+00:00
2026-09-25T21:53:48-05:00,2026-09-26T02:53:48+00:00,"Cliente MQTT explicito (paho, SAS manual)",DC-HUMO-08,0.02,24.09,2026-09-26T02:53:48+00:00
2026-09-25T21:54:33-05:00,2026-09-26T02:54:33+00:00,"Cliente MQTT explicito (paho, SAS manual)",DC-HUMO-08,0.022,23.73,2026-09-26T02:54:33+00:00
2026-09-25T21:55:18-05:00,2026-09-26T02:55:18+00:00,"Cliente MQTT explicito (paho, SAS manual)",DC-HUMO-08,0.02,24.24,2026-09-26T02:55:18+00:00
2026-09-25T21:56:03-05:00,2026-09-26T02:56:03+00:00,"Cliente MQTT explicito (paho, SAS manual)",DC-HUMO-08,0.022,23.85,2026-09-26T02:56:03+00:00
2026-09-25T21:56:51-05:00,2026-09-26T02:56:51+00:00,"Cliente MQTT explicito (paho, SAS manual)",DC-HUMO-08,0.02,23.79,2026-09-26T02:56:51+00:00
2026-09-25T21:57:38-05:00,2026-09-26T02:57:38+00:00,"Cliente MQTT explicito (paho, SAS manual)",DC-HUMO-08,0.021,23.64,2026-09-26T02:57:38+00:00
2026-09-25T21:58:23-05:00,2026-09-26T02:58:23+00:00,"Cliente MQTT explicito (paho, SAS manual)",DC-HUMO-08,0.022,23.86,2026-09-26T02:58:23+00:00
2026-09-25T21:59:10-05:00,2026-09-26T02:59:10+00:00,"Cliente MQTT explicito (paho, SAS manual)",DC-HUMO-08,0.02,23.49,2026-09-26T02:59:10+00:00
2026-09-25T21:59:55-05:00,2026-09-26T02:59:55+00:00,"Cliente MQTT explicito (paho, SAS manual)",DC-HUMO-08,0.023,24.03,2026-09-26T02:59:55+00:00
2026-09-25T22:00:40-05:00,2026-09-26T03:00:40+00:00,"Cliente MQTT explicito (paho, SAS manual)",DC-HUMO-08,0.02,24.11,2026-09-26T03:00:40+00:00
2026-09-25T22:01:28-05:00,2026-09-26T03:01:28+00:00,"Cliente MQTT explicito (paho, SAS manual)",DC-HUMO-08,0.021,24.06,2026-09-26T03:01:28+00:00
2026-09-25T22:02:13-05:00,2026-09-26T03:02:13+00:00,"Cliente MQTT explicito (paho, SAS manual)",DC-HUMO-08,0.023,24.16,2026-09-26T03:02:13+00:00
2026-09-25T22:02:58-05:00,2026-09-26T03:02:58+00:00,"Cliente MQTT explicito (paho, SAS manual)",DC-HUMO-08,0.02,24.2,2026-09-26T03:02:58+00:00
2026-09-25T22:03:43-05:00,2026-09-26T03:03:43+00:00,"Cliente MQTT explicito (paho, SAS manual)",DC-HUMO-08,0.022,23.77,2026-09-26T03:03:43+00:00
2026-09-25T22:04:28-05:00,2026-09-26T03:04:28+00:00,"Cliente MQTT explicito (paho, SAS manual)",DC-HUMO-08,0.023,23.91,2026-09-26T03:04:28+00:00
2026-09-25T22:05:16-05:00,2026-09-26T03:05:16+00:00,"Cliente MQTT explicito (paho, SAS manual)",DC-HUMO-08,0.019,23.92,2026-09-26T03:05:16+00:00
2026-09-25T22:06:01-05:00,2026-09-26T03:06:01+00:00,"Cliente MQTT explicito (paho, SAS manual)",DC-HUMO-08,0.022,23.84,2026-09-26T03:06:01+00:00
2026-09-25T22:06:46-05:00,2026-09-26T03:06:46+00:00,"Cliente MQTT explicito (paho, SAS manual)",DC-HUMO-08,0.021,24.13,2026-09-26T03:06:46+00:00
2026-09-25T22:07:31-05:00,2026-09-26T03:07:31+00:00,"Cliente MQTT explicito (paho, SAS manual)",DC-HUMO-08,0.019,23.43,2026-09-26T03:07:31+00:00
2026-09-25T22:08:19-05:00,2026-09-26T03:08:19+00:00,"Cliente MQTT explicito (paho, SAS manual)",DC-HUMO-08,0.022,23.53,2026-09-26T03:08:19+00:00
2026-09-25T22:09:11-05:00,2026-09-26T03:09:11+00:00,"Cliente MQTT explicito (paho, SAS manual)",DC-HUMO-08,0.02,23.49,2026-09-26T03:09:11+00:00
2026-09-25T22:09:56-05:00,2026-09-26T03:09:56+00:00,"Cliente MQTT explicito (paho, SAS manual)",DC-HUMO-08,0.022,24.12,2026-09-26T03:09:56+00:00
2026-09-25T22:10:41-05:00,2026-09-26T03:10:41+00:00,"Cliente MQTT explicito (paho, SAS manual)",DC-HUMO-08,0.021,23.61,2026-09-26T03:10:41+00:00
2026-09-25T22:11:26-05:00,2026-09-26T03:11:26+00:00,"Cliente MQTT explicito (paho, SAS manual)",DC-HUMO-08,0.023,24.1,2026-09-26T03:11:26+00:00
2026-09-25T22:12:13-05:00,2026-09-26T03:12:13+00:00,"Cliente MQTT explicito (paho, SAS manual)",DC-HUMO-08,0.02,23.45,2026-09-26T03:12:13+00:00
2026-09-25T22:12:58-05:00,2026-09-26T03:12:58+00:00,"Cliente MQTT explicito (paho, SAS manual)",DC-HUMO-08,0.022,23.56,2026-09-26T03:12:58+00:00
2026-09-25T22:13:43-05:00,2026-09-26T03:13:43+00:00,"Cliente MQTT explicito (paho, SAS manual)",DC-HUMO-08,0.02,23.89,2026-09-26T03:13:43+00:00
2026-09-25T22:14:28-05:00,2026-09-26T03:14:28+00:00,"Cliente MQTT explicito (paho, SAS manual)",DC-HUMO-08,0.02,24.08,2026-09-26T03:14:28+00:00
2026-09-25T22:15:13-05:00,2026-09-26T03:15:13+00:00,"Cliente MQTT explicito (paho, SAS manual)",DC-HUMO-08,0.023,23.83,2026-09-26T03:15:13+00:00
2026-09-25T22:15:59-05:00,2026-09-26T03:15:59+00:00,"Cliente MQTT explicito (paho, SAS manual)",DC-HUMO-08,0.023,23.43,2026-09-26T03:15:59+00:00
2026-09-25T22:16:44-05:00,2026-09-26T03:16:44+00:00,"Cliente MQTT explicito (paho, SAS manual)",DC-HUMO-08,0.02,23.92,2026-09-26T03:16:44+00:00
2026-09-25T22:17:29-05:00,2026-09-26T03:17:29+00:00,"Cliente MQTT explicito (paho, SAS manual)",DC-HUMO-08,0.022,24.06,2026-09-26T03:17:29+00:00
2026-09-25T22:18:14-05:00,2026-09-26T03:18:14+00:00,"Cliente MQTT explicito (paho, SAS manual)",DC-HUMO-08,0.023,23.4,2026-09-26T03:18:14+00:00
2026-09-25T22:18:59-05:00,2026-09-26T03:18:59+00:00,"Cliente MQTT explicito (paho, SAS manual)",DC-HUMO-08,0.023,23.78,2026-09-26T03:18:59+00:00
2026-09-25T22:19:44-05:00,2026-09-26T03:19:44+00:00,"Cliente MQTT explicito (paho, SAS manual)",DC-HUMO-08,0.02,23.91,2026-09-26T03:19:44+00:00
2026-09-25T22:20:29-05:00,2026-09-26T03:20:29+00:00,"Cliente MQTT explicito (paho, SAS manual)",DC-HUMO-08,0.023,23.46,2026-09-26T03:20:29+00:00
2026-09-25T22:21:14-05:00,2026-09-26T03:21:14+00:00,"Cliente MQTT explicito (paho, SAS manual)",DC-HUMO-08,0.021,23.62,2026-09-26T03:21:14+00:00
2026-09-25T22:21:59-05:00,2026-09-26T03:21:59+00:00,"Cliente MQTT explicito (paho, SAS manual)",DC-HUMO-08,0.02,23.79,2026-09-26T03:21:59+00:00
2026-09-25T22:22:44-05:00,2026-09-26T03:22:44+00:00,"Cliente MQTT explicito (paho, SAS manual)",DC-HUMO-08,0.02,23.84,2026-09-26T03:22:44+00:00
2026-09-25T22:23:29-05:00,2026-09-26T03:23:29+00:00,"Cliente MQTT explicito (paho, SAS manual)",DC-HUMO-08,0.022,23.76,2026-09-26T03:23:29+00:00
2026-09-25T22:24:14-05:00,2026-09-26T03:24:14+00:00,"Cliente MQTT explicito (paho, SAS manual)",DC-HUMO-08,0.021,23.73,2026-09-26T03:24:14+00:00
2026-09-25T22:24:59-05:00,2026-09-26T03:24:59+00:00,"Cliente MQTT explicito (paho, SAS manual)",DC-HUMO-08,0.022,23.74,2026-09-26T03:24:59+00:00
2026-09-25T22:25:44-05:00,2026-09-26T03:25:44+00:00,"Cliente MQTT explicito (paho, SAS manual)",DC-HUMO-08,0.022,23.48,2026-09-26T03:25:44+00:00
2026-09-25T22:26:29-05:00,2026-09-26T03:26:29+00:00,"Cliente MQTT explicito (paho, SAS manual)",DC-HUMO-08,0.022,23.25,2026-09-26T03:26:29+00:00
2026-09-25T22:27:14-05:00,2026-09-26T03:27:14+00:00,"Cliente MQTT explicito (paho, SAS manual)",DC-HUMO-08,0.023,23.24,2026-09-26T03:27:14+00:00
2026-09-25T22:27:59-05:00,2026-09-26T03:27:59+00:00,"Cliente MQTT explicito (paho, SAS manual)",DC-HUMO-08,0.02,23.51,2026-09-26T03:27:59+00:00
2026-09-25T22:28:44-05:00,2026-09-26T03:28:44+00:00,"Cliente MQTT explicito (paho, SAS manual)",DC-HUMO-08,0.022,23.46,2026-09-26T03:28:44+00:00
2026-09-25T22:29:29-05:00,2026-09-26T03:29:29+00:00,"Cliente MQTT explicito (paho, SAS manual)",DC-HUMO-08,0.021,23.62,2026-09-26T03:29:29+00:00
2026-09-25T22:30:14-05:00,2026-09-26T03:30:14+00:00,"Cliente MQTT explicito (paho, SAS manual)",DC-HUMO-08,0.021,23.41,2026-09-26T03:30:14+00:00
2026-09-25T22:30:59-05:00,2026-09-26T03:30:59+00:00,"Cliente MQTT explicito (paho, SAS manual)",DC-HUMO-08,0.02,23.43,2026-09-26T03:30:59+00:00
2026-09-25T22:31:44-05:00,2026-09-26T03:31:44+00:00,"Cliente MQTT explicito (paho, SAS manual)",DC-HUMO-08,0.021,23.31,2026-09-26T03:31:44+00:00
2026-09-25T22:32:29-05:00,2026-09-26T03:32:29+00:00,"Cliente MQTT explicito (paho, SAS manual)",DC-HUMO-08,0.02,23.92,2026-09-26T03:32:29+00:00
2026-09-25T22:33:14-05:00,2026-09-26T03:33:14+00:00,"Cliente MQTT explicito (paho, SAS manual)",DC-HUMO-08,0.021,23.38,2026-09-26T03:33:14+00:00
2026-09-25T22:33:59-05:00,2026-09-26T03:33:59+00:00,"Cliente MQTT explicito (paho, SAS manual)",DC-HUMO-08,0.021,23.54,2026-09-26T03:33:59+00:00
2026-09-25T22:34:44-05:00,2026-09-26T03:34:44+00:00,"Cliente MQTT explicito (paho, SAS manual)",DC-HUMO-08,0.022,23.71,2026-09-26T03:34:44+00:00
2026-09-25T22:35:29-05:00,2026-09-26T03:35:29+00:00,"Cliente MQTT explicito (paho, SAS manual)",DC-HUMO-08,0.023,23.26,2026-09-26T03:35:29+00:00
2026-09-25T22:36:14-05:00,2026-09-26T03:36:14+00:00,"Cliente MQTT explicito (paho, SAS manual)",DC-HUMO-08,0.021,23.77,2026-09-26T03:36:14+00:00
2026-09-25T22:36:59-05:00,2026-09-26T03:36:59+00:00,"Cliente MQTT explicito (paho, SAS manual)",DC-HUMO-08,0.02,23.37,2026-09-26T03:36:59+00:00
2026-09-25T22:37:44-05:00,2026-09-26T03:37:44+00:00,"Cliente MQTT explicito (paho, SAS manual)",DC-HUMO-08,0.022,23.58,2026-09-26T03:37:44+00:00
2026-09-25T22:38:29-05:00,2026-09-26T03:38:29+00:00,"Cliente MQTT explicito (paho, SAS manual)",DC-HUMO-08,0.023,23.24,2026-09-26T03:38:29+00:00
2026-09-25T22:39:14-05:00,2026-09-26T03:39:14+00:00,"Cliente MQTT explicito (paho, SAS manual)",DC-HUMO-08,0.022,23.7,2026-09-26T03:39:14+00:00
2026-09-25T22:39:59-05:00,2026-09-26T03:39:59+00:00,"Cliente MQTT explicito (paho, SAS manual)",DC-HUMO-08,0.023,23.32,2026-09-26T03:39:59+00:00
2026-09-25T22:40:44-05:00,2026-09-26T03:40:44+00:00,"Cliente MQTT explicito (paho, SAS manual)",DC-HUMO-08,0.023,23.17,2026-09-26T03:40:44+00:00
2026-09-25T22:41:29-05:00,2026-09-26T03:41:29+00:00,"Cliente MQTT explicito (paho, SAS manual)",DC-HUMO-08,0.02,23.37,2026-09-26T03:41:29+00:00
2026-09-25T22:42:14-05:00,2026-09-26T03:42:14+00:00,"Cliente MQTT explicito (paho, SAS manual)",DC-HUMO-08,0.022,23.5,2026-09-26T03:42:14+00:00
2026-09-25T22:42:59-05:00,2026-09-26T03:42:59+00:00,"Cliente MQTT explicito (paho, SAS manual)",DC-HUMO-08,0.022,23.18,2026-09-26T03:42:59+00:00
2026-09-25T22:43:44-05:00,2026-09-26T03:43:44+00:00,"Cliente MQTT explicito (paho, SAS manual)",DC-HUMO-08,0.022,23.76,2026-09-26T03:43:44+00:00
2026-09-25T22:44:29-05:00,2026-09-26T03:44:29+00:00,"Cliente MQTT explicito (paho, SAS manual)",DC-HUMO-08,0.023,23.31,2026-09-26T03:44:29+00:00
2026-09-25T22:45:14-05:00,2026-09-26T03:45:14+00:00,"Cliente MQTT explicito (paho, SAS manual)",DC-HUMO-08,0.021,23.22,2026-09-26T03:45:14+00:00
2026-09-25T22:45:59-05:00,2026-09-26T03:45:59+00:00,"Cliente MQTT explicito (paho, SAS manual)",DC-HUMO-08,0.021,23.34,2026-09-26T03:45:59+00:00
2026-09-25T22:46:44-05:00,2026-09-26T03:46:44+00:00,"Cliente MQTT explicito (paho, SAS manual)",DC-HUMO-08,0.022,23.53,2026-09-26T03:46:44+00:00
2026-09-25T22:47:29-05:00,2026-09-26T03:47:29+00:00,"Cliente MQTT explicito (paho, SAS manual)",DC-HUMO-08,0.023,23.61,2026-09-26T03:47:29+00:00
2026-09-25T22:48:14-05:00,2026-09-26T03:48:14+00:00,"Cliente MQTT explicito (paho, SAS manual)",DC-HUMO-08,0.023,23.39,2026-09-26T03:48:14+00:00
2026-09-25T22:48:59-05:00,2026-09-26T03:48:59+00:00,"Cliente MQTT explicito (paho, SAS manual)",DC-HUMO-08,0.023,23.04,2026-09-26T03:48:59+00:00
2026-09-25T22:49:44-05:00,2026-09-26T03:49:44+00:00,"Cliente MQTT explicito (paho, SAS manual)",DC-HUMO-08,0.023,23.39,2026-09-26T03:49:44+00:00
2026-09-25T22:50:29-05:00,2026-09-26T03:50:29+00:00,"Cliente MQTT explicito (paho, SAS manual)",DC-HUMO-08,0.02,23.19,2026-09-26T03:50:29+00:00
2026-09-25T22:51:14-05:00,2026-09-26T03:51:14+00:00,"Cliente MQTT explicito (paho, SAS manual)",DC-HUMO-08,0.021,23.43,2026-09-26T03:51:14+00:00
2026-09-25T22:51:59-05:00,2026-09-26T03:51:59+00:00,"Cliente MQTT explicito (paho, SAS manual)",DC-HUMO-08,0.023,23.07,2026-09-26T03:51:59+00:00
2026-09-25T22:52:44-05:00,2026-09-26T03:52:44+00:00,"Cliente MQTT explicito (paho, SAS manual)",DC-HUMO-08,0.024,23.4,2026-09-26T03:52:44+00:00
2026-09-25T22:53:29-05:00,2026-09-26T03:53:29+00:00,"Cliente MQTT explicito (paho, SAS manual)",DC-HUMO-08,0.024,23.25,2026-09-26T03:53:29+00:00
2026-09-25T22:54:14-05:00,2026-09-26T03:54:14+00:00,"Cliente MQTT explicito (paho, SAS manual)",DC-HUMO-08,0.023,22.97,2026-09-26T03:54:14+00:00
2026-09-25T22:54:59-05:00,2026-09-26T03:54:59+00:00,"Cliente MQTT explicito (paho, SAS manual)",DC-HUMO-08,0.022,23.67,2026-09-26T03:54:59+00:00
2026-09-25T22:55:44-05:00,2026-09-26T03:55:44+00:00,"Cliente MQTT explicito (paho, SAS manual)",DC-HUMO-08,0.022,23.63,2026-09-26T03:55:44+00:00
2026-09-25T22:56:29-05:00,2026-09-26T03:56:29+00:00,"Cliente MQTT explicito (paho, SAS manual)",DC-HUMO-08,0.021,23.67,2026-09-26T03:56:29+00:00
2026-09-25T22:57:15-05:00,2026-09-26T03:57:15+00:00,"Cliente MQTT explicito (paho, SAS manual)",DC-HUMO-08,0.02,23.59,2026-09-26T03:57:15+00:00
2026-09-25T22:58:00-05:00,2026-09-26T03:58:00+00:00,"Cliente MQTT explicito (paho, SAS manual)",DC-HUMO-08,0.022,23.02,2026-09-26T03:58:00+00:00
2026-09-25T22:58:45-05:00,2026-09-26T03:58:45+00:00,"Cliente MQTT explicito (paho, SAS manual)",DC-HUMO-08,0.02,23.29,2026-09-26T03:58:45+00:00
2026-09-25T22:59:30-05:00,2026-09-26T03:59:30+00:00,"Cliente MQTT explicito (paho, SAS manual)",DC-HUMO-08,0.023,22.97,2026-09-26T03:59:30+00:00
2026-09-25T23:00:15-05:00,2026-09-26T04:00:15+00:00,"Cliente MQTT explicito (paho, SAS manual)",DC-HUMO-08,0.02,23.22,2026-09-26T04:00:15+00:00
2026-09-25T23:01:00-05:00,2026-09-26T04:01:00+00:00,"Cliente MQTT explicito (paho, SAS manual)",DC-HUMO-08,0.021,23.52,2026-09-26T04:01:00+00:00
2026-09-25T23:01:45-05:00,2026-09-26T04:01:45+00:00,"Cliente MQTT explicito (paho, SAS manual)",DC-HUMO-08,0.023,23.22,2026-09-26T04:01:45+00:00
2026-09-25T23:02:30-05:00,2026-09-26T04:02:30+00:00,"Cliente MQTT explicito (paho, SAS manual)",DC-HUMO-08,0.021,23.46,2026-09-26T04:02:30+00:00
2026-09-25T23:03:15-05:00,2026-09-26T04:03:15+00:00,"Cliente MQTT explicito (paho, SAS manual)",DC-HUMO-08,0.024,23.52,2026-09-26T04:03:15+00:00
2026-09-25T23:04:00-05:00,2026-09-26T04:04:00+00:00,"Cliente MQTT explicito (paho, SAS manual)",DC-HUMO-08,0.02,22.85,2026-09-26T04:04:00+00:00
2026-09-25T23:04:45-05:00,2026-09-26T04:04:45+00:00,"Cliente MQTT explicito (paho, SAS manual)",DC-HUMO-08,0.021,23.54,2026-09-26T04:04:45+00:00
2026-09-25T23:05:30-05:00,2026-09-26T04:05:30+00:00,"Cliente MQTT explicito (paho, SAS manual)",DC-HUMO-08,0.021,22.82,2026-09-26T04:05:30+00:00
2026-09-25T23:06:15-05:00,2026-09-26T04:06:15+00:00,"Cliente MQTT explicito (paho, SAS manual)",DC-HUMO-08,0.022,23.0,2026-09-26T04:06:15+00:00
2026-09-25T23:07:00-05:00,2026-09-26T04:07:00+00:00,"Cliente MQTT explicito (paho, SAS manual)",DC-HUMO-08,0.021,23.12,2026-09-26T04:07:00+00:00
2026-09-25T23:07:45-05:00,2026-09-26T04:07:45+00:00,"Cliente MQTT explicito (paho, SAS manual)",DC-HUMO-08,0.022,22.85,2026-09-26T04:07:45+00:00
2026-09-25T23:08:30-05:00,2026-09-26T04:08:30+00:00,"Cliente MQTT explicito (paho, SAS manual)",DC-HUMO-08,0.023,23.44,2026-09-26T04:08:30+00:00
2026-09-25T23:09:15-05:00,2026-09-26T04:09:15+00:00,"Cliente MQTT explicito (paho, SAS manual)",DC-HUMO-08,0.024,22.77,2026-09-26T04:09:15+00:00
2026-09-25T23:10:00-05:00,2026-09-26T04:10:00+00:00,"Cliente MQTT explicito (paho, SAS manual)",DC-HUMO-08,0.023,22.92,2026-09-26T04:10:00+00:00
2026-09-25T23:10:45-05:00,2026-09-26T04:10:45+00:00,"Cliente MQTT explicito (paho, SAS manual)",DC-HUMO-08,0.024,22.85,2026-09-26T04:10:45+00:00
2026-09-25T23:11:30-05:00,2026-09-26T04:11:30+00:00,"Cliente MQTT explicito (paho, SAS manual)",DC-HUMO-08,0.024,23.3,2026-09-26T04:11:30+00:00
2026-09-25T23:12:15-05:00,2026-09-26T04:12:15+00:00,"Cliente MQTT explicito (paho, SAS manual)",DC-HUMO-08,0.023,22.77,2026-09-26T04:12:15+00:00
2026-09-25T23:13:00-05:00,2026-09-26T04:13:00+00:00,"Cliente MQTT explicito (paho, SAS manual)",DC-HUMO-08,0.023,23.45,2026-09-26T04:13:00+00:00
2026-09-25T23:13:45-05:00,2026-09-26T04:13:45+00:00,"Cliente MQTT explicito (paho, SAS manual)",DC-HUMO-08,0.022,23.21,2026-09-26T04:13:45+00:00
2026-09-25T23:14:30-05:00,2026-09-26T04:14:30+00:00,"Cliente MQTT explicito (paho, SAS manual)",DC-HUMO-08,0.021,22.91,2026-09-26T04:14:30+00:00
2026-09-25T23:15:15-05:00,2026-09-26T04:15:15+00:00,"Cliente MQTT explicito (paho, SAS manual)",DC-HUMO-08,0.021,23.11,2026-09-26T04:15:15+00:00
2026-09-25T23:16:00-05:00,2026-09-26T04:16:00+00:00,"Cliente MQTT explicito (paho, SAS manual)",DC-HUMO-08,0.022,23.09,2026-09-26T04:16:00+00:00
2026-09-25T23:16:45-05:00,2026-09-26T04:16:45+00:00,"Cliente MQTT explicito (paho, SAS manual)",DC-HUMO-08,0.021,22.91,2026-09-26T04:16:45+00:00
2026-09-25T23:17:30-05:00,2026-09-26T04:17:30+00:00,"Cliente MQTT explicito (paho, SAS manual)",DC-HUMO-08,0.024,22.72,2026-09-26T04:17:30+00:00
2026-09-25T23:18:15-05:00,2026-09-26T04:18:15+00:00,"Cliente MQTT explicito (paho, SAS manual)",DC-HUMO-08,0.024,23.05,2026-09-26T04:18:15+00:00
2026-09-25T23:19:00-05:00,2026-09-26T04:19:00+00:00,"Cliente MQTT explicito (paho, SAS manual)",DC-HUMO-08,0.022,22.87,2026-09-26T04:19:00+00:00
2026-09-25T23:19:45-05:00,2026-09-26T04:19:45+00:00,"Cliente MQTT explicito (paho, SAS manual)",DC-HUMO-08,0.022,22.71,2026-09-26T04:19:45+00:00
2026-09-25T23:20:30-05:00,2026-09-26T04:20:30+00:00,"Cliente MQTT explicito (paho, SAS manual)",DC-HUMO-08,0.023,23.34,2026-09-26T04:20:30+00:00
2026-09-25T23:21:15-05:00,2026-09-26T04:21:15+00:00,"Cliente MQTT explicito (paho, SAS manual)",DC-HUMO-08,0.021,23.03,2026-09-26T04:21:15+00:00
2026-09-25T23:22:00-05:00,2026-09-26T04:22:00+00:00,"Cliente MQTT explicito (paho, SAS manual)",DC-HUMO-08,0.021,23.06,2026-09-26T04:22:00+00:00
2026-09-25T23:22:45-05:00,2026-09-26T04:22:45+00:00,"Cliente MQTT explicito (paho, SAS manual)",DC-HUMO-08,0.021,22.71,2026-09-26T04:22:45+00:00
2026-09-25T23:23:30-05:00,2026-09-26T04:23:30+00:00,"Cliente MQTT explicito (paho, SAS manual)",DC-HUMO-08,0.021,23.24,2026-09-26T04:23:30+00:00
2026-09-25T23:24:15-05:00,2026-09-26T04:24:15+00:00,"Cliente MQTT explicito (paho, SAS manual)",DC-HUMO-08,0.021,22.78,2026-09-26T04:24:15+00:00
2026-09-25T23:25:00-05:00,2026-09-26T04:25:00+00:00,"Cliente MQTT explicito (paho, SAS manual)",DC-HUMO-08,0.021,22.83,2026-09-26T04:25:00+00:00
2026-09-25T23:25:45-05:00,2026-09-26T04:25:45+00:00,"Cliente MQTT explicito (paho, SAS manual)",DC-HUMO-08,0.024,22.92,2026-09-26T04:25:45+00:00
2026-09-25T23:26:30-05:00,2026-09-26T04:26:30+00:00,"Cliente MQTT explicito (paho, SAS manual)",DC-HUMO-08,0.021,23.27,2026-09-26T04:26:30+00:00
2026-09-25T23:27:15-05:00,2026-09-26T04:27:15+00:00,"Cliente MQTT explicito (paho, SAS manual)",DC-HUMO-08,0.021,22.83,2026-09-26T04:27:15+00:00
2026-09-25T23:28:00-05:00,2026-09-26T04:28:00+00:00,"Cliente MQTT explicito (paho, SAS manual)",DC-HUMO-08,0.024,22.76,2026-09-26T04:28:00+00:00
2026-09-25T23:28:45-05:00,2026-09-26T04:28:45+00:00,"Cliente MQTT explicito (paho, SAS manual)",DC-HUMO-08,0.023,22.64,2026-09-26T04:28:45+00:00
2026-09-25T23:29:30-05:00,2026-09-26T04:29:30+00:00,"Cliente MQTT explicito (paho, SAS manual)",DC-HUMO-08,0.024,23.35,2026-09-26T04:29:30+00:00
2026-09-25T23:30:15-05:00,2026-09-26T04:30:15+00:00,"Cliente MQTT explicito (paho, SAS manual)",DC-HUMO-08,0.022,23.05,2026-09-26T04:30:15+00:00
2026-09-25T23:31:00-05:00,2026-09-26T04:31:00+00:00,"Cliente MQTT explicito (paho, SAS manual)",DC-HUMO-08,0.023,23.04,2026-09-26T04:31:00+00:00
2026-09-25T23:31:45-05:00,2026-09-26T04:31:45+00:00,"Cliente MQTT explicito (paho, SAS manual)",DC-HUMO-08,0.024,23.07,2026-09-26T04:31:45+00:00
2026-09-25T23:32:30-05:00,2026-09-26T04:32:30+00:00,"Cliente MQTT explicito (paho, SAS manual)",DC-HUMO-08,0.023,22.99,2026-09-26T04:32:30+00:00
2026-09-25T23:33:15-05:00,2026-09-26T04:33:15+00:00,"Cliente MQTT explicito (paho, SAS manual)",DC-HUMO-08,0.024,22.73,2026-09-26T04:33:15+00:00
2026-09-25T23:34:00-05:00,2026-09-26T04:34:00+00:00,"Cliente MQTT explicito (paho, SAS manual)",DC-HUMO-08,0.023,23.33,2026-09-26T04:34:00+00:00
2026-09-25T23:34:45-05:00,2026-09-26T04:34:45+00:00,"Cliente MQTT explicito (paho, SAS manual)",DC-HUMO-08,0.024,23.11,2026-09-26T04:34:45+00:00
2026-09-25T23:35:30-05:00,2026-09-26T04:35:30+00:00,"Cliente MQTT explicito (paho, SAS manual)",DC-HUMO-08,0.024,23.02,2026-09-26T04:35:30+00:00
2026-09-25T23:36:15-05:00,2026-09-26T04:36:15+00:00,"Cliente MQTT explicito (paho, SAS manual)",DC-HUMO-08,0.023,23.0,2026-09-26T04:36:15+00:00
2026-09-25T23:37:00-05:00,2026-09-26T04:37:00+00:00,"Cliente MQTT explicito (paho, SAS manual)",DC-HUMO-08,0.022,22.6,2026-09-26T04:37:00+00:00
2026-09-25T23:37:45-05:00,2026-09-26T04:37:45+00:00,"Cliente MQTT explicito (paho, SAS manual)",DC-HUMO-08,0.025,23.06,2026-09-26T04:37:45+00:00
2026-09-25T23:38:30-05:00,2026-09-26T04:38:30+00:00,"Cliente MQTT explicito (paho, SAS manual)",DC-HUMO-08,0.024,23.15,2026-09-26T04:38:30+00:00
2026-09-25T23:39:15-05:00,2026-09-26T04:39:15+00:00,"Cliente MQTT explicito (paho, SAS manual)",DC-HUMO-08,0.023,23.26,2026-09-26T04:39:15+00:00
2026-09-25T23:40:00-05:00,2026-09-26T04:40:00+00:00,"Cliente MQTT explicito (paho, SAS manual)",DC-HUMO-08,0.022,23.13,2026-09-26T04:40:00+00:00
2026-09-25T23:40:45-05:00,2026-09-26T04:40:45+00:00,"Cliente MQTT explicito (paho, SAS manual)",DC-HUMO-08,0.022,22.94,2026-09-26T04:40:45+00:00
2026-09-25T23:41:30-05:00,2026-09-26T04:41:30+00:00,"Cliente MQTT explicito (paho, SAS manual)",DC-HUMO-08,0.024,22.74,2026-09-26T04:41:30+00:00
2026-09-25T23:42:17-05:00,2026-09-26T04:42:17+00:00,"Cliente MQTT explicito (paho, SAS manual)",DC-HUMO-08,0.024,22.59,2026-09-26T04:42:17+00:00
2026-09-25T23:43:02-05:00,2026-09-26T04:43:02+00:00,"Cliente MQTT explicito (paho, SAS manual)",DC-HUMO-08,0.022,23.23,2026-09-26T04:43:02+00:00
2026-09-25T23:43:47-05:00,2026-09-26T04:43:47+00:00,"Cliente MQTT explicito (paho, SAS manual)",DC-HUMO-08,0.023,22.59,2026-09-26T04:43:47+00:00
2026-09-25T23:44:32-05:00,2026-09-26T04:44:32+00:00,"Cliente MQTT explicito (paho, SAS manual)",DC-HUMO-08,0.024,22.95,2026-09-26T04:44:32+00:00
2026-09-25T23:45:17-05:00,2026-09-26T04:45:17+00:00,"Cliente MQTT explicito (paho, SAS manual)",DC-HUMO-08,0.022,22.83,2026-09-26T04:45:17+00:00
2026-09-25T23:46:02-05:00,2026-09-26T04:46:02+00:00,"Cliente MQTT explicito (paho, SAS manual)",DC-HUMO-08,0.022,22.68,2026-09-26T04:46:02+00:00
2026-09-25T23:46:47-05:00,2026-09-26T04:46:47+00:00,"Cliente MQTT explicito (paho, SAS manual)",DC-HUMO-08,0.022,22.73,2026-09-26T04:46:47+00:00
2026-09-25T23:47:32-05:00,2026-09-26T04:47:32+00:00,"Cliente MQTT explicito (paho, SAS manual)",DC-HUMO-08,0.024,22.59,2026-09-26T04:47:32+00:00
2026-09-25T23:48:17-05:00,2026-09-26T04:48:17+00:00,"Cliente MQTT explicito (paho, SAS manual)",DC-HUMO-08,0.022,22.55,2026-09-26T04:48:17+00:00
2026-09-25T23:49:02-05:00,2026-09-26T04:49:02+00:00,"Cliente MQTT explicito (paho, SAS manual)",DC-HUMO-08,0.022,22.84,2026-09-26T04:49:02+00:00
2026-09-25T23:49:47-05:00,2026-09-26T04:49:47+00:00,"Cliente MQTT explicito (paho, SAS manual)",DC-HUMO-08,0.025,22.52,2026-09-26T04:49:47+00:00
2026-09-25T23:50:32-05:00,2026-09-26T04:50:32+00:00,"Cliente MQTT explicito (paho, SAS manual)",DC-HUMO-08,0.023,22.7,2026-09-26T04:50:32+00:00
2026-09-25T23:51:17-05:00,2026-09-26T04:51:17+00:00,"Cliente MQTT explicito (paho, SAS manual)",DC-HUMO-08,0.025,22.95,2026-09-26T04:51:17+00:00
2026-09-25T23:52:02-05:00,2026-09-26T04:52:02+00:00,"Cliente MQTT explicito (paho, SAS manual)",DC-HUMO-08,0.023,23.17,2026-09-26T04:52:02+00:00
2026-09-25T23:52:47-05:00,2026-09-26T04:52:47+00:00,"Cliente MQTT explicito (paho, SAS manual)",DC-HUMO-08,0.023,22.9,2026-09-26T04:52:47+00:00
2026-09-25T23:53:32-05:00,2026-09-26T04:53:32+00:00,"Cliente MQTT explicito (paho, SAS manual)",DC-HUMO-08,0.024,23.18,2026-09-26T04:53:32+00:00
2026-09-25T23:54:17-05:00,2026-09-26T04:54:17+00:00,"Cliente MQTT explicito (paho, SAS manual)",DC-HUMO-08,0.021,22.62,2026-09-26T04:54:17+00:00
2026-09-25T23:55:02-05:00,2026-09-26T04:55:02+00:00,"Cliente MQTT explicito (paho, SAS manual)",DC-HUMO-08,0.023,23.12,2026-09-26T04:55:02+00:00
2026-09-25T23:55:47-05:00,2026-09-26T04:55:47+00:00,"Cliente MQTT explicito (paho, SAS manual)",DC-HUMO-08,0.024,22.39,2026-09-26T04:55:47+00:00
2026-09-25T23:56:32-05:00,2026-09-26T04:56:32+00:00,"Cliente MQTT explicito (paho, SAS manual)",DC-HUMO-08,0.025,22.74,2026-09-26T04:56:32+00:00
2026-09-25T23:57:17-05:00,2026-09-26T04:57:17+00:00,"Cliente MQTT explicito (paho, SAS manual)",DC-HUMO-08,0.023,22.98,2026-09-26T04:57:17+00:00
2026-09-25T23:58:02-05:00,2026-09-26T04:58:02+00:00,"Cliente MQTT explicito (paho, SAS manual)",DC-HUMO-08,0.023,22.46,2026-09-26T04:58:02+00:00
2026-09-25T23:58:47-05:00,2026-09-26T04:58:47+00:00,"Cliente MQTT explicito (paho, SAS manual)",DC-HUMO-08,0.023,22.81,2026-09-26T04:58:47+00:00
2026-09-25T23:59:32-05:00,2026-09-26T04:59:32+00:00,"Cliente MQTT explicito (paho, SAS manual)",DC-HUMO-08,0.024,22.89,2026-09-26T04:59:32+00:00
2026-09-26T00:00:17-05:00,2026-09-26T05:00:17+00:00,"Cliente MQTT explicito (paho, SAS manual)",DC-HUMO-08,0.023,22.55,2026-09-26T05:00:17+00:00
2026-09-26T00:01:02-05:00,2026-09-26T05:01:02+00:00,"Cliente MQTT explicito (paho, SAS manual)",DC-HUMO-08,0.025,22.65,2026-09-26T05:01:02+00:00
2026-09-26T00:01:47-05:00,2026-09-26T05:01:47+00:00,"Cliente MQTT explicito (paho, SAS manual)",DC-HUMO-08,0.022,22.7,2026-09-26T05:01:47+00:00
2026-09-26T00:02:32-05:00,2026-09-26T05:02:32+00:00,"Cliente MQTT explicito (paho, SAS manual)",DC-HUMO-08,0.023,22.71,2026-09-26T05:02:32+00:00
2026-09-26T00:03:17-05:00,2026-09-26T05:03:17+00:00,"Cliente MQTT explicito (paho, SAS manual)",DC-HUMO-08,0.021,22.87,2026-09-26T05:03:17+00:00
2026-09-26T00:04:02-05:00,2026-09-26T05:04:02+00:00,"Cliente MQTT explicito (paho, SAS manual)",DC-HUMO-08,0.023,22.85,2026-09-26T05:04:02+00:00
2026-09-26T00:04:47-05:00,2026-09-26T05:04:47+00:00,"Cliente MQTT explicito (paho, SAS manual)",DC-HUMO-08,0.024,22.83,2026-09-26T05:04:47+00:00
2026-09-26T00:05:32-05:00,2026-09-26T05:05:32+00:00,"Cliente MQTT explicito (paho, SAS manual)",DC-HUMO-08,0.023,22.33,2026-09-26T05:05:32+00:00
2026-09-26T00:06:17-05:00,2026-09-26T05:06:17+00:00,"Cliente MQTT explicito (paho, SAS manual)",DC-HUMO-08,0.024,22.61,2026-09-26T05:06:17+00:00
2026-09-26T00:07:02-05:00,2026-09-26T05:07:02+00:00,"Cliente MQTT explicito (paho, SAS manual)",DC-HUMO-08,0.025,22.82,2026-09-26T05:07:02+00:00
2026-09-26T00:07:47-05:00,2026-09-26T05:07:47+00:00,"Cliente MQTT explicito (paho, SAS manual)",DC-HUMO-08,0.022,22.93,2026-09-26T05:07:47+00:00
2026-09-26T00:08:32-05:00,2026-09-26T05:08:32+00:00,"Cliente MQTT explicito (paho, SAS manual)",DC-HUMO-08,0.022,22.51,2026-09-26T05:08:32+00:00
2026-09-26T00:09:17-05:00,2026-09-26T05:09:17+00:00,"Cliente MQTT explicito (paho, SAS manual)",DC-HUMO-08,0.025,22.61,2026-09-26T05:09:17+00:00
2026-09-26T00:10:02-05:00,2026-09-26T05:10:02+00:00,"Cliente MQTT explicito (paho, SAS manual)",DC-HUMO-08,0.024,22.91,2026-09-26T05:10:02+00:00
2026-09-26T00:10:47-05:00,2026-09-26T05:10:47+00:00,"Cliente MQTT explicito (paho, SAS manual)",DC-HUMO-08,0.023,22.28,2026-09-26T05:10:47+00:00
2026-09-26T00:11:32-05:00,2026-09-26T05:11:32+00:00,"Cliente MQTT explicito (paho, SAS manual)",DC-HUMO-08,0.024,22.99,2026-09-26T05:11:32+00:00
2026-09-26T00:12:17-05:00,2026-09-26T05:12:17+00:00,"Cliente MQTT explicito (paho, SAS manual)",DC-HUMO-08,0.024,23.03,2026-09-26T05:12:17+00:00
2026-09-26T00:13:02-05:00,2026-09-26T05:13:02+00:00,"Cliente MQTT explicito (paho, SAS manual)",DC-HUMO-08,0.024,22.89,2026-09-26T05:13:02+00:00
2026-09-26T00:13:47-05:00,2026-09-26T05:13:47+00:00,"Cliente MQTT explicito (paho, SAS manual)",DC-HUMO-08,0.022,22.42,2026-09-26T05:13:47+00:00
2026-09-26T00:14:32-05:00,2026-09-26T05:14:32+00:00,"Cliente MQTT explicito (paho, SAS manual)",DC-HUMO-08,0.022,22.5,2026-09-26T05:14:32+00:00
2026-09-26T00:15:17-05:00,2026-09-26T05:15:17+00:00,"Cliente MQTT explicito (paho, SAS manual)",DC-HUMO-08,0.023,22.25,2026-09-26T05:15:17+00:00
2026-09-26T00:16:02-05:00,2026-09-26T05:16:02+00:00,"Cliente MQTT explicito (paho, SAS manual)",DC-HUMO-08,0.025,22.61,2026-09-26T05:16:02+00:00
2026-09-26T00:16:47-05:00,2026-09-26T05:16:47+00:00,"Cliente MQTT explicito (paho, SAS manual)",DC-HUMO-08,0.024,22.51,2026-09-26T05:16:47+00:00
2026-09-26T00:17:32-05:00,2026-09-26T05:17:32+00:00,"Cliente MQTT explicito (paho, SAS manual)",DC-HUMO-08,0.024,22.42,2026-09-26T05:17:32+00:00
2026-09-26T00:18:17-05:00,2026-09-26T05:18:17+00:00,"Cliente MQTT explicito (paho, SAS manual)",DC-HUMO-08,0.024,22.27,2026-09-26T05:18:17+00:00
2026-09-26T00:19:02-05:00,2026-09-26T05:19:02+00:00,"Cliente MQTT explicito (paho, SAS manual)",DC-HUMO-08,0.024,22.53,2026-09-26T05:19:02+00:00
2026-09-26T00:19:47-05:00,2026-09-26T05:19:47+00:00,"Cliente MQTT explicito (paho, SAS manual)",DC-HUMO-08,0.022,22.43,2026-09-26T05:19:47+00:00
2026-09-26T00:20:32-05:00,2026-09-26T05:20:32+00:00,"Cliente MQTT explicito (paho, SAS manual)",DC-HUMO-08,0.025,22.68,2026-09-26T05:20:32+00:00
2026-09-26T00:21:17-05:00,2026-09-26T05:21:17+00:00,"Cliente MQTT explicito (paho, SAS manual)",DC-HUMO-08,0.025,22.32,2026-09-26T05:21:17+00:00
2026-09-26T00:22:02-05:00,2026-09-26T05:22:02+00:00,"Cliente MQTT explicito (paho, SAS manual)",DC-HUMO-08,0.025,22.89,2026-09-26T05:22:02+00:00
2026-09-26T00:22:47-05:00,2026-09-26T05:22:47+00:00,"Cliente MQTT explicito (paho, SAS manual)",DC-HUMO-08,0.022,22.96,2026-09-26T05:22:47+00:00
2026-09-26T00:23:32-05:00,2026-09-26T05:23:32+00:00,"Cliente MQTT explicito (paho, SAS manual)",DC-HUMO-08,0.022,22.55,2026-09-26T05:23:32+00:00
2026-09-26T00:24:17-05:00,2026-09-26T05:24:17+00:00,"Cliente MQTT explicito (paho, SAS manual)",DC-HUMO-08,0.023,22.89,2026-09-26T05:24:17+00:00
2026-09-26T00:25:02-05:00,2026-09-26T05:25:02+00:00,"Cliente MQTT explicito (paho, SAS manual)",DC-HUMO-08,0.023,22.67,2026-09-26T05:25:02+00:00
2026-09-26T00:25:47-05:00,2026-09-26T05:25:47+00:00,"Cliente MQTT explicito (paho, SAS manual)",DC-HUMO-08,0.024,22.46,2026-09-26T05:25:47+00:00
2026-09-26T00:26:32-05:00,2026-09-26T05:26:32+00:00,"Cliente MQTT explicito (paho, SAS manual)",DC-HUMO-08,0.024,22.87,2026-09-26T05:26:32+00:00
2026-09-26T00:27:18-05:00,2026-09-26T05:27:18+00:00,"Cliente MQTT explicito (paho, SAS manual)",DC-HUMO-08,0.023,22.49,2026-09-26T05:27:18+00:00
2026-09-26T00:28:03-05:00,2026-09-26T05:28:03+00:00,"Cliente MQTT explicito (paho, SAS manual)",DC-HUMO-08,0.022,22.74,2026-09-26T05:28:03+00:00
2026-09-26T00:28:48-05:00,2026-09-26T05:28:48+00:00,"Cliente MQTT explicito (paho, SAS manual)",DC-HUMO-08,0.025,22.37,2026-09-26T05:28:48+00:00
2026-09-26T00:29:33-05:00,2026-09-26T05:29:33+00:00,"Cliente MQTT explicito (paho, SAS manual)",DC-HUMO-08,0.025,22.83,2026-09-26T05:29:33+00:00
2026-09-26T00:30:18-05:00,2026-09-26T05:30:18+00:00,"Cliente MQTT explicito (paho, SAS manual)",DC-HUMO-08,0.025,22.12,2026-09-26T05:30:18+00:00
2026-09-26T00:31:03-05:00,2026-09-26T05:31:03+00:00,"Cliente MQTT explicito (paho, SAS manual)",DC-HUMO-08,0.024,22.71,2026-09-26T05:31:03+00:00
2026-09-26T00:31:48-05:00,2026-09-26T05:31:48+00:00,"Cliente MQTT explicito (paho, SAS manual)",DC-HUMO-08,0.022,22.29,2026-09-26T05:31:48+00:00
2026-09-26T00:32:33-05:00,2026-09-26T05:32:33+00:00,"Cliente MQTT explicito (paho, SAS manual)",DC-HUMO-08,0.023,22.68,2026-09-26T05:32:33+00:00
2026-09-26T00:33:18-05:00,2026-09-26T05:33:18+00:00,"Cliente MQTT explicito (paho, SAS manual)",DC-HUMO-08,0.022,22.46,2026-09-26T05:33:18+00:00
2026-09-26T00:34:03-05:00,2026-09-26T05:34:03+00:00,"Cliente MQTT explicito (paho, SAS manual)",DC-HUMO-08,0.025,22.24,2026-09-26T05:34:03+00:00
2026-09-26T00:34:48-05:00,2026-09-26T05:34:48+00:00,"Cliente MQTT explicito (paho, SAS manual)",DC-HUMO-08,0.025,22.25,2026-09-26T05:34:48+00:00
2026-09-26T00:35:33-05:00,2026-09-26T05:35:33+00:00,"Cliente MQTT explicito (paho, SAS manual)",DC-HUMO-08,0.022,22.13,2026-09-26T05:35:33+00:00
2026-09-26T00:36:18-05:00,2026-09-26T05:36:18+00:00,"Cliente MQTT explicito (paho, SAS manual)",DC-HUMO-08,0.023,22.52,2026-09-26T05:36:18+00:00
2026-09-26T00:37:03-05:00,2026-09-26T05:37:03+00:00,"Cliente MQTT explicito (paho, SAS manual)",DC-HUMO-08,0.023,22.48,2026-09-26T05:37:03+00:00
2026-09-26T00:37:48-05:00,2026-09-26T05:37:48+00:00,"Cliente MQTT explicito (paho, SAS manual)",DC-HUMO-08,0.025,22.59,2026-09-26T05:37:48+00:00
2026-09-26T00:38:33-05:00,2026-09-26T05:38:33+00:00,"Cliente MQTT explicito (paho, SAS manual)",DC-HUMO-08,0.025,22.57,2026-09-26T05:38:33+00:00
2026-09-26T00:39:18-05:00,2026-09-26T05:39:18+00:00,"Cliente MQTT explicito (paho, SAS manual)",DC-HUMO-08,0.025,22.41,2026-09-26T05:39:18+00:00
2026-09-26T00:40:03-05:00,2026-09-26T05:40:03+00:00,"Cliente MQTT explicito (paho, SAS manual)",DC-HUMO-08,0.024,22.13,2026-09-26T05:40:03+00:00
2026-09-26T00:40:48-05:00,2026-09-26T05:40:48+00:00,"Cliente MQTT explicito (paho, SAS manual)",DC-HUMO-08,0.025,22.16,2026-09-26T05:40:48+00:00
2026-09-26T00:41:33-05:00,2026-09-26T05:41:33+00:00,"Cliente MQTT explicito (paho, SAS manual)",DC-HUMO-08,0.023,22.42,2026-09-26T05:41:33+00:00
2026-09-26T00:42:18-05:00,2026-09-26T05:42:18+00:00,"Cliente MQTT explicito (paho, SAS manual)",DC-HUMO-08,0.025,22.82,2026-09-26T05:42:18+00:00
2026-09-26T00:43:03-05:00,2026-09-26T05:43:03+00:00,"Cliente MQTT explicito (paho, SAS manual)",DC-HUMO-08,0.024,22.4,2026-09-26T05:43:03+00:00
2026-09-26T00:43:48-05:00,2026-09-26T05:43:48+00:00,"Cliente MQTT explicito (paho, SAS manual)",DC-HUMO-08,0.023,22.48,2026-09-26T05:43:48+00:00
2026-09-26T00:44:33-05:00,2026-09-26T05:44:33+00:00,"Cliente MQTT explicito (paho, SAS manual)",DC-HUMO-08,0.022,22.67,2026-09-26T05:44:33+00:00
2026-09-26T00:45:18-05:00,2026-09-26T05:45:18+00:00,"Cliente MQTT explicito (paho, SAS manual)",DC-HUMO-08,0.024,22.08,2026-09-26T05:45:18+00:00
2026-09-26T00:46:03-05:00,2026-09-26T05:46:03+00:00,"Cliente MQTT explicito (paho, SAS manual)",DC-HUMO-08,0.023,22.42,2026-09-26T05:46:03+00:00
2026-09-26T00:46:48-05:00,2026-09-26T05:46:48+00:00,"Cliente MQTT explicito (paho, SAS manual)",DC-HUMO-08,0.022,22.02,2026-09-26T05:46:48+00:00
2026-09-26T00:47:33-05:00,2026-09-26T05:47:33+00:00,"Cliente MQTT explicito (paho, SAS manual)",DC-HUMO-08,0.025,22.19,2026-09-26T05:47:33+00:00
2026-09-26T00:48:18-05:00,2026-09-26T05:48:18+00:00,"Cliente MQTT explicito (paho, SAS manual)",DC-HUMO-08,0.023,22.06,2026-09-26T05:48:18+00:00
2026-09-26T00:49:03-05:00,2026-09-26T05:49:03+00:00,"Cliente MQTT explicito (paho, SAS manual)",DC-HUMO-08,0.023,22.29,2026-09-26T05:49:03+00:00
2026-09-26T00:49:48-05:00,2026-09-26T05:49:48+00:00,"Cliente MQTT explicito (paho, SAS manual)",DC-HUMO-08,0.022,22.15,2026-09-26T05:49:48+00:00
2026-09-26T00:50:33-05:00,2026-09-26T05:50:33+00:00,"Cliente MQTT explicito (paho, SAS manual)",DC-HUMO-08,0.025,22.18,2026-09-26T05:50:33+00:00
2026-09-26T00:51:18-05:00,2026-09-26T05:51:18+00:00,"Cliente MQTT explicito (paho, SAS manual)",DC-HUMO-08,0.023,22.19,2026-09-26T05:51:18+00:00
2026-09-26T00:52:03-05:00,2026-09-26T05:52:03+00:00,"Cliente MQTT explicito (paho, SAS manual)",DC-HUMO-08,0.022,22.24,2026-09-26T05:52:03+00:00
2026-09-26T00:52:48-05:00,2026-09-26T05:52:48+00:00,"Cliente MQTT explicito (paho, SAS manual)",DC-HUMO-08,0.025,22.25,2026-09-26T05:52:48+00:00
2026-09-26T00:53:34-05:00,2026-09-26T05:53:34+00:00,"Cliente MQTT explicito (paho, SAS manual)",DC-HUMO-08,0.025,22.59,2026-09-26T05:53:34+00:00
2026-09-26T00:54:19-05:00,2026-09-26T05:54:19+00:00,"Cliente MQTT explicito (paho, SAS manual)",DC-HUMO-08,0.025,22.46,2026-09-26T05:54:19+00:00
2026-09-26T00:55:04-05:00,2026-09-26T05:55:04+00:00,"Cliente MQTT explicito (paho, SAS manual)",DC-HUMO-08,0.023,22.04,2026-09-26T05:55:04+00:00
2026-09-26T00:55:49-05:00,2026-09-26T05:55:49+00:00,"Cliente MQTT explicito (paho, SAS manual)",DC-HUMO-08,0.025,22.75,2026-09-26T05:55:49+00:00
2026-09-26T00:56:34-05:00,2026-09-26T05:56:34+00:00,"Cliente MQTT explicito (paho, SAS manual)",DC-HUMO-08,0.022,22.73,2026-09-26T05:56:34+00:00
2026-09-26T00:57:19-05:00,2026-09-26T05:57:19+00:00,"Cliente MQTT explicito (paho, SAS manual)",DC-HUMO-08,0.024,22.11,2026-09-26T05:57:19+00:00
2026-09-26T00:58:04-05:00,2026-09-26T05:58:04+00:00,"Cliente MQTT explicito (paho, SAS manual)",DC-HUMO-08,0.024,22.38,2026-09-26T05:58:04+00:00
2026-09-26T00:58:49-05:00,2026-09-26T05:58:49+00:00,"Cliente MQTT explicito (paho, SAS manual)",DC-HUMO-08,0.023,22.47,2026-09-26T05:58:49+00:00
2026-09-26T00:59:34-05:00,2026-09-26T05:59:34+00:00,"Cliente MQTT explicito (paho, SAS manual)",DC-HUMO-08,0.024,22.15,2026-09-26T05:59:34+00:00
2026-09-26T01:00:19-05:00,2026-09-26T06:00:19+00:00,"Cliente MQTT explicito (paho, SAS manual)",DC-HUMO-08,0.023,22.18,2026-09-26T06:00:19+00:00
2026-09-26T01:01:04-05:00,2026-09-26T06:01:04+00:00,"Cliente MQTT explicito (paho, SAS manual)",DC-HUMO-08,0.022,22.21,2026-09-26T06:01:04+00:00
2026-09-26T01:01:51-05:00,2026-09-26T06:01:51+00:00,"Cliente MQTT explicito (paho, SAS manual)",DC-HUMO-08,0.026,22.4,2026-09-26T06:01:51+00:00
2026-09-26T01:02:36-05:00,2026-09-26T06:02:36+00:00,"Cliente MQTT explicito (paho, SAS manual)",DC-HUMO-08,0.026,22.29,2026-09-26T06:02:36+00:00
2026-09-26T01:03:23-05:00,2026-09-26T06:03:23+00:00,"Cliente MQTT explicito (paho, SAS manual)",DC-HUMO-08,0.025,22.68,2026-09-26T06:03:23+00:00
2026-09-26T01:04:08-05:00,2026-09-26T06:04:08+00:00,"Cliente MQTT explicito (paho, SAS manual)",DC-HUMO-08,0.022,22.16,2026-09-26T06:04:08+00:00
2026-09-26T01:04:53-05:00,2026-09-26T06:04:53+00:00,"Cliente MQTT explicito (paho, SAS manual)",DC-HUMO-08,0.023,22.48,2026-09-26T06:04:53+00:00
2026-09-26T01:05:38-05:00,2026-09-26T06:05:38+00:00,"Cliente MQTT explicito (paho, SAS manual)",DC-HUMO-08,0.024,22.1,2026-09-26T06:05:38+00:00
2026-09-26T01:06:23-05:00,2026-09-26T06:06:23+00:00,"Cliente MQTT explicito (paho, SAS manual)",DC-HUMO-08,0.025,22.1,2026-09-26T06:06:23+00:00
2026-09-26T01:07:08-05:00,2026-09-26T06:07:08+00:00,"Cliente MQTT explicito (paho, SAS manual)",DC-HUMO-08,0.023,22.4,2026-09-26T06:07:08+00:00
2026-09-26T01:07:53-05:00,2026-09-26T06:07:53+00:00,"Cliente MQTT explicito (paho, SAS manual)",DC-HUMO-08,0.023,22.26,2026-09-26T06:07:53+00:00
2026-09-26T01:08:38-05:00,2026-09-26T06:08:38+00:00,"Cliente MQTT explicito (paho, SAS manual)",DC-HUMO-08,0.026,22.0,2026-09-26T06:08:38+00:00
2026-09-26T01:09:23-05:00,2026-09-26T06:09:23+00:00,"Cliente MQTT explicito (paho, SAS manual)",DC-HUMO-08,0.023,22.06,2026-09-26T06:09:23+00:00
2026-09-26T01:10:08-05:00,2026-09-26T06:10:08+00:00,"Cliente MQTT explicito (paho, SAS manual)",DC-HUMO-08,0.024,22.36,2026-09-26T06:10:08+00:00
2026-09-26T01:10:53-05:00,2026-09-26T06:10:53+00:00,"Cliente MQTT explicito (paho, SAS manual)",DC-HUMO-08,0.024,22.63,2026-09-26T06:10:53+00:00
2026-09-26T01:11:38-05:00,2026-09-26T06:11:38+00:00,"Cliente MQTT explicito (paho, SAS manual)",DC-HUMO-08,0.024,22.38,2026-09-26T06:11:38+00:00
2026-09-26T01:12:24-05:00,2026-09-26T06:12:24+00:00,"Cliente MQTT explicito (paho, SAS manual)",DC-HUMO-08,0.024,22.5,2026-09-26T06:12:24+00:00
2026-09-26T01:13:09-05:00,2026-09-26T06:13:09+00:00,"Cliente MQTT explicito (paho, SAS manual)",DC-HUMO-08,0.023,22.33,2026-09-26T06:13:09+00:00
2026-09-26T01:13:54-05:00,2026-09-26T06:13:54+00:00,"Cliente MQTT explicito (paho, SAS manual)",DC-HUMO-08,0.025,22.54,2026-09-26T06:13:54+00:00
2026-09-26T01:14:39-05:00,2026-09-26T06:14:39+00:00,"Cliente MQTT explicito (paho, SAS manual)",DC-HUMO-08,0.023,22.51,2026-09-26T06:14:39+00:00
2026-09-26T01:15:24-05:00,2026-09-26T06:15:24+00:00,"Cliente MQTT explicito (paho, SAS manual)",DC-HUMO-08,0.024,22.64,2026-09-26T06:15:24+00:00
2026-09-26T01:16:09-05:00,2026-09-26T06:16:09+00:00,"Cliente MQTT explicito (paho, SAS manual)",DC-HUMO-08,0.023,22.15,2026-09-26T06:16:09+00:00
2026-09-26T01:16:54-05:00,2026-09-26T06:16:54+00:00,"Cliente MQTT explicito (paho, SAS manual)",DC-HUMO-08,0.026,21.99,2026-09-26T06:16:54+00:00
2026-09-26T01:17:39-05:00,2026-09-26T06:17:39+00:00,"Cliente MQTT explicito (paho, SAS manual)",DC-HUMO-08,0.023,22.26,2026-09-26T06:17:39+00:00
2026-09-26T01:18:24-05:00,2026-09-26T06:18:24+00:00,"Cliente MQTT explicito (paho, SAS manual)",DC-HUMO-08,0.023,22.06,2026-09-26T06:18:24+00:00
2026-09-26T01:19:10-05:00,2026-09-26T06:19:10+00:00,"Cliente MQTT explicito (paho, SAS manual)",DC-HUMO-08,0.025,21.92,2026-09-26T06:19:10+00:00
2026-09-26T01:19:55-05:00,2026-09-26T06:19:55+00:00,"Cliente MQTT explicito (paho, SAS manual)",DC-HUMO-08,0.026,22.39,2026-09-26T06:19:55+00:00
2026-09-26T01:20:41-05:00,2026-09-26T06:20:41+00:00,"Cliente MQTT explicito (paho, SAS manual)",DC-HUMO-08,0.026,22.17,2026-09-26T06:20:41+00:00
2026-09-26T01:21:26-05:00,2026-09-26T06:21:26+00:00,"Cliente MQTT explicito (paho, SAS manual)",DC-HUMO-08,0.023,22.19,2026-09-26T06:21:26+00:00
2026-09-26T01:22:11-05:00,2026-09-26T06:22:11+00:00,"Cliente MQTT explicito (paho, SAS manual)",DC-HUMO-08,0.026,21.96,2026-09-26T06:22:11+00:00
2026-09-26T01:22:56-05:00,2026-09-26T06:22:56+00:00,"Cliente MQTT explicito (paho, SAS manual)",DC-HUMO-08,0.024,22.14,2026-09-26T06:22:56+00:00
2026-09-26T01:23:41-05:00,2026-09-26T06:23:41+00:00,"Cliente MQTT explicito (paho, SAS manual)",DC-HUMO-08,0.025,21.95,2026-09-26T06:23:41+00:00
2026-09-26T01:24:26-05:00,2026-09-26T06:24:26+00:00,"Cliente MQTT explicito (paho, SAS manual)",DC-HUMO-08,0.025,22.32,2026-09-26T06:24:26+00:00
2026-09-26T01:25:11-05:00,2026-09-26T06:25:11+00:00,"Cliente MQTT explicito (paho, SAS manual)",DC-HUMO-08,0.025,22.38,2026-09-26T06:25:11+00:00
2026-09-26T01:25:56-05:00,2026-09-26T06:25:56+00:00,"Cliente MQTT explicito (paho, SAS manual)",DC-HUMO-08,0.023,22.5,2026-09-26T06:25:56+00:00
2026-09-26T01:26:41-05:00,2026-09-26T06:26:41+00:00,"Cliente MQTT explicito (paho, SAS manual)",DC-HUMO-08,0.025,22.03,2026-09-26T06:26:41+00:00
2026-09-26T01:27:26-05:00,2026-09-26T06:27:26+00:00,"Cliente MQTT explicito (paho, SAS manual)",DC-HUMO-08,0.023,22.57,2026-09-26T06:27:26+00:00
2026-09-26T01:28:11-05:00,2026-09-26T06:28:11+00:00,"Cliente MQTT explicito (paho, SAS manual)",DC-HUMO-08,0.023,22.44,2026-09-26T06:28:11+00:00
2026-09-26T01:28:56-05:00,2026-09-26T06:28:56+00:00,"Cliente MQTT explicito (paho, SAS manual)",DC-HUMO-08,0.023,21.93,2026-09-26T06:28:56+00:00
2026-09-26T01:29:41-05:00,2026-09-26T06:29:41+00:00,"Cliente MQTT explicito (paho, SAS manual)",DC-HUMO-08,0.026,22.31,2026-09-26T06:29:41+00:00
2026-09-26T01:30:26-05:00,2026-09-26T06:30:26+00:00,"Cliente MQTT explicito (paho, SAS manual)",DC-HUMO-08,0.024,21.9,2026-09-26T06:30:26+00:00
2026-09-26T01:31:12-05:00,2026-09-26T06:31:12+00:00,"Cliente MQTT explicito (paho, SAS manual)",DC-HUMO-08,0.024,22.06,2026-09-26T06:31:12+00:00
2026-09-26T01:31:57-05:00,2026-09-26T06:31:57+00:00,"Cliente MQTT explicito (paho, SAS manual)",DC-HUMO-08,0.025,21.87,2026-09-26T06:31:57+00:00
2026-09-26T01:32:42-05:00,2026-09-26T06:32:42+00:00,"Cliente MQTT explicito (paho, SAS manual)",DC-HUMO-08,0.023,21.96,2026-09-26T06:32:42+00:00
2026-09-26T01:33:27-05:00,2026-09-26T06:33:27+00:00,"Cliente MQTT explicito (paho, SAS manual)",DC-HUMO-08,0.025,21.85,2026-09-26T06:33:27+00:00
2026-09-26T01:34:12-05:00,2026-09-26T06:34:12+00:00,"Cliente MQTT explicito (paho, SAS manual)",DC-HUMO-08,0.026,22.37,2026-09-26T06:34:12+00:00
2026-09-26T01:34:57-05:00,2026-09-26T06:34:57+00:00,"Cliente MQTT explicito (paho, SAS manual)",DC-HUMO-08,0.025,22.34,2026-09-26T06:34:57+00:00
2026-09-26T01:35:42-05:00,2026-09-26T06:35:42+00:00,"Cliente MQTT explicito (paho, SAS manual)",DC-HUMO-08,0.023,22.26,2026-09-26T06:35:42+00:00
2026-09-26T01:36:27-05:00,2026-09-26T06:36:27+00:00,"Cliente MQTT explicito (paho, SAS manual)",DC-HUMO-08,0.025,22.09,2026-09-26T06:36:27+00:00
2026-09-26T01:37:12-05:00,2026-09-26T06:37:12+00:00,"Cliente MQTT explicito (paho, SAS manual)",DC-HUMO-08,0.027,22.25,2026-09-26T06:37:12+00:00
2026-09-26T01:37:57-05:00,2026-09-26T06:37:57+00:00,"Cliente MQTT explicito (paho, SAS manual)",DC-HUMO-08,0.026,22.1,2026-09-26T06:37:57+00:00
2026-09-26T01:38:42-05:00,2026-09-26T06:38:42+00:00,"Cliente MQTT explicito (paho, SAS manual)",DC-HUMO-08,0.025,22.16,2026-09-26T06:38:42+00:00
2026-09-26T01:39:27-05:00,2026-09-26T06:39:27+00:00,"Cliente MQTT explicito (paho, SAS manual)",DC-HUMO-08,0.023,22.43,2026-09-26T06:39:27+00:00
2026-09-26T01:40:12-05:00,2026-09-26T06:40:12+00:00,"Cliente MQTT explicito (paho, SAS manual)",DC-HUMO-08,0.027,21.81,2026-09-26T06:40:12+00:00
2026-09-26T01:40:57-05:00,2026-09-26T06:40:57+00:00,"Cliente MQTT explicito (paho, SAS manual)",DC-HUMO-08,0.026,22.47,2026-09-26T06:40:57+00:00
2026-09-26T01:41:42-05:00,2026-09-26T06:41:42+00:00,"Cliente MQTT explicito (paho, SAS manual)",DC-HUMO-08,0.023,22.42,2026-09-26T06:41:42+00:00
2026-09-26T01:42:27-05:00,2026-09-26T06:42:27+00:00,"Cliente MQTT explicito (paho, SAS manual)",DC-HUMO-08,0.024,21.96,2026-09-26T06:42:27+00:00
2026-09-26T01:43:12-05:00,2026-09-26T06:43:12+00:00,"Cliente MQTT explicito (paho, SAS manual)",DC-HUMO-08,0.024,22.25,2026-09-26T06:43:12+00:00
2026-09-26T01:43:57-05:00,2026-09-26T06:43:57+00:00,"Cliente MQTT explicito (paho, SAS manual)",DC-HUMO-08,0.023,22.04,2026-09-26T06:43:57+00:00
2026-09-26T01:44:42-05:00,2026-09-26T06:44:42+00:00,"Cliente MQTT explicito (paho, SAS manual)",DC-HUMO-08,0.023,22.48,2026-09-26T06:44:42+00:00
2026-09-26T01:45:27-05:00,2026-09-26T06:45:27+00:00,"Cliente MQTT explicito (paho, SAS manual)",DC-HUMO-08,0.025,21.93,2026-09-26T06:45:27+00:00
2026-09-26T01:46:12-05:00,2026-09-26T06:46:12+00:00,"Cliente MQTT explicito (paho, SAS manual)",DC-HUMO-08,0.025,22.3,2026-09-26T06:46:12+00:00
2026-09-26T01:46:57-05:00,2026-09-26T06:46:57+00:00,"Cliente MQTT explicito (paho, SAS manual)",DC-HUMO-08,0.026,22.5,2026-09-26T06:46:57+00:00
2026-09-26T01:47:42-05:00,2026-09-26T06:47:42+00:00,"Cliente MQTT explicito (paho, SAS manual)",DC-HUMO-08,0.025,22.37,2026-09-26T06:47:42+00:00
2026-09-26T01:48:27-05:00,2026-09-26T06:48:27+00:00,"Cliente MQTT explicito (paho, SAS manual)",DC-HUMO-08,0.024,21.78,2026-09-26T06:48:27+00:00
2026-09-26T01:49:12-05:00,2026-09-26T06:49:12+00:00,"Cliente MQTT explicito (paho, SAS manual)",DC-HUMO-08,0.024,21.8,2026-09-26T06:49:12+00:00
2026-09-26T01:49:57-05:00,2026-09-26T06:49:57+00:00,"Cliente MQTT explicito (paho, SAS manual)",DC-HUMO-08,0.025,22.48,2026-09-26T06:49:57+00:00
2026-09-26T01:50:42-05:00,2026-09-26T06:50:42+00:00,"Cliente MQTT explicito (paho, SAS manual)",DC-HUMO-08,0.024,22.2,2026-09-26T06:50:42+00:00
2026-09-26T01:51:27-05:00,2026-09-26T06:51:27+00:00,"Cliente MQTT explicito (paho, SAS manual)",DC-HUMO-08,0.027,21.86,2026-09-26T06:51:27+00:00
2026-09-26T01:52:12-05:00,2026-09-26T06:52:12+00:00,"Cliente MQTT explicito (paho, SAS manual)",DC-HUMO-08,0.025,22.37,2026-09-26T06:52:12+00:00
2026-09-26T01:52:57-05:00,2026-09-26T06:52:57+00:00,"Cliente MQTT explicito (paho, SAS manual)",DC-HUMO-08,0.024,21.77,2026-09-26T06:52:57+00:00
2026-09-26T01:53:42-05:00,2026-09-26T06:53:42+00:00,"Cliente MQTT explicito (paho, SAS manual)",DC-HUMO-08,0.024,21.71,2026-09-26T06:53:42+00:00
2026-09-26T01:54:27-05:00,2026-09-26T06:54:27+00:00,"Cliente MQTT explicito (paho, SAS manual)",DC-HUMO-08,0.026,21.97,2026-09-26T06:54:27+00:00
2026-09-26T01:55:12-05:00,2026-09-26T06:55:12+00:00,"Cliente MQTT explicito (paho, SAS manual)",DC-HUMO-08,0.027,21.79,2026-09-26T06:55:12+00:00
2026-09-26T01:55:57-05:00,2026-09-26T06:55:57+00:00,"Cliente MQTT explicito (paho, SAS manual)",DC-HUMO-08,0.026,22.13,2026-09-26T06:55:57+00:00
2026-09-26T01:56:42-05:00,2026-09-26T06:56:42+00:00,"Cliente MQTT explicito (paho, SAS manual)",DC-HUMO-08,0.024,21.76,2026-09-26T06:56:42+00:00
2026-09-26T01:57:28-05:00,2026-09-26T06:57:28+00:00,"Cliente MQTT explicito (paho, SAS manual)",DC-HUMO-08,0.026,22.02,2026-09-26T06:57:28+00:00
2026-09-26T01:58:13-05:00,2026-09-26T06:58:13+00:00,"Cliente MQTT explicito (paho, SAS manual)",DC-HUMO-08,0.026,22.46,2026-09-26T06:58:13+00:00
2026-09-26T01:58:58-05:00,2026-09-26T06:58:58+00:00,"Cliente MQTT explicito (paho, SAS manual)",DC-HUMO-08,0.026,21.99,2026-09-26T06:58:58+00:00
2026-09-26T01:59:43-05:00,2026-09-26T06:59:43+00:00,"Cliente MQTT explicito (paho, SAS manual)",DC-HUMO-08,0.025,22.2,2026-09-26T06:59:43+00:00
2026-09-26T02:20:04-05:00,2026-09-26T07:20:04+00:00,"Cliente MQTT explicito (paho, SAS manual)",DC-HUMO-08,0.027,22.15,2026-09-26T07:20:04+00:00
2026-09-26T02:20:49-05:00,2026-09-26T07:20:49+00:00,"Cliente MQTT explicito (paho, SAS manual)",DC-HUMO-08,0.025,22.26,2026-09-26T07:20:49+00:00
2026-09-26T02:21:34-05:00,2026-09-26T07:21:34+00:00,"Cliente MQTT explicito (paho, SAS manual)",DC-HUMO-08,0.026,21.74,2026-09-26T07:21:34+00:00
2026-09-26T02:22:19-05:00,2026-09-26T07:22:19+00:00,"Cliente MQTT explicito (paho, SAS manual)",DC-HUMO-08,0.025,22.36,2026-09-26T07:22:19+00:00
2026-09-26T02:23:04-05:00,2026-09-26T07:23:04+00:00,"Cliente MQTT explicito (paho, SAS manual)",DC-HUMO-08,0.025,21.7,2026-09-26T07:23:04+00:00
2026-09-26T02:23:49-05:00,2026-09-26T07:23:49+00:00,"Cliente MQTT explicito (paho, SAS manual)",DC-HUMO-08,0.026,22.36,2026-09-26T07:23:49+00:00
2026-09-26T02:24:34-05:00,2026-09-26T07:24:34+00:00,"Cliente MQTT explicito (paho, SAS manual)",DC-HUMO-08,0.024,22.42,2026-09-26T07:24:34+00:00
2026-09-26T02:25:19-05:00,2026-09-26T07:25:19+00:00,"Cliente MQTT explicito (paho, SAS manual)",DC-HUMO-08,0.027,22.43,2026-09-26T07:25:19+00:00
2026-09-26T02:26:04-05:00,2026-09-26T07:26:04+00:00,"Cliente MQTT explicito (paho, SAS manual)",DC-HUMO-08,0.026,22.41,2026-09-26T07:26:04+00:00
2026-09-26T02:26:49-05:00,2026-09-26T07:26:49+00:00,"Cliente MQTT explicito (paho, SAS manual)",DC-HUMO-08,0.024,21.75,2026-09-26T07:26:49+00:00
2026-09-26T02:27:34-05:00,2026-09-26T07:27:34+00:00,"Cliente MQTT explicito (paho, SAS manual)",DC-HUMO-08,0.026,22.37,2026-09-26T07:27:34+00:00
2026-09-26T02:28:19-05:00,2026-09-26T07:28:19+00:00,"Cliente MQTT explicito (paho, SAS manual)",DC-HUMO-08,0.027,22.42,2026-09-26T07:28:19+00:00
2026-09-26T02:29:04-05:00,2026-09-26T07:29:04+00:00,"Cliente MQTT explicito (paho, SAS manual)",DC-HUMO-08,0.024,21.96,2026-09-26T07:29:04+00:00
2026-09-26T02:29:49-05:00,2026-09-26T07:29:49+00:00,"Cliente MQTT explicito (paho, SAS manual)",DC-HUMO-08,0.026,21.96,2026-09-26T07:29:49+00:00
2026-09-26T02:30:34-05:00,2026-09-26T07:30:34+00:00,"Cliente MQTT explicito (paho, SAS manual)",DC-HUMO-08,0.027,21.62,2026-09-26T07:30:34+00:00
2026-09-26T02:31:19-05:00,2026-09-26T07:31:19+00:00,"Cliente MQTT explicito (paho, SAS manual)",DC-HUMO-08,0.026,21.74,2026-09-26T07:31:19+00:00
2026-09-26T02:32:04-05:00,2026-09-26T07:32:04+00:00,"Cliente MQTT explicito (paho, SAS manual)",DC-HUMO-08,0.025,21.69,2026-09-26T07:32:04+00:00
2026-09-26T02:32:49-05:00,2026-09-26T07:32:49+00:00,"Cliente MQTT explicito (paho, SAS manual)",DC-HUMO-08,0.024,21.79,2026-09-26T07:32:49+00:00
2026-09-26T02:33:34-05:00,2026-09-26T07:33:34+00:00,"Cliente MQTT explicito (paho, SAS manual)",DC-HUMO-08,0.025,22.09,2026-09-26T07:33:34+00:00
2026-09-26T02:34:19-05:00,2026-09-26T07:34:19+00:00,"Cliente MQTT explicito (paho, SAS manual)",DC-HUMO-08,0.026,21.78,2026-09-26T07:34:19+00:00
2026-09-26T02:35:04-05:00,2026-09-26T07:35:04+00:00,"Cliente MQTT explicito (paho, SAS manual)",DC-HUMO-08,0.027,21.86,2026-09-26T07:35:04+00:00
2026-09-26T02:35:49-05:00,2026-09-26T07:35:49+00:00,"Cliente MQTT explicito (paho, SAS manual)",DC-HUMO-08,0.024,22.07,2026-09-26T07:35:49+00:00
2026-09-26T02:36:34-05:00,2026-09-26T07:36:34+00:00,"Cliente MQTT explicito (paho, SAS manual)",DC-HUMO-08,0.024,22.36,2026-09-26T07:36:34+00:00
2026-09-26T02:37:19-05:00,2026-09-26T07:37:19+00:00,"Cliente MQTT explicito (paho, SAS manual)",DC-HUMO-08,0.027,22.35,2026-09-26T07:37:19+00:00
2026-09-26T02:38:04-05:00,2026-09-26T07:38:04+00:00,"Cliente MQTT explicito (paho, SAS manual)",DC-HUMO-08,0.027,22.06,2026-09-26T07:38:04+00:00
2026-09-26T02:38:49-05:00,2026-09-26T07:38:49+00:00,"Cliente MQTT explicito (paho, SAS manual)",DC-HUMO-08,0.024,22.05,2026-09-26T07:38:49+00:00
2026-09-26T02:39:34-05:00,2026-09-26T07:39:34+00:00,"Cliente MQTT explicito (paho, SAS manual)",DC-HUMO-08,0.025,21.68,2026-09-26T07:39:34+00:00
2026-09-26T02:40:19-05:00,2026-09-26T07:40:19+00:00,"Cliente MQTT explicito (paho, SAS manual)",DC-HUMO-08,0.027,21.97,2026-09-26T07:40:19+00:00
2026-09-26T02:41:04-05:00,2026-09-26T07:41:04+00:00,"Cliente MQTT explicito (paho, SAS manual)",DC-HUMO-08,0.024,21.67,2026-09-26T07:41:04+00:00
2026-09-26T02:41:49-05:00,2026-09-26T07:41:49+00:00,"Cliente MQTT explicito (paho, SAS manual)",DC-HUMO-08,0.027,21.91,2026-09-26T07:41:49+00:00
2026-09-26T02:42:36-05:00,2026-09-26T07:42:36+00:00,"Cliente MQTT explicito (paho, SAS manual)",DC-HUMO-08,0.025,21.93,2026-09-26T07:42:36+00:00
2026-09-26T02:43:21-05:00,2026-09-26T07:43:21+00:00,"Cliente MQTT explicito (paho, SAS manual)",DC-HUMO-08,0.026,22.13,2026-09-26T07:43:21+00:00
2026-09-26T02:44:06-05:00,2026-09-26T07:44:06+00:00,"Cliente MQTT explicito (paho, SAS manual)",DC-HUMO-08,0.024,22.26,2026-09-26T07:44:06+00:00
2026-09-26T02:44:51-05:00,2026-09-26T07:44:51+00:00,"Cliente MQTT explicito (paho, SAS manual)",DC-HUMO-08,0.025,22.1,2026-09-26T07:44:51+00:00
2026-09-26T02:45:36-05:00,2026-09-26T07:45:36+00:00,"Cliente MQTT explicito (paho, SAS manual)",DC-HUMO-08,0.026,22.32,2026-09-26T07:45:36+00:00
2026-09-26T02:46:21-05:00,2026-09-26T07:46:21+00:00,"Cliente MQTT explicito (paho, SAS manual)",DC-HUMO-08,0.026,21.63,2026-09-26T07:46:21+00:00
2026-09-26T02:47:06-05:00,2026-09-26T07:47:06+00:00,"Cliente MQTT explicito (paho, SAS manual)",DC-HUMO-08,0.024,21.69,2026-09-26T07:47:06+00:00
2026-09-26T02:47:51-05:00,2026-09-26T07:47:51+00:00,"Cliente MQTT explicito (paho, SAS manual)",DC-HUMO-08,0.026,22.18,2026-09-26T07:47:51+00:00
2026-09-26T02:48:36-05:00,2026-09-26T07:48:36+00:00,"Cliente MQTT explicito (paho, SAS manual)",DC-HUMO-08,0.027,22.15,2026-09-26T07:48:36+00:00
2026-09-26T02:49:21-05:00,2026-09-26T07:49:21+00:00,"Cliente MQTT explicito (paho, SAS manual)",DC-HUMO-08,0.028,21.89,2026-09-26T07:49:21+00:00
2026-09-26T02:50:06-05:00,2026-09-26T07:50:06+00:00,"Cliente MQTT explicito (paho, SAS manual)",DC-HUMO-08,0.027,21.97,2026-09-26T07:50:06+00:00
2026-09-26T02:50:51-05:00,2026-09-26T07:50:51+00:00,"Cliente MQTT explicito (paho, SAS manual)",DC-HUMO-08,0.024,21.64,2026-09-26T07:50:51+00:00
2026-09-26T02:51:36-05:00,2026-09-26T07:51:36+00:00,"Cliente MQTT explicito (paho, SAS manual)",DC-HUMO-08,0.026,21.95,2026-09-26T07:51:36+00:00
2026-09-26T02:52:21-05:00,2026-09-26T07:52:21+00:00,"Cliente MQTT explicito (paho, SAS manual)",DC-HUMO-08,0.027,22.03,2026-09-26T07:52:21+00:00
2026-09-26T02:53:06-05:00,2026-09-26T07:53:06+00:00,"Cliente MQTT explicito (paho, SAS manual)",DC-HUMO-08,0.024,21.71,2026-09-26T07:53:06+00:00
2026-09-26T02:53:51-05:00,2026-09-26T07:53:51+00:00,"Cliente MQTT explicito (paho, SAS manual)",DC-HUMO-08,0.025,22.18,2026-09-26T07:53:51+00:00
2026-09-26T02:54:36-05:00,2026-09-26T07:54:36+00:00,"Cliente MQTT explicito (paho, SAS manual)",DC-HUMO-08,0.027,22.18,2026-09-26T07:54:36+00:00
2026-09-26T02:55:21-05:00,2026-09-26T07:55:21+00:00,"Cliente MQTT explicito (paho, SAS manual)",DC-HUMO-08,0.025,22.1,2026-09-26T07:55:21+00:00
2026-09-26T02:56:06-05:00,2026-09-26T07:56:06+00:00,"Cliente MQTT explicito (paho, SAS manual)",DC-HUMO-08,0.026,21.94,2026-09-26T07:56:06+00:00
2026-09-26T02:56:51-05:00,2026-09-26T07:56:51+00:00,"Cliente MQTT explicito (paho, SAS manual)",DC-HUMO-08,0.026,22.02,2026-09-26T07:56:51+00:00
2026-09-26T02:57:36-05:00,2026-09-26T07:57:36+00:00,"Cliente MQTT explicito (paho, SAS manual)",DC-HUMO-08,0.028,22.14,2026-09-26T07:57:36+00:00
2026-09-26T02:58:21-05:00,2026-09-26T07:58:21+00:00,"Cliente MQTT explicito (paho, SAS manual)",DC-HUMO-08,0.024,21.9,2026-09-26T07:58:21+00:00
2026-09-26T02:59:06-05:00,2026-09-26T07:59:06+00:00,"Cliente MQTT explicito (paho, SAS manual)",DC-HUMO-08,0.028,22.32,2026-09-26T07:59:06+00:00
2026-09-26T02:59:51-05:00,2026-09-26T07:59:51+00:00,"Cliente MQTT explicito (paho, SAS manual)",DC-HUMO-08,0.026,22.32,2026-09-26T07:59:51+00:00
2026-09-26T03:00:36-05:00,2026-09-26T08:00:36+00:00,"Cliente MQTT explicito (paho, SAS manual)",DC-HUMO-08,0.024,21.79,2026-09-26T08:00:36+00:00
2026-09-26T03:01:21-05:00,2026-09-26T08:01:21+00:00,"Cliente MQTT explicito (paho, SAS manual)",DC-HUMO-08,0.028,21.68,2026-09-26T08:01:21+00:00
2026-09-26T03:02:06-05:00,2026-09-26T08:02:06+00:00,"Cliente MQTT explicito (paho, SAS manual)",DC-HUMO-08,0.025,22.29,2026-09-26T08:02:06+00:00
2026-09-26T03:02:51-05:00,2026-09-26T08:02:51+00:00,"Cliente MQTT explicito (paho, SAS manual)",DC-HUMO-08,0.024,21.89,2026-09-26T08:02:51+00:00
2026-09-26T03:03:36-05:00,2026-09-26T08:03:36+00:00,"Cliente MQTT explicito (paho, SAS manual)",DC-HUMO-08,0.027,22.06,2026-09-26T08:03:36+00:00
2026-09-26T03:04:21-05:00,2026-09-26T08:04:21+00:00,"Cliente MQTT explicito (paho, SAS manual)",DC-HUMO-08,0.027,21.72,2026-09-26T08:04:21+00:00
2026-09-26T03:05:06-05:00,2026-09-26T08:05:06+00:00,"Cliente MQTT explicito (paho, SAS manual)",DC-HUMO-08,0.024,22.0,2026-09-26T08:05:06+00:00
2026-09-26T03:05:51-05:00,2026-09-26T08:05:51+00:00,"Cliente MQTT explicito (paho, SAS manual)",DC-HUMO-08,0.025,21.97,2026-09-26T08:05:51+00:00
2026-09-26T03:06:36-05:00,2026-09-26T08:06:36+00:00,"Cliente MQTT explicito (paho, SAS manual)",DC-HUMO-08,0.026,22.3,2026-09-26T08:06:36+00:00
2026-09-26T03:07:21-05:00,2026-09-26T08:07:21+00:00,"Cliente MQTT explicito (paho, SAS manual)",DC-HUMO-08,0.028,21.81,2026-09-26T08:07:21+00:00
2026-09-26T03:08:06-05:00,2026-09-26T08:08:06+00:00,"Cliente MQTT explicito (paho, SAS manual)",DC-HUMO-08,0.025,22.18,2026-09-26T08:08:06+00:00
2026-09-26T03:08:51-05:00,2026-09-26T08:08:51+00:00,"Cliente MQTT explicito (paho, SAS manual)",DC-HUMO-08,0.024,21.79,2026-09-26T08:08:51+00:00
2026-09-26T03:09:36-05:00,2026-09-26T08:09:36+00:00,"Cliente MQTT explicito (paho, SAS manual)",DC-HUMO-08,0.025,22.35,2026-09-26T08:09:36+00:00
2026-09-26T03:10:21-05:00,2026-09-26T08:10:21+00:00,"Cliente MQTT explicito (paho, SAS manual)",DC-HUMO-08,0.024,21.73,2026-09-26T08:10:21+00:00
2026-09-26T03:11:06-05:00,2026-09-26T08:11:06+00:00,"Cliente MQTT explicito (paho, SAS manual)",DC-HUMO-08,0.026,21.63,2026-09-26T08:11:06+00:00
2026-09-26T03:11:51-05:00,2026-09-26T08:11:51+00:00,"Cliente MQTT explicito (paho, SAS manual)",DC-HUMO-08,0.024,22.09,2026-09-26T08:11:51+00:00
2026-09-26T03:12:36-05:00,2026-09-26T08:12:36+00:00,"Cliente MQTT explicito (paho, SAS manual)",DC-HUMO-08,0.025,22.33,2026-09-26T08:12:36+00:00
2026-09-26T03:13:21-05:00,2026-09-26T08:13:21+00:00,"Cliente MQTT explicito (paho, SAS manual)",DC-HUMO-08,0.025,21.73,2026-09-26T08:13:21+00:00
2026-09-26T03:14:06-05:00,2026-09-26T08:14:06+00:00,"Cliente MQTT explicito (paho, SAS manual)",DC-HUMO-08,0.025,22.09,2026-09-26T08:14:06+00:00
2026-09-26T03:14:51-05:00,2026-09-26T08:14:51+00:00,"Cliente MQTT explicito (paho, SAS manual)",DC-HUMO-08,0.027,22.09,2026-09-26T08:14:51+00:00
2026-09-26T03:15:36-05:00,2026-09-26T08:15:36+00:00,"Cliente MQTT explicito (paho, SAS manual)",DC-HUMO-08,0.027,22.02,2026-09-26T08:15:36+00:00
2026-09-26T03:16:21-05:00,2026-09-26T08:16:21+00:00,"Cliente MQTT explicito (paho, SAS manual)",DC-HUMO-08,0.027,22.15,2026-09-26T08:16:21+00:00
2026-09-26T03:17:06-05:00,2026-09-26T08:17:06+00:00,"Cliente MQTT explicito (paho, SAS manual)",DC-HUMO-08,0.026,22.09,2026-09-26T08:17:06+00:00
2026-09-26T03:17:51-05:00,2026-09-26T08:17:51+00:00,"Cliente MQTT explicito (paho, SAS manual)",DC-HUMO-08,0.024,22.03,2026-09-26T08:17:51+00:00
2026-09-26T03:18:36-05:00,2026-09-26T08:18:36+00:00,"Cliente MQTT explicito (paho, SAS manual)",DC-HUMO-08,0.026,22.01,2026-09-26T08:18:36+00:00
2026-09-26T03:19:21-05:00,2026-09-26T08:19:21+00:00,"Cliente MQTT explicito (paho, SAS manual)",DC-HUMO-08,0.025,21.65,2026-09-26T08:19:21+00:00
2026-09-26T03:20:06-05:00,2026-09-26T08:20:06+00:00,"Cliente MQTT explicito (paho, SAS manual)",DC-HUMO-08,0.028,22.07,2026-09-26T08:20:06+00:00
2026-09-26T03:20:51-05:00,2026-09-26T08:20:51+00:00,"Cliente MQTT explicito (paho, SAS manual)",DC-HUMO-08,0.025,21.83,2026-09-26T08:20:51+00:00
2026-09-26T03:21:36-05:00,2026-09-26T08:21:36+00:00,"Cliente MQTT explicito (paho, SAS manual)",DC-HUMO-08,0.025,22.35,2026-09-26T08:21:36+00:00
2026-09-26T03:22:21-05:00,2026-09-26T08:22:21+00:00,"Cliente MQTT explicito (paho, SAS manual)",DC-HUMO-08,0.027,22.03,2026-09-26T08:22:21+00:00
2026-09-26T03:23:06-05:00,2026-09-26T08:23:06+00:00,"Cliente MQTT explicito (paho, SAS manual)",DC-HUMO-08,0.025,21.99,2026-09-26T08:23:06+00:00
2026-09-26T03:23:51-05:00,2026-09-26T08:23:51+00:00,"Cliente MQTT explicito (paho, SAS manual)",DC-HUMO-08,0.027,21.83,2026-09-26T08:23:51+00:00
2026-09-26T03:24:36-05:00,2026-09-26T08:24:36+00:00,"Cliente MQTT explicito (paho, SAS manual)",DC-HUMO-08,0.027,22.37,2026-09-26T08:24:36+00:00
2026-09-26T03:25:21-05:00,2026-09-26T08:25:21+00:00,"Cliente MQTT explicito (paho, SAS manual)",DC-HUMO-08,0.026,21.68,2026-09-26T08:25:21+00:00
2026-09-26T03:26:06-05:00,2026-09-26T08:26:06+00:00,"Cliente MQTT explicito (paho, SAS manual)",DC-HUMO-08,0.027,22.34,2026-09-26T08:26:06+00:00
2026-09-26T03:26:51-05:00,2026-09-26T08:26:51+00:00,"Cliente MQTT explicito (paho, SAS manual)",DC-HUMO-08,0.028,21.82,2026-09-26T08:26:51+00:00
2026-09-26T03:27:37-05:00,2026-09-26T08:27:37+00:00,"Cliente MQTT explicito (paho, SAS manual)",DC-HUMO-08,0.025,21.86,2026-09-26T08:27:37+00:00
2026-09-26T03:28:22-05:00,2026-09-26T08:28:22+00:00,"Cliente MQTT explicito (paho, SAS manual)",DC-HUMO-08,0.024,22.28,2026-09-26T08:28:22+00:00
2026-09-26T03:29:07-05:00,2026-09-26T08:29:07+00:00,"Cliente MQTT explicito (paho, SAS manual)",DC-HUMO-08,0.027,22.4,2026-09-26T08:29:07+00:00
2026-09-26T03:29:52-05:00,2026-09-26T08:29:52+00:00,"Cliente MQTT explicito (paho, SAS manual)",DC-HUMO-08,0.026,21.79,2026-09-26T08:29:52+00:00
2026-09-26T03:30:37-05:00,2026-09-26T08:30:37+00:00,"Cliente MQTT explicito (paho, SAS manual)",DC-HUMO-08,0.025,22.19,2026-09-26T08:30:37+00:00
2026-09-26T03:31:22-05:00,2026-09-26T08:31:22+00:00,"Cliente MQTT explicito (paho, SAS manual)",DC-HUMO-08,0.026,22.2,2026-09-26T08:31:22+00:00
2026-09-26T03:32:07-05:00,2026-09-26T08:32:07+00:00,"Cliente MQTT explicito (paho, SAS manual)",DC-HUMO-08,0.025,21.67,2026-09-26T08:32:07+00:00
2026-09-26T03:32:52-05:00,2026-09-26T08:32:52+00:00,"Cliente MQTT explicito (paho, SAS manual)",DC-HUMO-08,0.027,21.68,2026-09-26T08:32:52+00:00
2026-09-26T03:33:37-05:00,2026-09-26T08:33:37+00:00,"Cliente MQTT explicito (paho, SAS manual)",DC-HUMO-08,0.026,22.25,2026-09-26T08:33:37+00:00
2026-09-26T03:34:22-05:00,2026-09-26T08:34:22+00:00,"Cliente MQTT explicito (paho, SAS manual)",DC-HUMO-08,0.027,21.76,2026-09-26T08:34:22+00:00
2026-09-26T03:35:07-05:00,2026-09-26T08:35:07+00:00,"Cliente MQTT explicito (paho, SAS manual)",DC-HUMO-08,0.027,22.32,2026-09-26T08:35:07+00:00
2026-09-26T03:35:52-05:00,2026-09-26T08:35:52+00:00,"Cliente MQTT explicito (paho, SAS manual)",DC-HUMO-08,0.026,21.82,2026-09-26T08:35:52+00:00
2026-09-26T03:36:37-05:00,2026-09-26T08:36:37+00:00,"Cliente MQTT explicito (paho, SAS manual)",DC-HUMO-08,0.024,22.13,2026-09-26T08:36:37+00:00
2026-09-26T03:37:22-05:00,2026-09-26T08:37:22+00:00,"Cliente MQTT explicito (paho, SAS manual)",DC-HUMO-08,0.027,22.24,2026-09-26T08:37:22+00:00
2026-09-26T03:38:07-05:00,2026-09-26T08:38:07+00:00,"Cliente MQTT explicito (paho, SAS manual)",DC-HUMO-08,0.025,21.91,2026-09-26T08:38:07+00:00
2026-09-26T03:38:52-05:00,2026-09-26T08:38:52+00:00,"Cliente MQTT explicito (paho, SAS manual)",DC-HUMO-08,0.028,21.88,2026-09-26T08:38:52+00:00
2026-09-26T03:39:37-05:00,2026-09-26T08:39:37+00:00,"Cliente MQTT explicito (paho, SAS manual)",DC-HUMO-08,0.024,22.11,2026-09-26T08:39:37+00:00
2026-09-26T03:40:22-05:00,2026-09-26T08:40:22+00:00,"Cliente MQTT explicito (paho, SAS manual)",DC-HUMO-08,0.026,21.78,2026-09-26T08:40:22+00:00
2026-09-26T03:41:07-05:00,2026-09-26T08:41:07+00:00,"Cliente MQTT explicito (paho, SAS manual)",DC-HUMO-08,0.025,22.23,2026-09-26T08:41:07+00:00
2026-09-26T03:41:52-05:00,2026-09-26T08:41:52+00:00,"Cliente MQTT explicito (paho, SAS manual)",DC-HUMO-08,0.026,22.36,2026-09-26T08:41:52+00:00
2026-09-26T03:42:37-05:00,2026-09-26T08:42:37+00:00,"Cliente MQTT explicito (paho, SAS manual)",DC-HUMO-08,0.026,22.08,2026-09-26T08:42:37+00:00
2026-09-26T03:43:22-05:00,2026-09-26T08:43:22+00:00,"Cliente MQTT explicito (paho, SAS manual)",DC-HUMO-08,0.026,21.79,2026-09-26T08:43:22+00:00
2026-09-26T03:44:07-05:00,2026-09-26T08:44:07+00:00,"Cliente MQTT explicito (paho, SAS manual)",DC-HUMO-08,0.025,22.01,2026-09-26T08:44:07+00:00
2026-09-26T03:44:52-05:00,2026-09-26T08:44:52+00:00,"Cliente MQTT explicito (paho, SAS manual)",DC-HUMO-08,0.028,22.29,2026-09-26T08:44:52+00:00
2026-09-26T03:45:37-05:00,2026-09-26T08:45:37+00:00,"Cliente MQTT explicito (paho, SAS manual)",DC-HUMO-08,0.026,21.67,2026-09-26T08:45:37+00:00
2026-09-26T03:46:22-05:00,2026-09-26T08:46:22+00:00,"Cliente MQTT explicito (paho, SAS manual)",DC-HUMO-08,0.026,22.43,2026-09-26T08:46:22+00:00
2026-09-26T03:47:07-05:00,2026-09-26T08:47:07+00:00,"Cliente MQTT explicito (paho, SAS manual)",DC-HUMO-08,0.027,22.14,2026-09-26T08:47:07+00:00
2026-09-26T03:47:52-05:00,2026-09-26T08:47:52+00:00,"Cliente MQTT explicito (paho, SAS manual)",DC-HUMO-08,0.026,21.91,2026-09-26T08:47:52+00:00
2026-09-26T03:48:37-05:00,2026-09-26T08:48:37+00:00,"Cliente MQTT explicito (paho, SAS manual)",DC-HUMO-08,0.028,22.34,2026-09-26T08:48:37+00:00
2026-09-26T03:49:22-05:00,2026-09-26T08:49:22+00:00,"Cliente MQTT explicito (paho, SAS manual)",DC-HUMO-08,0.026,22.21,2026-09-26T08:49:22+00:00
2026-09-26T03:50:07-05:00,2026-09-26T08:50:07+00:00,"Cliente MQTT explicito (paho, SAS manual)",DC-HUMO-08,0.025,22.16,2026-09-26T08:50:07+00:00
2026-09-26T03:50:52-05:00,2026-09-26T08:50:52+00:00,"Cliente MQTT explicito (paho, SAS manual)",DC-HUMO-08,0.025,21.76,2026-09-26T08:50:52+00:00
2026-09-26T03:51:37-05:00,2026-09-26T08:51:37+00:00,"Cliente MQTT explicito (paho, SAS manual)",DC-HUMO-08,0.026,22.19,2026-09-26T08:51:37+00:00
2026-09-26T03:52:22-05:00,2026-09-26T08:52:22+00:00,"Cliente MQTT explicito (paho, SAS manual)",DC-HUMO-08,0.025,22.43,2026-09-26T08:52:22+00:00
2026-09-26T03:53:07-05:00,2026-09-26T08:53:07+00:00,"Cliente MQTT explicito (paho, SAS manual)",DC-HUMO-08,0.027,21.88,2026-09-26T08:53:07+00:00
2026-09-26T03:53:52-05:00,2026-09-26T08:53:52+00:00,"Cliente MQTT explicito (paho, SAS manual)",DC-HUMO-08,0.025,22.3,2026-09-26T08:53:52+00:00
2026-09-26T03:54:37-05:00,2026-09-26T08:54:37+00:00,"Cliente MQTT explicito (paho, SAS manual)",DC-HUMO-08,0.027,21.98,2026-09-26T08:54:37+00:00
2026-09-26T03:55:22-05:00,2026-09-26T08:55:22+00:00,"Cliente MQTT explicito (paho, SAS manual)",DC-HUMO-08,0.028,22.45,2026-09-26T08:55:22+00:00
2026-09-26T03:56:07-05:00,2026-09-26T08:56:07+00:00,"Cliente MQTT explicito (paho, SAS manual)",DC-HUMO-08,0.027,22.09,2026-09-26T08:56:07+00:00
2026-09-26T03:56:52-05:00,2026-09-26T08:56:52+00:00,"Cliente MQTT explicito (paho, SAS manual)",DC-HUMO-08,0.025,22.33,2026-09-26T08:56:52+00:00
2026-09-26T03:57:37-05:00,2026-09-26T08:57:37+00:00,"Cliente MQTT explicito (paho, SAS manual)",DC-HUMO-08,0.027,22.27,2026-09-26T08:57:37+00:00
2026-09-26T03:58:22-05:00,2026-09-26T08:58:22+00:00,"Cliente MQTT explicito (paho, SAS manual)",DC-HUMO-08,0.028,21.9,2026-09-26T08:58:22+00:00
2026-09-26T03:59:07-05:00,2026-09-26T08:59:07+00:00,"Cliente MQTT explicito (paho, SAS manual)",DC-HUMO-08,0.026,21.92,2026-09-26T08:59:07+00:00
2026-09-26T03:59:52-05:00,2026-09-26T08:59:52+00:00,"Cliente MQTT explicito (paho, SAS manual)",DC-HUMO-08,0.025,22.17,2026-09-26T08:59:52+00:00
2026-09-26T04:00:37-05:00,2026-09-26T09:00:37+00:00,"Cliente MQTT explicito (paho, SAS manual)",DC-HUMO-08,0.028,21.87,2026-09-26T09:00:37+00:00
2026-09-26T04:01:22-05:00,2026-09-26T09:01:22+00:00,"Cliente MQTT explicito (paho, SAS manual)",DC-HUMO-08,0.028,21.71,2026-09-26T09:01:22+00:00
2026-09-26T04:02:07-05:00,2026-09-26T09:02:07+00:00,"Cliente MQTT explicito (paho, SAS manual)",DC-HUMO-08,0.026,21.93,2026-09-26T09:02:07+00:00
2026-09-26T04:02:52-05:00,2026-09-26T09:02:52+00:00,"Cliente MQTT explicito (paho, SAS manual)",DC-HUMO-08,0.026,21.73,2026-09-26T09:02:52+00:00
2026-09-26T04:03:37-05:00,2026-09-26T09:03:37+00:00,"Cliente MQTT explicito (paho, SAS manual)",DC-HUMO-08,0.027,22.26,2026-09-26T09:03:37+00:00
2026-09-26T04:04:22-05:00,2026-09-26T09:04:22+00:00,"Cliente MQTT explicito (paho, SAS manual)",DC-HUMO-08,0.026,21.95,2026-09-26T09:04:22+00:00
2026-09-26T04:05:07-05:00,2026-09-26T09:05:07+00:00,"Cliente MQTT explicito (paho, SAS manual)",DC-HUMO-08,0.028,22.27,2026-09-26T09:05:07+00:00
2026-09-26T04:05:52-05:00,2026-09-26T09:05:52+00:00,"Cliente MQTT explicito (paho, SAS manual)",DC-HUMO-08,0.027,22.44,2026-09-26T09:05:52+00:00
2026-09-26T04:06:37-05:00,2026-09-26T09:06:37+00:00,"Cliente MQTT explicito (paho, SAS manual)",DC-HUMO-08,0.026,22.47,2026-09-26T09:06:37+00:00
2026-09-26T04:07:22-05:00,2026-09-26T09:07:22+00:00,"Cliente MQTT explicito (paho, SAS manual)",DC-HUMO-08,0.025,21.93,2026-09-26T09:07:22+00:00
2026-09-26T04:08:07-05:00,2026-09-26T09:08:07+00:00,"Cliente MQTT explicito (paho, SAS manual)",DC-HUMO-08,0.025,22.35,2026-09-26T09:08:07+00:00
2026-09-26T04:08:52-05:00,2026-09-26T09:08:52+00:00,"Cliente MQTT explicito (paho, SAS manual)",DC-HUMO-08,0.026,22.06,2026-09-26T09:08:52+00:00
2026-09-26T04:09:37-05:00,2026-09-26T09:09:37+00:00,"Cliente MQTT explicito (paho, SAS manual)",DC-HUMO-08,0.025,22.35,2026-09-26T09:09:37+00:00
2026-09-26T04:10:22-05:00,2026-09-26T09:10:22+00:00,"Cliente MQTT explicito (paho, SAS manual)",DC-HUMO-08,0.025,22.48,2026-09-26T09:10:22+00:00
2026-09-26T04:11:07-05:00,2026-09-26T09:11:07+00:00,"Cliente MQTT explicito (paho, SAS manual)",DC-HUMO-08,0.028,22.39,2026-09-26T09:11:07+00:00
2026-09-26T04:11:52-05:00,2026-09-26T09:11:52+00:00,"Cliente MQTT explicito (paho, SAS manual)",DC-HUMO-08,0.027,22.06,2026-09-26T09:11:52+00:00
2026-09-26T04:12:38-05:00,2026-09-26T09:12:38+00:00,"Cliente MQTT explicito (paho, SAS manual)",DC-HUMO-08,0.028,21.95,2026-09-26T09:12:38+00:00
2026-09-26T04:13:23-05:00,2026-09-26T09:13:23+00:00,"Cliente MQTT explicito (paho, SAS manual)",DC-HUMO-08,0.025,22.4,2026-09-26T09:13:23+00:00
2026-09-26T04:14:08-05:00,2026-09-26T09:14:08+00:00,"Cliente MQTT explicito (paho, SAS manual)",DC-HUMO-08,0.026,21.76,2026-09-26T09:14:08+00:00
2026-09-26T04:14:53-05:00,2026-09-26T09:14:53+00:00,"Cliente MQTT explicito (paho, SAS manual)",DC-HUMO-08,0.025,22.09,2026-09-26T09:14:53+00:00
2026-09-26T04:15:38-05:00,2026-09-26T09:15:38+00:00,"Cliente MQTT explicito (paho, SAS manual)",DC-HUMO-08,0.026,22.22,2026-09-26T09:15:38+00:00
2026-09-26T04:16:23-05:00,2026-09-26T09:16:23+00:00,"Cliente MQTT explicito (paho, SAS manual)",DC-HUMO-08,0.025,22.44,2026-09-26T09:16:23+00:00
2026-09-26T04:17:08-05:00,2026-09-26T09:17:08+00:00,"Cliente MQTT explicito (paho, SAS manual)",DC-HUMO-08,0.027,22.03,2026-09-26T09:17:08+00:00
2026-09-26T04:17:53-05:00,2026-09-26T09:17:53+00:00,"Cliente MQTT explicito (paho, SAS manual)",DC-HUMO-08,0.026,22.16,2026-09-26T09:17:53+00:00
2026-09-26T04:18:38-05:00,2026-09-26T09:18:38+00:00,"Cliente MQTT explicito (paho, SAS manual)",DC-HUMO-08,0.027,22.27,2026-09-26T09:18:38+00:00
2026-09-26T04:19:23-05:00,2026-09-26T09:19:23+00:00,"Cliente MQTT explicito (paho, SAS manual)",DC-HUMO-08,0.026,22.46,2026-09-26T09:19:23+00:00
2026-09-26T04:20:08-05:00,2026-09-26T09:20:08+00:00,"Cliente MQTT explicito (paho, SAS manual)",DC-HUMO-08,0.026,22.45,2026-09-26T09:20:08+00:00
2026-09-26T04:20:53-05:00,2026-09-26T09:20:53+00:00,"Cliente MQTT explicito (paho, SAS manual)",DC-HUMO-08,0.027,22.44,2026-09-26T09:20:53+00:00
2026-09-26T04:21:38-05:00,2026-09-26T09:21:38+00:00,"Cliente MQTT explicito (paho, SAS manual)",DC-HUMO-08,0.025,21.92,2026-09-26T09:21:38+00:00
2026-09-26T04:22:23-05:00,2026-09-26T09:22:23+00:00,"Cliente MQTT explicito (paho, SAS manual)",DC-HUMO-08,0.026,22.17,2026-09-26T09:22:23+00:00
2026-09-26T04:23:08-05:00,2026-09-26T09:23:08+00:00,"Cliente MQTT explicito (paho, SAS manual)",DC-HUMO-08,0.025,22.4,2026-09-26T09:23:08+00:00
2026-09-26T04:23:53-05:00,2026-09-26T09:23:53+00:00,"Cliente MQTT explicito (paho, SAS manual)",DC-HUMO-08,0.027,21.8,2026-09-26T09:23:53+00:00
2026-09-26T04:24:38-05:00,2026-09-26T09:24:38+00:00,"Cliente MQTT explicito (paho, SAS manual)",DC-HUMO-08,0.025,22.44,2026-09-26T09:24:38+00:00
2026-09-26T04:25:23-05:00,2026-09-26T09:25:23+00:00,"Cliente MQTT explicito (paho, SAS manual)",DC-HUMO-08,0.028,22.37,2026-09-26T09:25:23+00:00
2026-09-26T04:26:08-05:00,2026-09-26T09:26:08+00:00,"Cliente MQTT explicito (paho, SAS manual)",DC-HUMO-08,0.026,22.17,2026-09-26T09:26:08+00:00
2026-09-26T04:26:53-05:00,2026-09-26T09:26:53+00:00,"Cliente MQTT explicito (paho, SAS manual)",DC-HUMO-08,0.029,22.14,2026-09-26T09:26:53+00:00
2026-09-26T04:27:38-05:00,2026-09-26T09:27:38+00:00,"Cliente MQTT explicito (paho, SAS manual)",DC-HUMO-08,0.026,22.48,2026-09-26T09:27:38+00:00
2026-09-26T04:28:23-05:00,2026-09-26T09:28:23+00:00,"Cliente MQTT explicito (paho, SAS manual)",DC-HUMO-08,0.026,22.3,2026-09-26T09:28:23+00:00
2026-09-26T04:29:08-05:00,2026-09-26T09:29:08+00:00,"Cliente MQTT explicito (paho, SAS manual)",DC-HUMO-08,0.026,21.84,2026-09-26T09:29:08+00:00
2026-09-26T04:29:53-05:00,2026-09-26T09:29:53+00:00,"Cliente MQTT explicito (paho, SAS manual)",DC-HUMO-08,0.026,22.52,2026-09-26T09:29:53+00:00
2026-09-26T04:30:38-05:00,2026-09-26T09:30:38+00:00,"Cliente MQTT explicito (paho, SAS manual)",DC-HUMO-08,0.025,22.22,2026-09-26T09:30:38+00:00
2026-09-26T04:31:23-05:00,2026-09-26T09:31:23+00:00,"Cliente MQTT explicito (paho, SAS manual)",DC-HUMO-08,0.028,22.19,2026-09-26T09:31:23+00:00
2026-09-26T04:32:08-05:00,2026-09-26T09:32:08+00:00,"Cliente MQTT explicito (paho, SAS manual)",DC-HUMO-08,0.028,22.55,2026-09-26T09:32:08+00:00
2026-09-26T04:32:53-05:00,2026-09-26T09:32:53+00:00,"Cliente MQTT explicito (paho, SAS manual)",DC-HUMO-08,0.028,22.59,2026-09-26T09:32:53+00:00
2026-09-26T04:33:38-05:00,2026-09-26T09:33:38+00:00,"Cliente MQTT explicito (paho, SAS manual)",DC-HUMO-08,0.025,22.55,2026-09-26T09:33:38+00:00
2026-09-26T04:34:23-05:00,2026-09-26T09:34:23+00:00,"Cliente MQTT explicito (paho, SAS manual)",DC-HUMO-08,0.027,22.2,2026-09-26T09:34:23+00:00
2026-09-26T04:35:08-05:00,2026-09-26T09:35:08+00:00,"Cliente MQTT explicito (paho, SAS manual)",DC-HUMO-08,0.026,22.59,2026-09-26T09:35:08+00:00
2026-09-26T04:35:53-05:00,2026-09-26T09:35:53+00:00,"Cliente MQTT explicito (paho, SAS manual)",DC-HUMO-08,0.029,21.95,2026-09-26T09:35:53+00:00
2026-09-26T04:36:38-05:00,2026-09-26T09:36:38+00:00,"Cliente MQTT explicito (paho, SAS manual)",DC-HUMO-08,0.026,22.33,2026-09-26T09:36:38+00:00
2026-09-26T04:37:23-05:00,2026-09-26T09:37:23+00:00,"Cliente MQTT explicito (paho, SAS manual)",DC-HUMO-08,0.026,22.32,2026-09-26T09:37:23+00:00
2026-09-26T04:38:08-05:00,2026-09-26T09:38:08+00:00,"Cliente MQTT explicito (paho, SAS manual)",DC-HUMO-08,0.025,21.89,2026-09-26T09:38:08+00:00
2026-09-26T04:38:53-05:00,2026-09-26T09:38:53+00:00,"Cliente MQTT explicito (paho, SAS manual)",DC-HUMO-08,0.028,21.98,2026-09-26T09:38:53+00:00
2026-09-26T04:39:38-05:00,2026-09-26T09:39:38+00:00,"Cliente MQTT explicito (paho, SAS manual)",DC-HUMO-08,0.027,21.9,2026-09-26T09:39:38+00:00
2026-09-26T04:40:23-05:00,2026-09-26T09:40:23+00:00,"Cliente MQTT explicito (paho, SAS manual)",DC-HUMO-08,0.027,22.53,2026-09-26T09:40:23+00:00
2026-09-26T04:41:08-05:00,2026-09-26T09:41:08+00:00,"Cliente MQTT explicito (paho, SAS manual)",DC-HUMO-08,0.029,21.88,2026-09-26T09:41:08+00:00
2026-09-26T04:41:53-05:00,2026-09-26T09:41:53+00:00,"Cliente MQTT explicito (paho, SAS manual)",DC-HUMO-08,0.026,21.87,2026-09-26T09:41:53+00:00
2026-09-26T04:42:38-05:00,2026-09-26T09:42:38+00:00,"Cliente MQTT explicito (paho, SAS manual)",DC-HUMO-08,0.027,22.02,2026-09-26T09:42:38+00:00
2026-09-26T04:43:23-05:00,2026-09-26T09:43:23+00:00,"Cliente MQTT explicito (paho, SAS manual)",DC-HUMO-08,0.028,22.62,2026-09-26T09:43:23+00:00
2026-09-26T04:44:08-05:00,2026-09-26T09:44:08+00:00,"Cliente MQTT explicito (paho, SAS manual)",DC-HUMO-08,0.026,22.6,2026-09-26T09:44:08+00:00
2026-09-26T04:44:53-05:00,2026-09-26T09:44:53+00:00,"Cliente MQTT explicito (paho, SAS manual)",DC-HUMO-08,0.027,21.91,2026-09-26T09:44:53+00:00
2026-09-26T04:45:38-05:00,2026-09-26T09:45:38+00:00,"Cliente MQTT explicito (paho, SAS manual)",DC-HUMO-08,0.027,22.45,2026-09-26T09:45:38+00:00
2026-09-26T04:46:23-05:00,2026-09-26T09:46:23+00:00,"Cliente MQTT explicito (paho, SAS manual)",DC-HUMO-08,0.025,22.32,2026-09-26T09:46:23+00:00
2026-09-26T04:47:08-05:00,2026-09-26T09:47:08+00:00,"Cliente MQTT explicito (paho, SAS manual)",DC-HUMO-08,0.025,22.53,2026-09-26T09:47:08+00:00
2026-09-26T04:47:53-05:00,2026-09-26T09:47:53+00:00,"Cliente MQTT explicito (paho, SAS manual)",DC-HUMO-08,0.025,21.99,2026-09-26T09:47:53+00:00
2026-09-26T04:48:38-05:00,2026-09-26T09:48:38+00:00,"Cliente MQTT explicito (paho, SAS manual)",DC-HUMO-08,0.027,22.51,2026-09-26T09:48:38+00:00
2026-09-26T04:49:23-05:00,2026-09-26T09:49:23+00:00,"Cliente MQTT explicito (paho, SAS manual)",DC-HUMO-08,0.028,22.66,2026-09-26T09:49:23+00:00
2026-09-26T04:50:08-05:00,2026-09-26T09:50:08+00:00,"Cliente MQTT explicito (paho, SAS manual)",DC-HUMO-08,0.026,22.02,2026-09-26T09:50:08+00:00
2026-09-26T04:50:53-05:00,2026-09-26T09:50:53+00:00,"Cliente MQTT explicito (paho, SAS manual)",DC-HUMO-08,0.027,22.25,2026-09-26T09:50:53+00:00
2026-09-26T04:51:38-05:00,2026-09-26T09:51:38+00:00,"Cliente MQTT explicito (paho, SAS manual)",DC-HUMO-08,0.025,22.15,2026-09-26T09:51:38+00:00
2026-09-26T04:52:23-05:00,2026-09-26T09:52:23+00:00,"Cliente MQTT explicito (paho, SAS manual)",DC-HUMO-08,0.028,22.59,2026-09-26T09:52:23+00:00
2026-09-26T04:53:08-05:00,2026-09-26T09:53:08+00:00,"Cliente MQTT explicito (paho, SAS manual)",DC-HUMO-08,0.027,22.64,2026-09-26T09:53:08+00:00
2026-09-26T04:53:53-05:00,2026-09-26T09:53:53+00:00,"Cliente MQTT explicito (paho, SAS manual)",DC-HUMO-08,0.026,22.44,2026-09-26T09:53:53+00:00
2026-09-26T04:54:38-05:00,2026-09-26T09:54:38+00:00,"Cliente MQTT explicito (paho, SAS manual)",DC-HUMO-08,0.026,22.1,2026-09-26T09:54:38+00:00
2026-09-26T04:55:23-05:00,2026-09-26T09:55:23+00:00,"Cliente MQTT explicito (paho, SAS manual)",DC-HUMO-08,0.026,21.92,2026-09-26T09:55:23+00:00
2026-09-26T04:56:08-05:00,2026-09-26T09:56:08+00:00,"Cliente MQTT explicito (paho, SAS manual)",DC-HUMO-08,0.028,22.47,2026-09-26T09:56:08+00:00
2026-09-26T04:56:53-05:00,2026-09-26T09:56:53+00:00,"Cliente MQTT explicito (paho, SAS manual)",DC-HUMO-08,0.028,22.48,2026-09-26T09:56:53+00:00
2026-09-26T04:57:39-05:00,2026-09-26T09:57:39+00:00,"Cliente MQTT explicito (paho, SAS manual)",DC-HUMO-08,0.028,22.11,2026-09-26T09:57:39+00:00
2026-09-26T04:58:24-05:00,2026-09-26T09:58:24+00:00,"Cliente MQTT explicito (paho, SAS manual)",DC-HUMO-08,0.028,21.96,2026-09-26T09:58:24+00:00
2026-09-26T04:59:09-05:00,2026-09-26T09:59:09+00:00,"Cliente MQTT explicito (paho, SAS manual)",DC-HUMO-08,0.026,22.16,2026-09-26T09:59:09+00:00
2026-09-26T04:59:54-05:00,2026-09-26T09:59:54+00:00,"Cliente MQTT explicito (paho, SAS manual)",DC-HUMO-08,0.028,22.34,2026-09-26T09:59:54+00:00
2026-09-26T05:00:39-05:00,2026-09-26T10:00:39+00:00,"Cliente MQTT explicito (paho, SAS manual)",DC-HUMO-08,0.026,22.15,2026-09-26T10:00:39+00:00
2026-09-26T05:01:24-05:00,2026-09-26T10:01:24+00:00,"Cliente MQTT explicito (paho, SAS manual)",DC-HUMO-08,0.025,22.21,2026-09-26T10:01:24+00:00
2026-09-26T05:02:09-05:00,2026-09-26T10:02:09+00:00,"Cliente MQTT explicito (paho, SAS manual)",DC-HUMO-08,0.028,22.7,2026-09-26T10:02:09+00:00
2026-09-26T05:02:54-05:00,2026-09-26T10:02:54+00:00,"Cliente MQTT explicito (paho, SAS manual)",DC-HUMO-08,0.025,22.7,2026-09-26T10:02:54+00:00
2026-09-26T05:03:39-05:00,2026-09-26T10:03:39+00:00,"Cliente MQTT explicito (paho, SAS manual)",DC-HUMO-08,0.028,22.59,2026-09-26T10:03:39+00:00
2026-09-26T05:04:24-05:00,2026-09-26T10:04:24+00:00,"Cliente MQTT explicito (paho, SAS manual)",DC-HUMO-08,0.028,22.22,2026-09-26T10:04:24+00:00
2026-09-26T05:05:09-05:00,2026-09-26T10:05:09+00:00,"Cliente MQTT explicito (paho, SAS manual)",DC-HUMO-08,0.026,22.32,2026-09-26T10:05:09+00:00
2026-09-26T05:05:54-05:00,2026-09-26T10:05:54+00:00,"Cliente MQTT explicito (paho, SAS manual)",DC-HUMO-08,0.028,22.41,2026-09-26T10:05:54+00:00
2026-09-26T05:06:39-05:00,2026-09-26T10:06:39+00:00,"Cliente MQTT explicito (paho, SAS manual)",DC-HUMO-08,0.027,22.45,2026-09-26T10:06:39+00:00
2026-09-26T05:07:24-05:00,2026-09-26T10:07:24+00:00,"Cliente MQTT explicito (paho, SAS manual)",DC-HUMO-08,0.025,22.16,2026-09-26T10:07:24+00:00
2026-09-26T05:08:09-05:00,2026-09-26T10:08:09+00:00,"Cliente MQTT explicito (paho, SAS manual)",DC-HUMO-08,0.025,22.16,2026-09-26T10:08:09+00:00
2026-09-26T05:08:54-05:00,2026-09-26T10:08:54+00:00,"Cliente MQTT explicito (paho, SAS manual)",DC-HUMO-08,0.027,22.04,2026-09-26T10:08:54+00:00
2026-09-26T05:09:39-05:00,2026-09-26T10:09:39+00:00,"Cliente MQTT explicito (paho, SAS manual)",DC-HUMO-08,0.027,22.71,2026-09-26T10:09:39+00:00
2026-09-26T05:10:24-05:00,2026-09-26T10:10:24+00:00,"Cliente MQTT explicito (paho, SAS manual)",DC-HUMO-08,0.026,22.77,2026-09-26T10:10:24+00:00
2026-09-26T05:11:09-05:00,2026-09-26T10:11:09+00:00,"Cliente MQTT explicito (paho, SAS manual)",DC-HUMO-08,0.027,22.33,2026-09-26T10:11:09+00:00
2026-09-26T05:11:54-05:00,2026-09-26T10:11:54+00:00,"Cliente MQTT explicito (paho, SAS manual)",DC-HUMO-08,0.028,22.57,2026-09-26T10:11:54+00:00
2026-09-26T05:12:39-05:00,2026-09-26T10:12:39+00:00,"Cliente MQTT explicito (paho, SAS manual)",DC-HUMO-08,0.028,22.4,2026-09-26T10:12:39+00:00
2026-09-26T05:13:24-05:00,2026-09-26T10:13:24+00:00,"Cliente MQTT explicito (paho, SAS manual)",DC-HUMO-08,0.027,22.44,2026-09-26T10:13:24+00:00
2026-09-26T05:14:09-05:00,2026-09-26T10:14:09+00:00,"Cliente MQTT explicito (paho, SAS manual)",DC-HUMO-08,0.028,22.21,2026-09-26T10:14:09+00:00
2026-09-26T05:14:54-05:00,2026-09-26T10:14:54+00:00,"Cliente MQTT explicito (paho, SAS manual)",DC-HUMO-08,0.027,22.7,2026-09-26T10:14:54+00:00
2026-09-26T05:15:39-05:00,2026-09-26T10:15:39+00:00,"Cliente MQTT explicito (paho, SAS manual)",DC-HUMO-08,0.026,22.44,2026-09-26T10:15:39+00:00
2026-09-26T05:16:24-05:00,2026-09-26T10:16:24+00:00,"Cliente MQTT explicito (paho, SAS manual)",DC-HUMO-08,0.025,22.4,2026-09-26T10:16:24+00:00
2026-09-26T05:17:09-05:00,2026-09-26T10:17:09+00:00,"Cliente MQTT explicito (paho, SAS manual)",DC-HUMO-08,0.028,22.16,2026-09-26T10:17:09+00:00
2026-09-26T05:17:54-05:00,2026-09-26T10:17:54+00:00,"Cliente MQTT explicito (paho, SAS manual)",DC-HUMO-08,0.027,22.51,2026-09-26T10:17:54+00:00
2026-09-26T05:18:39-05:00,2026-09-26T10:18:39+00:00,"Cliente MQTT explicito (paho, SAS manual)",DC-HUMO-08,0.029,22.75,2026-09-26T10:18:39+00:00
2026-09-26T05:19:24-05:00,2026-09-26T10:19:24+00:00,"Cliente MQTT explicito (paho, SAS manual)",DC-HUMO-08,0.028,22.78,2026-09-26T10:19:24+00:00
2026-09-26T05:20:09-05:00,2026-09-26T10:20:09+00:00,"Cliente MQTT explicito (paho, SAS manual)",DC-HUMO-08,0.025,22.53,2026-09-26T10:20:09+00:00
2026-09-26T05:20:54-05:00,2026-09-26T10:20:54+00:00,"Cliente MQTT explicito (paho, SAS manual)",DC-HUMO-08,0.025,22.4,2026-09-26T10:20:54+00:00
2026-09-26T05:21:39-05:00,2026-09-26T10:21:39+00:00,"Cliente MQTT explicito (paho, SAS manual)",DC-HUMO-08,0.027,22.25,2026-09-26T10:21:39+00:00
2026-09-26T05:22:24-05:00,2026-09-26T10:22:24+00:00,"Cliente MQTT explicito (paho, SAS manual)",DC-HUMO-08,0.027,22.34,2026-09-26T10:22:24+00:00
2026-09-26T05:23:09-05:00,2026-09-26T10:23:09+00:00,"Cliente MQTT explicito (paho, SAS manual)",DC-HUMO-08,0.027,22.46,2026-09-26T10:23:09+00:00
2026-09-26T05:23:54-05:00,2026-09-26T10:23:54+00:00,"Cliente MQTT explicito (paho, SAS manual)",DC-HUMO-08,0.026,22.39,2026-09-26T10:23:54+00:00
2026-09-26T05:24:39-05:00,2026-09-26T10:24:39+00:00,"Cliente MQTT explicito (paho, SAS manual)",DC-HUMO-08,0.026,22.37,2026-09-26T10:24:39+00:00
2026-09-26T05:25:25-05:00,2026-09-26T10:25:25+00:00,"Cliente MQTT explicito (paho, SAS manual)",DC-HUMO-08,0.029,22.38,2026-09-26T10:25:25+00:00
2026-09-26T05:26:10-05:00,2026-09-26T10:26:10+00:00,"Cliente MQTT explicito (paho, SAS manual)",DC-HUMO-08,0.027,22.84,2026-09-26T10:26:10+00:00
2026-09-26T05:26:55-05:00,2026-09-26T10:26:55+00:00,"Cliente MQTT explicito (paho, SAS manual)",DC-HUMO-08,0.026,22.1,2026-09-26T10:26:55+00:00
2026-09-26T05:27:40-05:00,2026-09-26T10:27:40+00:00,"Cliente MQTT explicito (paho, SAS manual)",DC-HUMO-08,0.026,22.67,2026-09-26T10:27:40+00:00
2026-09-26T05:28:25-05:00,2026-09-26T10:28:25+00:00,"Cliente MQTT explicito (paho, SAS manual)",DC-HUMO-08,0.028,22.39,2026-09-26T10:28:25+00:00
2026-09-26T05:29:10-05:00,2026-09-26T10:29:10+00:00,"Cliente MQTT explicito (paho, SAS manual)",DC-HUMO-08,0.026,22.55,2026-09-26T10:29:10+00:00
2026-09-26T05:29:55-05:00,2026-09-26T10:29:55+00:00,"Cliente MQTT explicito (paho, SAS manual)",DC-HUMO-08,0.026,22.44,2026-09-26T10:29:55+00:00
2026-09-26T05:30:40-05:00,2026-09-26T10:30:40+00:00,"Cliente MQTT explicito (paho, SAS manual)",DC-HUMO-08,0.027,22.2,2026-09-26T10:30:40+00:00
2026-09-26T05:31:25-05:00,2026-09-26T10:31:25+00:00,"Cliente MQTT explicito (paho, SAS manual)",DC-HUMO-08,0.027,22.31,2026-09-26T10:31:25+00:00
2026-09-26T05:32:10-05:00,2026-09-26T10:32:10+00:00,"Cliente MQTT explicito (paho, SAS manual)",DC-HUMO-08,0.025,22.72,2026-09-26T10:32:10+00:00
2026-09-26T05:32:55-05:00,2026-09-26T10:32:55+00:00,"Cliente MQTT explicito (paho, SAS manual)",DC-HUMO-08,0.028,22.89,2026-09-26T10:32:55+00:00
2026-09-26T05:33:40-05:00,2026-09-26T10:33:40+00:00,"Cliente MQTT explicito (paho, SAS manual)",DC-HUMO-08,0.025,22.15,2026-09-26T10:33:40+00:00
2026-09-26T05:34:25-05:00,2026-09-26T10:34:25+00:00,"Cliente MQTT explicito (paho, SAS manual)",DC-HUMO-08,0.026,22.34,2026-09-26T10:34:25+00:00
2026-09-26T05:35:10-05:00,2026-09-26T10:35:10+00:00,"Cliente MQTT explicito (paho, SAS manual)",DC-HUMO-08,0.027,22.52,2026-09-26T10:35:10+00:00
2026-09-26T05:35:55-05:00,2026-09-26T10:35:55+00:00,"Cliente MQTT explicito (paho, SAS manual)",DC-HUMO-08,0.026,22.58,2026-09-26T10:35:55+00:00
2026-09-26T05:36:40-05:00,2026-09-26T10:36:40+00:00,"Cliente MQTT explicito (paho, SAS manual)",DC-HUMO-08,0.026,22.8,2026-09-26T10:36:40+00:00
2026-09-26T05:37:25-05:00,2026-09-26T10:37:25+00:00,"Cliente MQTT explicito (paho, SAS manual)",DC-HUMO-08,0.029,22.73,2026-09-26T10:37:25+00:00
2026-09-26T05:38:10-05:00,2026-09-26T10:38:10+00:00,"Cliente MQTT explicito (paho, SAS manual)",DC-HUMO-08,0.029,22.72,2026-09-26T10:38:10+00:00
2026-09-26T05:38:55-05:00,2026-09-26T10:38:55+00:00,"Cliente MQTT explicito (paho, SAS manual)",DC-HUMO-08,0.028,22.2,2026-09-26T10:38:55+00:00
2026-09-26T05:39:40-05:00,2026-09-26T10:39:40+00:00,"Cliente MQTT explicito (paho, SAS manual)",DC-HUMO-08,0.027,22.59,2026-09-26T10:39:40+00:00
2026-09-26T05:40:25-05:00,2026-09-26T10:40:25+00:00,"Cliente MQTT explicito (paho, SAS manual)",DC-HUMO-08,0.028,22.44,2026-09-26T10:40:25+00:00
2026-09-26T05:41:10-05:00,2026-09-26T10:41:10+00:00,"Cliente MQTT explicito (paho, SAS manual)",DC-HUMO-08,0.025,22.94,2026-09-26T10:41:10+00:00
2026-09-26T05:41:55-05:00,2026-09-26T10:41:55+00:00,"Cliente MQTT explicito (paho, SAS manual)",DC-HUMO-08,0.027,22.88,2026-09-26T10:41:55+00:00
2026-09-26T05:42:41-05:00,2026-09-26T10:42:41+00:00,"Cliente MQTT explicito (paho, SAS manual)",DC-HUMO-08,0.028,22.37,2026-09-26T10:42:41+00:00
2026-09-26T05:43:26-05:00,2026-09-26T10:43:26+00:00,"Cliente MQTT explicito (paho, SAS manual)",DC-HUMO-08,0.025,22.74,2026-09-26T10:43:26+00:00
2026-09-26T05:44:11-05:00,2026-09-26T10:44:11+00:00,"Cliente MQTT explicito (paho, SAS manual)",DC-HUMO-08,0.028,22.46,2026-09-26T10:44:11+00:00
2026-09-26T05:44:56-05:00,2026-09-26T10:44:56+00:00,"Cliente MQTT explicito (paho, SAS manual)",DC-HUMO-08,0.027,22.98,2026-09-26T10:44:56+00:00
2026-09-26T05:45:41-05:00,2026-09-26T10:45:41+00:00,"Cliente MQTT explicito (paho, SAS manual)",DC-HUMO-08,0.028,22.96,2026-09-26T10:45:41+00:00
2026-09-26T05:46:26-05:00,2026-09-26T10:46:26+00:00,"Cliente MQTT explicito (paho, SAS manual)",DC-HUMO-08,0.027,22.8,2026-09-26T10:46:26+00:00
2026-09-26T05:47:11-05:00,2026-09-26T10:47:11+00:00,"Cliente MQTT explicito (paho, SAS manual)",DC-HUMO-08,0.029,22.84,2026-09-26T10:47:11+00:00
2026-09-26T05:47:56-05:00,2026-09-26T10:47:56+00:00,"Cliente MQTT explicito (paho, SAS manual)",DC-HUMO-08,0.028,22.55,2026-09-26T10:47:56+00:00
2026-09-26T05:48:41-05:00,2026-09-26T10:48:41+00:00,"Cliente MQTT explicito (paho, SAS manual)",DC-HUMO-08,0.026,22.94,2026-09-26T10:48:41+00:00
2026-09-26T05:49:26-05:00,2026-09-26T10:49:26+00:00,"Cliente MQTT explicito (paho, SAS manual)",DC-HUMO-08,0.028,22.59,2026-09-26T10:49:26+00:00
2026-09-26T05:50:11-05:00,2026-09-26T10:50:11+00:00,"Cliente MQTT explicito (paho, SAS manual)",DC-HUMO-08,0.026,22.62,2026-09-26T10:50:11+00:00
2026-09-26T05:50:56-05:00,2026-09-26T10:50:56+00:00,"Cliente MQTT explicito (paho, SAS manual)",DC-HUMO-08,0.026,22.99,2026-09-26T10:50:56+00:00
2026-09-26T05:51:41-05:00,2026-09-26T10:51:41+00:00,"Cliente MQTT explicito (paho, SAS manual)",DC-HUMO-08,0.025,22.39,2026-09-26T10:51:41+00:00
2026-09-26T05:52:26-05:00,2026-09-26T10:52:26+00:00,"Cliente MQTT explicito (paho, SAS manual)",DC-HUMO-08,0.027,23.0,2026-09-26T10:52:26+00:00
2026-09-26T05:53:11-05:00,2026-09-26T10:53:11+00:00,"Cliente MQTT explicito (paho, SAS manual)",DC-HUMO-08,0.028,22.69,2026-09-26T10:53:11+00:00
2026-09-26T05:53:56-05:00,2026-09-26T10:53:56+00:00,"Cliente MQTT explicito (paho, SAS manual)",DC-HUMO-08,0.027,23.01,2026-09-26T10:53:56+00:00
2026-09-26T05:54:41-05:00,2026-09-26T10:54:41+00:00,"Cliente MQTT explicito (paho, SAS manual)",DC-HUMO-08,0.025,22.57,2026-09-26T10:54:41+00:00
2026-09-26T05:55:26-05:00,2026-09-26T10:55:26+00:00,"Cliente MQTT explicito (paho, SAS manual)",DC-HUMO-08,0.026,22.37,2026-09-26T10:55:26+00:00
2026-09-26T05:56:11-05:00,2026-09-26T10:56:11+00:00,"Cliente MQTT explicito (paho, SAS manual)",DC-HUMO-08,0.028,22.89,2026-09-26T10:56:11+00:00
2026-09-26T05:56:56-05:00,2026-09-26T10:56:56+00:00,"Cliente MQTT explicito (paho, SAS manual)",DC-HUMO-08,0.026,23.0,2026-09-26T10:56:56+00:00
2026-09-26T05:57:41-05:00,2026-09-26T10:57:41+00:00,"Cliente MQTT explicito (paho, SAS manual)",DC-HUMO-08,0.025,23.09,2026-09-26T10:57:41+00:00
2026-09-26T05:58:26-05:00,2026-09-26T10:58:26+00:00,"Cliente MQTT explicito (paho, SAS manual)",DC-HUMO-08,0.026,22.91,2026-09-26T10:58:26+00:00
2026-09-26T05:59:11-05:00,2026-09-26T10:59:11+00:00,"Cliente MQTT explicito (paho, SAS manual)",DC-HUMO-08,0.027,22.38,2026-09-26T10:59:11+00:00
2026-09-26T05:59:56-05:00,2026-09-26T10:59:56+00:00,"Cliente MQTT explicito (paho, SAS manual)",DC-HUMO-08,0.026,23.1,2026-09-26T10:59:56+00:00
2026-09-26T06:00:41-05:00,2026-09-26T11:00:41+00:00,"Cliente MQTT explicito (paho, SAS manual)",DC-HUMO-08,0.029,22.34,2026-09-26T11:00:41+00:00
2026-09-26T06:01:26-05:00,2026-09-26T11:01:26+00:00,"Cliente MQTT explicito (paho, SAS manual)",DC-HUMO-08,0.029,22.83,2026-09-26T11:01:26+00:00
2026-09-26T06:02:11-05:00,2026-09-26T11:02:11+00:00,"Cliente MQTT explicito (paho, SAS manual)",DC-HUMO-08,0.027,22.62,2026-09-26T11:02:11+00:00
2026-09-26T06:02:56-05:00,2026-09-26T11:02:56+00:00,"Cliente MQTT explicito (paho, SAS manual)",DC-HUMO-08,0.028,23.03,2026-09-26T11:02:56+00:00
2026-09-26T06:03:41-05:00,2026-09-26T11:03:41+00:00,"Cliente MQTT explicito (paho, SAS manual)",DC-HUMO-08,0.026,23.11,2026-09-26T11:03:41+00:00
2026-09-26T06:04:30-05:00,2026-09-26T11:04:30+00:00,"Cliente MQTT explicito (paho, SAS manual)",DC-HUMO-08,0.028,22.79,2026-09-26T11:04:30+00:00
2026-09-26T06:05:16-05:00,2026-09-26T11:05:16+00:00,"Cliente MQTT explicito (paho, SAS manual)",DC-HUMO-08,0.028,22.72,2026-09-26T11:05:16+00:00
2026-09-26T06:06:01-05:00,2026-09-26T11:06:01+00:00,"Cliente MQTT explicito (paho, SAS manual)",DC-HUMO-08,0.027,22.65,2026-09-26T11:06:01+00:00
2026-09-26T06:06:46-05:00,2026-09-26T11:06:46+00:00,"Cliente MQTT explicito (paho, SAS manual)",DC-HUMO-08,0.028,23.07,2026-09-26T11:06:46+00:00
2026-09-26T06:07:31-05:00,2026-09-26T11:07:31+00:00,"Cliente MQTT explicito (paho, SAS manual)",DC-HUMO-08,0.025,22.56,2026-09-26T11:07:31+00:00
2026-09-26T06:08:16-05:00,2026-09-26T11:08:16+00:00,"Cliente MQTT explicito (paho, SAS manual)",DC-HUMO-08,0.027,22.8,2026-09-26T11:08:16+00:00
2026-09-26T06:09:01-05:00,2026-09-26T11:09:01+00:00,"Cliente MQTT explicito (paho, SAS manual)",DC-HUMO-08,0.027,22.63,2026-09-26T11:09:01+00:00
2026-09-26T06:09:46-05:00,2026-09-26T11:09:46+00:00,"Cliente MQTT explicito (paho, SAS manual)",DC-HUMO-08,0.027,22.65,2026-09-26T11:09:46+00:00
2026-09-26T06:10:31-05:00,2026-09-26T11:10:31+00:00,"Cliente MQTT explicito (paho, SAS manual)",DC-HUMO-08,0.028,22.47,2026-09-26T11:10:31+00:00
2026-09-26T06:11:16-05:00,2026-09-26T11:11:16+00:00,"Cliente MQTT explicito (paho, SAS manual)",DC-HUMO-08,0.027,22.89,2026-09-26T11:11:16+00:00
2026-09-26T06:12:01-05:00,2026-09-26T11:12:01+00:00,"Cliente MQTT explicito (paho, SAS manual)",DC-HUMO-08,0.028,22.66,2026-09-26T11:12:01+00:00
2026-09-26T06:12:46-05:00,2026-09-26T11:12:46+00:00,"Cliente MQTT explicito (paho, SAS manual)",DC-HUMO-08,0.027,22.91,2026-09-26T11:12:46+00:00
2026-09-26T06:13:31-05:00,2026-09-26T11:13:31+00:00,"Cliente MQTT explicito (paho, SAS manual)",DC-HUMO-08,0.026,22.73,2026-09-26T11:13:31+00:00
2026-09-26T06:14:16-05:00,2026-09-26T11:14:16+00:00,"Cliente MQTT explicito (paho, SAS manual)",DC-HUMO-08,0.025,22.77,2026-09-26T11:14:16+00:00
2026-09-26T06:15:01-05:00,2026-09-26T11:15:01+00:00,"Cliente MQTT explicito (paho, SAS manual)",DC-HUMO-08,0.027,22.82,2026-09-26T11:15:01+00:00
2026-09-26T06:15:46-05:00,2026-09-26T11:15:46+00:00,"Cliente MQTT explicito (paho, SAS manual)",DC-HUMO-08,0.028,22.55,2026-09-26T11:15:46+00:00
2026-09-26T06:16:31-05:00,2026-09-26T11:16:31+00:00,"Cliente MQTT explicito (paho, SAS manual)",DC-HUMO-08,0.026,22.97,2026-09-26T11:16:31+00:00
2026-09-26T06:17:16-05:00,2026-09-26T11:17:16+00:00,"Cliente MQTT explicito (paho, SAS manual)",DC-HUMO-08,0.029,23.22,2026-09-26T11:17:16+00:00
2026-09-26T06:18:01-05:00,2026-09-26T11:18:01+00:00,"Cliente MQTT explicito (paho, SAS manual)",DC-HUMO-08,0.026,22.53,2026-09-26T11:18:01+00:00
2026-09-26T06:18:46-05:00,2026-09-26T11:18:46+00:00,"Cliente MQTT explicito (paho, SAS manual)",DC-HUMO-08,0.026,22.95,2026-09-26T11:18:46+00:00
2026-09-26T06:19:31-05:00,2026-09-26T11:19:31+00:00,"Cliente MQTT explicito (paho, SAS manual)",DC-HUMO-08,0.028,22.78,2026-09-26T11:19:31+00:00
2026-09-26T06:20:16-05:00,2026-09-26T11:20:16+00:00,"Cliente MQTT explicito (paho, SAS manual)",DC-HUMO-08,0.026,22.63,2026-09-26T11:20:16+00:00
2026-09-26T06:21:01-05:00,2026-09-26T11:21:01+00:00,"Cliente MQTT explicito (paho, SAS manual)",DC-HUMO-08,0.028,23.27,2026-09-26T11:21:01+00:00
2026-09-26T06:21:46-05:00,2026-09-26T11:21:46+00:00,"Cliente MQTT explicito (paho, SAS manual)",DC-HUMO-08,0.027,23.15,2026-09-26T11:21:46+00:00
2026-09-26T06:22:31-05:00,2026-09-26T11:22:31+00:00,"Cliente MQTT explicito (paho, SAS manual)",DC-HUMO-08,0.026,22.99,2026-09-26T11:22:31+00:00
2026-09-26T06:23:16-05:00,2026-09-26T11:23:16+00:00,"Cliente MQTT explicito (paho, SAS manual)",DC-HUMO-08,0.026,22.82,2026-09-26T11:23:16+00:00
2026-09-26T06:24:01-05:00,2026-09-26T11:24:01+00:00,"Cliente MQTT explicito (paho, SAS manual)",DC-HUMO-08,0.029,23.32,2026-09-26T11:24:01+00:00
2026-09-26T06:24:46-05:00,2026-09-26T11:24:46+00:00,"Cliente MQTT explicito (paho, SAS manual)",DC-HUMO-08,0.027,23.19,2026-09-26T11:24:46+00:00
2026-09-26T06:25:31-05:00,2026-09-26T11:25:31+00:00,"Cliente MQTT explicito (paho, SAS manual)",DC-HUMO-08,0.028,23.32,2026-09-26T11:25:31+00:00
2026-09-26T06:26:18-05:00,2026-09-26T11:26:18+00:00,"Cliente MQTT explicito (paho, SAS manual)",DC-HUMO-08,0.026,23.02,2026-09-26T11:26:18+00:00
2026-09-26T06:27:03-05:00,2026-09-26T11:27:03+00:00,"Cliente MQTT explicito (paho, SAS manual)",DC-HUMO-08,0.026,22.71,2026-09-26T11:27:03+00:00
2026-09-26T06:27:49-05:00,2026-09-26T11:27:49+00:00,"Cliente MQTT explicito (paho, SAS manual)",DC-HUMO-08,0.025,23.14,2026-09-26T11:27:49+00:00
2026-09-26T06:28:34-05:00,2026-09-26T11:28:34+00:00,"Cliente MQTT explicito (paho, SAS manual)",DC-HUMO-08,0.027,22.8,2026-09-26T11:28:34+00:00
2026-09-26T06:29:19-05:00,2026-09-26T11:29:19+00:00,"Cliente MQTT explicito (paho, SAS manual)",DC-HUMO-08,0.027,23.14,2026-09-26T11:29:19+00:00
2026-09-26T06:30:04-05:00,2026-09-26T11:30:04+00:00,"Cliente MQTT explicito (paho, SAS manual)",DC-HUMO-08,0.027,23.24,2026-09-26T11:30:04+00:00
2026-09-26T06:30:49-05:00,2026-09-26T11:30:49+00:00,"Cliente MQTT explicito (paho, SAS manual)",DC-HUMO-08,0.029,22.86,2026-09-26T11:30:49+00:00
2026-09-26T06:31:34-05:00,2026-09-26T11:31:34+00:00,"Cliente MQTT explicito (paho, SAS manual)",DC-HUMO-08,0.028,22.75,2026-09-26T11:31:34+00:00
2026-09-26T06:32:19-05:00,2026-09-26T11:32:19+00:00,"Cliente MQTT explicito (paho, SAS manual)",DC-HUMO-08,0.026,23.2,2026-09-26T11:32:19+00:00
2026-09-26T06:33:04-05:00,2026-09-26T11:33:04+00:00,"Cliente MQTT explicito (paho, SAS manual)",DC-HUMO-08,0.026,23.21,2026-09-26T11:33:04+00:00
2026-09-26T06:33:49-05:00,2026-09-26T11:33:49+00:00,"Cliente MQTT explicito (paho, SAS manual)",DC-HUMO-08,0.025,23.02,2026-09-26T11:33:49+00:00
2026-09-26T06:34:35-05:00,2026-09-26T11:34:35+00:00,"Cliente MQTT explicito (paho, SAS manual)",DC-HUMO-08,0.027,23.18,2026-09-26T11:34:35+00:00
2026-09-26T06:35:20-05:00,2026-09-26T11:35:20+00:00,"Cliente MQTT explicito (paho, SAS manual)",DC-HUMO-08,0.026,22.77,2026-09-26T11:35:20+00:00
2026-09-26T06:36:05-05:00,2026-09-26T11:36:05+00:00,"Cliente MQTT explicito (paho, SAS manual)",DC-HUMO-08,0.029,22.87,2026-09-26T11:36:05+00:00
2026-09-26T06:36:50-05:00,2026-09-26T11:36:50+00:00,"Cliente MQTT explicito (paho, SAS manual)",DC-HUMO-08,0.027,22.97,2026-09-26T11:36:50+00:00
2026-09-26T06:37:35-05:00,2026-09-26T11:37:35+00:00,"Cliente MQTT explicito (paho, SAS manual)",DC-HUMO-08,0.026,23.17,2026-09-26T11:37:35+00:00
2026-09-26T06:38:20-05:00,2026-09-26T11:38:20+00:00,"Cliente MQTT explicito (paho, SAS manual)",DC-HUMO-08,0.026,23.16,2026-09-26T11:38:20+00:00
2026-09-26T06:39:05-05:00,2026-09-26T11:39:05+00:00,"Cliente MQTT explicito (paho, SAS manual)",DC-HUMO-08,0.028,22.7,2026-09-26T11:39:05+00:00
2026-09-26T06:39:50-05:00,2026-09-26T11:39:50+00:00,"Cliente MQTT explicito (paho, SAS manual)",DC-HUMO-08,0.025,22.82,2026-09-26T11:39:50+00:00
2026-09-26T06:40:35-05:00,2026-09-26T11:40:35+00:00,"Cliente MQTT explicito (paho, SAS manual)",DC-HUMO-08,0.026,22.78,2026-09-26T11:40:35+00:00
2026-09-26T06:41:20-05:00,2026-09-26T11:41:20+00:00,"Cliente MQTT explicito (paho, SAS manual)",DC-HUMO-08,0.029,23.29,2026-09-26T11:41:20+00:00
2026-09-26T06:42:05-05:00,2026-09-26T11:42:05+00:00,"Cliente MQTT explicito (paho, SAS manual)",DC-HUMO-08,0.025,23.19,2026-09-26T11:42:05+00:00
2026-09-26T06:42:51-05:00,2026-09-26T11:42:51+00:00,"Cliente MQTT explicito (paho, SAS manual)",DC-HUMO-08,0.027,23.3,2026-09-26T11:42:51+00:00
2026-09-26T06:43:36-05:00,2026-09-26T11:43:36+00:00,"Cliente MQTT explicito (paho, SAS manual)",DC-HUMO-08,0.027,22.76,2026-09-26T11:43:36+00:00
2026-09-26T06:44:21-05:00,2026-09-26T11:44:21+00:00,"Cliente MQTT explicito (paho, SAS manual)",DC-HUMO-08,0.026,23.26,2026-09-26T11:44:21+00:00
2026-09-26T06:45:06-05:00,2026-09-26T11:45:06+00:00,"Cliente MQTT explicito (paho, SAS manual)",DC-HUMO-08,0.027,22.97,2026-09-26T11:45:06+00:00
2026-09-26T06:45:51-05:00,2026-09-26T11:45:51+00:00,"Cliente MQTT explicito (paho, SAS manual)",DC-HUMO-08,0.027,23.49,2026-09-26T11:45:51+00:00
2026-09-26T06:46:36-05:00,2026-09-26T11:46:36+00:00,"Cliente MQTT explicito (paho, SAS manual)",DC-HUMO-08,0.028,23.28,2026-09-26T11:46:36+00:00
2026-09-26T06:47:21-05:00,2026-09-26T11:47:21+00:00,"Cliente MQTT explicito (paho, SAS manual)",DC-HUMO-08,0.028,23.47,2026-09-26T11:47:21+00:00
2026-09-26T06:48:06-05:00,2026-09-26T11:48:06+00:00,"Cliente MQTT explicito (paho, SAS manual)",DC-HUMO-08,0.029,23.48,2026-09-26T11:48:06+00:00
2026-09-26T06:48:51-05:00,2026-09-26T11:48:51+00:00,"Cliente MQTT explicito (paho, SAS manual)",DC-HUMO-08,0.025,23.32,2026-09-26T11:48:51+00:00
2026-09-26T06:49:38-05:00,2026-09-26T11:49:38+00:00,"Cliente MQTT explicito (paho, SAS manual)",DC-HUMO-08,0.026,23.18,2026-09-26T11:49:38+00:00
2026-09-26T06:50:23-05:00,2026-09-26T11:50:23+00:00,"Cliente MQTT explicito (paho, SAS manual)",DC-HUMO-08,0.026,23.31,2026-09-26T11:50:23+00:00
2026-09-26T06:51:08-05:00,2026-09-26T11:51:08+00:00,"Cliente MQTT explicito (paho, SAS manual)",DC-HUMO-08,0.025,22.94,2026-09-26T11:51:08+00:00
2026-09-26T06:51:53-05:00,2026-09-26T11:51:53+00:00,"Cliente MQTT explicito (paho, SAS manual)",DC-HUMO-08,0.027,22.82,2026-09-26T11:51:53+00:00
2026-09-26T06:52:38-05:00,2026-09-26T11:52:38+00:00,"Cliente MQTT explicito (paho, SAS manual)",DC-HUMO-08,0.028,23.0,2026-09-26T11:52:38+00:00
2026-09-26T06:53:23-05:00,2026-09-26T11:53:23+00:00,"Cliente MQTT explicito (paho, SAS manual)",DC-HUMO-08,0.026,23.1,2026-09-26T11:53:23+00:00
2026-09-26T06:54:08-05:00,2026-09-26T11:54:08+00:00,"Cliente MQTT explicito (paho, SAS manual)",DC-HUMO-08,0.027,22.94,2026-09-26T11:54:08+00:00
2026-09-26T06:54:53-05:00,2026-09-26T11:54:53+00:00,"Cliente MQTT explicito (paho, SAS manual)",DC-HUMO-08,0.027,23.37,2026-09-26T11:54:53+00:00
2026-09-26T06:55:38-05:00,2026-09-26T11:55:38+00:00,"Cliente MQTT explicito (paho, SAS manual)",DC-HUMO-08,0.028,23.33,2026-09-26T11:55:38+00:00
2026-09-26T06:56:23-05:00,2026-09-26T11:56:23+00:00,"Cliente MQTT explicito (paho, SAS manual)",DC-HUMO-08,0.026,23.41,2026-09-26T11:56:23+00:00
2026-09-26T06:57:08-05:00,2026-09-26T11:57:08+00:00,"Cliente MQTT explicito (paho, SAS manual)",DC-HUMO-08,0.026,23.23,2026-09-26T11:57:08+00:00
2026-09-26T06:57:53-05:00,2026-09-26T11:57:53+00:00,"Cliente MQTT explicito (paho, SAS manual)",DC-HUMO-08,0.027,22.83,2026-09-26T11:57:53+00:00
2026-09-26T06:58:38-05:00,2026-09-26T11:58:38+00:00,"Cliente MQTT explicito (paho, SAS manual)",DC-HUMO-08,0.027,23.3,2026-09-26T11:58:38+00:00
2026-09-26T06:59:23-05:00,2026-09-26T11:59:23+00:00,"Cliente MQTT explicito (paho, SAS manual)",DC-HUMO-08,0.027,23.5,2026-09-26T11:59:23+00:00
2026-09-26T07:00:08-05:00,2026-09-26T12:00:08+00:00,"Cliente MQTT explicito (paho, SAS manual)",DC-HUMO-08,0.028,22.88,2026-09-26T12:00:08+00:00
2026-09-26T07:00:53-05:00,2026-09-26T12:00:53+00:00,"Cliente MQTT explicito (paho, SAS manual)",DC-HUMO-08,0.029,23.34,2026-09-26T12:00:53+00:00
2026-09-26T07:01:38-05:00,2026-09-26T12:01:38+00:00,"Cliente MQTT explicito (paho, SAS manual)",DC-HUMO-08,0.028,23.21,2026-09-26T12:01:38+00:00
2026-09-26T07:02:23-05:00,2026-09-26T12:02:23+00:00,"Cliente MQTT explicito (paho, SAS manual)",DC-HUMO-08,0.025,23.54,2026-09-26T12:02:23+00:00
2026-09-26T07:03:08-05:00,2026-09-26T12:03:08+00:00,"Cliente MQTT explicito (paho, SAS manual)",DC-HUMO-08,0.025,23.46,2026-09-26T12:03:08+00:00
2026-09-26T07:03:53-05:00,2026-09-26T12:03:53+00:00,"Cliente MQTT explicito (paho, SAS manual)",DC-HUMO-08,0.029,23.05,2026-09-26T12:03:53+00:00
2026-09-26T07:04:38-05:00,2026-09-26T12:04:38+00:00,"Cliente MQTT explicito (paho, SAS manual)",DC-HUMO-08,0.028,23.3,2026-09-26T12:04:38+00:00
2026-09-26T07:05:23-05:00,2026-09-26T12:05:23+00:00,"Cliente MQTT explicito (paho, SAS manual)",DC-HUMO-08,0.025,22.97,2026-09-26T12:05:23+00:00
2026-09-26T07:06:08-05:00,2026-09-26T12:06:08+00:00,"Cliente MQTT explicito (paho, SAS manual)",DC-HUMO-08,0.027,23.04,2026-09-26T12:06:08+00:00
2026-09-26T07:06:53-05:00,2026-09-26T12:06:53+00:00,"Cliente MQTT explicito (paho, SAS manual)",DC-HUMO-08,0.028,23.15,2026-09-26T12:06:53+00:00
2026-09-26T07:07:38-05:00,2026-09-26T12:07:38+00:00,"Cliente MQTT explicito (paho, SAS manual)",DC-HUMO-08,0.027,23.45,2026-09-26T12:07:38+00:00
2026-09-26T07:08:24-05:00,2026-09-26T12:08:24+00:00,"Cliente MQTT explicito (paho, SAS manual)",DC-HUMO-08,0.027,23.61,2026-09-26T12:08:24+00:00
2026-09-26T07:09:09-05:00,2026-09-26T12:09:09+00:00,"Cliente MQTT explicito (paho, SAS manual)",DC-HUMO-08,0.028,23.47,2026-09-26T12:09:09+00:00
2026-09-26T07:09:56-05:00,2026-09-26T12:09:56+00:00,"Cliente MQTT explicito (paho, SAS manual)",DC-HUMO-08,0.028,23.31,2026-09-26T12:09:56+00:00
2026-09-26T07:10:45-05:00,2026-09-26T12:10:45+00:00,"Cliente MQTT explicito (paho, SAS manual)",DC-HUMO-08,0.026,23.68,2026-09-26T12:10:45+00:00
2026-09-26T07:11:30-05:00,2026-09-26T12:11:30+00:00,"Cliente MQTT explicito (paho, SAS manual)",DC-HUMO-08,0.026,23.44,2026-09-26T12:11:30+00:00
2026-09-26T07:12:15-05:00,2026-09-26T12:12:15+00:00,"Cliente MQTT explicito (paho, SAS manual)",DC-HUMO-08,0.026,23.07,2026-09-26T12:12:15+00:00
2026-09-26T07:13:03-05:00,2026-09-26T12:13:03+00:00,"Cliente MQTT explicito (paho, SAS manual)",DC-HUMO-08,0.028,23.02,2026-09-26T12:13:03+00:00
2026-09-26T07:13:48-05:00,2026-09-26T12:13:48+00:00,"Cliente MQTT explicito (paho, SAS manual)",DC-HUMO-08,0.025,23.44,2026-09-26T12:13:48+00:00
2026-09-26T07:14:37-05:00,2026-09-26T12:14:37+00:00,"Cliente MQTT explicito (paho, SAS manual)",DC-HUMO-08,0.027,23.47,2026-09-26T12:14:37+00:00
2026-09-26T07:15:25-05:00,2026-09-26T12:15:25+00:00,"Cliente MQTT explicito (paho, SAS manual)",DC-HUMO-08,0.025,23.1,2026-09-26T12:15:25+00:00
2026-09-26T07:16:13-05:00,2026-09-26T12:16:13+00:00,"Cliente MQTT explicito (paho, SAS manual)",DC-HUMO-08,0.025,23.35,2026-09-26T12:16:13+00:00
2026-09-26T07:16:59-05:00,2026-09-26T12:16:59+00:00,"Cliente MQTT explicito (paho, SAS manual)",DC-HUMO-08,0.028,23.79,2026-09-26T12:16:59+00:00
2026-09-26T07:17:44-05:00,2026-09-26T12:17:44+00:00,"Cliente MQTT explicito (paho, SAS manual)",DC-HUMO-08,0.027,23.17,2026-09-26T12:17:44+00:00
2026-09-26T07:18:38-05:00,2026-09-26T12:18:38+00:00,"Cliente MQTT explicito (paho, SAS manual)",DC-HUMO-08,0.027,23.34,2026-09-26T12:18:38+00:00
2026-09-26T07:19:25-05:00,2026-09-26T12:19:25+00:00,"Cliente MQTT explicito (paho, SAS manual)",DC-HUMO-08,0.027,23.48,2026-09-26T12:19:25+00:00
2026-09-26T07:20:10-05:00,2026-09-26T12:20:10+00:00,"Cliente MQTT explicito (paho, SAS manual)",DC-HUMO-08,0.028,23.2,2026-09-26T12:20:10+00:00
2026-09-26T07:20:57-05:00,2026-09-26T12:20:57+00:00,"Cliente MQTT explicito (paho, SAS manual)",DC-HUMO-08,0.026,23.33,2026-09-26T12:20:57+00:00
2026-09-26T07:21:45-05:00,2026-09-26T12:21:45+00:00,"Cliente MQTT explicito (paho, SAS manual)",DC-HUMO-08,0.027,23.58,2026-09-26T12:21:45+00:00
2026-09-26T07:22:32-05:00,2026-09-26T12:22:32+00:00,"Cliente MQTT explicito (paho, SAS manual)",DC-HUMO-08,0.026,23.75,2026-09-26T12:22:32+00:00
2026-09-26T07:23:17-05:00,2026-09-26T12:23:17+00:00,"Cliente MQTT explicito (paho, SAS manual)",DC-HUMO-08,0.027,23.2,2026-09-26T12:23:17+00:00
2026-09-26T07:24:03-05:00,2026-09-26T12:24:03+00:00,"Cliente MQTT explicito (paho, SAS manual)",DC-HUMO-08,0.025,23.38,2026-09-26T12:24:03+00:00
2026-09-26T07:24:48-05:00,2026-09-26T12:24:48+00:00,"Cliente MQTT explicito (paho, SAS manual)",DC-HUMO-08,0.025,23.15,2026-09-26T12:24:48+00:00
2026-09-26T07:25:33-05:00,2026-09-26T12:25:33+00:00,"Cliente MQTT explicito (paho, SAS manual)",DC-HUMO-08,0.028,23.69,2026-09-26T12:25:33+00:00
2026-09-26T07:26:18-05:00,2026-09-26T12:26:18+00:00,"Cliente MQTT explicito (paho, SAS manual)",DC-HUMO-08,0.028,23.86,2026-09-26T12:26:18+00:00
2026-09-26T07:27:03-05:00,2026-09-26T12:27:03+00:00,"Cliente MQTT explicito (paho, SAS manual)",DC-HUMO-08,0.028,23.53,2026-09-26T12:27:03+00:00
2026-09-26T07:27:48-05:00,2026-09-26T12:27:48+00:00,"Cliente MQTT explicito (paho, SAS manual)",DC-HUMO-08,0.026,23.28,2026-09-26T12:27:48+00:00
2026-09-26T07:28:33-05:00,2026-09-26T12:28:33+00:00,"Cliente MQTT explicito (paho, SAS manual)",DC-HUMO-08,0.026,23.73,2026-09-26T12:28:33+00:00
2026-09-26T07:29:18-05:00,2026-09-26T12:29:18+00:00,"Cliente MQTT explicito (paho, SAS manual)",DC-HUMO-08,0.027,23.6,2026-09-26T12:29:18+00:00
2026-09-26T07:30:03-05:00,2026-09-26T12:30:03+00:00,"Cliente MQTT explicito (paho, SAS manual)",DC-HUMO-08,0.027,23.78,2026-09-26T12:30:03+00:00
2026-09-26T07:30:48-05:00,2026-09-26T12:30:48+00:00,"Cliente MQTT explicito (paho, SAS manual)",DC-HUMO-08,0.027,23.58,2026-09-26T12:30:48+00:00
2026-09-26T07:31:33-05:00,2026-09-26T12:31:33+00:00,"Cliente MQTT explicito (paho, SAS manual)",DC-HUMO-08,0.027,23.49,2026-09-26T12:31:33+00:00
2026-09-26T07:32:18-05:00,2026-09-26T12:32:18+00:00,"Cliente MQTT explicito (paho, SAS manual)",DC-HUMO-08,0.026,23.32,2026-09-26T12:32:18+00:00
2026-09-26T07:33:03-05:00,2026-09-26T12:33:03+00:00,"Cliente MQTT explicito (paho, SAS manual)",DC-HUMO-08,0.026,23.41,2026-09-26T12:33:03+00:00
2026-09-26T07:33:48-05:00,2026-09-26T12:33:48+00:00,"Cliente MQTT explicito (paho, SAS manual)",DC-HUMO-08,0.025,23.25,2026-09-26T12:33:48+00:00
2026-09-26T07:34:33-05:00,2026-09-26T12:34:33+00:00,"Cliente MQTT explicito (paho, SAS manual)",DC-HUMO-08,0.027,23.85,2026-09-26T12:34:33+00:00
2026-09-26T07:35:18-05:00,2026-09-26T12:35:18+00:00,"Cliente MQTT explicito (paho, SAS manual)",DC-HUMO-08,0.027,23.2,2026-09-26T12:35:18+00:00
2026-09-26T07:36:03-05:00,2026-09-26T12:36:03+00:00,"Cliente MQTT explicito (paho, SAS manual)",DC-HUMO-08,0.025,23.92,2026-09-26T12:36:03+00:00
2026-09-26T07:36:48-05:00,2026-09-26T12:36:48+00:00,"Cliente MQTT explicito (paho, SAS manual)",DC-HUMO-08,0.026,23.81,2026-09-26T12:36:48+00:00
2026-09-26T07:37:33-05:00,2026-09-26T12:37:33+00:00,"Cliente MQTT explicito (paho, SAS manual)",DC-HUMO-08,0.026,23.28,2026-09-26T12:37:33+00:00
2026-09-26T07:38:18-05:00,2026-09-26T12:38:18+00:00,"Cliente MQTT explicito (paho, SAS manual)",DC-HUMO-08,0.028,23.97,2026-09-26T12:38:18+00:00
2026-09-26T07:39:03-05:00,2026-09-26T12:39:03+00:00,"Cliente MQTT explicito (paho, SAS manual)",DC-HUMO-08,0.028,23.54,2026-09-26T12:39:03+00:00
2026-09-26T07:39:48-05:00,2026-09-26T12:39:48+00:00,"Cliente MQTT explicito (paho, SAS manual)",DC-HUMO-08,0.025,23.9,2026-09-26T12:39:48+00:00
2026-09-26T07:40:33-05:00,2026-09-26T12:40:33+00:00,"Cliente MQTT explicito (paho, SAS manual)",DC-HUMO-08,0.027,23.98,2026-09-26T12:40:33+00:00
2026-09-26T07:41:18-05:00,2026-09-26T12:41:18+00:00,"Cliente MQTT explicito (paho, SAS manual)",DC-HUMO-08,0.026,23.86,2026-09-26T12:41:18+00:00
2026-09-26T07:42:03-05:00,2026-09-26T12:42:03+00:00,"Cliente MQTT explicito (paho, SAS manual)",DC-HUMO-08,0.025,23.35,2026-09-26T12:42:03+00:00
2026-09-26T07:42:48-05:00,2026-09-26T12:42:48+00:00,"Cliente MQTT explicito (paho, SAS manual)",DC-HUMO-08,0.028,23.29,2026-09-26T12:42:48+00:00
2026-09-26T07:43:33-05:00,2026-09-26T12:43:33+00:00,"Cliente MQTT explicito (paho, SAS manual)",DC-HUMO-08,0.027,23.51,2026-09-26T12:43:33+00:00
2026-09-26T07:44:18-05:00,2026-09-26T12:44:18+00:00,"Cliente MQTT explicito (paho, SAS manual)",DC-HUMO-08,0.025,23.64,2026-09-26T12:44:18+00:00
2026-09-26T07:45:03-05:00,2026-09-26T12:45:03+00:00,"Cliente MQTT explicito (paho, SAS manual)",DC-HUMO-08,0.026,23.5,2026-09-26T12:45:03+00:00
2026-09-26T07:45:48-05:00,2026-09-26T12:45:48+00:00,"Cliente MQTT explicito (paho, SAS manual)",DC-HUMO-08,0.027,23.66,2026-09-26T12:45:48+00:00
2026-09-26T07:46:33-05:00,2026-09-26T12:46:33+00:00,"Cliente MQTT explicito (paho, SAS manual)",DC-HUMO-08,0.026,24.01,2026-09-26T12:46:33+00:00
2026-09-26T07:47:18-05:00,2026-09-26T12:47:18+00:00,"Cliente MQTT explicito (paho, SAS manual)",DC-HUMO-08,0.028,23.67,2026-09-26T12:47:18+00:00
2026-09-26T07:48:03-05:00,2026-09-26T12:48:03+00:00,"Cliente MQTT explicito (paho, SAS manual)",DC-HUMO-08,0.027,23.72,2026-09-26T12:48:03+00:00
2026-09-26T07:48:48-05:00,2026-09-26T12:48:48+00:00,"Cliente MQTT explicito (paho, SAS manual)",DC-HUMO-08,0.028,23.89,2026-09-26T12:48:48+00:00
2026-09-26T07:49:33-05:00,2026-09-26T12:49:33+00:00,"Cliente MQTT explicito (paho, SAS manual)",DC-HUMO-08,0.026,23.71,2026-09-26T12:49:33+00:00
2026-09-26T07:50:18-05:00,2026-09-26T12:50:18+00:00,"Cliente MQTT explicito (paho, SAS manual)",DC-HUMO-08,0.027,23.5,2026-09-26T12:50:18+00:00
2026-09-26T07:51:03-05:00,2026-09-26T12:51:03+00:00,"Cliente MQTT explicito (paho, SAS manual)",DC-HUMO-08,0.025,23.57,2026-09-26T12:51:03+00:00
2026-09-26T07:51:48-05:00,2026-09-26T12:51:48+00:00,"Cliente MQTT explicito (paho, SAS manual)",DC-HUMO-08,0.028,23.87,2026-09-26T12:51:48+00:00
2026-09-26T07:52:33-05:00,2026-09-26T12:52:33+00:00,"Cliente MQTT explicito (paho, SAS manual)",DC-HUMO-08,0.028,23.41,2026-09-26T12:52:33+00:00
2026-09-26T07:53:18-05:00,2026-09-26T12:53:18+00:00,"Cliente MQTT explicito (paho, SAS manual)",DC-HUMO-08,0.027,24.09,2026-09-26T12:53:18+00:00
2026-09-26T07:54:03-05:00,2026-09-26T12:54:03+00:00,"Cliente MQTT explicito (paho, SAS manual)",DC-HUMO-08,0.028,24.08,2026-09-26T12:54:03+00:00
2026-09-26T07:54:48-05:00,2026-09-26T12:54:48+00:00,"Cliente MQTT explicito (paho, SAS manual)",DC-HUMO-08,0.025,23.92,2026-09-26T12:54:48+00:00
2026-09-26T07:55:33-05:00,2026-09-26T12:55:33+00:00,"Cliente MQTT explicito (paho, SAS manual)",DC-HUMO-08,0.027,23.87,2026-09-26T12:55:33+00:00
2026-09-26T07:56:18-05:00,2026-09-26T12:56:18+00:00,"Cliente MQTT explicito (paho, SAS manual)",DC-HUMO-08,0.025,23.51,2026-09-26T12:56:18+00:00
2026-09-26T07:57:03-05:00,2026-09-26T12:57:03+00:00,"Cliente MQTT explicito (paho, SAS manual)",DC-HUMO-08,0.027,23.44,2026-09-26T12:57:03+00:00
2026-09-26T07:57:48-05:00,2026-09-26T12:57:48+00:00,"Cliente MQTT explicito (paho, SAS manual)",DC-HUMO-08,0.026,23.67,2026-09-26T12:57:48+00:00
2026-09-26T07:58:34-05:00,2026-09-26T12:58:34+00:00,"Cliente MQTT explicito (paho, SAS manual)",DC-HUMO-08,0.028,24.06,2026-09-26T12:58:34+00:00
2026-09-26T07:59:19-05:00,2026-09-26T12:59:19+00:00,"Cliente MQTT explicito (paho, SAS manual)",DC-HUMO-08,0.025,23.61,2026-09-26T12:59:19+00:00
2026-09-26T08:00:04-05:00,2026-09-26T13:00:04+00:00,"Cliente MQTT explicito (paho, SAS manual)",DC-HUMO-08,0.025,23.59,2026-09-26T13:00:04+00:00
2026-09-26T08:00:49-05:00,2026-09-26T13:00:49+00:00,"Cliente MQTT explicito (paho, SAS manual)",DC-HUMO-08,0.028,23.51,2026-09-26T13:00:49+00:00
2026-09-26T08:01:34-05:00,2026-09-26T13:01:34+00:00,"Cliente MQTT explicito (paho, SAS manual)",DC-HUMO-08,0.025,23.87,2026-09-26T13:01:34+00:00
2026-09-26T08:02:19-05:00,2026-09-26T13:02:19+00:00,"Cliente MQTT explicito (paho, SAS manual)",DC-HUMO-08,0.026,23.81,2026-09-26T13:02:19+00:00
2026-09-26T08:03:04-05:00,2026-09-26T13:03:04+00:00,"Cliente MQTT explicito (paho, SAS manual)",DC-HUMO-08,0.027,24.19,2026-09-26T13:03:04+00:00
2026-09-26T08:03:49-05:00,2026-09-26T13:03:49+00:00,"Cliente MQTT explicito (paho, SAS manual)",DC-HUMO-08,0.028,24.21,2026-09-26T13:03:49+00:00
2026-09-26T08:04:34-05:00,2026-09-26T13:04:34+00:00,"Cliente MQTT explicito (paho, SAS manual)",DC-HUMO-08,0.027,23.56,2026-09-26T13:04:34+00:00
2026-09-26T08:05:19-05:00,2026-09-26T13:05:19+00:00,"Cliente MQTT explicito (paho, SAS manual)",DC-HUMO-08,0.025,23.69,2026-09-26T13:05:19+00:00
2026-09-26T08:06:04-05:00,2026-09-26T13:06:04+00:00,"Cliente MQTT explicito (paho, SAS manual)",DC-HUMO-08,0.025,23.65,2026-09-26T13:06:04+00:00
2026-09-26T08:06:49-05:00,2026-09-26T13:06:49+00:00,"Cliente MQTT explicito (paho, SAS manual)",DC-HUMO-08,0.028,24.32,2026-09-26T13:06:49+00:00
2026-09-26T08:07:34-05:00,2026-09-26T13:07:34+00:00,"Cliente MQTT explicito (paho, SAS manual)",DC-HUMO-08,0.028,24.27,2026-09-26T13:07:34+00:00
2026-09-26T08:08:19-05:00,2026-09-26T13:08:19+00:00,"Cliente MQTT explicito (paho, SAS manual)",DC-HUMO-08,0.027,24.31,2026-09-26T13:08:19+00:00
2026-09-26T08:09:04-05:00,2026-09-26T13:09:04+00:00,"Cliente MQTT explicito (paho, SAS manual)",DC-HUMO-08,0.027,23.71,2026-09-26T13:09:04+00:00
2026-09-26T08:09:49-05:00,2026-09-26T13:09:49+00:00,"Cliente MQTT explicito (paho, SAS manual)",DC-HUMO-08,0.028,23.81,2026-09-26T13:09:49+00:00
2026-09-26T08:10:34-05:00,2026-09-26T13:10:34+00:00,"Cliente MQTT explicito (paho, SAS manual)",DC-HUMO-08,0.027,23.76,2026-09-26T13:10:34+00:00
2026-09-26T08:11:19-05:00,2026-09-26T13:11:19+00:00,"Cliente MQTT explicito (paho, SAS manual)",DC-HUMO-08,0.026,24.07,2026-09-26T13:11:19+00:00
2026-09-26T08:12:04-05:00,2026-09-26T13:12:04+00:00,"Cliente MQTT explicito (paho, SAS manual)",DC-HUMO-08,0.026,24.03,2026-09-26T13:12:04+00:00
2026-09-26T08:12:49-05:00,2026-09-26T13:12:49+00:00,"Cliente MQTT explicito (paho, SAS manual)",DC-HUMO-08,0.026,23.95,2026-09-26T13:12:49+00:00
2026-09-26T08:13:34-05:00,2026-09-26T13:13:34+00:00,"Cliente MQTT explicito (paho, SAS manual)",DC-HUMO-08,0.028,23.6,2026-09-26T13:13:34+00:00
2026-09-26T08:14:19-05:00,2026-09-26T13:14:19+00:00,"Cliente MQTT explicito (paho, SAS manual)",DC-HUMO-08,0.028,23.92,2026-09-26T13:14:19+00:00
2026-09-26T08:15:04-05:00,2026-09-26T13:15:04+00:00,"Cliente MQTT explicito (paho, SAS manual)",DC-HUMO-08,0.026,23.64,2026-09-26T13:15:04+00:00
2026-09-26T08:15:49-05:00,2026-09-26T13:15:49+00:00,"Cliente MQTT explicito (paho, SAS manual)",DC-HUMO-08,0.026,24.14,2026-09-26T13:15:49+00:00
2026-09-26T08:16:34-05:00,2026-09-26T13:16:34+00:00,"Cliente MQTT explicito (paho, SAS manual)",DC-HUMO-08,0.027,24.07,2026-09-26T13:16:34+00:00
2026-09-26T08:17:19-05:00,2026-09-26T13:17:19+00:00,"Cliente MQTT explicito (paho, SAS manual)",DC-HUMO-08,0.027,24.15,2026-09-26T13:17:19+00:00
2026-09-26T08:18:04-05:00,2026-09-26T13:18:04+00:00,"Cliente MQTT explicito (paho, SAS manual)",DC-HUMO-08,0.025,24.17,2026-09-26T13:18:04+00:00
2026-09-26T08:18:49-05:00,2026-09-26T13:18:49+00:00,"Cliente MQTT explicito (paho, SAS manual)",DC-HUMO-08,0.024,24.25,2026-09-26T13:18:49+00:00
2026-09-26T08:19:34-05:00,2026-09-26T13:19:34+00:00,"Cliente MQTT explicito (paho, SAS manual)",DC-HUMO-08,0.028,24.03,2026-09-26T13:19:34+00:00
2026-09-26T08:20:19-05:00,2026-09-26T13:20:19+00:00,"Cliente MQTT explicito (paho, SAS manual)",DC-HUMO-08,0.028,24.32,2026-09-26T13:20:19+00:00
2026-09-26T08:21:04-05:00,2026-09-26T13:21:04+00:00,"Cliente MQTT explicito (paho, SAS manual)",DC-HUMO-08,0.025,23.8,2026-09-26T13:21:04+00:00
2026-09-26T08:21:49-05:00,2026-09-26T13:21:49+00:00,"Cliente MQTT explicito (paho, SAS manual)",DC-HUMO-08,0.024,23.88,2026-09-26T13:21:49+00:00
2026-09-26T08:22:34-05:00,2026-09-26T13:22:34+00:00,"Cliente MQTT explicito (paho, SAS manual)",DC-HUMO-08,0.025,24.07,2026-09-26T13:22:34+00:00
2026-09-26T08:23:19-05:00,2026-09-26T13:23:19+00:00,"Cliente MQTT explicito (paho, SAS manual)",DC-HUMO-08,0.027,23.87,2026-09-26T13:23:19+00:00
2026-09-26T08:24:04-05:00,2026-09-26T13:24:04+00:00,"Cliente MQTT explicito (paho, SAS manual)",DC-HUMO-08,0.026,24.07,2026-09-26T13:24:04+00:00
2026-09-26T08:24:49-05:00,2026-09-26T13:24:49+00:00,"Cliente MQTT explicito (paho, SAS manual)",DC-HUMO-08,0.028,24.17,2026-09-26T13:24:49+00:00
2026-09-26T08:25:34-05:00,2026-09-26T13:25:34+00:00,"Cliente MQTT explicito (paho, SAS manual)",DC-HUMO-08,0.027,24.38,2026-09-26T13:25:34+00:00
2026-09-26T08:26:19-05:00,2026-09-26T13:26:19+00:00,"Cliente MQTT explicito (paho, SAS manual)",DC-HUMO-08,0.026,23.83,2026-09-26T13:26:19+00:00
2026-09-26T08:27:04-05:00,2026-09-26T13:27:04+00:00,"Cliente MQTT explicito (paho, SAS manual)",DC-HUMO-08,0.025,24.2,2026-09-26T13:27:04+00:00
2026-09-26T08:27:49-05:00,2026-09-26T13:27:49+00:00,"Cliente MQTT explicito (paho, SAS manual)",DC-HUMO-08,0.026,24.01,2026-09-26T13:27:49+00:00
2026-09-26T08:28:34-05:00,2026-09-26T13:28:34+00:00,"Cliente MQTT explicito (paho, SAS manual)",DC-HUMO-08,0.025,23.82,2026-09-26T13:28:34+00:00
2026-09-26T08:29:19-05:00,2026-09-26T13:29:19+00:00,"Cliente MQTT explicito (paho, SAS manual)",DC-HUMO-08,0.028,24.32,2026-09-26T13:29:19+00:00
2026-09-26T08:30:04-05:00,2026-09-26T13:30:04+00:00,"Cliente MQTT explicito (paho, SAS manual)",DC-HUMO-08,0.027,23.87,2026-09-26T13:30:04+00:00
2026-09-26T08:30:49-05:00,2026-09-26T13:30:49+00:00,"Cliente MQTT explicito (paho, SAS manual)",DC-HUMO-08,0.025,24.51,2026-09-26T13:30:49+00:00
2026-09-26T08:31:34-05:00,2026-09-26T13:31:34+00:00,"Cliente MQTT explicito (paho, SAS manual)",DC-HUMO-08,0.026,23.8,2026-09-26T13:31:34+00:00
2026-09-26T08:32:19-05:00,2026-09-26T13:32:19+00:00,"Cliente MQTT explicito (paho, SAS manual)",DC-HUMO-08,0.025,24.13,2026-09-26T13:32:19+00:00
2026-09-26T08:33:04-05:00,2026-09-26T13:33:04+00:00,"Cliente MQTT explicito (paho, SAS manual)",DC-HUMO-08,0.026,24.34,2026-09-26T13:33:04+00:00
2026-09-26T08:33:49-05:00,2026-09-26T13:33:49+00:00,"Cliente MQTT explicito (paho, SAS manual)",DC-HUMO-08,0.026,24.33,2026-09-26T13:33:49+00:00
2026-09-26T08:34:34-05:00,2026-09-26T13:34:34+00:00,"Cliente MQTT explicito (paho, SAS manual)",DC-HUMO-08,0.024,24.45,2026-09-26T13:34:34+00:00
2026-09-26T08:35:19-05:00,2026-09-26T13:35:19+00:00,"Cliente MQTT explicito (paho, SAS manual)",DC-HUMO-08,0.025,24.48,2026-09-26T13:35:19+00:00
2026-09-26T08:36:04-05:00,2026-09-26T13:36:04+00:00,"Cliente MQTT explicito (paho, SAS manual)",DC-HUMO-08,0.026,24.43,2026-09-26T13:36:04+00:00
2026-09-26T08:36:50-05:00,2026-09-26T13:36:50+00:00,"Cliente MQTT explicito (paho, SAS manual)",DC-HUMO-08,0.025,24.6,2026-09-26T13:36:50+00:00
2026-09-26T08:37:35-05:00,2026-09-26T13:37:35+00:00,"Cliente MQTT explicito (paho, SAS manual)",DC-HUMO-08,0.026,24.08,2026-09-26T13:37:35+00:00
2026-09-26T08:38:20-05:00,2026-09-26T13:38:20+00:00,"Cliente MQTT explicito (paho, SAS manual)",DC-HUMO-08,0.028,24.6,2026-09-26T13:38:20+00:00
2026-09-26T08:39:05-05:00,2026-09-26T13:39:05+00:00,"Cliente MQTT explicito (paho, SAS manual)",DC-HUMO-08,0.027,23.98,2026-09-26T13:39:05+00:00
2026-09-26T08:39:50-05:00,2026-09-26T13:39:50+00:00,"Cliente MQTT explicito (paho, SAS manual)",DC-HUMO-08,0.025,24.28,2026-09-26T13:39:50+00:00
2026-09-26T08:40:35-05:00,2026-09-26T13:40:35+00:00,"Cliente MQTT explicito (paho, SAS manual)",DC-HUMO-08,0.025,24.27,2026-09-26T13:40:35+00:00
2026-09-26T08:41:20-05:00,2026-09-26T13:41:20+00:00,"Cliente MQTT explicito (paho, SAS manual)",DC-HUMO-08,0.025,24.23,2026-09-26T13:41:20+00:00
2026-09-26T08:42:05-05:00,2026-09-26T13:42:05+00:00,"Cliente MQTT explicito (paho, SAS manual)",DC-HUMO-08,0.024,24.49,2026-09-26T13:42:05+00:00
2026-09-26T08:42:50-05:00,2026-09-26T13:42:50+00:00,"Cliente MQTT explicito (paho, SAS manual)",DC-HUMO-08,0.027,24.54,2026-09-26T13:42:50+00:00
2026-09-26T08:43:36-05:00,2026-09-26T13:43:36+00:00,"Cliente MQTT explicito (paho, SAS manual)",DC-HUMO-08,0.025,24.19,2026-09-26T13:43:36+00:00
2026-09-26T08:44:21-05:00,2026-09-26T13:44:21+00:00,"Cliente MQTT explicito (paho, SAS manual)",DC-HUMO-08,0.028,24.22,2026-09-26T13:44:21+00:00
2026-09-26T08:45:06-05:00,2026-09-26T13:45:06+00:00,"Cliente MQTT explicito (paho, SAS manual)",DC-HUMO-08,0.025,24.08,2026-09-26T13:45:06+00:00
2026-09-26T08:45:51-05:00,2026-09-26T13:45:51+00:00,"Cliente MQTT explicito (paho, SAS manual)",DC-HUMO-08,0.026,24.13,2026-09-26T13:45:51+00:00
2026-09-26T08:46:36-05:00,2026-09-26T13:46:36+00:00,"Cliente MQTT explicito (paho, SAS manual)",DC-HUMO-08,0.028,24.14,2026-09-26T13:46:36+00:00
2026-09-26T08:47:21-05:00,2026-09-26T13:47:21+00:00,"Cliente MQTT explicito (paho, SAS manual)",DC-HUMO-08,0.028,24.21,2026-09-26T13:47:21+00:00
2026-09-26T08:48:09-05:00,2026-09-26T13:48:09+00:00,"Cliente MQTT explicito (paho, SAS manual)",DC-HUMO-08,0.024,24.28,2026-09-26T13:48:09+00:00
2026-09-26T08:48:54-05:00,2026-09-26T13:48:54+00:00,"Cliente MQTT explicito (paho, SAS manual)",DC-HUMO-08,0.024,24.27,2026-09-26T13:48:54+00:00
2026-09-26T08:49:39-05:00,2026-09-26T13:49:39+00:00,"Cliente MQTT explicito (paho, SAS manual)",DC-HUMO-08,0.027,24.6,2026-09-26T13:49:39+00:00
2026-09-26T08:50:24-05:00,2026-09-26T13:50:24+00:00,"Cliente MQTT explicito (paho, SAS manual)",DC-HUMO-08,0.026,24.55,2026-09-26T13:50:24+00:00
2026-09-26T08:51:09-05:00,2026-09-26T13:51:09+00:00,"Cliente MQTT explicito (paho, SAS manual)",DC-HUMO-08,0.027,24.45,2026-09-26T13:51:09+00:00
2026-09-26T08:51:54-05:00,2026-09-26T13:51:54+00:00,"Cliente MQTT explicito (paho, SAS manual)",DC-HUMO-08,0.027,24.16,2026-09-26T13:51:54+00:00
2026-09-26T08:52:39-05:00,2026-09-26T13:52:39+00:00,"Cliente MQTT explicito (paho, SAS manual)",DC-HUMO-08,0.024,24.46,2026-09-26T13:52:39+00:00
2026-09-26T08:53:24-05:00,2026-09-26T13:53:24+00:00,"Cliente MQTT explicito (paho, SAS manual)",DC-HUMO-08,0.026,24.11,2026-09-26T13:53:24+00:00
2026-09-26T08:54:10-05:00,2026-09-26T13:54:10+00:00,"Cliente MQTT explicito (paho, SAS manual)",DC-HUMO-08,0.024,24.04,2026-09-26T13:54:10+00:00
2026-09-26T08:54:55-05:00,2026-09-26T13:54:55+00:00,"Cliente MQTT explicito (paho, SAS manual)",DC-HUMO-08,0.028,24.73,2026-09-26T13:54:55+00:00
2026-09-26T08:55:40-05:00,2026-09-26T13:55:40+00:00,"Cliente MQTT explicito (paho, SAS manual)",DC-HUMO-08,0.028,24.38,2026-09-26T13:55:40+00:00
2026-09-26T08:56:25-05:00,2026-09-26T13:56:25+00:00,"Cliente MQTT explicito (paho, SAS manual)",DC-HUMO-08,0.027,24.7,2026-09-26T13:56:25+00:00
2026-09-26T08:57:10-05:00,2026-09-26T13:57:10+00:00,"Cliente MQTT explicito (paho, SAS manual)",DC-HUMO-08,0.025,24.1,2026-09-26T13:57:10+00:00
2026-09-26T08:57:55-05:00,2026-09-26T13:57:55+00:00,"Cliente MQTT explicito (paho, SAS manual)",DC-HUMO-08,0.025,24.17,2026-09-26T13:57:55+00:00
2026-09-26T08:58:41-05:00,2026-09-26T13:58:41+00:00,"Cliente MQTT explicito (paho, SAS manual)",DC-HUMO-08,0.027,24.86,2026-09-26T13:58:41+00:00
2026-09-26T08:59:27-05:00,2026-09-26T13:59:27+00:00,"Cliente MQTT explicito (paho, SAS manual)",DC-HUMO-08,0.025,24.37,2026-09-26T13:59:27+00:00
2026-09-26T09:00:12-05:00,2026-09-26T14:00:12+00:00,"Cliente MQTT explicito (paho, SAS manual)",DC-HUMO-08,0.026,24.43,2026-09-26T14:00:12+00:00
2026-09-26T09:00:57-05:00,2026-09-26T14:00:57+00:00,"Cliente MQTT explicito (paho, SAS manual)",DC-HUMO-08,0.027,24.22,2026-09-26T14:00:57+00:00
2026-09-26T09:01:42-05:00,2026-09-26T14:01:42+00:00,"Cliente MQTT explicito (paho, SAS manual)",DC-HUMO-08,0.026,24.38,2026-09-26T14:01:42+00:00
2026-09-26T09:02:27-05:00,2026-09-26T14:02:27+00:00,"Cliente MQTT explicito (paho, SAS manual)",DC-HUMO-08,0.026,24.58,2026-09-26T14:02:27+00:00
2026-09-26T09:03:12-05:00,2026-09-26T14:03:12+00:00,"Cliente MQTT explicito (paho, SAS manual)",DC-HUMO-08,0.028,24.92,2026-09-26T14:03:12+00:00
2026-09-26T09:03:57-05:00,2026-09-26T14:03:57+00:00,"Cliente MQTT explicito (paho, SAS manual)",DC-HUMO-08,0.024,24.2,2026-09-26T14:03:57+00:00
2026-09-26T09:04:42-05:00,2026-09-26T14:04:42+00:00,"Cliente MQTT explicito (paho, SAS manual)",DC-HUMO-08,0.026,24.48,2026-09-26T14:04:42+00:00
2026-09-26T09:05:27-05:00,2026-09-26T14:05:27+00:00,"Cliente MQTT explicito (paho, SAS manual)",DC-HUMO-08,0.024,24.43,2026-09-26T14:05:27+00:00
2026-09-26T09:06:12-05:00,2026-09-26T14:06:12+00:00,"Cliente MQTT explicito (paho, SAS manual)",DC-HUMO-08,0.028,24.65,2026-09-26T14:06:12+00:00
2026-09-26T09:06:57-05:00,2026-09-26T14:06:57+00:00,"Cliente MQTT explicito (paho, SAS manual)",DC-HUMO-08,0.027,24.45,2026-09-26T14:06:57+00:00
2026-09-26T09:07:42-05:00,2026-09-26T14:07:42+00:00,"Cliente MQTT explicito (paho, SAS manual)",DC-HUMO-08,0.025,24.43,2026-09-26T14:07:42+00:00
2026-09-26T09:08:27-05:00,2026-09-26T14:08:27+00:00,"Cliente MQTT explicito (paho, SAS manual)",DC-HUMO-08,0.024,24.28,2026-09-26T14:08:27+00:00
2026-09-26T09:09:12-05:00,2026-09-26T14:09:12+00:00,"Cliente MQTT explicito (paho, SAS manual)",DC-HUMO-08,0.026,24.26,2026-09-26T14:09:12+00:00
2026-09-26T09:09:57-05:00,2026-09-26T14:09:57+00:00,"Cliente MQTT explicito (paho, SAS manual)",DC-HUMO-08,0.028,24.9,2026-09-26T14:09:57+00:00
2026-09-26T09:10:42-05:00,2026-09-26T14:10:42+00:00,"Cliente MQTT explicito (paho, SAS manual)",DC-HUMO-08,0.025,24.86,2026-09-26T14:10:42+00:00
2026-09-26T09:11:27-05:00,2026-09-26T14:11:27+00:00,"Cliente MQTT explicito (paho, SAS manual)",DC-HUMO-08,0.025,24.37,2026-09-26T14:11:27+00:00
2026-09-26T09:12:12-05:00,2026-09-26T14:12:12+00:00,"Cliente MQTT explicito (paho, SAS manual)",DC-HUMO-08,0.026,24.48,2026-09-26T14:12:12+00:00
2026-09-26T09:12:57-05:00,2026-09-26T14:12:57+00:00,"Cliente MQTT explicito (paho, SAS manual)",DC-HUMO-08,0.024,24.24,2026-09-26T14:12:57+00:00
2026-09-26T09:13:42-05:00,2026-09-26T14:13:42+00:00,"Cliente MQTT explicito (paho, SAS manual)",DC-HUMO-08,0.024,24.93,2026-09-26T14:13:42+00:00
2026-09-26T09:14:27-05:00,2026-09-26T14:14:27+00:00,"Cliente MQTT explicito (paho, SAS manual)",DC-HUMO-08,0.025,24.51,2026-09-26T14:14:27+00:00
2026-09-26T09:15:12-05:00,2026-09-26T14:15:12+00:00,"Cliente MQTT explicito (paho, SAS manual)",DC-HUMO-08,0.024,24.58,2026-09-26T14:15:12+00:00
2026-09-26T09:15:57-05:00,2026-09-26T14:15:57+00:00,"Cliente MQTT explicito (paho, SAS manual)",DC-HUMO-08,0.027,25.05,2026-09-26T14:15:57+00:00
2026-09-26T09:16:42-05:00,2026-09-26T14:16:42+00:00,"Cliente MQTT explicito (paho, SAS manual)",DC-HUMO-08,0.025,24.41,2026-09-26T14:16:42+00:00
2026-09-26T09:17:27-05:00,2026-09-26T14:17:27+00:00,"Cliente MQTT explicito (paho, SAS manual)",DC-HUMO-08,0.025,24.95,2026-09-26T14:17:27+00:00
2026-09-26T09:18:12-05:00,2026-09-26T14:18:12+00:00,"Cliente MQTT explicito (paho, SAS manual)",DC-HUMO-08,0.024,24.86,2026-09-26T14:18:12+00:00
2026-09-26T09:18:57-05:00,2026-09-26T14:18:57+00:00,"Cliente MQTT explicito (paho, SAS manual)",DC-HUMO-08,0.025,25.06,2026-09-26T14:18:57+00:00
2026-09-26T09:19:42-05:00,2026-09-26T14:19:42+00:00,"Cliente MQTT explicito (paho, SAS manual)",DC-HUMO-08,0.025,24.86,2026-09-26T14:19:42+00:00
2026-09-26T09:20:27-05:00,2026-09-26T14:20:27+00:00,"Cliente MQTT explicito (paho, SAS manual)",DC-HUMO-08,0.024,24.84,2026-09-26T14:20:27+00:00
2026-09-26T09:21:12-05:00,2026-09-26T14:21:12+00:00,"Cliente MQTT explicito (paho, SAS manual)",DC-HUMO-08,0.027,25.08,2026-09-26T14:21:12+00:00
2026-09-26T09:21:57-05:00,2026-09-26T14:21:57+00:00,"Cliente MQTT explicito (paho, SAS manual)",DC-HUMO-08,0.024,24.77,2026-09-26T14:21:57+00:00
2026-09-26T09:22:42-05:00,2026-09-26T14:22:42+00:00,"Cliente MQTT explicito (paho, SAS manual)",DC-HUMO-08,0.024,25.02,2026-09-26T14:22:42+00:00
2026-09-26T09:23:27-05:00,2026-09-26T14:23:27+00:00,"Cliente MQTT explicito (paho, SAS manual)",DC-HUMO-08,0.027,24.92,2026-09-26T14:23:27+00:00
2026-09-26T09:24:12-05:00,2026-09-26T14:24:12+00:00,"Cliente MQTT explicito (paho, SAS manual)",DC-HUMO-08,0.024,25.07,2026-09-26T14:24:12+00:00
2026-09-26T09:24:57-05:00,2026-09-26T14:24:57+00:00,"Cliente MQTT explicito (paho, SAS manual)",DC-HUMO-08,0.025,24.6,2026-09-26T14:24:57+00:00
2026-09-26T09:25:42-05:00,2026-09-26T14:25:42+00:00,"Cliente MQTT explicito (paho, SAS manual)",DC-HUMO-08,0.024,24.42,2026-09-26T14:25:42+00:00
2026-09-26T09:26:27-05:00,2026-09-26T14:26:27+00:00,"Cliente MQTT explicito (paho, SAS manual)",DC-HUMO-08,0.025,25.0,2026-09-26T14:26:27+00:00
2026-09-26T09:27:12-05:00,2026-09-26T14:27:12+00:00,"Cliente MQTT explicito (paho, SAS manual)",DC-HUMO-08,0.024,24.47,2026-09-26T14:27:12+00:00
2026-09-26T09:27:57-05:00,2026-09-26T14:27:57+00:00,"Cliente MQTT explicito (paho, SAS manual)",DC-HUMO-08,0.024,24.56,2026-09-26T14:27:57+00:00
2026-09-26T09:28:43-05:00,2026-09-26T14:28:43+00:00,"Cliente MQTT explicito (paho, SAS manual)",DC-HUMO-08,0.024,24.8,2026-09-26T14:28:43+00:00
2026-09-26T09:29:28-05:00,2026-09-26T14:29:28+00:00,"Cliente MQTT explicito (paho, SAS manual)",DC-HUMO-08,0.025,24.46,2026-09-26T14:29:28+00:00
2026-09-26T09:30:13-05:00,2026-09-26T14:30:13+00:00,"Cliente MQTT explicito (paho, SAS manual)",DC-HUMO-08,0.026,24.52,2026-09-26T14:30:13+00:00
2026-09-26T09:30:58-05:00,2026-09-26T14:30:58+00:00,"Cliente MQTT explicito (paho, SAS manual)",DC-HUMO-08,0.026,24.57,2026-09-26T14:30:58+00:00
2026-09-26T09:31:43-05:00,2026-09-26T14:31:43+00:00,"Cliente MQTT explicito (paho, SAS manual)",DC-HUMO-08,0.026,24.47,2026-09-26T14:31:43+00:00
2026-09-26T09:32:28-05:00,2026-09-26T14:32:28+00:00,"Cliente MQTT explicito (paho, SAS manual)",DC-HUMO-08,0.025,24.8,2026-09-26T14:32:28+00:00
2026-09-26T09:33:13-05:00,2026-09-26T14:33:13+00:00,"Cliente MQTT explicito (paho, SAS manual)",DC-HUMO-08,0.027,25.06,2026-09-26T14:33:13+00:00
2026-09-26T09:33:58-05:00,2026-09-26T14:33:58+00:00,"Cliente MQTT explicito (paho, SAS manual)",DC-HUMO-08,0.024,25.16,2026-09-26T14:33:58+00:00
2026-09-26T09:34:43-05:00,2026-09-26T14:34:43+00:00,"Cliente MQTT explicito (paho, SAS manual)",DC-HUMO-08,0.025,24.75,2026-09-26T14:34:43+00:00
2026-09-26T09:35:28-05:00,2026-09-26T14:35:28+00:00,"Cliente MQTT explicito (paho, SAS manual)",DC-HUMO-08,0.026,24.67,2026-09-26T14:35:28+00:00
2026-09-26T09:36:13-05:00,2026-09-26T14:36:13+00:00,"Cliente MQTT explicito (paho, SAS manual)",DC-HUMO-08,0.025,24.81,2026-09-26T14:36:13+00:00
2026-09-26T09:36:58-05:00,2026-09-26T14:36:58+00:00,"Cliente MQTT explicito (paho, SAS manual)",DC-HUMO-08,0.025,24.98,2026-09-26T14:36:58+00:00
2026-09-26T09:37:43-05:00,2026-09-26T14:37:43+00:00,"Cliente MQTT explicito (paho, SAS manual)",DC-HUMO-08,0.026,24.86,2026-09-26T14:37:43+00:00
2026-09-26T09:38:28-05:00,2026-09-26T14:38:28+00:00,"Cliente MQTT explicito (paho, SAS manual)",DC-HUMO-08,0.026,24.61,2026-09-26T14:38:28+00:00
2026-09-26T09:39:13-05:00,2026-09-26T14:39:13+00:00,"Cliente MQTT explicito (paho, SAS manual)",DC-HUMO-08,0.027,24.75,2026-09-26T14:39:13+00:00
2026-09-26T09:39:58-05:00,2026-09-26T14:39:58+00:00,"Cliente MQTT explicito (paho, SAS manual)",DC-HUMO-08,0.027,24.87,2026-09-26T14:39:58+00:00
2026-09-26T09:40:43-05:00,2026-09-26T14:40:43+00:00,"Cliente MQTT explicito (paho, SAS manual)",DC-HUMO-08,0.027,24.72,2026-09-26T14:40:43+00:00
2026-09-26T09:41:28-05:00,2026-09-26T14:41:28+00:00,"Cliente MQTT explicito (paho, SAS manual)",DC-HUMO-08,0.024,25.15,2026-09-26T14:41:28+00:00
2026-09-26T09:42:13-05:00,2026-09-26T14:42:13+00:00,"Cliente MQTT explicito (paho, SAS manual)",DC-HUMO-08,0.024,25.14,2026-09-26T14:42:13+00:00
2026-09-26T09:42:58-05:00,2026-09-26T14:42:58+00:00,"Cliente MQTT explicito (paho, SAS manual)",DC-HUMO-08,0.025,24.65,2026-09-26T14:42:58+00:00
2026-09-26T09:43:43-05:00,2026-09-26T14:43:43+00:00,"Cliente MQTT explicito (paho, SAS manual)",DC-HUMO-08,0.026,25.27,2026-09-26T14:43:43+00:00
2026-09-26T09:44:28-05:00,2026-09-26T14:44:28+00:00,"Cliente MQTT explicito (paho, SAS manual)",DC-HUMO-08,0.027,25.33,2026-09-26T14:44:28+00:00
2026-09-26T09:45:13-05:00,2026-09-26T14:45:13+00:00,"Cliente MQTT explicito (paho, SAS manual)",DC-HUMO-08,0.025,24.68,2026-09-26T14:45:13+00:00
2026-09-26T09:45:59-05:00,2026-09-26T14:45:59+00:00,"Cliente MQTT explicito (paho, SAS manual)",DC-HUMO-08,0.024,25.38,2026-09-26T14:45:59+00:00
2026-09-26T09:46:44-05:00,2026-09-26T14:46:44+00:00,"Cliente MQTT explicito (paho, SAS manual)",DC-HUMO-08,0.026,25.26,2026-09-26T14:46:44+00:00
2026-09-26T09:47:29-05:00,2026-09-26T14:47:29+00:00,"Cliente MQTT explicito (paho, SAS manual)",DC-HUMO-08,0.024,25.31,2026-09-26T14:47:29+00:00
2026-09-26T09:48:14-05:00,2026-09-26T14:48:14+00:00,"Cliente MQTT explicito (paho, SAS manual)",DC-HUMO-08,0.027,25.35,2026-09-26T14:48:14+00:00
2026-09-26T09:48:59-05:00,2026-09-26T14:48:59+00:00,"Cliente MQTT explicito (paho, SAS manual)",DC-HUMO-08,0.024,25.11,2026-09-26T14:48:59+00:00
2026-09-26T09:49:44-05:00,2026-09-26T14:49:44+00:00,"Cliente MQTT explicito (paho, SAS manual)",DC-HUMO-08,0.026,25.12,2026-09-26T14:49:44+00:00
2026-09-26T09:50:29-05:00,2026-09-26T14:50:29+00:00,"Cliente MQTT explicito (paho, SAS manual)",DC-HUMO-08,0.023,25.05,2026-09-26T14:50:29+00:00
2026-09-26T09:51:14-05:00,2026-09-26T14:51:14+00:00,"Cliente MQTT explicito (paho, SAS manual)",DC-HUMO-08,0.027,24.69,2026-09-26T14:51:14+00:00
2026-09-26T09:51:59-05:00,2026-09-26T14:51:59+00:00,"Cliente MQTT explicito (paho, SAS manual)",DC-HUMO-08,0.025,25.15,2026-09-26T14:51:59+00:00
2026-09-26T09:52:44-05:00,2026-09-26T14:52:44+00:00,"Cliente MQTT explicito (paho, SAS manual)",DC-HUMO-08,0.024,25.19,2026-09-26T14:52:44+00:00
2026-09-26T09:53:29-05:00,2026-09-26T14:53:29+00:00,"Cliente MQTT explicito (paho, SAS manual)",DC-HUMO-08,0.026,25.05,2026-09-26T14:53:29+00:00
2026-09-26T09:54:14-05:00,2026-09-26T14:54:14+00:00,"Cliente MQTT explicito (paho, SAS manual)",DC-HUMO-08,0.025,25.46,2026-09-26T14:54:14+00:00
2026-09-26T09:54:59-05:00,2026-09-26T14:54:59+00:00,"Cliente MQTT explicito (paho, SAS manual)",DC-HUMO-08,0.025,24.7,2026-09-26T14:54:59+00:00
2026-09-26T09:55:44-05:00,2026-09-26T14:55:44+00:00,"Cliente MQTT explicito (paho, SAS manual)",DC-HUMO-08,0.027,25.43,2026-09-26T14:55:44+00:00
2026-09-26T09:56:29-05:00,2026-09-26T14:56:29+00:00,"Cliente MQTT explicito (paho, SAS manual)",DC-HUMO-08,0.025,24.78,2026-09-26T14:56:29+00:00
2026-09-26T09:57:14-05:00,2026-09-26T14:57:14+00:00,"Cliente MQTT explicito (paho, SAS manual)",DC-HUMO-08,0.025,24.97,2026-09-26T14:57:14+00:00
2026-09-26T09:57:59-05:00,2026-09-26T14:57:59+00:00,"Cliente MQTT explicito (paho, SAS manual)",DC-HUMO-08,0.024,24.77,2026-09-26T14:57:59+00:00
2026-09-26T09:58:44-05:00,2026-09-26T14:58:44+00:00,"Cliente MQTT explicito (paho, SAS manual)",DC-HUMO-08,0.025,24.87,2026-09-26T14:58:44+00:00
2026-09-26T09:59:29-05:00,2026-09-26T14:59:29+00:00,"Cliente MQTT explicito (paho, SAS manual)",DC-HUMO-08,0.023,25.15,2026-09-26T14:59:29+00:00
2026-09-26T10:00:14-05:00,2026-09-26T15:00:14+00:00,"Cliente MQTT explicito (paho, SAS manual)",DC-HUMO-08,0.074,25.34,2026-09-26T15:00:14+00:00
2026-09-26T10:00:59-05:00,2026-09-26T15:00:59+00:00,"Cliente MQTT explicito (paho, SAS manual)",DC-HUMO-08,0.105,25.33,2026-09-26T15:00:59+00:00
2026-09-26T10:01:44-05:00,2026-09-26T15:01:44+00:00,"Cliente MQTT explicito (paho, SAS manual)",DC-HUMO-08,0.102,25.31,2026-09-26T15:01:44+00:00
2026-09-26T10:02:29-05:00,2026-09-26T15:02:29+00:00,"Cliente MQTT explicito (paho, SAS manual)",DC-HUMO-08,0.098,24.9,2026-09-26T15:02:29+00:00
2026-09-26T10:03:14-05:00,2026-09-26T15:03:14+00:00,"Cliente MQTT explicito (paho, SAS manual)",DC-HUMO-08,0.026,25.14,2026-09-26T15:03:14+00:00
2026-09-26T10:03:59-05:00,2026-09-26T15:03:59+00:00,"Cliente MQTT explicito (paho, SAS manual)",DC-HUMO-08,0.025,24.9,2026-09-26T15:03:59+00:00
2026-09-26T10:04:44-05:00,2026-09-26T15:04:44+00:00,"Cliente MQTT explicito (paho, SAS manual)",DC-HUMO-08,0.026,25.52,2026-09-26T15:04:44+00:00
2026-09-26T10:05:29-05:00,2026-09-26T15:05:29+00:00,"Cliente MQTT explicito (paho, SAS manual)",DC-HUMO-08,0.026,25.25,2026-09-26T15:05:29+00:00
2026-09-26T10:06:14-05:00,2026-09-26T15:06:14+00:00,"Cliente MQTT explicito (paho, SAS manual)",DC-HUMO-08,0.024,25.47,2026-09-26T15:06:14+00:00
2026-09-26T10:06:59-05:00,2026-09-26T15:06:59+00:00,"Cliente MQTT explicito (paho, SAS manual)",DC-HUMO-08,0.025,25.16,2026-09-26T15:06:59+00:00
2026-09-26T10:07:44-05:00,2026-09-26T15:07:44+00:00,"Cliente MQTT explicito (paho, SAS manual)",DC-HUMO-08,0.026,25.6,2026-09-26T15:07:44+00:00
2026-09-26T10:08:29-05:00,2026-09-26T15:08:29+00:00,"Cliente MQTT explicito (paho, SAS manual)",DC-HUMO-08,0.024,25.15,2026-09-26T15:08:29+00:00
2026-09-26T10:09:14-05:00,2026-09-26T15:09:14+00:00,"Cliente MQTT explicito (paho, SAS manual)",DC-HUMO-08,0.026,24.87,2026-09-26T15:09:14+00:00
2026-09-26T10:10:06-05:00,2026-09-26T15:10:06+00:00,"Cliente MQTT explicito (paho, SAS manual)",DC-HUMO-08,0.024,25.23,2026-09-26T15:10:06+00:00
2026-09-26T10:10:51-05:00,2026-09-26T15:10:51+00:00,"Cliente MQTT explicito (paho, SAS manual)",DC-HUMO-08,0.026,24.99,2026-09-26T15:10:51+00:00
2026-09-26T10:11:36-05:00,2026-09-26T15:11:36+00:00,"Cliente MQTT explicito (paho, SAS manual)",DC-HUMO-08,0.025,25.47,2026-09-26T15:11:36+00:00
2026-09-26T10:12:21-05:00,2026-09-26T15:12:21+00:00,"Cliente MQTT explicito (paho, SAS manual)",DC-HUMO-08,0.024,25.26,2026-09-26T15:12:21+00:00
2026-09-26T10:13:06-05:00,2026-09-26T15:13:06+00:00,"Cliente MQTT explicito (paho, SAS manual)",DC-HUMO-08,0.024,25.12,2026-09-26T15:13:06+00:00
2026-09-26T10:13:53-05:00,2026-09-26T15:13:53+00:00,"Cliente MQTT explicito (paho, SAS manual)",DC-HUMO-08,0.027,25.25,2026-09-26T15:13:53+00:00
2026-09-26T10:14:38-05:00,2026-09-26T15:14:38+00:00,"Cliente MQTT explicito (paho, SAS manual)",DC-HUMO-08,0.026,24.97,2026-09-26T15:14:38+00:00
2026-09-26T10:15:23-05:00,2026-09-26T15:15:23+00:00,"Cliente MQTT explicito (paho, SAS manual)",DC-HUMO-08,0.023,25.56,2026-09-26T15:15:23+00:00
2026-09-26T10:16:08-05:00,2026-09-26T15:16:08+00:00,"Cliente MQTT explicito (paho, SAS manual)",DC-HUMO-08,0.025,24.94,2026-09-26T15:16:08+00:00
2026-09-26T10:16:53-05:00,2026-09-26T15:16:53+00:00,"Cliente MQTT explicito (paho, SAS manual)",DC-HUMO-08,0.024,25.34,2026-09-26T15:16:53+00:00
2026-09-26T10:17:38-05:00,2026-09-26T15:17:38+00:00,"Cliente MQTT explicito (paho, SAS manual)",DC-HUMO-08,0.023,25.65,2026-09-26T15:17:38+00:00
2026-09-26T10:18:23-05:00,2026-09-26T15:18:23+00:00,"Cliente MQTT explicito (paho, SAS manual)",DC-HUMO-08,0.025,25.64,2026-09-26T15:18:23+00:00
2026-09-26T10:19:08-05:00,2026-09-26T15:19:08+00:00,"Cliente MQTT explicito (paho, SAS manual)",DC-HUMO-08,0.023,25.0,2026-09-26T15:19:08+00:00
2026-09-26T10:19:53-05:00,2026-09-26T15:19:53+00:00,"Cliente MQTT explicito (paho, SAS manual)",DC-HUMO-08,0.025,25.41,2026-09-26T15:19:53+00:00
2026-09-26T10:20:38-05:00,2026-09-26T15:20:38+00:00,"Cliente MQTT explicito (paho, SAS manual)",DC-HUMO-08,0.026,25.07,2026-09-26T15:20:38+00:00
2026-09-26T10:21:23-05:00,2026-09-26T15:21:23+00:00,"Cliente MQTT explicito (paho, SAS manual)",DC-HUMO-08,0.024,25.38,2026-09-26T15:21:23+00:00
2026-09-26T10:22:08-05:00,2026-09-26T15:22:08+00:00,"Cliente MQTT explicito (paho, SAS manual)",DC-HUMO-08,0.023,25.3,2026-09-26T15:22:08+00:00
2026-09-26T10:22:53-05:00,2026-09-26T15:22:53+00:00,"Cliente MQTT explicito (paho, SAS manual)",DC-HUMO-08,0.026,25.72,2026-09-26T15:22:53+00:00
2026-09-26T10:23:38-05:00,2026-09-26T15:23:38+00:00,"Cliente MQTT explicito (paho, SAS manual)",DC-HUMO-08,0.025,25.55,2026-09-26T15:23:38+00:00
2026-09-26T10:24:23-05:00,2026-09-26T15:24:23+00:00,"Cliente MQTT explicito (paho, SAS manual)",DC-HUMO-08,0.025,25.31,2026-09-26T15:24:23+00:00
2026-09-26T10:25:08-05:00,2026-09-26T15:25:08+00:00,"Cliente MQTT explicito (paho, SAS manual)",DC-HUMO-08,0.025,25.75,2026-09-26T15:25:08+00:00
2026-09-26T10:25:53-05:00,2026-09-26T15:25:53+00:00,"Cliente MQTT explicito (paho, SAS manual)",DC-HUMO-08,0.024,25.47,2026-09-26T15:25:53+00:00
2026-09-26T10:26:38-05:00,2026-09-26T15:26:38+00:00,"Cliente MQTT explicito (paho, SAS manual)",DC-HUMO-08,0.025,25.51,2026-09-26T15:26:38+00:00
2026-09-26T10:27:23-05:00,2026-09-26T15:27:23+00:00,"Cliente MQTT explicito (paho, SAS manual)",DC-HUMO-08,0.025,25.58,2026-09-26T15:27:23+00:00
2026-09-26T10:28:08-05:00,2026-09-26T15:28:08+00:00,"Cliente MQTT explicito (paho, SAS manual)",DC-HUMO-08,0.023,25.57,2026-09-26T15:28:08+00:00
2026-09-26T10:28:53-05:00,2026-09-26T15:28:53+00:00,"Cliente MQTT explicito (paho, SAS manual)",DC-HUMO-08,0.023,25.22,2026-09-26T15:28:53+00:00
2026-09-26T10:29:38-05:00,2026-09-26T15:29:38+00:00,"Cliente MQTT explicito (paho, SAS manual)",DC-HUMO-08,0.023,25.65,2026-09-26T15:29:38+00:00
2026-09-26T10:30:23-05:00,2026-09-26T15:30:23+00:00,"Cliente MQTT explicito (paho, SAS manual)",DC-HUMO-08,0.023,25.73,2026-09-26T15:30:23+00:00
2026-09-26T10:31:08-05:00,2026-09-26T15:31:08+00:00,"Cliente MQTT explicito (paho, SAS manual)",DC-HUMO-08,0.026,25.8,2026-09-26T15:31:08+00:00
2026-09-26T10:31:53-05:00,2026-09-26T15:31:53+00:00,"Cliente MQTT explicito (paho, SAS manual)",DC-HUMO-08,0.023,25.47,2026-09-26T15:31:53+00:00
2026-09-26T10:32:38-05:00,2026-09-26T15:32:38+00:00,"Cliente MQTT explicito (paho, SAS manual)",DC-HUMO-08,0.026,25.35,2026-09-26T15:32:38+00:00
2026-09-26T10:33:23-05:00,2026-09-26T15:33:23+00:00,"Cliente MQTT explicito (paho, SAS manual)",DC-HUMO-08,0.026,25.54,2026-09-26T15:33:23+00:00
2026-09-26T10:34:08-05:00,2026-09-26T15:34:08+00:00,"Cliente MQTT explicito (paho, SAS manual)",DC-HUMO-08,0.023,25.58,2026-09-26T15:34:08+00:00
2026-09-26T10:34:53-05:00,2026-09-26T15:34:53+00:00,"Cliente MQTT explicito (paho, SAS manual)",DC-HUMO-08,0.026,25.85,2026-09-26T15:34:53+00:00
2026-09-26T10:35:38-05:00,2026-09-26T15:35:38+00:00,"Cliente MQTT explicito (paho, SAS manual)",DC-HUMO-08,0.023,25.87,2026-09-26T15:35:38+00:00
2026-09-26T10:36:23-05:00,2026-09-26T15:36:23+00:00,"Cliente MQTT explicito (paho, SAS manual)",DC-HUMO-08,0.026,25.23,2026-09-26T15:36:23+00:00
2026-09-26T10:37:08-05:00,2026-09-26T15:37:08+00:00,"Cliente MQTT explicito (paho, SAS manual)",DC-HUMO-08,0.026,25.73,2026-09-26T15:37:08+00:00
2026-09-26T10:37:53-05:00,2026-09-26T15:37:53+00:00,"Cliente MQTT explicito (paho, SAS manual)",DC-HUMO-08,0.023,25.81,2026-09-26T15:37:53+00:00
2026-09-26T10:38:38-05:00,2026-09-26T15:38:38+00:00,"Cliente MQTT explicito (paho, SAS manual)",DC-HUMO-08,0.026,25.83,2026-09-26T15:38:38+00:00
2026-09-26T10:39:23-05:00,2026-09-26T15:39:23+00:00,"Cliente MQTT explicito (paho, SAS manual)",DC-HUMO-08,0.023,25.24,2026-09-26T15:39:23+00:00
2026-09-26T10:40:08-05:00,2026-09-26T15:40:08+00:00,"Cliente MQTT explicito (paho, SAS manual)",DC-HUMO-08,0.024,25.85,2026-09-26T15:40:08+00:00
2026-09-26T10:40:53-05:00,2026-09-26T15:40:53+00:00,"Cliente MQTT explicito (paho, SAS manual)",DC-HUMO-08,0.026,25.4,2026-09-26T15:40:53+00:00
2026-09-26T10:41:38-05:00,2026-09-26T15:41:38+00:00,"Cliente MQTT explicito (paho, SAS manual)",DC-HUMO-08,0.024,25.58,2026-09-26T15:41:38+00:00
2026-09-26T10:42:23-05:00,2026-09-26T15:42:23+00:00,"Cliente MQTT explicito (paho, SAS manual)",DC-HUMO-08,0.023,25.24,2026-09-26T15:42:23+00:00
2026-09-26T10:43:08-05:00,2026-09-26T15:43:08+00:00,"Cliente MQTT explicito (paho, SAS manual)",DC-HUMO-08,0.023,25.88,2026-09-26T15:43:08+00:00
2026-09-26T10:43:53-05:00,2026-09-26T15:43:53+00:00,"Cliente MQTT explicito (paho, SAS manual)",DC-HUMO-08,0.023,25.29,2026-09-26T15:43:53+00:00
2026-09-26T10:44:38-05:00,2026-09-26T15:44:38+00:00,"Cliente MQTT explicito (paho, SAS manual)",DC-HUMO-08,0.025,25.67,2026-09-26T15:44:38+00:00
2026-09-26T10:45:23-05:00,2026-09-26T15:45:23+00:00,"Cliente MQTT explicito (paho, SAS manual)",DC-HUMO-08,0.026,25.68,2026-09-26T15:45:23+00:00
2026-09-26T10:46:08-05:00,2026-09-26T15:46:08+00:00,"Cliente MQTT explicito (paho, SAS manual)",DC-HUMO-08,0.026,25.85,2026-09-26T15:46:08+00:00
2026-09-26T10:46:53-05:00,2026-09-26T15:46:53+00:00,"Cliente MQTT explicito (paho, SAS manual)",DC-HUMO-08,0.024,25.63,2026-09-26T15:46:53+00:00
2026-09-26T10:47:38-05:00,2026-09-26T15:47:38+00:00,"Cliente MQTT explicito (paho, SAS manual)",DC-HUMO-08,0.025,25.85,2026-09-26T15:47:38+00:00
2026-09-26T10:48:26-05:00,2026-09-26T15:48:26+00:00,"Cliente MQTT explicito (paho, SAS manual)",DC-HUMO-08,0.026,25.24,2026-09-26T15:48:26+00:00
2026-09-26T10:49:14-05:00,2026-09-26T15:49:14+00:00,"Cliente MQTT explicito (paho, SAS manual)",DC-HUMO-08,0.025,25.65,2026-09-26T15:49:14+00:00
2026-09-26T10:50:01-05:00,2026-09-26T15:50:01+00:00,"Cliente MQTT explicito (paho, SAS manual)",DC-HUMO-08,0.026,25.85,2026-09-26T15:50:01+00:00
2026-09-26T10:50:46-05:00,2026-09-26T15:50:46+00:00,"Cliente MQTT explicito (paho, SAS manual)",DC-HUMO-08,0.023,25.67,2026-09-26T15:50:46+00:00
2026-09-26T10:51:31-05:00,2026-09-26T15:51:31+00:00,"Cliente MQTT explicito (paho, SAS manual)",DC-HUMO-08,0.024,25.35,2026-09-26T15:51:31+00:00
2026-09-26T10:52:16-05:00,2026-09-26T15:52:16+00:00,"Cliente MQTT explicito (paho, SAS manual)",DC-HUMO-08,0.023,25.88,2026-09-26T15:52:16+00:00
2026-09-26T10:53:02-05:00,2026-09-26T15:53:02+00:00,"Cliente MQTT explicito (paho, SAS manual)",DC-HUMO-08,0.026,25.8,2026-09-26T15:53:02+00:00
2026-09-26T10:53:47-05:00,2026-09-26T15:53:47+00:00,"Cliente MQTT explicito (paho, SAS manual)",DC-HUMO-08,0.022,25.48,2026-09-26T15:53:47+00:00
2026-09-26T10:54:32-05:00,2026-09-26T15:54:32+00:00,"Cliente MQTT explicito (paho, SAS manual)",DC-HUMO-08,0.023,25.94,2026-09-26T15:54:32+00:00
2026-09-26T10:55:17-05:00,2026-09-26T15:55:17+00:00,"Cliente MQTT explicito (paho, SAS manual)",DC-HUMO-08,0.023,25.66,2026-09-26T15:55:17+00:00
2026-09-26T10:56:02-05:00,2026-09-26T15:56:02+00:00,"Cliente MQTT explicito (paho, SAS manual)",DC-HUMO-08,0.023,25.51,2026-09-26T15:56:02+00:00
2026-09-26T10:56:50-05:00,2026-09-26T15:56:50+00:00,"Cliente MQTT explicito (paho, SAS manual)",DC-HUMO-08,0.024,25.41,2026-09-26T15:56:50+00:00
2026-09-26T10:57:35-05:00,2026-09-26T15:57:35+00:00,"Cliente MQTT explicito (paho, SAS manual)",DC-HUMO-08,0.023,25.37,2026-09-26T15:57:35+00:00
2026-09-26T10:58:20-05:00,2026-09-26T15:58:20+00:00,"Cliente MQTT explicito (paho, SAS manual)",DC-HUMO-08,0.023,26.12,2026-09-26T15:58:20+00:00
2026-09-26T10:59:11-05:00,2026-09-26T15:59:11+00:00,"Cliente MQTT explicito (paho, SAS manual)",DC-HUMO-08,0.023,25.63,2026-09-26T15:59:11+00:00
2026-09-26T10:59:59-05:00,2026-09-26T15:59:59+00:00,"Cliente MQTT explicito (paho, SAS manual)",DC-HUMO-08,0.023,25.89,2026-09-26T15:59:59+00:00
2026-09-26T11:00:46-05:00,2026-09-26T16:00:46+00:00,"Cliente MQTT explicito (paho, SAS manual)",DC-HUMO-08,0.025,25.78,2026-09-26T16:00:46+00:00
2026-09-26T11:01:31-05:00,2026-09-26T16:01:31+00:00,"Cliente MQTT explicito (paho, SAS manual)",DC-HUMO-08,0.025,25.38,2026-09-26T16:01:31+00:00
2026-09-26T11:02:16-05:00,2026-09-26T16:02:16+00:00,"Cliente MQTT explicito (paho, SAS manual)",DC-HUMO-08,0.024,26.13,2026-09-26T16:02:16+00:00
2026-09-26T11:03:01-05:00,2026-09-26T16:03:01+00:00,"Cliente MQTT explicito (paho, SAS manual)",DC-HUMO-08,0.026,26.09,2026-09-26T16:03:01+00:00
2026-09-26T11:03:46-05:00,2026-09-26T16:03:46+00:00,"Cliente MQTT explicito (paho, SAS manual)",DC-HUMO-08,0.024,25.98,2026-09-26T16:03:46+00:00
2026-09-26T11:04:31-05:00,2026-09-26T16:04:31+00:00,"Cliente MQTT explicito (paho, SAS manual)",DC-HUMO-08,0.025,25.92,2026-09-26T16:04:31+00:00
2026-09-26T11:05:16-05:00,2026-09-26T16:05:16+00:00,"Cliente MQTT explicito (paho, SAS manual)",DC-HUMO-08,0.026,26.06,2026-09-26T16:05:16+00:00
2026-09-26T11:06:01-05:00,2026-09-26T16:06:01+00:00,"Cliente MQTT explicito (paho, SAS manual)",DC-HUMO-08,0.024,25.95,2026-09-26T16:06:01+00:00
2026-09-26T11:06:46-05:00,2026-09-26T16:06:46+00:00,"Cliente MQTT explicito (paho, SAS manual)",DC-HUMO-08,0.022,25.65,2026-09-26T16:06:46+00:00
2026-09-26T11:07:32-05:00,2026-09-26T16:07:32+00:00,"Cliente MQTT explicito (paho, SAS manual)",DC-HUMO-08,0.025,25.6,2026-09-26T16:07:32+00:00
2026-09-26T11:08:17-05:00,2026-09-26T16:08:17+00:00,"Cliente MQTT explicito (paho, SAS manual)",DC-HUMO-08,0.026,26.02,2026-09-26T16:08:17+00:00
2026-09-26T11:09:02-05:00,2026-09-26T16:09:02+00:00,"Cliente MQTT explicito (paho, SAS manual)",DC-HUMO-08,0.025,25.97,2026-09-26T16:09:02+00:00
2026-09-26T11:09:49-05:00,2026-09-26T16:09:49+00:00,"Cliente MQTT explicito (paho, SAS manual)",DC-HUMO-08,0.026,25.53,2026-09-26T16:09:49+00:00
2026-09-26T11:10:34-05:00,2026-09-26T16:10:34+00:00,"Cliente MQTT explicito (paho, SAS manual)",DC-HUMO-08,0.024,25.66,2026-09-26T16:10:34+00:00
2026-09-26T11:11:19-05:00,2026-09-26T16:11:19+00:00,"Cliente MQTT explicito (paho, SAS manual)",DC-HUMO-08,0.024,25.48,2026-09-26T16:11:19+00:00
2026-09-26T11:12:04-05:00,2026-09-26T16:12:04+00:00,"Cliente MQTT explicito (paho, SAS manual)",DC-HUMO-08,0.025,25.55,2026-09-26T16:12:04+00:00
2026-09-26T11:12:49-05:00,2026-09-26T16:12:49+00:00,"Cliente MQTT explicito (paho, SAS manual)",DC-HUMO-08,0.024,25.56,2026-09-26T16:12:49+00:00
2026-09-26T11:13:36-05:00,2026-09-26T16:13:36+00:00,"Cliente MQTT explicito (paho, SAS manual)",DC-HUMO-08,0.024,26.23,2026-09-26T16:13:36+00:00
2026-09-26T11:14:21-05:00,2026-09-26T16:14:21+00:00,"Cliente MQTT explicito (paho, SAS manual)",DC-HUMO-08,0.023,26.05,2026-09-26T16:14:21+00:00
2026-09-26T11:15:06-05:00,2026-09-26T16:15:06+00:00,"Cliente MQTT explicito (paho, SAS manual)",DC-HUMO-08,0.024,26.24,2026-09-26T16:15:06+00:00
2026-09-26T11:15:52-05:00,2026-09-26T16:15:52+00:00,"Cliente MQTT explicito (paho, SAS manual)",DC-HUMO-08,0.023,25.59,2026-09-26T16:15:52+00:00
2026-09-26T11:16:37-05:00,2026-09-26T16:16:37+00:00,"Cliente MQTT explicito (paho, SAS manual)",DC-HUMO-08,0.025,26.2,2026-09-26T16:16:37+00:00
2026-09-26T11:17:25-05:00,2026-09-26T16:17:25+00:00,"Cliente MQTT explicito (paho, SAS manual)",DC-HUMO-08,0.025,26.02,2026-09-26T16:17:25+00:00
2026-09-26T11:18:13-05:00,2026-09-26T16:18:13+00:00,"Cliente MQTT explicito (paho, SAS manual)",DC-HUMO-08,0.022,25.76,2026-09-26T16:18:13+00:00
2026-09-26T11:18:58-05:00,2026-09-26T16:18:58+00:00,"Cliente MQTT explicito (paho, SAS manual)",DC-HUMO-08,0.023,26.3,2026-09-26T16:18:58+00:00
2026-09-26T11:19:43-05:00,2026-09-26T16:19:43+00:00,"Cliente MQTT explicito (paho, SAS manual)",DC-HUMO-08,0.022,26.26,2026-09-26T16:19:43+00:00
2026-09-26T11:20:28-05:00,2026-09-26T16:20:28+00:00,"Cliente MQTT explicito (paho, SAS manual)",DC-HUMO-08,0.024,25.66,2026-09-26T16:20:28+00:00
2026-09-26T11:21:13-05:00,2026-09-26T16:21:13+00:00,"Cliente MQTT explicito (paho, SAS manual)",DC-HUMO-08,0.022,25.79,2026-09-26T16:21:13+00:00
2026-09-26T11:21:58-05:00,2026-09-26T16:21:58+00:00,"Cliente MQTT explicito (paho, SAS manual)",DC-HUMO-08,0.024,25.94,2026-09-26T16:21:58+00:00
2026-09-26T11:22:43-05:00,2026-09-26T16:22:43+00:00,"Cliente MQTT explicito (paho, SAS manual)",DC-HUMO-08,0.025,25.93,2026-09-26T16:22:43+00:00
2026-09-26T11:23:28-05:00,2026-09-26T16:23:28+00:00,"Cliente MQTT explicito (paho, SAS manual)",DC-HUMO-08,0.022,26.19,2026-09-26T16:23:28+00:00
2026-09-26T11:24:13-05:00,2026-09-26T16:24:13+00:00,"Cliente MQTT explicito (paho, SAS manual)",DC-HUMO-08,0.026,26.06,2026-09-26T16:24:13+00:00
2026-09-26T11:24:58-05:00,2026-09-26T16:24:58+00:00,"Cliente MQTT explicito (paho, SAS manual)",DC-HUMO-08,0.022,25.83,2026-09-26T16:24:58+00:00
2026-09-26T11:25:43-05:00,2026-09-26T16:25:43+00:00,"Cliente MQTT explicito (paho, SAS manual)",DC-HUMO-08,0.023,25.91,2026-09-26T16:25:43+00:00
2026-09-26T11:26:28-05:00,2026-09-26T16:26:28+00:00,"Cliente MQTT explicito (paho, SAS manual)",DC-HUMO-08,0.025,26.24,2026-09-26T16:26:28+00:00
2026-09-26T11:27:13-05:00,2026-09-26T16:27:13+00:00,"Cliente MQTT explicito (paho, SAS manual)",DC-HUMO-08,0.024,26.18,2026-09-26T16:27:13+00:00
2026-09-26T11:27:59-05:00,2026-09-26T16:27:59+00:00,"Cliente MQTT explicito (paho, SAS manual)",DC-HUMO-08,0.025,26.13,2026-09-26T16:27:59+00:00
2026-09-26T11:28:44-05:00,2026-09-26T16:28:44+00:00,"Cliente MQTT explicito (paho, SAS manual)",DC-HUMO-08,0.022,26.15,2026-09-26T16:28:44+00:00
2026-09-26T11:29:29-05:00,2026-09-26T16:29:29+00:00,"Cliente MQTT explicito (paho, SAS manual)",DC-HUMO-08,0.023,25.76,2026-09-26T16:29:29+00:00
2026-09-26T11:30:14-05:00,2026-09-26T16:30:14+00:00,"Cliente MQTT explicito (paho, SAS manual)",DC-HUMO-08,0.025,26.11,2026-09-26T16:30:14+00:00
2026-09-26T11:30:59-05:00,2026-09-26T16:30:59+00:00,"Cliente MQTT explicito (paho, SAS manual)",DC-HUMO-08,0.025,26.07,2026-09-26T16:30:59+00:00
2026-09-26T11:31:44-05:00,2026-09-26T16:31:44+00:00,"Cliente MQTT explicito (paho, SAS manual)",DC-HUMO-08,0.024,26.28,2026-09-26T16:31:44+00:00
2026-09-26T11:32:29-05:00,2026-09-26T16:32:29+00:00,"Cliente MQTT explicito (paho, SAS manual)",DC-HUMO-08,0.025,26.39,2026-09-26T16:32:29+00:00
2026-09-26T11:33:14-05:00,2026-09-26T16:33:14+00:00,"Cliente MQTT explicito (paho, SAS manual)",DC-HUMO-08,0.025,26.43,2026-09-26T16:33:14+00:00
2026-09-26T11:33:59-05:00,2026-09-26T16:33:59+00:00,"Cliente MQTT explicito (paho, SAS manual)",DC-HUMO-08,0.023,25.8,2026-09-26T16:33:59+00:00
2026-09-26T11:34:44-05:00,2026-09-26T16:34:44+00:00,"Cliente MQTT explicito (paho, SAS manual)",DC-HUMO-08,0.023,26.07,2026-09-26T16:34:44+00:00
2026-09-26T11:35:29-05:00,2026-09-26T16:35:29+00:00,"Cliente MQTT explicito (paho, SAS manual)",DC-HUMO-08,0.023,26.01,2026-09-26T16:35:29+00:00
2026-09-26T11:36:14-05:00,2026-09-26T16:36:14+00:00,"Cliente MQTT explicito (paho, SAS manual)",DC-HUMO-08,0.023,26.23,2026-09-26T16:36:14+00:00
2026-09-26T11:36:59-05:00,2026-09-26T16:36:59+00:00,"Cliente MQTT explicito (paho, SAS manual)",DC-HUMO-08,0.023,26.09,2026-09-26T16:36:59+00:00
2026-09-26T11:37:44-05:00,2026-09-26T16:37:44+00:00,"Cliente MQTT explicito (paho, SAS manual)",DC-HUMO-08,0.025,25.98,2026-09-26T16:37:44+00:00
2026-09-26T11:38:29-05:00,2026-09-26T16:38:29+00:00,"Cliente MQTT explicito (paho, SAS manual)",DC-HUMO-08,0.022,26.25,2026-09-26T16:38:29+00:00
2026-09-26T11:39:14-05:00,2026-09-26T16:39:14+00:00,"Cliente MQTT explicito (paho, SAS manual)",DC-HUMO-08,0.023,26.45,2026-09-26T16:39:14+00:00
2026-09-26T11:39:59-05:00,2026-09-26T16:39:59+00:00,"Cliente MQTT explicito (paho, SAS manual)",DC-HUMO-08,0.023,26.11,2026-09-26T16:39:59+00:00
2026-09-26T11:40:44-05:00,2026-09-26T16:40:44+00:00,"Cliente MQTT explicito (paho, SAS manual)",DC-HUMO-08,0.022,26.15,2026-09-26T16:40:44+00:00
2026-09-26T11:41:29-05:00,2026-09-26T16:41:29+00:00,"Cliente MQTT explicito (paho, SAS manual)",DC-HUMO-08,0.023,25.81,2026-09-26T16:41:29+00:00
2026-09-26T11:42:14-05:00,2026-09-26T16:42:14+00:00,"Cliente MQTT explicito (paho, SAS manual)",DC-HUMO-08,0.023,26.46,2026-09-26T16:42:14+00:00
2026-09-26T11:42:59-05:00,2026-09-26T16:42:59+00:00,"Cliente MQTT explicito (paho, SAS manual)",DC-HUMO-08,0.021,26.41,2026-09-26T16:42:59+00:00
2026-09-26T11:43:44-05:00,2026-09-26T16:43:44+00:00,"Cliente MQTT explicito (paho, SAS manual)",DC-HUMO-08,0.025,25.76,2026-09-26T16:43:44+00:00
2026-09-26T11:44:30-05:00,2026-09-26T16:44:30+00:00,"Cliente MQTT explicito (paho, SAS manual)",DC-HUMO-08,0.023,26.07,2026-09-26T16:44:30+00:00
2026-09-26T11:45:15-05:00,2026-09-26T16:45:15+00:00,"Cliente MQTT explicito (paho, SAS manual)",DC-HUMO-08,0.025,26.23,2026-09-26T16:45:15+00:00
2026-09-26T11:46:00-05:00,2026-09-26T16:46:00+00:00,"Cliente MQTT explicito (paho, SAS manual)",DC-HUMO-08,0.022,26.22,2026-09-26T16:46:00+00:00
2026-09-26T11:46:45-05:00,2026-09-26T16:46:45+00:00,"Cliente MQTT explicito (paho, SAS manual)",DC-HUMO-08,0.022,25.86,2026-09-26T16:46:45+00:00
2026-09-26T11:47:30-05:00,2026-09-26T16:47:30+00:00,"Cliente MQTT explicito (paho, SAS manual)",DC-HUMO-08,0.023,26.5,2026-09-26T16:47:30+00:00
2026-09-26T11:48:15-05:00,2026-09-26T16:48:15+00:00,"Cliente MQTT explicito (paho, SAS manual)",DC-HUMO-08,0.022,26.17,2026-09-26T16:48:15+00:00
2026-09-26T11:49:00-05:00,2026-09-26T16:49:00+00:00,"Cliente MQTT explicito (paho, SAS manual)",DC-HUMO-08,0.025,26.04,2026-09-26T16:49:00+00:00
2026-09-26T11:49:45-05:00,2026-09-26T16:49:45+00:00,"Cliente MQTT explicito (paho, SAS manual)",DC-HUMO-08,0.022,26.05,2026-09-26T16:49:45+00:00
2026-09-26T11:50:30-05:00,2026-09-26T16:50:30+00:00,"Cliente MQTT explicito (paho, SAS manual)",DC-HUMO-08,0.023,26.11,2026-09-26T16:50:30+00:00
2026-09-26T11:51:15-05:00,2026-09-26T16:51:15+00:00,"Cliente MQTT explicito (paho, SAS manual)",DC-HUMO-08,0.021,26.16,2026-09-26T16:51:15+00:00
2026-09-26T11:52:00-05:00,2026-09-26T16:52:00+00:00,"Cliente MQTT explicito (paho, SAS manual)",DC-HUMO-08,0.025,25.88,2026-09-26T16:52:00+00:00
2026-09-26T11:52:45-05:00,2026-09-26T16:52:45+00:00,"Cliente MQTT explicito (paho, SAS manual)",DC-HUMO-08,0.021,25.88,2026-09-26T16:52:45+00:00
2026-09-26T11:53:30-05:00,2026-09-26T16:53:30+00:00,"Cliente MQTT explicito (paho, SAS manual)",DC-HUMO-08,0.021,26.27,2026-09-26T16:53:30+00:00
2026-09-26T11:54:15-05:00,2026-09-26T16:54:15+00:00,"Cliente MQTT explicito (paho, SAS manual)",DC-HUMO-08,0.024,26.32,2026-09-26T16:54:15+00:00
2026-09-26T11:55:00-05:00,2026-09-26T16:55:00+00:00,"Cliente MQTT explicito (paho, SAS manual)",DC-HUMO-08,0.021,26.53,2026-09-26T16:55:00+00:00
2026-09-26T11:55:45-05:00,2026-09-26T16:55:45+00:00,"Cliente MQTT explicito (paho, SAS manual)",DC-HUMO-08,0.023,26.51,2026-09-26T16:55:45+00:00
2026-09-26T11:56:30-05:00,2026-09-26T16:56:30+00:00,"Cliente MQTT explicito (paho, SAS manual)",DC-HUMO-08,0.023,26.23,2026-09-26T16:56:30+00:00
2026-09-26T11:57:26-05:00,2026-09-26T16:57:26+00:00,"Cliente MQTT explicito (paho, SAS manual)",DC-HUMO-08,0.025,26.14,2026-09-26T16:57:26+00:00
2026-09-26T11:58:11-05:00,2026-09-26T16:58:11+00:00,"Cliente MQTT explicito (paho, SAS manual)",DC-HUMO-08,0.024,26.38,2026-09-26T16:58:11+00:00
2026-09-26T11:58:56-05:00,2026-09-26T16:58:56+00:00,"Cliente MQTT explicito (paho, SAS manual)",DC-HUMO-08,0.021,26.05,2026-09-26T16:58:56+00:00
2026-09-26T11:59:41-05:00,2026-09-26T16:59:41+00:00,"Cliente MQTT explicito (paho, SAS manual)",DC-HUMO-08,0.021,26.03,2026-09-26T16:59:41+00:00
2026-09-26T12:00:26-05:00,2026-09-26T17:00:26+00:00,"Cliente MQTT explicito (paho, SAS manual)",DC-HUMO-08,0.024,26.52,2026-09-26T17:00:26+00:00
2026-09-26T12:01:11-05:00,2026-09-26T17:01:11+00:00,"Cliente MQTT explicito (paho, SAS manual)",DC-HUMO-08,0.022,26.28,2026-09-26T17:01:11+00:00
2026-09-26T12:01:56-05:00,2026-09-26T17:01:56+00:00,"Cliente MQTT explicito (paho, SAS manual)",DC-HUMO-08,0.024,26.41,2026-09-26T17:01:56+00:00
2026-09-26T12:02:44-05:00,2026-09-26T17:02:44+00:00,"Cliente MQTT explicito (paho, SAS manual)",DC-HUMO-08,0.024,25.97,2026-09-26T17:02:44+00:00
2026-09-26T12:03:29-05:00,2026-09-26T17:03:29+00:00,"Cliente MQTT explicito (paho, SAS manual)",DC-HUMO-08,0.024,26.03,2026-09-26T17:03:29+00:00
2026-09-26T12:04:14-05:00,2026-09-26T17:04:14+00:00,"Cliente MQTT explicito (paho, SAS manual)",DC-HUMO-08,0.023,25.96,2026-09-26T17:04:14+00:00
2026-09-26T12:05:00-05:00,2026-09-26T17:05:00+00:00,"Cliente MQTT explicito (paho, SAS manual)",DC-HUMO-08,0.022,26.11,2026-09-26T17:05:00+00:00
2026-09-26T12:05:45-05:00,2026-09-26T17:05:45+00:00,"Cliente MQTT explicito (paho, SAS manual)",DC-HUMO-08,0.023,26.63,2026-09-26T17:05:45+00:00
2026-09-26T12:06:30-05:00,2026-09-26T17:06:30+00:00,"Cliente MQTT explicito (paho, SAS manual)",DC-HUMO-08,0.021,26.26,2026-09-26T17:06:30+00:00
2026-09-26T12:07:15-05:00,2026-09-26T17:07:15+00:00,"Cliente MQTT explicito (paho, SAS manual)",DC-HUMO-08,0.022,26.27,2026-09-26T17:07:15+00:00
2026-09-26T12:08:00-05:00,2026-09-26T17:08:00+00:00,"Cliente MQTT explicito (paho, SAS manual)",DC-HUMO-08,0.022,26.69,2026-09-26T17:08:00+00:00
2026-09-26T12:08:45-05:00,2026-09-26T17:08:45+00:00,"Cliente MQTT explicito (paho, SAS manual)",DC-HUMO-08,0.023,26.69,2026-09-26T17:08:45+00:00
2026-09-26T12:09:30-05:00,2026-09-26T17:09:30+00:00,"Cliente MQTT explicito (paho, SAS manual)",DC-HUMO-08,0.025,26.51,2026-09-26T17:09:30+00:00
2026-09-26T12:10:15-05:00,2026-09-26T17:10:15+00:00,"Cliente MQTT explicito (paho, SAS manual)",DC-HUMO-08,0.023,26.68,2026-09-26T17:10:15+00:00
2026-09-26T12:11:00-05:00,2026-09-26T17:11:00+00:00,"Cliente MQTT explicito (paho, SAS manual)",DC-HUMO-08,0.025,26.2,2026-09-26T17:11:00+00:00
2026-09-26T12:11:45-05:00,2026-09-26T17:11:45+00:00,"Cliente MQTT explicito (paho, SAS manual)",DC-HUMO-08,0.023,26.19,2026-09-26T17:11:45+00:00
2026-09-26T12:12:30-05:00,2026-09-26T17:12:30+00:00,"Cliente MQTT explicito (paho, SAS manual)",DC-HUMO-08,0.022,26.01,2026-09-26T17:12:30+00:00
2026-09-26T12:13:15-05:00,2026-09-26T17:13:15+00:00,"Cliente MQTT explicito (paho, SAS manual)",DC-HUMO-08,0.022,26.09,2026-09-26T17:13:15+00:00
2026-09-26T12:14:00-05:00,2026-09-26T17:14:00+00:00,"Cliente MQTT explicito (paho, SAS manual)",DC-HUMO-08,0.024,26.46,2026-09-26T17:14:00+00:00
2026-09-26T12:14:45-05:00,2026-09-26T17:14:45+00:00,"Cliente MQTT explicito (paho, SAS manual)",DC-HUMO-08,0.025,26.25,2026-09-26T17:14:45+00:00
2026-09-26T12:15:30-05:00,2026-09-26T17:15:30+00:00,"Cliente MQTT explicito (paho, SAS manual)",DC-HUMO-08,0.022,26.69,2026-09-26T17:15:30+00:00
2026-09-26T12:16:15-05:00,2026-09-26T17:16:15+00:00,"Cliente MQTT explicito (paho, SAS manual)",DC-HUMO-08,0.022,26.32,2026-09-26T17:16:15+00:00
2026-09-26T12:17:00-05:00,2026-09-26T17:17:00+00:00,"Cliente MQTT explicito (paho, SAS manual)",DC-HUMO-08,0.024,26.42,2026-09-26T17:17:00+00:00
2026-09-26T12:17:45-05:00,2026-09-26T17:17:45+00:00,"Cliente MQTT explicito (paho, SAS manual)",DC-HUMO-08,0.023,26.52,2026-09-26T17:17:45+00:00
2026-09-26T12:18:30-05:00,2026-09-26T17:18:30+00:00,"Cliente MQTT explicito (paho, SAS manual)",DC-HUMO-08,0.023,26.22,2026-09-26T17:18:30+00:00
2026-09-26T12:19:15-05:00,2026-09-26T17:19:15+00:00,"Cliente MQTT explicito (paho, SAS manual)",DC-HUMO-08,0.021,26.59,2026-09-26T17:19:15+00:00
2026-09-26T12:20:00-05:00,2026-09-26T17:20:00+00:00,"Cliente MQTT explicito (paho, SAS manual)",DC-HUMO-08,0.022,26.56,2026-09-26T17:20:00+00:00
2026-09-26T12:20:45-05:00,2026-09-26T17:20:45+00:00,"Cliente MQTT explicito (paho, SAS manual)",DC-HUMO-08,0.021,26.25,2026-09-26T17:20:45+00:00
2026-09-26T12:21:30-05:00,2026-09-26T17:21:30+00:00,"Cliente MQTT explicito (paho, SAS manual)",DC-HUMO-08,0.024,26.55,2026-09-26T17:21:30+00:00
2026-09-26T12:22:15-05:00,2026-09-26T17:22:15+00:00,"Cliente MQTT explicito (paho, SAS manual)",DC-HUMO-08,0.023,26.54,2026-09-26T17:22:15+00:00
2026-09-26T12:23:00-05:00,2026-09-26T17:23:00+00:00,"Cliente MQTT explicito (paho, SAS manual)",DC-HUMO-08,0.024,26.38,2026-09-26T17:23:00+00:00
2026-09-26T12:23:45-05:00,2026-09-26T17:23:45+00:00,"Cliente MQTT explicito (paho, SAS manual)",DC-HUMO-08,0.021,26.14,2026-09-26T17:23:45+00:00
2026-09-26T12:24:30-05:00,2026-09-26T17:24:30+00:00,"Cliente MQTT explicito (paho, SAS manual)",DC-HUMO-08,0.024,26.11,2026-09-26T17:24:30+00:00
2026-09-26T12:25:15-05:00,2026-09-26T17:25:15+00:00,"Cliente MQTT explicito (paho, SAS manual)",DC-HUMO-08,0.024,26.27,2026-09-26T17:25:15+00:00
2026-09-26T12:26:00-05:00,2026-09-26T17:26:00+00:00,"Cliente MQTT explicito (paho, SAS manual)",DC-HUMO-08,0.023,26.25,2026-09-26T17:26:00+00:00
2026-09-26T12:26:45-05:00,2026-09-26T17:26:45+00:00,"Cliente MQTT explicito (paho, SAS manual)",DC-HUMO-08,0.022,26.68,2026-09-26T17:26:45+00:00
2026-09-26T12:27:30-05:00,2026-09-26T17:27:30+00:00,"Cliente MQTT explicito (paho, SAS manual)",DC-HUMO-08,0.021,26.42,2026-09-26T17:27:30+00:00
2026-09-26T12:28:15-05:00,2026-09-26T17:28:15+00:00,"Cliente MQTT explicito (paho, SAS manual)",DC-HUMO-08,0.022,26.09,2026-09-26T17:28:15+00:00
2026-09-26T12:29:00-05:00,2026-09-26T17:29:00+00:00,"Cliente MQTT explicito (paho, SAS manual)",DC-HUMO-08,0.021,26.22,2026-09-26T17:29:00+00:00
2026-09-26T12:29:46-05:00,2026-09-26T17:29:46+00:00,"Cliente MQTT explicito (paho, SAS manual)",DC-HUMO-08,0.023,26.55,2026-09-26T17:29:46+00:00
2026-09-26T12:30:31-05:00,2026-09-26T17:30:31+00:00,"Cliente MQTT explicito (paho, SAS manual)",DC-HUMO-08,0.021,26.6,2026-09-26T17:30:31+00:00
2026-09-26T12:31:17-05:00,2026-09-26T17:31:17+00:00,"Cliente MQTT explicito (paho, SAS manual)",DC-HUMO-08,0.024,26.55,2026-09-26T17:31:17+00:00
2026-09-26T12:32:02-05:00,2026-09-26T17:32:02+00:00,"Cliente MQTT explicito (paho, SAS manual)",DC-HUMO-08,0.024,26.81,2026-09-26T17:32:02+00:00
2026-09-26T12:32:47-05:00,2026-09-26T17:32:47+00:00,"Cliente MQTT explicito (paho, SAS manual)",DC-HUMO-08,0.022,26.64,2026-09-26T17:32:47+00:00
2026-09-26T12:33:36-05:00,2026-09-26T17:33:36+00:00,"Cliente MQTT explicito (paho, SAS manual)",DC-HUMO-08,0.023,26.39,2026-09-26T17:33:36+00:00
2026-09-26T12:34:21-05:00,2026-09-26T17:34:21+00:00,"Cliente MQTT explicito (paho, SAS manual)",DC-HUMO-08,0.021,26.29,2026-09-26T17:34:21+00:00
2026-09-26T12:35:07-05:00,2026-09-26T17:35:07+00:00,"Cliente MQTT explicito (paho, SAS manual)",DC-HUMO-08,0.023,26.52,2026-09-26T17:35:07+00:00
2026-09-26T12:35:52-05:00,2026-09-26T17:35:52+00:00,"Cliente MQTT explicito (paho, SAS manual)",DC-HUMO-08,0.024,26.46,2026-09-26T17:35:52+00:00
2026-09-26T12:36:37-05:00,2026-09-26T17:36:37+00:00,"Cliente MQTT explicito (paho, SAS manual)",DC-HUMO-08,0.022,26.21,2026-09-26T17:36:37+00:00
2026-09-26T12:37:22-05:00,2026-09-26T17:37:22+00:00,"Cliente MQTT explicito (paho, SAS manual)",DC-HUMO-08,0.024,26.88,2026-09-26T17:37:22+00:00
2026-09-26T12:38:07-05:00,2026-09-26T17:38:07+00:00,"Cliente MQTT explicito (paho, SAS manual)",DC-HUMO-08,0.021,26.59,2026-09-26T17:38:07+00:00
2026-09-26T12:38:52-05:00,2026-09-26T17:38:52+00:00,"Cliente MQTT explicito (paho, SAS manual)",DC-HUMO-08,0.021,26.41,2026-09-26T17:38:52+00:00
2026-09-26T12:39:37-05:00,2026-09-26T17:39:37+00:00,"Cliente MQTT explicito (paho, SAS manual)",DC-HUMO-08,0.023,26.3,2026-09-26T17:39:37+00:00
2026-09-26T12:40:22-05:00,2026-09-26T17:40:22+00:00,"Cliente MQTT explicito (paho, SAS manual)",DC-HUMO-08,0.022,26.54,2026-09-26T17:40:22+00:00
2026-09-26T12:41:07-05:00,2026-09-26T17:41:07+00:00,"Cliente MQTT explicito (paho, SAS manual)",DC-HUMO-08,0.024,26.72,2026-09-26T17:41:07+00:00
2026-09-26T12:41:52-05:00,2026-09-26T17:41:52+00:00,"Cliente MQTT explicito (paho, SAS manual)",DC-HUMO-08,0.023,26.68,2026-09-26T17:41:52+00:00
2026-09-26T12:42:37-05:00,2026-09-26T17:42:37+00:00,"Cliente MQTT explicito (paho, SAS manual)",DC-HUMO-08,0.021,26.7,2026-09-26T17:42:37+00:00
2026-09-26T12:43:22-05:00,2026-09-26T17:43:22+00:00,"Cliente MQTT explicito (paho, SAS manual)",DC-HUMO-08,0.023,26.2,2026-09-26T17:43:22+00:00
2026-09-26T12:44:07-05:00,2026-09-26T17:44:07+00:00,"Cliente MQTT explicito (paho, SAS manual)",DC-HUMO-08,0.021,26.24,2026-09-26T17:44:07+00:00
2026-09-26T12:44:52-05:00,2026-09-26T17:44:52+00:00,"Cliente MQTT explicito (paho, SAS manual)",DC-HUMO-08,0.023,26.54,2026-09-26T17:44:52+00:00
2026-09-26T12:45:37-05:00,2026-09-26T17:45:37+00:00,"Cliente MQTT explicito (paho, SAS manual)",DC-HUMO-08,0.021,26.97,2026-09-26T17:45:37+00:00
2026-09-26T12:46:22-05:00,2026-09-26T17:46:22+00:00,"Cliente MQTT explicito (paho, SAS manual)",DC-HUMO-08,0.021,26.51,2026-09-26T17:46:22+00:00
2026-09-26T12:47:07-05:00,2026-09-26T17:47:07+00:00,"Cliente MQTT explicito (paho, SAS manual)",DC-HUMO-08,0.024,26.67,2026-09-26T17:47:07+00:00
2026-09-26T12:47:52-05:00,2026-09-26T17:47:52+00:00,"Cliente MQTT explicito (paho, SAS manual)",DC-HUMO-08,0.024,26.67,2026-09-26T17:47:52+00:00
2026-09-26T12:48:37-05:00,2026-09-26T17:48:37+00:00,"Cliente MQTT explicito (paho, SAS manual)",DC-HUMO-08,0.023,26.38,2026-09-26T17:48:37+00:00
2026-09-26T12:49:22-05:00,2026-09-26T17:49:22+00:00,"Cliente MQTT explicito (paho, SAS manual)",DC-HUMO-08,0.023,26.34,2026-09-26T17:49:22+00:00
2026-09-26T12:50:07-05:00,2026-09-26T17:50:07+00:00,"Cliente MQTT explicito (paho, SAS manual)",DC-HUMO-08,0.024,26.85,2026-09-26T17:50:07+00:00
2026-09-26T12:50:52-05:00,2026-09-26T17:50:52+00:00,"Cliente MQTT explicito (paho, SAS manual)",DC-HUMO-08,0.021,26.24,2026-09-26T17:50:52+00:00
2026-09-26T12:51:37-05:00,2026-09-26T17:51:37+00:00,"Cliente MQTT explicito (paho, SAS manual)",DC-HUMO-08,0.022,26.5,2026-09-26T17:51:37+00:00
2026-09-26T12:52:22-05:00,2026-09-26T17:52:22+00:00,"Cliente MQTT explicito (paho, SAS manual)",DC-HUMO-08,0.024,26.68,2026-09-26T17:52:22+00:00
2026-09-26T12:53:07-05:00,2026-09-26T17:53:07+00:00,"Cliente MQTT explicito (paho, SAS manual)",DC-HUMO-08,0.023,26.32,2026-09-26T17:53:07+00:00
2026-09-26T12:53:52-05:00,2026-09-26T17:53:52+00:00,"Cliente MQTT explicito (paho, SAS manual)",DC-HUMO-08,0.024,26.71,2026-09-26T17:53:52+00:00
2026-09-26T12:54:37-05:00,2026-09-26T17:54:37+00:00,"Cliente MQTT explicito (paho, SAS manual)",DC-HUMO-08,0.021,26.71,2026-09-26T17:54:37+00:00
2026-09-26T12:55:22-05:00,2026-09-26T17:55:22+00:00,"Cliente MQTT explicito (paho, SAS manual)",DC-HUMO-08,0.024,26.26,2026-09-26T17:55:22+00:00
2026-09-26T12:56:07-05:00,2026-09-26T17:56:07+00:00,"Cliente MQTT explicito (paho, SAS manual)",DC-HUMO-08,0.021,26.34,2026-09-26T17:56:07+00:00
2026-09-26T12:56:52-05:00,2026-09-26T17:56:52+00:00,"Cliente MQTT explicito (paho, SAS manual)",DC-HUMO-08,0.021,26.95,2026-09-26T17:56:52+00:00
2026-09-26T12:57:37-05:00,2026-09-26T17:57:37+00:00,"Cliente MQTT explicito (paho, SAS manual)",DC-HUMO-08,0.023,26.34,2026-09-26T17:57:37+00:00
2026-09-26T12:58:22-05:00,2026-09-26T17:58:22+00:00,"Cliente MQTT explicito (paho, SAS manual)",DC-HUMO-08,0.023,26.57,2026-09-26T17:58:22+00:00
2026-09-26T12:59:07-05:00,2026-09-26T17:59:07+00:00,"Cliente MQTT explicito (paho, SAS manual)",DC-HUMO-08,0.022,26.69,2026-09-26T17:59:07+00:00
2026-09-26T12:59:52-05:00,2026-09-26T17:59:52+00:00,"Cliente MQTT explicito (paho, SAS manual)",DC-HUMO-08,0.022,26.36,2026-09-26T17:59:52+00:00
2026-09-26T13:00:37-05:00,2026-09-26T18:00:37+00:00,"Cliente MQTT explicito (paho, SAS manual)",DC-HUMO-08,0.022,27.01,2026-09-26T18:00:37+00:00
2026-09-26T13:01:22-05:00,2026-09-26T18:01:22+00:00,"Cliente MQTT explicito (paho, SAS manual)",DC-HUMO-08,0.024,26.56,2026-09-26T18:01:22+00:00
2026-09-26T13:02:07-05:00,2026-09-26T18:02:07+00:00,"Cliente MQTT explicito (paho, SAS manual)",DC-HUMO-08,0.022,26.5,2026-09-26T18:02:07+00:00
2026-09-26T13:02:52-05:00,2026-09-26T18:02:52+00:00,"Cliente MQTT explicito (paho, SAS manual)",DC-HUMO-08,0.022,26.44,2026-09-26T18:02:52+00:00
2026-09-26T13:03:37-05:00,2026-09-26T18:03:37+00:00,"Cliente MQTT explicito (paho, SAS manual)",DC-HUMO-08,0.021,26.98,2026-09-26T18:03:37+00:00
2026-09-26T13:04:22-05:00,2026-09-26T18:04:22+00:00,"Cliente MQTT explicito (paho, SAS manual)",DC-HUMO-08,0.023,26.68,2026-09-26T18:04:22+00:00
2026-09-26T13:05:09-05:00,2026-09-26T18:05:09+00:00,"Cliente MQTT explicito (paho, SAS manual)",DC-HUMO-08,0.021,26.51,2026-09-26T18:05:09+00:00
2026-09-26T13:05:54-05:00,2026-09-26T18:05:54+00:00,"Cliente MQTT explicito (paho, SAS manual)",DC-HUMO-08,0.024,26.48,2026-09-26T18:05:54+00:00
2026-09-26T13:06:39-05:00,2026-09-26T18:06:39+00:00,"Cliente MQTT explicito (paho, SAS manual)",DC-HUMO-08,0.023,26.78,2026-09-26T18:06:39+00:00
2026-09-26T13:07:24-05:00,2026-09-26T18:07:24+00:00,"Cliente MQTT explicito (paho, SAS manual)",DC-HUMO-08,0.022,26.65,2026-09-26T18:07:24+00:00
2026-09-26T13:08:09-05:00,2026-09-26T18:08:09+00:00,"Cliente MQTT explicito (paho, SAS manual)",DC-HUMO-08,0.022,26.5,2026-09-26T18:08:09+00:00
2026-09-26T13:08:54-05:00,2026-09-26T18:08:54+00:00,"Cliente MQTT explicito (paho, SAS manual)",DC-HUMO-08,0.021,26.82,2026-09-26T18:08:54+00:00
2026-09-26T13:09:39-05:00,2026-09-26T18:09:39+00:00,"Cliente MQTT explicito (paho, SAS manual)",DC-HUMO-08,0.024,26.42,2026-09-26T18:09:39+00:00
2026-09-26T13:10:24-05:00,2026-09-26T18:10:24+00:00,"Cliente MQTT explicito (paho, SAS manual)",DC-HUMO-08,0.021,26.92,2026-09-26T18:10:24+00:00
2026-09-26T13:11:10-05:00,2026-09-26T18:11:10+00:00,"Cliente MQTT explicito (paho, SAS manual)",DC-HUMO-08,0.02,26.74,2026-09-26T18:11:10+00:00
2026-09-26T13:11:55-05:00,2026-09-26T18:11:55+00:00,"Cliente MQTT explicito (paho, SAS manual)",DC-HUMO-08,0.022,26.81,2026-09-26T18:11:55+00:00
2026-09-26T13:12:40-05:00,2026-09-26T18:12:40+00:00,"Cliente MQTT explicito (paho, SAS manual)",DC-HUMO-08,0.021,26.64,2026-09-26T18:12:40+00:00
2026-09-26T13:13:25-05:00,2026-09-26T18:13:25+00:00,"Cliente MQTT explicito (paho, SAS manual)",DC-HUMO-08,0.022,26.72,2026-09-26T18:13:25+00:00
2026-09-26T13:14:10-05:00,2026-09-26T18:14:10+00:00,"Cliente MQTT explicito (paho, SAS manual)",DC-HUMO-08,0.023,26.99,2026-09-26T18:14:10+00:00
2026-09-26T13:14:57-05:00,2026-09-26T18:14:57+00:00,"Cliente MQTT explicito (paho, SAS manual)",DC-HUMO-08,0.021,26.93,2026-09-26T18:14:57+00:00
2026-09-26T13:15:42-05:00,2026-09-26T18:15:42+00:00,"Cliente MQTT explicito (paho, SAS manual)",DC-HUMO-08,0.023,26.52,2026-09-26T18:15:42+00:00
2026-09-26T13:16:27-05:00,2026-09-26T18:16:27+00:00,"Cliente MQTT explicito (paho, SAS manual)",DC-HUMO-08,0.024,26.86,2026-09-26T18:16:27+00:00
2026-09-26T13:17:12-05:00,2026-09-26T18:17:12+00:00,"Cliente MQTT explicito (paho, SAS manual)",DC-HUMO-08,0.022,26.93,2026-09-26T18:17:12+00:00
2026-09-26T13:17:57-05:00,2026-09-26T18:17:57+00:00,"Cliente MQTT explicito (paho, SAS manual)",DC-HUMO-08,0.021,26.67,2026-09-26T18:17:57+00:00
2026-09-26T13:18:42-05:00,2026-09-26T18:18:42+00:00,"Cliente MQTT explicito (paho, SAS manual)",DC-HUMO-08,0.023,26.9,2026-09-26T18:18:42+00:00
2026-09-26T13:19:27-05:00,2026-09-26T18:19:27+00:00,"Cliente MQTT explicito (paho, SAS manual)",DC-HUMO-08,0.023,26.44,2026-09-26T18:19:27+00:00
2026-09-26T13:20:12-05:00,2026-09-26T18:20:12+00:00,"Cliente MQTT explicito (paho, SAS manual)",DC-HUMO-08,0.021,26.89,2026-09-26T18:20:12+00:00
2026-09-26T13:20:57-05:00,2026-09-26T18:20:57+00:00,"Cliente MQTT explicito (paho, SAS manual)",DC-HUMO-08,0.022,26.88,2026-09-26T18:20:57+00:00
2026-09-26T13:21:42-05:00,2026-09-26T18:21:42+00:00,"Cliente MQTT explicito (paho, SAS manual)",DC-HUMO-08,0.02,26.74,2026-09-26T18:21:42+00:00
2026-09-26T13:22:27-05:00,2026-09-26T18:22:27+00:00,"Cliente MQTT explicito (paho, SAS manual)",DC-HUMO-08,0.021,26.84,2026-09-26T18:22:27+00:00
2026-09-26T13:23:12-05:00,2026-09-26T18:23:12+00:00,"Cliente MQTT explicito (paho, SAS manual)",DC-HUMO-08,0.022,26.39,2026-09-26T18:23:12+00:00
2026-09-26T13:23:57-05:00,2026-09-26T18:23:57+00:00,"Cliente MQTT explicito (paho, SAS manual)",DC-HUMO-08,0.02,26.78,2026-09-26T18:23:57+00:00
2026-09-26T13:24:42-05:00,2026-09-26T18:24:42+00:00,"Cliente MQTT explicito (paho, SAS manual)",DC-HUMO-08,0.023,27.02,2026-09-26T18:24:42+00:00
2026-09-26T13:25:27-05:00,2026-09-26T18:25:27+00:00,"Cliente MQTT explicito (paho, SAS manual)",DC-HUMO-08,0.021,27.18,2026-09-26T18:25:27+00:00
2026-09-26T13:26:12-05:00,2026-09-26T18:26:12+00:00,"Cliente MQTT explicito (paho, SAS manual)",DC-HUMO-08,0.02,26.51,2026-09-26T18:26:12+00:00
2026-09-26T13:26:57-05:00,2026-09-26T18:26:57+00:00,"Cliente MQTT explicito (paho, SAS manual)",DC-HUMO-08,0.023,26.53,2026-09-26T18:26:57+00:00
2026-09-26T13:27:42-05:00,2026-09-26T18:27:42+00:00,"Cliente MQTT explicito (paho, SAS manual)",DC-HUMO-08,0.022,27.02,2026-09-26T18:27:42+00:00
2026-09-26T13:28:27-05:00,2026-09-26T18:28:27+00:00,"Cliente MQTT explicito (paho, SAS manual)",DC-HUMO-08,0.022,26.88,2026-09-26T18:28:27+00:00
2026-09-26T13:29:12-05:00,2026-09-26T18:29:12+00:00,"Cliente MQTT explicito (paho, SAS manual)",DC-HUMO-08,0.021,26.93,2026-09-26T18:29:12+00:00
2026-09-26T13:29:57-05:00,2026-09-26T18:29:57+00:00,"Cliente MQTT explicito (paho, SAS manual)",DC-HUMO-08,0.021,27.04,2026-09-26T18:29:57+00:00
2026-09-26T13:30:42-05:00,2026-09-26T18:30:42+00:00,"Cliente MQTT explicito (paho, SAS manual)",DC-HUMO-08,0.021,27.0,2026-09-26T18:30:42+00:00
2026-09-26T13:31:27-05:00,2026-09-26T18:31:27+00:00,"Cliente MQTT explicito (paho, SAS manual)",DC-HUMO-08,0.02,26.42,2026-09-26T18:31:27+00:00
2026-09-26T13:32:12-05:00,2026-09-26T18:32:12+00:00,"Cliente MQTT explicito (paho, SAS manual)",DC-HUMO-08,0.022,27.08,2026-09-26T18:32:12+00:00
2026-09-26T13:32:57-05:00,2026-09-26T18:32:57+00:00,"Cliente MQTT explicito (paho, SAS manual)",DC-HUMO-08,0.023,26.63,2026-09-26T18:32:57+00:00
2026-09-26T13:33:42-05:00,2026-09-26T18:33:42+00:00,"Cliente MQTT explicito (paho, SAS manual)",DC-HUMO-08,0.023,26.91,2026-09-26T18:33:42+00:00
2026-09-26T13:34:28-05:00,2026-09-26T18:34:28+00:00,"Cliente MQTT explicito (paho, SAS manual)",DC-HUMO-08,0.02,26.7,2026-09-26T18:34:28+00:00
2026-09-26T13:35:13-05:00,2026-09-26T18:35:13+00:00,"Cliente MQTT explicito (paho, SAS manual)",DC-HUMO-08,0.023,26.9,2026-09-26T18:35:13+00:00
2026-09-26T13:35:58-05:00,2026-09-26T18:35:58+00:00,"Cliente MQTT explicito (paho, SAS manual)",DC-HUMO-08,0.023,27.15,2026-09-26T18:35:58+00:00
2026-09-26T13:36:43-05:00,2026-09-26T18:36:43+00:00,"Cliente MQTT explicito (paho, SAS manual)",DC-HUMO-08,0.02,27.19,2026-09-26T18:36:43+00:00
2026-09-26T13:37:29-05:00,2026-09-26T18:37:29+00:00,"Cliente MQTT explicito (paho, SAS manual)",DC-HUMO-08,0.02,26.85,2026-09-26T18:37:29+00:00
2026-09-26T13:38:15-05:00,2026-09-26T18:38:15+00:00,"Cliente MQTT explicito (paho, SAS manual)",DC-HUMO-08,0.02,26.89,2026-09-26T18:38:15+00:00
2026-09-26T13:39:00-05:00,2026-09-26T18:39:00+00:00,"Cliente MQTT explicito (paho, SAS manual)",DC-HUMO-08,0.02,26.75,2026-09-26T18:39:00+00:00
2026-09-26T13:39:45-05:00,2026-09-26T18:39:45+00:00,"Cliente MQTT explicito (paho, SAS manual)",DC-HUMO-08,0.02,26.57,2026-09-26T18:39:45+00:00
2026-09-26T13:40:30-05:00,2026-09-26T18:40:30+00:00,"Cliente MQTT explicito (paho, SAS manual)",DC-HUMO-08,0.022,26.82,2026-09-26T18:40:30+00:00
2026-09-26T13:41:15-05:00,2026-09-26T18:41:15+00:00,"Cliente MQTT explicito (paho, SAS manual)",DC-HUMO-08,0.02,27.06,2026-09-26T18:41:15+00:00
2026-09-26T13:42:00-05:00,2026-09-26T18:42:00+00:00,"Cliente MQTT explicito (paho, SAS manual)",DC-HUMO-08,0.021,26.6,2026-09-26T18:42:00+00:00
2026-09-26T13:42:45-05:00,2026-09-26T18:42:45+00:00,"Cliente MQTT explicito (paho, SAS manual)",DC-HUMO-08,0.021,26.83,2026-09-26T18:42:45+00:00
2026-09-26T13:43:30-05:00,2026-09-26T18:43:30+00:00,"Cliente MQTT explicito (paho, SAS manual)",DC-HUMO-08,0.022,26.83,2026-09-26T18:43:30+00:00
2026-09-26T13:44:15-05:00,2026-09-26T18:44:15+00:00,"Cliente MQTT explicito (paho, SAS manual)",DC-HUMO-08,0.021,26.55,2026-09-26T18:44:15+00:00
2026-09-26T13:45:00-05:00,2026-09-26T18:45:00+00:00,"Cliente MQTT explicito (paho, SAS manual)",DC-HUMO-08,0.022,27.22,2026-09-26T18:45:00+00:00
2026-09-26T13:45:45-05:00,2026-09-26T18:45:45+00:00,"Cliente MQTT explicito (paho, SAS manual)",DC-HUMO-08,0.02,26.5,2026-09-26T18:45:45+00:00
2026-09-26T13:46:30-05:00,2026-09-26T18:46:30+00:00,"Cliente MQTT explicito (paho, SAS manual)",DC-HUMO-08,0.023,27.2,2026-09-26T18:46:30+00:00
2026-09-26T13:47:15-05:00,2026-09-26T18:47:15+00:00,"Cliente MQTT explicito (paho, SAS manual)",DC-HUMO-08,0.023,27.17,2026-09-26T18:47:15+00:00
2026-09-26T13:48:00-05:00,2026-09-26T18:48:00+00:00,"Cliente MQTT explicito (paho, SAS manual)",DC-HUMO-08,0.022,26.61,2026-09-26T18:48:00+00:00
2026-09-26T13:48:45-05:00,2026-09-26T18:48:45+00:00,"Cliente MQTT explicito (paho, SAS manual)",DC-HUMO-08,0.022,27.04,2026-09-26T18:48:45+00:00
2026-09-26T13:49:30-05:00,2026-09-26T18:49:30+00:00,"Cliente MQTT explicito (paho, SAS manual)",DC-HUMO-08,0.023,26.6,2026-09-26T18:49:30+00:00
2026-09-26T13:50:15-05:00,2026-09-26T18:50:15+00:00,"Cliente MQTT explicito (paho, SAS manual)",DC-HUMO-08,0.021,26.86,2026-09-26T18:50:15+00:00
2026-09-26T13:51:00-05:00,2026-09-26T18:51:00+00:00,"Cliente MQTT explicito (paho, SAS manual)",DC-HUMO-08,0.02,27.12,2026-09-26T18:51:00+00:00
2026-09-26T13:51:45-05:00,2026-09-26T18:51:45+00:00,"Cliente MQTT explicito (paho, SAS manual)",DC-HUMO-08,0.021,26.64,2026-09-26T18:51:45+00:00
2026-09-26T13:52:30-05:00,2026-09-26T18:52:30+00:00,"Cliente MQTT explicito (paho, SAS manual)",DC-HUMO-08,0.02,26.58,2026-09-26T18:52:30+00:00
2026-09-26T13:53:15-05:00,2026-09-26T18:53:15+00:00,"Cliente MQTT explicito (paho, SAS manual)",DC-HUMO-08,0.023,26.79,2026-09-26T18:53:15+00:00
2026-09-26T13:54:00-05:00,2026-09-26T18:54:00+00:00,"Cliente MQTT explicito (paho, SAS manual)",DC-HUMO-08,0.02,26.8,2026-09-26T18:54:00+00:00
2026-09-26T13:54:45-05:00,2026-09-26T18:54:45+00:00,"Cliente MQTT explicito (paho, SAS manual)",DC-HUMO-08,0.021,26.84,2026-09-26T18:54:45+00:00
2026-09-26T13:55:30-05:00,2026-09-26T18:55:30+00:00,"Cliente MQTT explicito (paho, SAS manual)",DC-HUMO-08,0.021,27.25,2026-09-26T18:55:30+00:00
2026-09-26T13:56:15-05:00,2026-09-26T18:56:15+00:00,"Cliente MQTT explicito (paho, SAS manual)",DC-HUMO-08,0.022,26.99,2026-09-26T18:56:15+00:00
2026-09-26T13:57:00-05:00,2026-09-26T18:57:00+00:00,"Cliente MQTT explicito (paho, SAS manual)",DC-HUMO-08,0.019,26.53,2026-09-26T18:57:00+00:00
2026-09-26T13:57:45-05:00,2026-09-26T18:57:45+00:00,"Cliente MQTT explicito (paho, SAS manual)",DC-HUMO-08,0.022,27.29,2026-09-26T18:57:45+00:00
2026-09-26T13:58:30-05:00,2026-09-26T18:58:30+00:00,"Cliente MQTT explicito (paho, SAS manual)",DC-HUMO-08,0.021,26.75,2026-09-26T18:58:30+00:00
2026-09-26T13:59:15-05:00,2026-09-26T18:59:15+00:00,"Cliente MQTT explicito (paho, SAS manual)",DC-HUMO-08,0.021,26.83,2026-09-26T18:59:15+00:00
2026-09-26T14:00:01-05:00,2026-09-26T19:00:01+00:00,"Cliente MQTT explicito (paho, SAS manual)",DC-HUMO-08,0.019,27.13,2026-09-26T19:00:01+00:00
2026-09-26T14:00:46-05:00,2026-09-26T19:00:46+00:00,"Cliente MQTT explicito (paho, SAS manual)",DC-HUMO-08,0.022,27.13,2026-09-26T19:00:46+00:00
2026-09-26T14:01:31-05:00,2026-09-26T19:01:31+00:00,"Cliente MQTT explicito (paho, SAS manual)",DC-HUMO-08,0.023,26.82,2026-09-26T19:01:31+00:00
2026-09-26T14:02:16-05:00,2026-09-26T19:02:16+00:00,"Cliente MQTT explicito (paho, SAS manual)",DC-HUMO-08,0.02,27.06,2026-09-26T19:02:16+00:00
2026-09-26T14:03:01-05:00,2026-09-26T19:03:01+00:00,"Cliente MQTT explicito (paho, SAS manual)",DC-HUMO-08,0.02,27.31,2026-09-26T19:03:01+00:00
2026-09-26T14:03:46-05:00,2026-09-26T19:03:46+00:00,"Cliente MQTT explicito (paho, SAS manual)",DC-HUMO-08,0.022,26.68,2026-09-26T19:03:46+00:00
2026-09-26T14:04:31-05:00,2026-09-26T19:04:31+00:00,"Cliente MQTT explicito (paho, SAS manual)",DC-HUMO-08,0.022,26.54,2026-09-26T19:04:31+00:00
2026-09-26T14:05:16-05:00,2026-09-26T19:05:16+00:00,"Cliente MQTT explicito (paho, SAS manual)",DC-HUMO-08,0.02,26.98,2026-09-26T19:05:16+00:00
2026-09-26T14:06:02-05:00,2026-09-26T19:06:02+00:00,"Cliente MQTT explicito (paho, SAS manual)",DC-HUMO-08,0.021,26.77,2026-09-26T19:06:02+00:00
2026-09-26T14:06:47-05:00,2026-09-26T19:06:47+00:00,"Cliente MQTT explicito (paho, SAS manual)",DC-HUMO-08,0.019,27.25,2026-09-26T19:06:47+00:00
2026-09-26T14:07:32-05:00,2026-09-26T19:07:32+00:00,"Cliente MQTT explicito (paho, SAS manual)",DC-HUMO-08,0.02,26.72,2026-09-26T19:07:32+00:00
2026-09-26T14:08:17-05:00,2026-09-26T19:08:17+00:00,"Cliente MQTT explicito (paho, SAS manual)",DC-HUMO-08,0.022,26.59,2026-09-26T19:08:17+00:00
2026-09-26T14:09:02-05:00,2026-09-26T19:09:02+00:00,"Cliente MQTT explicito (paho, SAS manual)",DC-HUMO-08,0.022,26.67,2026-09-26T19:09:02+00:00
2026-09-26T14:09:47-05:00,2026-09-26T19:09:47+00:00,"Cliente MQTT explicito (paho, SAS manual)",DC-HUMO-08,0.022,26.85,2026-09-26T19:09:47+00:00
2026-09-26T14:10:32-05:00,2026-09-26T19:10:32+00:00,"Cliente MQTT explicito (paho, SAS manual)",DC-HUMO-08,0.021,27.31,2026-09-26T19:10:32+00:00
2026-09-26T14:11:17-05:00,2026-09-26T19:11:17+00:00,"Cliente MQTT explicito (paho, SAS manual)",DC-HUMO-08,0.023,26.95,2026-09-26T19:11:17+00:00
2026-09-26T14:12:02-05:00,2026-09-26T19:12:02+00:00,"Cliente MQTT explicito (paho, SAS manual)",DC-HUMO-08,0.022,26.56,2026-09-26T19:12:02+00:00
2026-09-26T14:12:47-05:00,2026-09-26T19:12:47+00:00,"Cliente MQTT explicito (paho, SAS manual)",DC-HUMO-08,0.021,26.83,2026-09-26T19:12:47+00:00
2026-09-26T14:13:32-05:00,2026-09-26T19:13:32+00:00,"Cliente MQTT explicito (paho, SAS manual)",DC-HUMO-08,0.019,26.68,2026-09-26T19:13:32+00:00
2026-09-26T14:14:17-05:00,2026-09-26T19:14:17+00:00,"Cliente MQTT explicito (paho, SAS manual)",DC-HUMO-08,0.022,26.93,2026-09-26T19:14:17+00:00
2026-09-26T14:15:02-05:00,2026-09-26T19:15:02+00:00,"Cliente MQTT explicito (paho, SAS manual)",DC-HUMO-08,0.021,26.6,2026-09-26T19:15:02+00:00
2026-09-26T14:15:47-05:00,2026-09-26T19:15:47+00:00,"Cliente MQTT explicito (paho, SAS manual)",DC-HUMO-08,0.022,26.64,2026-09-26T19:15:47+00:00
2026-09-26T14:16:32-05:00,2026-09-26T19:16:32+00:00,"Cliente MQTT explicito (paho, SAS manual)",DC-HUMO-08,0.02,27.21,2026-09-26T19:16:32+00:00
2026-09-26T14:17:17-05:00,2026-09-26T19:17:17+00:00,"Cliente MQTT explicito (paho, SAS manual)",DC-HUMO-08,0.022,26.75,2026-09-26T19:17:17+00:00
2026-09-26T14:18:02-05:00,2026-09-26T19:18:02+00:00,"Cliente MQTT explicito (paho, SAS manual)",DC-HUMO-08,0.02,27.07,2026-09-26T19:18:02+00:00
2026-09-26T14:18:47-05:00,2026-09-26T19:18:47+00:00,"Cliente MQTT explicito (paho, SAS manual)",DC-HUMO-08,0.021,26.77,2026-09-26T19:18:47+00:00
2026-09-26T14:19:32-05:00,2026-09-26T19:19:32+00:00,"Cliente MQTT explicito (paho, SAS manual)",DC-HUMO-08,0.019,26.95,2026-09-26T19:19:32+00:00
2026-09-26T14:20:17-05:00,2026-09-26T19:20:17+00:00,"Cliente MQTT explicito (paho, SAS manual)",DC-HUMO-08,0.019,26.94,2026-09-26T19:20:17+00:00
2026-09-26T14:21:02-05:00,2026-09-26T19:21:02+00:00,"Cliente MQTT explicito (paho, SAS manual)",DC-HUMO-08,0.021,26.97,2026-09-26T19:21:02+00:00
2026-09-26T14:21:47-05:00,2026-09-26T19:21:47+00:00,"Cliente MQTT explicito (paho, SAS manual)",DC-HUMO-08,0.023,26.69,2026-09-26T19:21:47+00:00
2026-09-26T14:22:32-05:00,2026-09-26T19:22:32+00:00,"Cliente MQTT explicito (paho, SAS manual)",DC-HUMO-08,0.022,26.62,2026-09-26T19:22:32+00:00
2026-09-26T14:23:17-05:00,2026-09-26T19:23:17+00:00,"Cliente MQTT explicito (paho, SAS manual)",DC-HUMO-08,0.02,27.26,2026-09-26T19:23:17+00:00
2026-09-26T14:24:02-05:00,2026-09-26T19:24:02+00:00,"Cliente MQTT explicito (paho, SAS manual)",DC-HUMO-08,0.02,27.03,2026-09-26T19:24:02+00:00
2026-09-26T14:24:47-05:00,2026-09-26T19:24:47+00:00,"Cliente MQTT explicito (paho, SAS manual)",DC-HUMO-08,0.023,27.07,2026-09-26T19:24:47+00:00
2026-09-26T14:25:33-05:00,2026-09-26T19:25:33+00:00,"Cliente MQTT explicito (paho, SAS manual)",DC-HUMO-08,0.021,26.59,2026-09-26T19:25:33+00:00
2026-09-26T14:26:19-05:00,2026-09-26T19:26:19+00:00,"Cliente MQTT explicito (paho, SAS manual)",DC-HUMO-08,0.02,26.87,2026-09-26T19:26:19+00:00
2026-09-26T14:27:04-05:00,2026-09-26T19:27:04+00:00,"Cliente MQTT explicito (paho, SAS manual)",DC-HUMO-08,0.022,26.86,2026-09-26T19:27:04+00:00
2026-09-26T14:27:49-05:00,2026-09-26T19:27:49+00:00,"Cliente MQTT explicito (paho, SAS manual)",DC-HUMO-08,0.02,26.82,2026-09-26T19:27:49+00:00
2026-09-26T14:28:34-05:00,2026-09-26T19:28:34+00:00,"Cliente MQTT explicito (paho, SAS manual)",DC-HUMO-08,0.019,27.12,2026-09-26T19:28:34+00:00
2026-09-26T14:29:19-05:00,2026-09-26T19:29:19+00:00,"Cliente MQTT explicito (paho, SAS manual)",DC-HUMO-08,0.019,26.94,2026-09-26T19:29:19+00:00
2026-09-26T14:30:04-05:00,2026-09-26T19:30:04+00:00,"Cliente MQTT explicito (paho, SAS manual)",DC-HUMO-08,0.02,27.05,2026-09-26T19:30:04+00:00
2026-09-26T14:30:49-05:00,2026-09-26T19:30:49+00:00,"Cliente MQTT explicito (paho, SAS manual)",DC-HUMO-08,0.019,27.28,2026-09-26T19:30:49+00:00
2026-09-26T14:31:34-05:00,2026-09-26T19:31:34+00:00,"Cliente MQTT explicito (paho, SAS manual)",DC-HUMO-08,0.02,27.15,2026-09-26T19:31:34+00:00
2026-09-26T14:32:19-05:00,2026-09-26T19:32:19+00:00,"Cliente MQTT explicito (paho, SAS manual)",DC-HUMO-08,0.022,27.28,2026-09-26T19:32:19+00:00
2026-09-26T14:33:04-05:00,2026-09-26T19:33:04+00:00,"Cliente MQTT explicito (paho, SAS manual)",DC-HUMO-08,0.019,26.71,2026-09-26T19:33:04+00:00
2026-09-26T14:33:51-05:00,2026-09-26T19:33:51+00:00,"Cliente MQTT explicito (paho, SAS manual)",DC-HUMO-08,0.019,27.38,2026-09-26T19:33:51+00:00
2026-09-26T14:34:36-05:00,2026-09-26T19:34:36+00:00,"Cliente MQTT explicito (paho, SAS manual)",DC-HUMO-08,0.022,26.95,2026-09-26T19:34:36+00:00
2026-09-26T14:35:21-05:00,2026-09-26T19:35:21+00:00,"Cliente MQTT explicito (paho, SAS manual)",DC-HUMO-08,0.019,27.27,2026-09-26T19:35:21+00:00
2026-09-26T14:36:06-05:00,2026-09-26T19:36:06+00:00,"Cliente MQTT explicito (paho, SAS manual)",DC-HUMO-08,0.021,26.69,2026-09-26T19:36:06+00:00
2026-09-26T14:36:52-05:00,2026-09-26T19:36:52+00:00,"Cliente MQTT explicito (paho, SAS manual)",DC-HUMO-08,0.02,27.37,2026-09-26T19:36:52+00:00
2026-09-26T14:37:39-05:00,2026-09-26T19:37:39+00:00,"Cliente MQTT explicito (paho, SAS manual)",DC-HUMO-08,0.019,27.01,2026-09-26T19:37:39+00:00
2026-09-26T14:38:25-05:00,2026-09-26T19:38:25+00:00,"Cliente MQTT explicito (paho, SAS manual)",DC-HUMO-08,0.02,26.98,2026-09-26T19:38:25+00:00
2026-09-26T14:39:10-05:00,2026-09-26T19:39:10+00:00,"Cliente MQTT explicito (paho, SAS manual)",DC-HUMO-08,0.021,27.04,2026-09-26T19:39:10+00:00
2026-09-26T14:39:55-05:00,2026-09-26T19:39:55+00:00,"Cliente MQTT explicito (paho, SAS manual)",DC-HUMO-08,0.022,27.01,2026-09-26T19:39:55+00:00
2026-09-26T14:40:40-05:00,2026-09-26T19:40:40+00:00,"Cliente MQTT explicito (paho, SAS manual)",DC-HUMO-08,0.021,26.78,2026-09-26T19:40:40+00:00
2026-09-26T14:41:25-05:00,2026-09-26T19:41:25+00:00,"Cliente MQTT explicito (paho, SAS manual)",DC-HUMO-08,0.022,26.95,2026-09-26T19:41:25+00:00
2026-09-26T14:42:10-05:00,2026-09-26T19:42:10+00:00,"Cliente MQTT explicito (paho, SAS manual)",DC-HUMO-08,0.019,27.24,2026-09-26T19:42:10+00:00
2026-09-26T14:42:55-05:00,2026-09-26T19:42:55+00:00,"Cliente MQTT explicito (paho, SAS manual)",DC-HUMO-08,0.019,27.18,2026-09-26T19:42:55+00:00
2026-09-26T14:43:40-05:00,2026-09-26T19:43:40+00:00,"Cliente MQTT explicito (paho, SAS manual)",DC-HUMO-08,0.02,27.32,2026-09-26T19:43:40+00:00
2026-09-26T14:44:25-05:00,2026-09-26T19:44:25+00:00,"Cliente MQTT explicito (paho, SAS manual)",DC-HUMO-08,0.022,26.99,2026-09-26T19:44:25+00:00
2026-09-26T14:45:11-05:00,2026-09-26T19:45:11+00:00,"Cliente MQTT explicito (paho, SAS manual)",DC-HUMO-08,0.021,27.18,2026-09-26T19:45:11+00:00
2026-09-26T14:45:56-05:00,2026-09-26T19:45:56+00:00,"Cliente MQTT explicito (paho, SAS manual)",DC-HUMO-08,0.02,26.81,2026-09-26T19:45:56+00:00
2026-09-26T14:46:41-05:00,2026-09-26T19:46:41+00:00,"Cliente MQTT explicito (paho, SAS manual)",DC-HUMO-08,0.019,27.08,2026-09-26T19:46:41+00:00
2026-09-26T14:47:26-05:00,2026-09-26T19:47:26+00:00,"Cliente MQTT explicito (paho, SAS manual)",DC-HUMO-08,0.021,27.09,2026-09-26T19:47:26+00:00
2026-09-26T14:48:11-05:00,2026-09-26T19:48:11+00:00,"Cliente MQTT explicito (paho, SAS manual)",DC-HUMO-08,0.02,26.68,2026-09-26T19:48:11+00:00
2026-09-26T14:48:56-05:00,2026-09-26T19:48:56+00:00,"Cliente MQTT explicito (paho, SAS manual)",DC-HUMO-08,0.019,26.9,2026-09-26T19:48:56+00:00
2026-09-26T14:49:41-05:00,2026-09-26T19:49:41+00:00,"Cliente MQTT explicito (paho, SAS manual)",DC-HUMO-08,0.019,26.96,2026-09-26T19:49:41+00:00
2026-09-26T14:50:26-05:00,2026-09-26T19:50:26+00:00,"Cliente MQTT explicito (paho, SAS manual)",DC-HUMO-08,0.021,27.14,2026-09-26T19:50:26+00:00
2026-09-26T14:51:11-05:00,2026-09-26T19:51:11+00:00,"Cliente MQTT explicito (paho, SAS manual)",DC-HUMO-08,0.018,26.77,2026-09-26T19:51:11+00:00
2026-09-26T14:51:57-05:00,2026-09-26T19:51:57+00:00,"Cliente MQTT explicito (paho, SAS manual)",DC-HUMO-08,0.019,27.3,2026-09-26T19:51:57+00:00
2026-09-26T14:52:42-05:00,2026-09-26T19:52:42+00:00,"Cliente MQTT explicito (paho, SAS manual)",DC-HUMO-08,0.022,27.04,2026-09-26T19:52:42+00:00
2026-09-26T14:53:27-05:00,2026-09-26T19:53:27+00:00,"Cliente MQTT explicito (paho, SAS manual)",DC-HUMO-08,0.019,26.73,2026-09-26T19:53:27+00:00
2026-09-26T14:54:12-05:00,2026-09-26T19:54:12+00:00,"Cliente MQTT explicito (paho, SAS manual)",DC-HUMO-08,0.021,26.73,2026-09-26T19:54:12+00:00
2026-09-26T14:54:57-05:00,2026-09-26T19:54:57+00:00,"Cliente MQTT explicito (paho, SAS manual)",DC-HUMO-08,0.021,27.32,2026-09-26T19:54:57+00:00
2026-09-26T14:55:42-05:00,2026-09-26T19:55:42+00:00,"Cliente MQTT explicito (paho, SAS manual)",DC-HUMO-08,0.019,26.74,2026-09-26T19:55:42+00:00
2026-09-26T14:56:27-05:00,2026-09-26T19:56:27+00:00,"Cliente MQTT explicito (paho, SAS manual)",DC-HUMO-08,0.019,27.29,2026-09-26T19:56:27+00:00
2026-09-26T14:57:12-05:00,2026-09-26T19:57:12+00:00,"Cliente MQTT explicito (paho, SAS manual)",DC-HUMO-08,0.021,27.18,2026-09-26T19:57:12+00:00
2026-09-26T14:58:00-05:00,2026-09-26T19:58:00+00:00,"Cliente MQTT explicito (paho, SAS manual)",DC-HUMO-08,0.019,27.13,2026-09-26T19:58:00+00:00
2026-09-26T14:58:45-05:00,2026-09-26T19:58:45+00:00,"Cliente MQTT explicito (paho, SAS manual)",DC-HUMO-08,0.019,26.73,2026-09-26T19:58:45+00:00
2026-09-26T14:59:30-05:00,2026-09-26T19:59:30+00:00,"Cliente MQTT explicito (paho, SAS manual)",DC-HUMO-08,0.022,27.15,2026-09-26T19:59:30+00:00
2026-09-26T15:00:15-05:00,2026-09-26T20:00:15+00:00,"Cliente MQTT explicito (paho, SAS manual)",DC-HUMO-08,0.022,27.1,2026-09-26T20:00:15+00:00
2026-09-26T15:01:00-05:00,2026-09-26T20:01:00+00:00,"Cliente MQTT explicito (paho, SAS manual)",DC-HUMO-08,0.022,27.34,2026-09-26T20:01:00+00:00
2026-09-26T15:01:46-05:00,2026-09-26T20:01:46+00:00,"Cliente MQTT explicito (paho, SAS manual)",DC-HUMO-08,0.021,26.67,2026-09-26T20:01:46+00:00
2026-09-26T15:02:31-05:00,2026-09-26T20:02:31+00:00,"Cliente MQTT explicito (paho, SAS manual)",DC-HUMO-08,0.02,26.96,2026-09-26T20:02:31+00:00
2026-09-26T15:03:16-05:00,2026-09-26T20:03:16+00:00,"Cliente MQTT explicito (paho, SAS manual)",DC-HUMO-08,0.02,26.95,2026-09-26T20:03:16+00:00
2026-09-26T15:04:01-05:00,2026-09-26T20:04:01+00:00,"Cliente MQTT explicito (paho, SAS manual)",DC-HUMO-08,0.019,27.34,2026-09-26T20:04:01+00:00
2026-09-26T15:04:46-05:00,2026-09-26T20:04:46+00:00,"Cliente MQTT explicito (paho, SAS manual)",DC-HUMO-08,0.022,27.31,2026-09-26T20:04:46+00:00
2026-09-26T15:05:31-05:00,2026-09-26T20:05:31+00:00,"Cliente MQTT explicito (paho, SAS manual)",DC-HUMO-08,0.021,27.13,2026-09-26T20:05:31+00:00
2026-09-26T15:06:16-05:00,2026-09-26T20:06:16+00:00,"Cliente MQTT explicito (paho, SAS manual)",DC-HUMO-08,0.022,26.98,2026-09-26T20:06:16+00:00
2026-09-26T15:07:01-05:00,2026-09-26T20:07:01+00:00,"Cliente MQTT explicito (paho, SAS manual)",DC-HUMO-08,0.022,26.9,2026-09-26T20:07:01+00:00
2026-09-26T15:07:47-05:00,2026-09-26T20:07:47+00:00,"Cliente MQTT explicito (paho, SAS manual)",DC-HUMO-08,0.02,26.88,2026-09-26T20:07:47+00:00
2026-09-26T15:08:32-05:00,2026-09-26T20:08:32+00:00,"Cliente MQTT explicito (paho, SAS manual)",DC-HUMO-08,0.021,27.02,2026-09-26T20:08:32+00:00
2026-09-26T15:09:18-05:00,2026-09-26T20:09:18+00:00,"Cliente MQTT explicito (paho, SAS manual)",DC-HUMO-08,0.021,26.61,2026-09-26T20:09:18+00:00
2026-09-26T15:10:03-05:00,2026-09-26T20:10:03+00:00,"Cliente MQTT explicito (paho, SAS manual)",DC-HUMO-08,0.02,26.98,2026-09-26T20:10:03+00:00
2026-09-26T15:10:48-05:00,2026-09-26T20:10:48+00:00,"Cliente MQTT explicito (paho, SAS manual)",DC-HUMO-08,0.019,26.99,2026-09-26T20:10:48+00:00
2026-09-26T15:11:33-05:00,2026-09-26T20:11:33+00:00,"Cliente MQTT explicito (paho, SAS manual)",DC-HUMO-08,0.021,27.04,2026-09-26T20:11:33+00:00
2026-09-26T15:12:19-05:00,2026-09-26T20:12:19+00:00,"Cliente MQTT explicito (paho, SAS manual)",DC-HUMO-08,0.019,26.64,2026-09-26T20:12:19+00:00
2026-09-26T15:13:04-05:00,2026-09-26T20:13:04+00:00,"Cliente MQTT explicito (paho, SAS manual)",DC-HUMO-08,0.019,27.07,2026-09-26T20:13:04+00:00
2026-09-26T15:13:49-05:00,2026-09-26T20:13:49+00:00,"Cliente MQTT explicito (paho, SAS manual)",DC-HUMO-08,0.021,27.23,2026-09-26T20:13:49+00:00
2026-09-26T15:14:34-05:00,2026-09-26T20:14:34+00:00,"Cliente MQTT explicito (paho, SAS manual)",DC-HUMO-08,0.02,26.77,2026-09-26T20:14:34+00:00
2026-09-26T15:15:19-05:00,2026-09-26T20:15:19+00:00,"Cliente MQTT explicito (paho, SAS manual)",DC-HUMO-08,0.019,27.25,2026-09-26T20:15:19+00:00
2026-09-26T15:16:04-05:00,2026-09-26T20:16:04+00:00,"Cliente MQTT explicito (paho, SAS manual)",DC-HUMO-08,0.021,27.1,2026-09-26T20:16:04+00:00
2026-09-26T15:16:49-05:00,2026-09-26T20:16:49+00:00,"Cliente MQTT explicito (paho, SAS manual)",DC-HUMO-08,0.019,26.93,2026-09-26T20:16:49+00:00
2026-09-26T15:17:35-05:00,2026-09-26T20:17:35+00:00,"Cliente MQTT explicito (paho, SAS manual)",DC-HUMO-08,0.021,26.74,2026-09-26T20:17:35+00:00
2026-09-26T15:18:20-05:00,2026-09-26T20:18:20+00:00,"Cliente MQTT explicito (paho, SAS manual)",DC-HUMO-08,0.018,27.24,2026-09-26T20:18:20+00:00
2026-09-26T15:19:05-05:00,2026-09-26T20:19:05+00:00,"Cliente MQTT explicito (paho, SAS manual)",DC-HUMO-08,0.019,26.83,2026-09-26T20:19:05+00:00
2026-09-26T15:19:51-05:00,2026-09-26T20:19:51+00:00,"Cliente MQTT explicito (paho, SAS manual)",DC-HUMO-08,0.02,27.08,2026-09-26T20:19:51+00:00
2026-09-26T15:20:36-05:00,2026-09-26T20:20:36+00:00,"Cliente MQTT explicito (paho, SAS manual)",DC-HUMO-08,0.019,26.69,2026-09-26T20:20:36+00:00
2026-09-26T15:21:21-05:00,2026-09-26T20:21:21+00:00,"Cliente MQTT explicito (paho, SAS manual)",DC-HUMO-08,0.018,26.95,2026-09-26T20:21:21+00:00
2026-09-26T15:22:06-05:00,2026-09-26T20:22:06+00:00,"Cliente MQTT explicito (paho, SAS manual)",DC-HUMO-08,0.02,27.08,2026-09-26T20:22:06+00:00
