ts_local,ts_utc,origen,device_id,tempPasillo,humedadPasillo,deltaPresionPa,tsDispositivo
2026-09-24T14:11:44-05:00,2026-09-24T19:11:44+00:00,Python SDK azure-iot-device (MQTT sobre WebSockets 443),DC-PASILLO-04,20.33,52.91,18.1,2026-09-24T19:11:43+00:00
2026-09-24T14:12:44-05:00,2026-09-24T19:12:44+00:00,Python SDK azure-iot-device (MQTT sobre WebSockets 443),DC-PASILLO-04,20.0,53.05,21.2,2026-09-24T19:12:44+00:00
2026-09-24T14:27:29-05:00,2026-09-24T19:27:29+00:00,Python SDK azure-iot-device (MQTT sobre WebSockets 443),DC-PASILLO-04,20.02,51.54,20.2,2026-09-24T19:27:29+00:00
2026-09-24T14:28:30-05:00,2026-09-24T19:28:30+00:00,Python SDK azure-iot-device (MQTT sobre WebSockets 443),DC-PASILLO-04,20.04,52.49,21.4,2026-09-24T19:28:29+00:00
2026-09-24T14:29:30-05:00,2026-09-24T19:29:30+00:00,Python SDK azure-iot-device (MQTT sobre WebSockets 443),DC-PASILLO-04,20.29,52.19,20.6,2026-09-24T19:29:30+00:00
2026-09-24T14:30:35-05:00,2026-09-24T19:30:35+00:00,Python SDK azure-iot-device (MQTT sobre WebSockets 443),DC-PASILLO-04,20.23,52.07,20.4,2026-09-24T19:30:35+00:00
2026-09-24T14:31:38-05:00,2026-09-24T19:31:38+00:00,Python SDK azure-iot-device (MQTT sobre WebSockets 443),DC-PASILLO-04,20.14,51.91,21.1,2026-09-24T19:31:38+00:00
2026-09-24T14:32:38-05:00,2026-09-24T19:32:38+00:00,Python SDK azure-iot-device (MQTT sobre WebSockets 443),DC-PASILLO-04,20.3,52.89,21.7,2026-09-24T19:32:38+00:00
2026-09-24T14:33:39-05:00,2026-09-24T19:33:39+00:00,Python SDK azure-iot-device (MQTT sobre WebSockets 443),DC-PASILLO-04,20.55,52.58,21.0,2026-09-24T19:33:38+00:00
2026-09-24T14:34:39-05:00,2026-09-24T19:34:39+00:00,Python SDK azure-iot-device (MQTT sobre WebSockets 443),DC-PASILLO-04,20.27,51.58,18.8,2026-09-24T19:34:39+00:00
2026-09-24T14:35:47-05:00,2026-09-24T19:35:47+00:00,Python SDK azure-iot-device (MQTT sobre WebSockets 443),DC-PASILLO-04,20.02,52.45,21.2,2026-09-24T19:35:47+00:00
2026-09-24T14:36:47-05:00,2026-09-24T19:36:47+00:00,Python SDK azure-iot-device (MQTT sobre WebSockets 443),DC-PASILLO-04,20.32,51.43,18.6,2026-09-24T19:36:47+00:00
2026-09-24T14:37:52-05:00,2026-09-24T19:37:52+00:00,Python SDK azure-iot-device (MQTT sobre WebSockets 443),DC-PASILLO-04,20.37,52.1,20.3,2026-09-24T19:37:52+00:00
2026-09-24T14:39:06-05:00,2026-09-24T19:39:06+00:00,Python SDK azure-iot-device (MQTT sobre WebSockets 443),DC-PASILLO-04,20.24,52.11,19.0,2026-09-24T19:39:06+00:00
2026-09-24T14:40:07-05:00,2026-09-24T19:40:07+00:00,Python SDK azure-iot-device (MQTT sobre WebSockets 443),DC-PASILLO-04,20.31,52.02,19.2,2026-09-24T19:40:06+00:00
2026-09-24T14:41:11-05:00,2026-09-24T19:41:11+00:00,Python SDK azure-iot-device (MQTT sobre WebSockets 443),DC-PASILLO-04,20.49,52.59,18.5,2026-09-24T19:41:10+00:00
2026-09-24T14:42:11-05:00,2026-09-24T19:42:11+00:00,Python SDK azure-iot-device (MQTT sobre WebSockets 443),DC-PASILLO-04,20.11,53.05,20.7,2026-09-24T19:42:11+00:00
2026-09-24T14:43:11-05:00,2026-09-24T19:43:11+00:00,Python SDK azure-iot-device (MQTT sobre WebSockets 443),DC-PASILLO-04,20.02,51.76,21.9,2026-09-24T19:43:11+00:00
2026-09-24T14:44:14-05:00,2026-09-24T19:44:14+00:00,Python SDK azure-iot-device (MQTT sobre WebSockets 443),DC-PASILLO-04,20.26,53.23,17.9,2026-09-24T19:44:14+00:00
2026-09-24T14:45:15-05:00,2026-09-24T19:45:15+00:00,Python SDK azure-iot-device (MQTT sobre WebSockets 443),DC-PASILLO-04,20.49,51.51,20.3,2026-09-24T19:45:14+00:00
2026-09-24T14:46:36-05:00,2026-09-24T19:46:36+00:00,Python SDK azure-iot-device (MQTT sobre WebSockets 443),DC-PASILLO-04,20.07,52.6,19.2,2026-09-24T19:46:35+00:00
2026-09-24T14:47:41-05:00,2026-09-24T19:47:41+00:00,Python SDK azure-iot-device (MQTT sobre WebSockets 443),DC-PASILLO-04,20.07,51.53,21.6,2026-09-24T19:47:40+00:00
2026-09-24T14:49:03-05:00,2026-09-24T19:49:03+00:00,Python SDK azure-iot-device (MQTT sobre WebSockets 443),DC-PASILLO-04,20.33,52.43,18.0,2026-09-24T19:49:03+00:00
2026-09-24T14:50:11-05:00,2026-09-24T19:50:11+00:00,Python SDK azure-iot-device (MQTT sobre WebSockets 443),DC-PASILLO-04,20.02,51.5,20.7,2026-09-24T19:50:11+00:00
2026-09-24T14:51:11-05:00,2026-09-24T19:51:11+00:00,Python SDK azure-iot-device (MQTT sobre WebSockets 443),DC-PASILLO-04,20.43,52.05,20.2,2026-09-24T19:51:11+00:00
2026-09-24T14:52:11-05:00,2026-09-24T19:52:11+00:00,Python SDK azure-iot-device (MQTT sobre WebSockets 443),DC-PASILLO-04,20.15,52.37,19.0,2026-09-24T19:52:11+00:00
2026-09-24T14:53:12-05:00,2026-09-24T19:53:12+00:00,Python SDK azure-iot-device (MQTT sobre WebSockets 443),DC-PASILLO-04,20.14,51.88,19.9,2026-09-24T19:53:11+00:00
2026-09-24T14:54:40-05:00,2026-09-24T19:54:40+00:00,Python SDK azure-iot-device (MQTT sobre WebSockets 443),DC-PASILLO-04,20.41,51.46,19.1,2026-09-24T19:54:39+00:00
2026-09-24T14:55:42-05:00,2026-09-24T19:55:42+00:00,Python SDK azure-iot-device (MQTT sobre WebSockets 443),DC-PASILLO-04,20.47,52.98,22.0,2026-09-24T19:55:42+00:00
2026-09-24T14:56:48-05:00,2026-09-24T19:56:48+00:00,Python SDK azure-iot-device (MQTT sobre WebSockets 443),DC-PASILLO-04,20.57,51.84,20.7,2026-09-24T19:56:48+00:00
2026-09-24T14:58:05-05:00,2026-09-24T19:58:05+00:00,Python SDK azure-iot-device (MQTT sobre WebSockets 443),DC-PASILLO-04,20.22,52.78,18.7,2026-09-24T19:58:05+00:00
2026-09-24T14:59:32-05:00,2026-09-24T19:59:32+00:00,Python SDK azure-iot-device (MQTT sobre WebSockets 443),DC-PASILLO-04,20.21,52.32,18.4,2026-09-24T19:59:32+00:00
2026-09-24T15:00:43-05:00,2026-09-24T20:00:43+00:00,Python SDK azure-iot-device (MQTT sobre WebSockets 443),DC-PASILLO-04,20.18,51.86,20.6,2026-09-24T20:00:42+00:00
2026-09-24T15:01:43-05:00,2026-09-24T20:01:43+00:00,Python SDK azure-iot-device (MQTT sobre WebSockets 443),DC-PASILLO-04,20.21,51.56,22.0,2026-09-24T20:01:43+00:00
2026-09-24T15:02:43-05:00,2026-09-24T20:02:43+00:00,Python SDK azure-iot-device (MQTT sobre WebSockets 443),DC-PASILLO-04,20.33,51.58,17.6,2026-09-24T20:02:43+00:00
2026-09-24T15:03:43-05:00,2026-09-24T20:03:43+00:00,Python SDK azure-iot-device (MQTT sobre WebSockets 443),DC-PASILLO-04,20.15,52.68,21.7,2026-09-24T20:03:43+00:00
2026-09-24T15:04:44-05:00,2026-09-24T20:04:44+00:00,Python SDK azure-iot-device (MQTT sobre WebSockets 443),DC-PASILLO-04,20.16,51.15,19.5,2026-09-24T20:04:43+00:00
2026-09-24T15:05:44-05:00,2026-09-24T20:05:44+00:00,Python SDK azure-iot-device (MQTT sobre WebSockets 443),DC-PASILLO-04,20.36,51.34,17.8,2026-09-24T20:05:44+00:00
2026-09-24T15:06:44-05:00,2026-09-24T20:06:44+00:00,Python SDK azure-iot-device (MQTT sobre WebSockets 443),DC-PASILLO-04,20.16,50.97,21.2,2026-09-24T20:06:44+00:00
2026-09-24T15:07:44-05:00,2026-09-24T20:07:44+00:00,Python SDK azure-iot-device (MQTT sobre WebSockets 443),DC-PASILLO-04,20.4,51.7,21.6,2026-09-24T20:07:44+00:00
2026-09-24T15:08:45-05:00,2026-09-24T20:08:45+00:00,Python SDK azure-iot-device (MQTT sobre WebSockets 443),DC-PASILLO-04,20.51,52.33,17.4,2026-09-24T20:08:44+00:00
2026-09-24T15:09:45-05:00,2026-09-24T20:09:45+00:00,Python SDK azure-iot-device (MQTT sobre WebSockets 443),DC-PASILLO-04,20.02,52.79,20.0,2026-09-24T20:09:45+00:00
2026-09-24T15:10:45-05:00,2026-09-24T20:10:45+00:00,Python SDK azure-iot-device (MQTT sobre WebSockets 443),DC-PASILLO-04,20.42,51.52,17.5,2026-09-24T20:10:45+00:00
2026-09-24T15:11:45-05:00,2026-09-24T20:11:45+00:00,Python SDK azure-iot-device (MQTT sobre WebSockets 443),DC-PASILLO-04,20.1,51.67,21.1,2026-09-24T20:11:45+00:00
2026-09-24T15:12:46-05:00,2026-09-24T20:12:46+00:00,Python SDK azure-iot-device (MQTT sobre WebSockets 443),DC-PASILLO-04,20.26,52.63,17.7,2026-09-24T20:12:45+00:00
2026-09-24T15:13:46-05:00,2026-09-24T20:13:46+00:00,Python SDK azure-iot-device (MQTT sobre WebSockets 443),DC-PASILLO-04,20.11,52.63,17.9,2026-09-24T20:13:46+00:00
2026-09-24T15:14:46-05:00,2026-09-24T20:14:46+00:00,Python SDK azure-iot-device (MQTT sobre WebSockets 443),DC-PASILLO-04,20.08,51.35,20.1,2026-09-24T20:14:46+00:00
2026-09-24T15:15:46-05:00,2026-09-24T20:15:46+00:00,Python SDK azure-iot-device (MQTT sobre WebSockets 443),DC-PASILLO-04,20.1,51.54,21.1,2026-09-24T20:15:46+00:00
2026-09-24T15:16:47-05:00,2026-09-24T20:16:47+00:00,Python SDK azure-iot-device (MQTT sobre WebSockets 443),DC-PASILLO-04,20.41,51.13,19.6,2026-09-24T20:16:47+00:00
2026-09-24T15:17:47-05:00,2026-09-24T20:17:47+00:00,Python SDK azure-iot-device (MQTT sobre WebSockets 443),DC-PASILLO-04,20.12,52.37,18.2,2026-09-24T20:17:47+00:00
2026-09-24T15:18:47-05:00,2026-09-24T20:18:47+00:00,Python SDK azure-iot-device (MQTT sobre WebSockets 443),DC-PASILLO-04,20.56,51.89,20.7,2026-09-24T20:18:47+00:00
2026-09-24T15:19:48-05:00,2026-09-24T20:19:48+00:00,Python SDK azure-iot-device (MQTT sobre WebSockets 443),DC-PASILLO-04,20.26,52.21,20.6,2026-09-24T20:19:47+00:00
2026-09-24T15:20:48-05:00,2026-09-24T20:20:48+00:00,Python SDK azure-iot-device (MQTT sobre WebSockets 443),DC-PASILLO-04,20.51,51.87,21.7,2026-09-24T20:20:48+00:00
2026-09-24T15:21:48-05:00,2026-09-24T20:21:48+00:00,Python SDK azure-iot-device (MQTT sobre WebSockets 443),DC-PASILLO-04,20.04,51.68,20.3,2026-09-24T20:21:48+00:00
2026-09-24T15:22:48-05:00,2026-09-24T20:22:48+00:00,Python SDK azure-iot-device (MQTT sobre WebSockets 443),DC-PASILLO-04,20.14,50.7,19.9,2026-09-24T20:22:48+00:00
2026-09-24T15:23:49-05:00,2026-09-24T20:23:49+00:00,Python SDK azure-iot-device (MQTT sobre WebSockets 443),DC-PASILLO-04,20.24,51.62,21.0,2026-09-24T20:23:48+00:00
2026-09-24T15:24:49-05:00,2026-09-24T20:24:49+00:00,Python SDK azure-iot-device (MQTT sobre WebSockets 443),DC-PASILLO-04,20.1,52.21,17.4,2026-09-24T20:24:49+00:00
2026-09-24T15:25:49-05:00,2026-09-24T20:25:49+00:00,Python SDK azure-iot-device (MQTT sobre WebSockets 443),DC-PASILLO-04,20.47,51.35,18.3,2026-09-24T20:25:49+00:00
2026-09-24T15:26:49-05:00,2026-09-24T20:26:49+00:00,Python SDK azure-iot-device (MQTT sobre WebSockets 443),DC-PASILLO-04,20.42,51.88,18.7,2026-09-24T20:26:49+00:00
2026-09-24T15:27:50-05:00,2026-09-24T20:27:50+00:00,Python SDK azure-iot-device (MQTT sobre WebSockets 443),DC-PASILLO-04,20.12,51.28,17.4,2026-09-24T20:27:49+00:00
2026-09-24T15:28:50-05:00,2026-09-24T20:28:50+00:00,Python SDK azure-iot-device (MQTT sobre WebSockets 443),DC-PASILLO-04,20.04,51.75,21.5,2026-09-24T20:28:50+00:00
2026-09-24T15:29:50-05:00,2026-09-24T20:29:50+00:00,Python SDK azure-iot-device (MQTT sobre WebSockets 443),DC-PASILLO-04,20.21,51.37,20.7,2026-09-24T20:29:50+00:00
2026-09-24T15:30:50-05:00,2026-09-24T20:30:50+00:00,Python SDK azure-iot-device (MQTT sobre WebSockets 443),DC-PASILLO-04,19.96,50.96,21.5,2026-09-24T20:30:50+00:00
2026-09-24T15:31:51-05:00,2026-09-24T20:31:51+00:00,Python SDK azure-iot-device (MQTT sobre WebSockets 443),DC-PASILLO-04,20.38,50.83,18.0,2026-09-24T20:31:50+00:00
2026-09-24T15:32:51-05:00,2026-09-24T20:32:51+00:00,Python SDK azure-iot-device (MQTT sobre WebSockets 443),DC-PASILLO-04,20.05,51.12,19.6,2026-09-24T20:32:51+00:00
2026-09-24T15:33:51-05:00,2026-09-24T20:33:51+00:00,Python SDK azure-iot-device (MQTT sobre WebSockets 443),DC-PASILLO-04,20.17,52.24,17.6,2026-09-24T20:33:51+00:00
2026-09-24T15:34:51-05:00,2026-09-24T20:34:51+00:00,Python SDK azure-iot-device (MQTT sobre WebSockets 443),DC-PASILLO-04,19.98,51.54,20.9,2026-09-24T20:34:51+00:00
2026-09-24T15:35:52-05:00,2026-09-24T20:35:52+00:00,Python SDK azure-iot-device (MQTT sobre WebSockets 443),DC-PASILLO-04,20.33,51.52,20.7,2026-09-24T20:35:51+00:00
2026-09-24T15:36:52-05:00,2026-09-24T20:36:52+00:00,Python SDK azure-iot-device (MQTT sobre WebSockets 443),DC-PASILLO-04,20.3,51.1,18.3,2026-09-24T20:36:52+00:00
2026-09-24T15:37:52-05:00,2026-09-24T20:37:52+00:00,Python SDK azure-iot-device (MQTT sobre WebSockets 443),DC-PASILLO-04,20.45,50.58,17.7,2026-09-24T20:37:52+00:00
2026-09-24T15:38:52-05:00,2026-09-24T20:38:52+00:00,Python SDK azure-iot-device (MQTT sobre WebSockets 443),DC-PASILLO-04,20.53,51.02,22.1,2026-09-24T20:38:52+00:00
2026-09-24T15:39:53-05:00,2026-09-24T20:39:53+00:00,Python SDK azure-iot-device (MQTT sobre WebSockets 443),DC-PASILLO-04,20.01,51.85,19.4,2026-09-24T20:39:52+00:00
2026-09-24T15:40:53-05:00,2026-09-24T20:40:53+00:00,Python SDK azure-iot-device (MQTT sobre WebSockets 443),DC-PASILLO-04,19.97,50.43,22.1,2026-09-24T20:40:53+00:00
2026-09-24T15:41:53-05:00,2026-09-24T20:41:53+00:00,Python SDK azure-iot-device (MQTT sobre WebSockets 443),DC-PASILLO-04,20.08,50.88,22.0,2026-09-24T20:41:53+00:00
2026-09-24T15:42:54-05:00,2026-09-24T20:42:54+00:00,Python SDK azure-iot-device (MQTT sobre WebSockets 443),DC-PASILLO-04,20.07,50.92,18.0,2026-09-24T20:42:53+00:00
2026-09-24T15:43:54-05:00,2026-09-24T20:43:54+00:00,Python SDK azure-iot-device (MQTT sobre WebSockets 443),DC-PASILLO-04,20.12,51.68,22.3,2026-09-24T20:43:54+00:00
2026-09-24T15:44:54-05:00,2026-09-24T20:44:54+00:00,Python SDK azure-iot-device (MQTT sobre WebSockets 443),DC-PASILLO-04,20.56,51.59,18.2,2026-09-24T20:44:54+00:00
2026-09-24T15:45:54-05:00,2026-09-24T20:45:54+00:00,Python SDK azure-iot-device (MQTT sobre WebSockets 443),DC-PASILLO-04,20.26,51.22,20.9,2026-09-24T20:45:54+00:00
2026-09-24T15:46:54-05:00,2026-09-24T20:46:54+00:00,Python SDK azure-iot-device (MQTT sobre WebSockets 443),DC-PASILLO-04,20.06,50.6,20.2,2026-09-24T20:46:54+00:00
2026-09-24T15:47:55-05:00,2026-09-24T20:47:55+00:00,Python SDK azure-iot-device (MQTT sobre WebSockets 443),DC-PASILLO-04,20.51,51.27,21.9,2026-09-24T20:47:54+00:00
2026-09-24T15:48:55-05:00,2026-09-24T20:48:55+00:00,Python SDK azure-iot-device (MQTT sobre WebSockets 443),DC-PASILLO-04,20.04,50.25,21.6,2026-09-24T20:48:55+00:00
2026-09-24T15:49:55-05:00,2026-09-24T20:49:55+00:00,Python SDK azure-iot-device (MQTT sobre WebSockets 443),DC-PASILLO-04,20.37,51.76,19.9,2026-09-24T20:49:55+00:00
2026-09-24T15:50:55-05:00,2026-09-24T20:50:55+00:00,Python SDK azure-iot-device (MQTT sobre WebSockets 443),DC-PASILLO-04,20.32,51.67,20.7,2026-09-24T20:50:55+00:00
2026-09-24T15:51:56-05:00,2026-09-24T20:51:56+00:00,Python SDK azure-iot-device (MQTT sobre WebSockets 443),DC-PASILLO-04,20.42,51.61,17.9,2026-09-24T20:51:55+00:00
2026-09-24T15:52:56-05:00,2026-09-24T20:52:56+00:00,Python SDK azure-iot-device (MQTT sobre WebSockets 443),DC-PASILLO-04,20.01,51.9,17.5,2026-09-24T20:52:56+00:00
2026-09-24T15:53:56-05:00,2026-09-24T20:53:56+00:00,Python SDK azure-iot-device (MQTT sobre WebSockets 443),DC-PASILLO-04,20.5,51.16,19.6,2026-09-24T20:53:56+00:00
2026-09-24T15:54:56-05:00,2026-09-24T20:54:56+00:00,Python SDK azure-iot-device (MQTT sobre WebSockets 443),DC-PASILLO-04,20.46,51.32,19.3,2026-09-24T20:54:56+00:00
2026-09-24T15:55:57-05:00,2026-09-24T20:55:57+00:00,Python SDK azure-iot-device (MQTT sobre WebSockets 443),DC-PASILLO-04,20.49,51.95,19.0,2026-09-24T20:55:56+00:00
2026-09-24T15:56:57-05:00,2026-09-24T20:56:57+00:00,Python SDK azure-iot-device (MQTT sobre WebSockets 443),DC-PASILLO-04,20.02,51.75,22.2,2026-09-24T20:56:57+00:00
2026-09-24T15:57:57-05:00,2026-09-24T20:57:57+00:00,Python SDK azure-iot-device (MQTT sobre WebSockets 443),DC-PASILLO-04,20.22,51.59,19.0,2026-09-24T20:57:57+00:00
2026-09-24T15:58:57-05:00,2026-09-24T20:58:57+00:00,Python SDK azure-iot-device (MQTT sobre WebSockets 443),DC-PASILLO-04,20.17,51.29,19.2,2026-09-24T20:58:57+00:00
2026-09-24T15:59:58-05:00,2026-09-24T20:59:58+00:00,Python SDK azure-iot-device (MQTT sobre WebSockets 443),DC-PASILLO-04,20.5,51.34,19.0,2026-09-24T20:59:57+00:00
2026-09-24T16:00:58-05:00,2026-09-24T21:00:58+00:00,Python SDK azure-iot-device (MQTT sobre WebSockets 443),DC-PASILLO-04,20.28,51.41,19.8,2026-09-24T21:00:58+00:00
2026-09-24T16:01:58-05:00,2026-09-24T21:01:58+00:00,Python SDK azure-iot-device (MQTT sobre WebSockets 443),DC-PASILLO-04,20.38,51.77,19.5,2026-09-24T21:01:58+00:00
2026-09-24T16:02:58-05:00,2026-09-24T21:02:58+00:00,Python SDK azure-iot-device (MQTT sobre WebSockets 443),DC-PASILLO-04,20.26,51.76,20.1,2026-09-24T21:02:58+00:00
2026-09-24T16:03:58-05:00,2026-09-24T21:03:58+00:00,Python SDK azure-iot-device (MQTT sobre WebSockets 443),DC-PASILLO-04,20.38,50.53,21.9,2026-09-24T21:03:58+00:00
2026-09-24T16:04:59-05:00,2026-09-24T21:04:59+00:00,Python SDK azure-iot-device (MQTT sobre WebSockets 443),DC-PASILLO-04,19.99,50.69,21.8,2026-09-24T21:04:58+00:00
2026-09-24T16:05:59-05:00,2026-09-24T21:05:59+00:00,Python SDK azure-iot-device (MQTT sobre WebSockets 443),DC-PASILLO-04,20.15,50.83,19.6,2026-09-24T21:05:59+00:00
2026-09-24T16:06:59-05:00,2026-09-24T21:06:59+00:00,Python SDK azure-iot-device (MQTT sobre WebSockets 443),DC-PASILLO-04,20.23,50.0,21.8,2026-09-24T21:06:59+00:00
2026-09-24T16:07:59-05:00,2026-09-24T21:07:59+00:00,Python SDK azure-iot-device (MQTT sobre WebSockets 443),DC-PASILLO-04,20.14,50.78,20.5,2026-09-24T21:07:59+00:00
2026-09-24T16:09:00-05:00,2026-09-24T21:09:00+00:00,Python SDK azure-iot-device (MQTT sobre WebSockets 443),DC-PASILLO-04,20.53,51.23,17.8,2026-09-24T21:08:59+00:00
2026-09-24T16:10:00-05:00,2026-09-24T21:10:00+00:00,Python SDK azure-iot-device (MQTT sobre WebSockets 443),DC-PASILLO-04,20.51,51.15,20.6,2026-09-24T21:10:00+00:00
2026-09-24T16:11:00-05:00,2026-09-24T21:11:00+00:00,Python SDK azure-iot-device (MQTT sobre WebSockets 443),DC-PASILLO-04,20.09,50.98,21.8,2026-09-24T21:11:00+00:00
2026-09-24T16:12:00-05:00,2026-09-24T21:12:00+00:00,Python SDK azure-iot-device (MQTT sobre WebSockets 443),DC-PASILLO-04,19.98,51.03,20.5,2026-09-24T21:12:00+00:00
2026-09-24T16:13:01-05:00,2026-09-24T21:13:01+00:00,Python SDK azure-iot-device (MQTT sobre WebSockets 443),DC-PASILLO-04,20.22,50.15,20.7,2026-09-24T21:13:00+00:00
2026-09-24T16:14:01-05:00,2026-09-24T21:14:01+00:00,Python SDK azure-iot-device (MQTT sobre WebSockets 443),DC-PASILLO-04,20.29,51.27,21.9,2026-09-24T21:14:01+00:00
2026-09-24T16:15:01-05:00,2026-09-24T21:15:01+00:00,Python SDK azure-iot-device (MQTT sobre WebSockets 443),DC-PASILLO-04,20.48,50.51,17.7,2026-09-24T21:15:01+00:00
2026-09-24T16:16:01-05:00,2026-09-24T21:16:01+00:00,Python SDK azure-iot-device (MQTT sobre WebSockets 443),DC-PASILLO-04,20.55,50.62,20.0,2026-09-24T21:16:01+00:00
2026-09-24T16:17:01-05:00,2026-09-24T21:17:01+00:00,Python SDK azure-iot-device (MQTT sobre WebSockets 443),DC-PASILLO-04,20.35,51.4,22.1,2026-09-24T21:17:01+00:00
2026-09-24T16:18:02-05:00,2026-09-24T21:18:02+00:00,Python SDK azure-iot-device (MQTT sobre WebSockets 443),DC-PASILLO-04,20.01,51.09,17.6,2026-09-24T21:18:01+00:00
2026-09-24T16:19:02-05:00,2026-09-24T21:19:02+00:00,Python SDK azure-iot-device (MQTT sobre WebSockets 443),DC-PASILLO-04,20.51,50.39,19.1,2026-09-24T21:19:02+00:00
2026-09-24T16:20:02-05:00,2026-09-24T21:20:02+00:00,Python SDK azure-iot-device (MQTT sobre WebSockets 443),DC-PASILLO-04,20.37,50.52,20.0,2026-09-24T21:20:02+00:00
2026-09-24T16:21:02-05:00,2026-09-24T21:21:02+00:00,Python SDK azure-iot-device (MQTT sobre WebSockets 443),DC-PASILLO-04,19.98,50.22,21.9,2026-09-24T21:21:02+00:00
2026-09-24T16:22:02-05:00,2026-09-24T21:22:02+00:00,Python SDK azure-iot-device (MQTT sobre WebSockets 443),DC-PASILLO-04,20.45,49.85,20.7,2026-09-24T21:22:02+00:00
2026-09-24T16:23:03-05:00,2026-09-24T21:23:03+00:00,Python SDK azure-iot-device (MQTT sobre WebSockets 443),DC-PASILLO-04,20.04,50.1,19.5,2026-09-24T21:23:02+00:00
2026-09-24T16:24:03-05:00,2026-09-24T21:24:03+00:00,Python SDK azure-iot-device (MQTT sobre WebSockets 443),DC-PASILLO-04,20.48,50.51,18.1,2026-09-24T21:24:03+00:00
2026-09-24T16:25:03-05:00,2026-09-24T21:25:03+00:00,Python SDK azure-iot-device (MQTT sobre WebSockets 443),DC-PASILLO-04,20.2,51.49,21.5,2026-09-24T21:25:03+00:00
2026-09-24T16:29:34-05:00,2026-09-24T21:29:34+00:00,Python SDK azure-iot-device (MQTT sobre WebSockets 443),DC-PASILLO-04,20.34,51.35,20.8,2026-09-24T21:29:34+00:00
2026-09-24T16:30:35-05:00,2026-09-24T21:30:35+00:00,Python SDK azure-iot-device (MQTT sobre WebSockets 443),DC-PASILLO-04,20.15,51.07,20.0,2026-09-24T21:30:34+00:00
2026-09-24T16:31:35-05:00,2026-09-24T21:31:35+00:00,Python SDK azure-iot-device (MQTT sobre WebSockets 443),DC-PASILLO-04,20.17,51.17,20.9,2026-09-24T21:31:35+00:00
2026-09-24T16:32:35-05:00,2026-09-24T21:32:35+00:00,Python SDK azure-iot-device (MQTT sobre WebSockets 443),DC-PASILLO-04,20.44,49.94,22.0,2026-09-24T21:32:35+00:00
2026-09-24T16:33:35-05:00,2026-09-24T21:33:35+00:00,Python SDK azure-iot-device (MQTT sobre WebSockets 443),DC-PASILLO-04,20.25,50.45,18.7,2026-09-24T21:33:35+00:00
2026-09-24T16:34:35-05:00,2026-09-24T21:34:35+00:00,Python SDK azure-iot-device (MQTT sobre WebSockets 443),DC-PASILLO-04,20.37,51.31,22.0,2026-09-24T21:34:35+00:00
2026-09-24T16:35:36-05:00,2026-09-24T21:35:36+00:00,Python SDK azure-iot-device (MQTT sobre WebSockets 443),DC-PASILLO-04,20.44,50.41,17.1,2026-09-24T21:35:35+00:00
2026-09-24T16:36:36-05:00,2026-09-24T21:36:36+00:00,Python SDK azure-iot-device (MQTT sobre WebSockets 443),DC-PASILLO-04,20.09,49.54,21.2,2026-09-24T21:36:36+00:00
2026-09-24T16:37:36-05:00,2026-09-24T21:37:36+00:00,Python SDK azure-iot-device (MQTT sobre WebSockets 443),DC-PASILLO-04,20.13,50.03,18.5,2026-09-24T21:37:36+00:00
2026-09-24T16:38:36-05:00,2026-09-24T21:38:36+00:00,Python SDK azure-iot-device (MQTT sobre WebSockets 443),DC-PASILLO-04,20.23,49.52,19.1,2026-09-24T21:38:36+00:00
2026-09-24T16:39:37-05:00,2026-09-24T21:39:37+00:00,Python SDK azure-iot-device (MQTT sobre WebSockets 443),DC-PASILLO-04,20.02,49.39,20.0,2026-09-24T21:39:36+00:00
2026-09-24T16:40:37-05:00,2026-09-24T21:40:37+00:00,Python SDK azure-iot-device (MQTT sobre WebSockets 443),DC-PASILLO-04,20.2,50.1,19.6,2026-09-24T21:40:37+00:00
2026-09-24T16:41:37-05:00,2026-09-24T21:41:37+00:00,Python SDK azure-iot-device (MQTT sobre WebSockets 443),DC-PASILLO-04,20.19,51.26,18.8,2026-09-24T21:41:37+00:00
2026-09-24T16:42:37-05:00,2026-09-24T21:42:37+00:00,Python SDK azure-iot-device (MQTT sobre WebSockets 443),DC-PASILLO-04,20.44,50.01,18.2,2026-09-24T21:42:37+00:00
2026-09-24T16:43:37-05:00,2026-09-24T21:43:37+00:00,Python SDK azure-iot-device (MQTT sobre WebSockets 443),DC-PASILLO-04,20.34,50.61,17.5,2026-09-24T21:43:37+00:00
2026-09-24T16:44:38-05:00,2026-09-24T21:44:38+00:00,Python SDK azure-iot-device (MQTT sobre WebSockets 443),DC-PASILLO-04,20.03,50.97,20.1,2026-09-24T21:44:37+00:00
2026-09-24T16:45:38-05:00,2026-09-24T21:45:38+00:00,Python SDK azure-iot-device (MQTT sobre WebSockets 443),DC-PASILLO-04,20.5,49.98,21.3,2026-09-24T21:45:38+00:00
2026-09-24T16:46:38-05:00,2026-09-24T21:46:38+00:00,Python SDK azure-iot-device (MQTT sobre WebSockets 443),DC-PASILLO-04,20.46,51.19,19.2,2026-09-24T21:46:38+00:00
2026-09-24T16:47:38-05:00,2026-09-24T21:47:38+00:00,Python SDK azure-iot-device (MQTT sobre WebSockets 443),DC-PASILLO-04,20.11,49.38,18.2,2026-09-24T21:47:38+00:00
2026-09-24T16:48:39-05:00,2026-09-24T21:48:39+00:00,Python SDK azure-iot-device (MQTT sobre WebSockets 443),DC-PASILLO-04,20.17,50.03,17.3,2026-09-24T21:48:38+00:00
2026-09-24T16:49:39-05:00,2026-09-24T21:49:39+00:00,Python SDK azure-iot-device (MQTT sobre WebSockets 443),DC-PASILLO-04,20.27,51.02,18.2,2026-09-24T21:49:39+00:00
2026-09-24T16:50:39-05:00,2026-09-24T21:50:39+00:00,Python SDK azure-iot-device (MQTT sobre WebSockets 443),DC-PASILLO-04,20.25,50.36,21.8,2026-09-24T21:50:39+00:00
2026-09-24T16:51:39-05:00,2026-09-24T21:51:39+00:00,Python SDK azure-iot-device (MQTT sobre WebSockets 443),DC-PASILLO-04,19.95,49.21,18.9,2026-09-24T21:51:39+00:00
2026-09-24T16:52:39-05:00,2026-09-24T21:52:39+00:00,Python SDK azure-iot-device (MQTT sobre WebSockets 443),DC-PASILLO-04,20.42,49.78,20.4,2026-09-24T21:52:39+00:00
2026-09-24T16:53:40-05:00,2026-09-24T21:53:40+00:00,Python SDK azure-iot-device (MQTT sobre WebSockets 443),DC-PASILLO-04,20.15,51.01,18.2,2026-09-24T21:53:39+00:00
2026-09-24T16:54:40-05:00,2026-09-24T21:54:40+00:00,Python SDK azure-iot-device (MQTT sobre WebSockets 443),DC-PASILLO-04,19.95,49.1,18.9,2026-09-24T21:54:40+00:00
2026-09-24T16:55:40-05:00,2026-09-24T21:55:40+00:00,Python SDK azure-iot-device (MQTT sobre WebSockets 443),DC-PASILLO-04,20.24,49.25,17.3,2026-09-24T21:55:40+00:00
2026-09-24T16:56:40-05:00,2026-09-24T21:56:40+00:00,Python SDK azure-iot-device (MQTT sobre WebSockets 443),DC-PASILLO-04,20.08,49.11,17.3,2026-09-24T21:56:40+00:00
2026-09-24T16:57:40-05:00,2026-09-24T21:57:40+00:00,Python SDK azure-iot-device (MQTT sobre WebSockets 443),DC-PASILLO-04,20.56,49.96,18.0,2026-09-24T21:57:40+00:00
2026-09-24T16:58:41-05:00,2026-09-24T21:58:41+00:00,Python SDK azure-iot-device (MQTT sobre WebSockets 443),DC-PASILLO-04,20.12,50.78,18.8,2026-09-24T21:58:40+00:00
2026-09-24T16:59:41-05:00,2026-09-24T21:59:41+00:00,Python SDK azure-iot-device (MQTT sobre WebSockets 443),DC-PASILLO-04,20.05,49.81,17.7,2026-09-24T21:59:41+00:00
2026-09-24T17:00:41-05:00,2026-09-24T22:00:41+00:00,Python SDK azure-iot-device (MQTT sobre WebSockets 443),DC-PASILLO-04,20.17,50.95,18.4,2026-09-24T22:00:41+00:00
2026-09-24T17:01:41-05:00,2026-09-24T22:01:41+00:00,Python SDK azure-iot-device (MQTT sobre WebSockets 443),DC-PASILLO-04,20.24,50.49,17.5,2026-09-24T22:01:41+00:00
2026-09-24T17:02:42-05:00,2026-09-24T22:02:42+00:00,Python SDK azure-iot-device (MQTT sobre WebSockets 443),DC-PASILLO-04,20.47,50.29,19.9,2026-09-24T22:02:41+00:00
2026-09-24T17:03:42-05:00,2026-09-24T22:03:42+00:00,Python SDK azure-iot-device (MQTT sobre WebSockets 443),DC-PASILLO-04,20.08,50.82,19.6,2026-09-24T22:03:42+00:00
2026-09-24T17:04:42-05:00,2026-09-24T22:04:42+00:00,Python SDK azure-iot-device (MQTT sobre WebSockets 443),DC-PASILLO-04,20.23,50.31,19.6,2026-09-24T22:04:42+00:00
2026-09-24T17:05:42-05:00,2026-09-24T22:05:42+00:00,Python SDK azure-iot-device (MQTT sobre WebSockets 443),DC-PASILLO-04,20.1,49.27,21.8,2026-09-24T22:05:42+00:00
2026-09-24T17:06:42-05:00,2026-09-24T22:06:42+00:00,Python SDK azure-iot-device (MQTT sobre WebSockets 443),DC-PASILLO-04,20.34,49.8,18.4,2026-09-24T22:06:42+00:00
2026-09-24T17:07:43-05:00,2026-09-24T22:07:43+00:00,Python SDK azure-iot-device (MQTT sobre WebSockets 443),DC-PASILLO-04,20.07,49.35,18.1,2026-09-24T22:07:42+00:00
2026-09-24T17:08:43-05:00,2026-09-24T22:08:43+00:00,Python SDK azure-iot-device (MQTT sobre WebSockets 443),DC-PASILLO-04,20.34,50.53,17.9,2026-09-24T22:08:43+00:00
2026-09-24T17:09:43-05:00,2026-09-24T22:09:43+00:00,Python SDK azure-iot-device (MQTT sobre WebSockets 443),DC-PASILLO-04,20.33,50.09,20.8,2026-09-24T22:09:43+00:00
2026-09-24T17:10:43-05:00,2026-09-24T22:10:43+00:00,Python SDK azure-iot-device (MQTT sobre WebSockets 443),DC-PASILLO-04,20.14,49.71,18.1,2026-09-24T22:10:43+00:00
2026-09-24T17:11:43-05:00,2026-09-24T22:11:43+00:00,Python SDK azure-iot-device (MQTT sobre WebSockets 443),DC-PASILLO-04,20.46,49.98,19.8,2026-09-24T22:11:43+00:00
2026-09-24T17:12:44-05:00,2026-09-24T22:12:44+00:00,Python SDK azure-iot-device (MQTT sobre WebSockets 443),DC-PASILLO-04,20.2,49.1,19.7,2026-09-24T22:12:43+00:00
2026-09-24T17:13:44-05:00,2026-09-24T22:13:44+00:00,Python SDK azure-iot-device (MQTT sobre WebSockets 443),DC-PASILLO-04,20.48,48.89,22.1,2026-09-24T22:13:44+00:00
2026-09-24T17:14:44-05:00,2026-09-24T22:14:44+00:00,Python SDK azure-iot-device (MQTT sobre WebSockets 443),DC-PASILLO-04,20.46,50.57,20.0,2026-09-24T22:14:44+00:00
2026-09-24T17:15:44-05:00,2026-09-24T22:15:44+00:00,Python SDK azure-iot-device (MQTT sobre WebSockets 443),DC-PASILLO-04,20.03,48.82,21.3,2026-09-24T22:15:44+00:00
2026-09-24T17:16:45-05:00,2026-09-24T22:16:45+00:00,Python SDK azure-iot-device (MQTT sobre WebSockets 443),DC-PASILLO-04,20.38,48.88,21.6,2026-09-24T22:16:44+00:00
2026-09-24T17:17:45-05:00,2026-09-24T22:17:45+00:00,Python SDK azure-iot-device (MQTT sobre WebSockets 443),DC-PASILLO-04,20.5,50.3,18.0,2026-09-24T22:17:45+00:00
2026-09-24T17:18:45-05:00,2026-09-24T22:18:45+00:00,Python SDK azure-iot-device (MQTT sobre WebSockets 443),DC-PASILLO-04,20.48,50.61,17.2,2026-09-24T22:18:45+00:00
2026-09-24T17:19:45-05:00,2026-09-24T22:19:45+00:00,Python SDK azure-iot-device (MQTT sobre WebSockets 443),DC-PASILLO-04,20.16,49.86,21.3,2026-09-24T22:19:45+00:00
2026-09-24T17:20:45-05:00,2026-09-24T22:20:45+00:00,Python SDK azure-iot-device (MQTT sobre WebSockets 443),DC-PASILLO-04,20.55,50.5,18.3,2026-09-24T22:20:45+00:00
2026-09-24T17:21:46-05:00,2026-09-24T22:21:46+00:00,Python SDK azure-iot-device (MQTT sobre WebSockets 443),DC-PASILLO-04,20.46,50.24,17.8,2026-09-24T22:21:45+00:00
2026-09-24T17:22:46-05:00,2026-09-24T22:22:46+00:00,Python SDK azure-iot-device (MQTT sobre WebSockets 443),DC-PASILLO-04,20.12,50.35,21.7,2026-09-24T22:22:46+00:00
2026-09-24T17:23:46-05:00,2026-09-24T22:23:46+00:00,Python SDK azure-iot-device (MQTT sobre WebSockets 443),DC-PASILLO-04,20.05,49.25,17.6,2026-09-24T22:23:46+00:00
2026-09-24T17:24:46-05:00,2026-09-24T22:24:46+00:00,Python SDK azure-iot-device (MQTT sobre WebSockets 443),DC-PASILLO-04,20.4,48.64,20.5,2026-09-24T22:24:46+00:00
2026-09-24T17:25:47-05:00,2026-09-24T22:25:47+00:00,Python SDK azure-iot-device (MQTT sobre WebSockets 443),DC-PASILLO-04,20.2,49.42,21.6,2026-09-24T22:25:46+00:00
2026-09-24T17:26:47-05:00,2026-09-24T22:26:47+00:00,Python SDK azure-iot-device (MQTT sobre WebSockets 443),DC-PASILLO-04,20.24,48.71,17.7,2026-09-24T22:26:47+00:00
2026-09-24T17:27:47-05:00,2026-09-24T22:27:47+00:00,Python SDK azure-iot-device (MQTT sobre WebSockets 443),DC-PASILLO-04,20.45,49.74,18.2,2026-09-24T22:27:47+00:00
2026-09-24T17:28:47-05:00,2026-09-24T22:28:47+00:00,Python SDK azure-iot-device (MQTT sobre WebSockets 443),DC-PASILLO-04,19.98,49.15,21.7,2026-09-24T22:28:47+00:00
2026-09-24T17:29:47-05:00,2026-09-24T22:29:47+00:00,Python SDK azure-iot-device (MQTT sobre WebSockets 443),DC-PASILLO-04,20.36,50.08,21.9,2026-09-24T22:29:47+00:00
2026-09-24T17:30:48-05:00,2026-09-24T22:30:48+00:00,Python SDK azure-iot-device (MQTT sobre WebSockets 443),DC-PASILLO-04,19.95,50.13,18.1,2026-09-24T22:30:47+00:00
2026-09-24T17:31:48-05:00,2026-09-24T22:31:48+00:00,Python SDK azure-iot-device (MQTT sobre WebSockets 443),DC-PASILLO-04,20.02,48.7,17.5,2026-09-24T22:31:48+00:00
2026-09-24T17:32:48-05:00,2026-09-24T22:32:48+00:00,Python SDK azure-iot-device (MQTT sobre WebSockets 443),DC-PASILLO-04,20.13,48.95,21.1,2026-09-24T22:32:48+00:00
2026-09-24T17:33:48-05:00,2026-09-24T22:33:48+00:00,Python SDK azure-iot-device (MQTT sobre WebSockets 443),DC-PASILLO-04,20.5,50.12,21.6,2026-09-24T22:33:48+00:00
2026-09-24T17:34:48-05:00,2026-09-24T22:34:48+00:00,Python SDK azure-iot-device (MQTT sobre WebSockets 443),DC-PASILLO-04,20.49,48.78,20.0,2026-09-24T22:34:48+00:00
2026-09-24T17:35:49-05:00,2026-09-24T22:35:49+00:00,Python SDK azure-iot-device (MQTT sobre WebSockets 443),DC-PASILLO-04,20.36,49.03,20.1,2026-09-24T22:35:48+00:00
2026-09-24T17:36:49-05:00,2026-09-24T22:36:49+00:00,Python SDK azure-iot-device (MQTT sobre WebSockets 443),DC-PASILLO-04,20.28,49.22,18.5,2026-09-24T22:36:49+00:00
2026-09-24T17:37:49-05:00,2026-09-24T22:37:49+00:00,Python SDK azure-iot-device (MQTT sobre WebSockets 443),DC-PASILLO-04,20.13,49.63,18.4,2026-09-24T22:37:49+00:00
2026-09-24T17:38:49-05:00,2026-09-24T22:38:49+00:00,Python SDK azure-iot-device (MQTT sobre WebSockets 443),DC-PASILLO-04,19.98,49.48,17.2,2026-09-24T22:38:49+00:00
2026-09-24T17:39:49-05:00,2026-09-24T22:39:49+00:00,Python SDK azure-iot-device (MQTT sobre WebSockets 443),DC-PASILLO-04,20.22,48.61,18.3,2026-09-24T22:39:49+00:00
2026-09-24T17:40:52-05:00,2026-09-24T22:40:52+00:00,Python SDK azure-iot-device (MQTT sobre WebSockets 443),DC-PASILLO-04,20.33,49.27,20.3,2026-09-24T22:40:49+00:00
2026-09-24T17:41:52-05:00,2026-09-24T22:41:52+00:00,Python SDK azure-iot-device (MQTT sobre WebSockets 443),DC-PASILLO-04,19.95,49.96,17.4,2026-09-24T22:41:52+00:00
2026-09-24T17:42:52-05:00,2026-09-24T22:42:52+00:00,Python SDK azure-iot-device (MQTT sobre WebSockets 443),DC-PASILLO-04,20.08,49.77,20.8,2026-09-24T22:42:52+00:00
2026-09-24T17:43:52-05:00,2026-09-24T22:43:52+00:00,Python SDK azure-iot-device (MQTT sobre WebSockets 443),DC-PASILLO-04,20.51,48.47,17.1,2026-09-24T22:43:52+00:00
2026-09-24T17:44:52-05:00,2026-09-24T22:44:52+00:00,Python SDK azure-iot-device (MQTT sobre WebSockets 443),DC-PASILLO-04,20.49,48.87,20.5,2026-09-24T22:44:52+00:00
2026-09-24T17:45:53-05:00,2026-09-24T22:45:53+00:00,Python SDK azure-iot-device (MQTT sobre WebSockets 443),DC-PASILLO-04,20.42,49.29,20.3,2026-09-24T22:45:52+00:00
2026-09-24T17:46:53-05:00,2026-09-24T22:46:53+00:00,Python SDK azure-iot-device (MQTT sobre WebSockets 443),DC-PASILLO-04,20.1,49.54,17.2,2026-09-24T22:46:53+00:00
2026-09-24T17:47:53-05:00,2026-09-24T22:47:53+00:00,Python SDK azure-iot-device (MQTT sobre WebSockets 443),DC-PASILLO-04,20.49,48.34,22.0,2026-09-24T22:47:53+00:00
2026-09-24T17:48:53-05:00,2026-09-24T22:48:53+00:00,Python SDK azure-iot-device (MQTT sobre WebSockets 443),DC-PASILLO-04,20.47,49.82,20.7,2026-09-24T22:48:53+00:00
2026-09-24T17:49:53-05:00,2026-09-24T22:49:53+00:00,Python SDK azure-iot-device (MQTT sobre WebSockets 443),DC-PASILLO-04,19.92,48.97,18.6,2026-09-24T22:49:53+00:00
2026-09-24T17:50:54-05:00,2026-09-24T22:50:54+00:00,Python SDK azure-iot-device (MQTT sobre WebSockets 443),DC-PASILLO-04,20.18,48.83,18.8,2026-09-24T22:50:53+00:00
2026-09-24T17:51:54-05:00,2026-09-24T22:51:54+00:00,Python SDK azure-iot-device (MQTT sobre WebSockets 443),DC-PASILLO-04,20.01,49.73,19.1,2026-09-24T22:51:54+00:00
2026-09-24T17:52:54-05:00,2026-09-24T22:52:54+00:00,Python SDK azure-iot-device (MQTT sobre WebSockets 443),DC-PASILLO-04,20.36,48.6,17.7,2026-09-24T22:52:54+00:00
2026-09-24T17:53:54-05:00,2026-09-24T22:53:54+00:00,Python SDK azure-iot-device (MQTT sobre WebSockets 443),DC-PASILLO-04,20.5,49.41,17.8,2026-09-24T22:53:54+00:00
2026-09-24T17:54:54-05:00,2026-09-24T22:54:54+00:00,Python SDK azure-iot-device (MQTT sobre WebSockets 443),DC-PASILLO-04,20.24,48.33,18.7,2026-09-24T22:54:54+00:00
2026-09-24T17:55:55-05:00,2026-09-24T22:55:55+00:00,Python SDK azure-iot-device (MQTT sobre WebSockets 443),DC-PASILLO-04,20.0,48.08,17.7,2026-09-24T22:55:54+00:00
2026-09-24T17:56:55-05:00,2026-09-24T22:56:55+00:00,Python SDK azure-iot-device (MQTT sobre WebSockets 443),DC-PASILLO-04,20.09,48.25,19.2,2026-09-24T22:56:55+00:00
2026-09-24T17:57:55-05:00,2026-09-24T22:57:55+00:00,Python SDK azure-iot-device (MQTT sobre WebSockets 443),DC-PASILLO-04,19.95,48.47,20.3,2026-09-24T22:57:55+00:00
2026-09-24T17:58:55-05:00,2026-09-24T22:58:55+00:00,Python SDK azure-iot-device (MQTT sobre WebSockets 443),DC-PASILLO-04,20.39,49.84,19.0,2026-09-24T22:58:55+00:00
2026-09-24T17:59:55-05:00,2026-09-24T22:59:55+00:00,Python SDK azure-iot-device (MQTT sobre WebSockets 443),DC-PASILLO-04,19.92,49.65,18.8,2026-09-24T22:59:55+00:00
2026-09-24T18:00:56-05:00,2026-09-24T23:00:56+00:00,Python SDK azure-iot-device (MQTT sobre WebSockets 443),DC-PASILLO-04,19.93,48.39,17.3,2026-09-24T23:00:55+00:00
2026-09-24T18:01:56-05:00,2026-09-24T23:01:56+00:00,Python SDK azure-iot-device (MQTT sobre WebSockets 443),DC-PASILLO-04,20.16,48.62,21.1,2026-09-24T23:01:56+00:00
2026-09-24T18:02:56-05:00,2026-09-24T23:02:56+00:00,Python SDK azure-iot-device (MQTT sobre WebSockets 443),DC-PASILLO-04,20.13,49.32,19.2,2026-09-24T23:02:56+00:00
2026-09-24T18:03:56-05:00,2026-09-24T23:03:56+00:00,Python SDK azure-iot-device (MQTT sobre WebSockets 443),DC-PASILLO-04,20.36,48.86,21.6,2026-09-24T23:03:56+00:00
2026-09-24T18:04:56-05:00,2026-09-24T23:04:56+00:00,Python SDK azure-iot-device (MQTT sobre WebSockets 443),DC-PASILLO-04,20.05,48.97,18.9,2026-09-24T23:04:56+00:00
2026-09-24T18:05:57-05:00,2026-09-24T23:05:57+00:00,Python SDK azure-iot-device (MQTT sobre WebSockets 443),DC-PASILLO-04,19.98,48.58,18.3,2026-09-24T23:05:56+00:00
2026-09-24T18:06:57-05:00,2026-09-24T23:06:57+00:00,Python SDK azure-iot-device (MQTT sobre WebSockets 443),DC-PASILLO-04,19.99,49.66,18.5,2026-09-24T23:06:57+00:00
2026-09-24T18:07:57-05:00,2026-09-24T23:07:57+00:00,Python SDK azure-iot-device (MQTT sobre WebSockets 443),DC-PASILLO-04,20.45,49.47,17.9,2026-09-24T23:07:57+00:00
2026-09-24T18:08:57-05:00,2026-09-24T23:08:57+00:00,Python SDK azure-iot-device (MQTT sobre WebSockets 443),DC-PASILLO-04,20.05,48.82,19.6,2026-09-24T23:08:57+00:00
2026-09-24T18:09:58-05:00,2026-09-24T23:09:58+00:00,Python SDK azure-iot-device (MQTT sobre WebSockets 443),DC-PASILLO-04,20.09,48.78,17.6,2026-09-24T23:09:57+00:00
2026-09-24T18:10:58-05:00,2026-09-24T23:10:58+00:00,Python SDK azure-iot-device (MQTT sobre WebSockets 443),DC-PASILLO-04,20.33,48.68,16.9,2026-09-24T23:10:58+00:00
2026-09-24T18:11:58-05:00,2026-09-24T23:11:58+00:00,Python SDK azure-iot-device (MQTT sobre WebSockets 443),DC-PASILLO-04,20.15,49.03,17.4,2026-09-24T23:11:58+00:00
2026-09-24T18:12:58-05:00,2026-09-24T23:12:58+00:00,Python SDK azure-iot-device (MQTT sobre WebSockets 443),DC-PASILLO-04,19.96,48.79,18.4,2026-09-24T23:12:58+00:00
2026-09-24T18:13:58-05:00,2026-09-24T23:13:58+00:00,Python SDK azure-iot-device (MQTT sobre WebSockets 443),DC-PASILLO-04,20.32,48.86,18.7,2026-09-24T23:13:58+00:00
2026-09-24T18:14:59-05:00,2026-09-24T23:14:59+00:00,Python SDK azure-iot-device (MQTT sobre WebSockets 443),DC-PASILLO-04,20.38,48.12,18.1,2026-09-24T23:14:58+00:00
2026-09-24T18:15:59-05:00,2026-09-24T23:15:59+00:00,Python SDK azure-iot-device (MQTT sobre WebSockets 443),DC-PASILLO-04,19.92,48.72,17.7,2026-09-24T23:15:59+00:00
2026-09-24T18:16:59-05:00,2026-09-24T23:16:59+00:00,Python SDK azure-iot-device (MQTT sobre WebSockets 443),DC-PASILLO-04,20.11,49.07,19.1,2026-09-24T23:16:59+00:00
2026-09-24T18:17:59-05:00,2026-09-24T23:17:59+00:00,Python SDK azure-iot-device (MQTT sobre WebSockets 443),DC-PASILLO-04,20.13,47.71,19.2,2026-09-24T23:17:59+00:00
2026-09-24T18:18:59-05:00,2026-09-24T23:18:59+00:00,Python SDK azure-iot-device (MQTT sobre WebSockets 443),DC-PASILLO-04,20.41,48.73,20.3,2026-09-24T23:18:59+00:00
2026-09-24T18:20:00-05:00,2026-09-24T23:20:00+00:00,Python SDK azure-iot-device (MQTT sobre WebSockets 443),DC-PASILLO-04,20.32,48.37,18.6,2026-09-24T23:19:59+00:00
2026-09-24T18:21:00-05:00,2026-09-24T23:21:00+00:00,Python SDK azure-iot-device (MQTT sobre WebSockets 443),DC-PASILLO-04,20.01,47.66,18.6,2026-09-24T23:21:00+00:00
2026-09-24T18:22:00-05:00,2026-09-24T23:22:00+00:00,Python SDK azure-iot-device (MQTT sobre WebSockets 443),DC-PASILLO-04,20.14,48.26,17.2,2026-09-24T23:22:00+00:00
2026-09-24T18:23:00-05:00,2026-09-24T23:23:00+00:00,Python SDK azure-iot-device (MQTT sobre WebSockets 443),DC-PASILLO-04,20.01,48.2,17.8,2026-09-24T23:23:00+00:00
2026-09-24T18:24:00-05:00,2026-09-24T23:24:00+00:00,Python SDK azure-iot-device (MQTT sobre WebSockets 443),DC-PASILLO-04,20.22,49.1,18.8,2026-09-24T23:24:00+00:00
2026-09-24T18:25:01-05:00,2026-09-24T23:25:01+00:00,Python SDK azure-iot-device (MQTT sobre WebSockets 443),DC-PASILLO-04,20.38,48.97,18.3,2026-09-24T23:25:00+00:00
2026-09-24T18:26:01-05:00,2026-09-24T23:26:01+00:00,Python SDK azure-iot-device (MQTT sobre WebSockets 443),DC-PASILLO-04,19.94,48.21,18.6,2026-09-24T23:26:01+00:00
2026-09-24T18:27:01-05:00,2026-09-24T23:27:01+00:00,Python SDK azure-iot-device (MQTT sobre WebSockets 443),DC-PASILLO-04,20.26,47.89,18.2,2026-09-24T23:27:01+00:00
2026-09-24T18:28:01-05:00,2026-09-24T23:28:01+00:00,Python SDK azure-iot-device (MQTT sobre WebSockets 443),DC-PASILLO-04,20.23,48.6,17.1,2026-09-24T23:28:01+00:00
2026-09-24T18:29:02-05:00,2026-09-24T23:29:02+00:00,Python SDK azure-iot-device (MQTT sobre WebSockets 443),DC-PASILLO-04,19.92,48.1,18.9,2026-09-24T23:29:01+00:00
2026-09-24T18:30:02-05:00,2026-09-24T23:30:02+00:00,Python SDK azure-iot-device (MQTT sobre WebSockets 443),DC-PASILLO-04,19.94,48.38,20.4,2026-09-24T23:30:02+00:00
2026-09-24T18:31:02-05:00,2026-09-24T23:31:02+00:00,Python SDK azure-iot-device (MQTT sobre WebSockets 443),DC-PASILLO-04,20.41,47.69,21.6,2026-09-24T23:31:02+00:00
2026-09-24T18:32:02-05:00,2026-09-24T23:32:02+00:00,Python SDK azure-iot-device (MQTT sobre WebSockets 443),DC-PASILLO-04,20.23,48.08,21.5,2026-09-24T23:32:02+00:00
2026-09-24T18:33:03-05:00,2026-09-24T23:33:03+00:00,Python SDK azure-iot-device (MQTT sobre WebSockets 443),DC-PASILLO-04,20.21,48.19,17.4,2026-09-24T23:33:02+00:00
2026-09-24T18:34:03-05:00,2026-09-24T23:34:03+00:00,Python SDK azure-iot-device (MQTT sobre WebSockets 443),DC-PASILLO-04,19.94,48.88,18.2,2026-09-24T23:34:03+00:00
2026-09-24T18:35:03-05:00,2026-09-24T23:35:03+00:00,Python SDK azure-iot-device (MQTT sobre WebSockets 443),DC-PASILLO-04,20.43,48.54,19.3,2026-09-24T23:35:03+00:00
2026-09-24T18:36:03-05:00,2026-09-24T23:36:03+00:00,Python SDK azure-iot-device (MQTT sobre WebSockets 443),DC-PASILLO-04,20.15,48.97,17.4,2026-09-24T23:36:03+00:00
2026-09-24T18:37:03-05:00,2026-09-24T23:37:03+00:00,Python SDK azure-iot-device (MQTT sobre WebSockets 443),DC-PASILLO-04,19.88,48.03,21.0,2026-09-24T23:37:03+00:00
2026-09-24T18:38:04-05:00,2026-09-24T23:38:04+00:00,Python SDK azure-iot-device (MQTT sobre WebSockets 443),DC-PASILLO-04,20.35,49.06,18.5,2026-09-24T23:38:03+00:00
2026-09-24T18:39:04-05:00,2026-09-24T23:39:04+00:00,Python SDK azure-iot-device (MQTT sobre WebSockets 443),DC-PASILLO-04,20.21,48.9,19.8,2026-09-24T23:39:04+00:00
2026-09-24T18:40:04-05:00,2026-09-24T23:40:04+00:00,Python SDK azure-iot-device (MQTT sobre WebSockets 443),DC-PASILLO-04,20.24,48.99,17.8,2026-09-24T23:40:04+00:00
2026-09-24T18:41:04-05:00,2026-09-24T23:41:04+00:00,Python SDK azure-iot-device (MQTT sobre WebSockets 443),DC-PASILLO-04,20.2,47.73,20.4,2026-09-24T23:41:04+00:00
2026-09-24T18:42:05-05:00,2026-09-24T23:42:05+00:00,Python SDK azure-iot-device (MQTT sobre WebSockets 443),DC-PASILLO-04,20.29,49.22,18.5,2026-09-24T23:42:04+00:00
2026-09-24T18:43:05-05:00,2026-09-24T23:43:05+00:00,Python SDK azure-iot-device (MQTT sobre WebSockets 443),DC-PASILLO-04,20.03,48.87,20.6,2026-09-24T23:43:05+00:00
2026-09-24T18:44:05-05:00,2026-09-24T23:44:05+00:00,Python SDK azure-iot-device (MQTT sobre WebSockets 443),DC-PASILLO-04,20.2,49.05,21.3,2026-09-24T23:44:05+00:00
2026-09-24T18:45:05-05:00,2026-09-24T23:45:05+00:00,Python SDK azure-iot-device (MQTT sobre WebSockets 443),DC-PASILLO-04,20.22,48.01,20.7,2026-09-24T23:45:05+00:00
2026-09-24T18:46:05-05:00,2026-09-24T23:46:05+00:00,Python SDK azure-iot-device (MQTT sobre WebSockets 443),DC-PASILLO-04,20.43,47.39,19.3,2026-09-24T23:46:05+00:00
2026-09-24T18:47:06-05:00,2026-09-24T23:47:06+00:00,Python SDK azure-iot-device (MQTT sobre WebSockets 443),DC-PASILLO-04,20.01,48.38,17.5,2026-09-24T23:47:05+00:00
2026-09-24T18:48:06-05:00,2026-09-24T23:48:06+00:00,Python SDK azure-iot-device (MQTT sobre WebSockets 443),DC-PASILLO-04,20.08,48.52,21.0,2026-09-24T23:48:06+00:00
2026-09-24T18:49:06-05:00,2026-09-24T23:49:06+00:00,Python SDK azure-iot-device (MQTT sobre WebSockets 443),DC-PASILLO-04,20.12,48.2,21.4,2026-09-24T23:49:06+00:00
2026-09-24T18:50:06-05:00,2026-09-24T23:50:06+00:00,Python SDK azure-iot-device (MQTT sobre WebSockets 443),DC-PASILLO-04,20.01,48.59,20.3,2026-09-24T23:50:06+00:00
2026-09-24T18:51:06-05:00,2026-09-24T23:51:06+00:00,Python SDK azure-iot-device (MQTT sobre WebSockets 443),DC-PASILLO-04,19.91,47.67,18.3,2026-09-24T23:51:06+00:00
2026-09-24T18:52:07-05:00,2026-09-24T23:52:07+00:00,Python SDK azure-iot-device (MQTT sobre WebSockets 443),DC-PASILLO-04,19.93,48.55,18.4,2026-09-24T23:52:06+00:00
2026-09-24T18:53:07-05:00,2026-09-24T23:53:07+00:00,Python SDK azure-iot-device (MQTT sobre WebSockets 443),DC-PASILLO-04,19.98,48.98,19.1,2026-09-24T23:53:07+00:00
2026-09-24T18:54:07-05:00,2026-09-24T23:54:07+00:00,Python SDK azure-iot-device (MQTT sobre WebSockets 443),DC-PASILLO-04,20.14,49.03,16.8,2026-09-24T23:54:07+00:00
2026-09-24T18:55:07-05:00,2026-09-24T23:55:07+00:00,Python SDK azure-iot-device (MQTT sobre WebSockets 443),DC-PASILLO-04,20.21,48.71,20.7,2026-09-24T23:55:07+00:00
2026-09-24T18:56:07-05:00,2026-09-24T23:56:07+00:00,Python SDK azure-iot-device (MQTT sobre WebSockets 443),DC-PASILLO-04,20.11,47.59,17.1,2026-09-24T23:56:07+00:00
2026-09-24T18:57:08-05:00,2026-09-24T23:57:08+00:00,Python SDK azure-iot-device (MQTT sobre WebSockets 443),DC-PASILLO-04,19.92,47.33,20.3,2026-09-24T23:57:07+00:00
2026-09-24T18:58:08-05:00,2026-09-24T23:58:08+00:00,Python SDK azure-iot-device (MQTT sobre WebSockets 443),DC-PASILLO-04,19.93,47.14,19.7,2026-09-24T23:58:08+00:00
2026-09-24T18:59:08-05:00,2026-09-24T23:59:08+00:00,Python SDK azure-iot-device (MQTT sobre WebSockets 443),DC-PASILLO-04,20.08,48.09,16.7,2026-09-24T23:59:08+00:00
2026-09-24T19:00:09-05:00,2026-09-25T00:00:09+00:00,Python SDK azure-iot-device (MQTT sobre WebSockets 443),DC-PASILLO-04,20.45,47.83,21.6,2026-09-25T00:00:08+00:00
2026-09-24T19:01:09-05:00,2026-09-25T00:01:09+00:00,Python SDK azure-iot-device (MQTT sobre WebSockets 443),DC-PASILLO-04,20.1,47.56,17.3,2026-09-25T00:01:09+00:00
2026-09-24T19:02:09-05:00,2026-09-25T00:02:09+00:00,Python SDK azure-iot-device (MQTT sobre WebSockets 443),DC-PASILLO-04,20.19,47.87,20.9,2026-09-25T00:02:09+00:00
2026-09-24T19:03:09-05:00,2026-09-25T00:03:09+00:00,Python SDK azure-iot-device (MQTT sobre WebSockets 443),DC-PASILLO-04,19.89,48.55,21.4,2026-09-25T00:03:09+00:00
2026-09-24T19:04:09-05:00,2026-09-25T00:04:09+00:00,Python SDK azure-iot-device (MQTT sobre WebSockets 443),DC-PASILLO-04,19.97,47.55,21.2,2026-09-25T00:04:09+00:00
2026-09-24T19:05:10-05:00,2026-09-25T00:05:10+00:00,Python SDK azure-iot-device (MQTT sobre WebSockets 443),DC-PASILLO-04,20.27,48.81,20.4,2026-09-25T00:05:09+00:00
2026-09-24T19:06:10-05:00,2026-09-25T00:06:10+00:00,Python SDK azure-iot-device (MQTT sobre WebSockets 443),DC-PASILLO-04,20.04,48.0,20.0,2026-09-25T00:06:10+00:00
2026-09-24T19:07:10-05:00,2026-09-25T00:07:10+00:00,Python SDK azure-iot-device (MQTT sobre WebSockets 443),DC-PASILLO-04,19.87,47.64,20.6,2026-09-25T00:07:10+00:00
2026-09-24T19:08:10-05:00,2026-09-25T00:08:10+00:00,Python SDK azure-iot-device (MQTT sobre WebSockets 443),DC-PASILLO-04,20.21,47.18,20.1,2026-09-25T00:08:10+00:00
2026-09-24T19:09:10-05:00,2026-09-25T00:09:10+00:00,Python SDK azure-iot-device (MQTT sobre WebSockets 443),DC-PASILLO-04,20.16,47.04,21.2,2026-09-25T00:09:10+00:00
2026-09-24T19:10:11-05:00,2026-09-25T00:10:11+00:00,Python SDK azure-iot-device (MQTT sobre WebSockets 443),DC-PASILLO-04,20.27,47.19,19.9,2026-09-25T00:10:10+00:00
2026-09-24T19:11:11-05:00,2026-09-25T00:11:11+00:00,Python SDK azure-iot-device (MQTT sobre WebSockets 443),DC-PASILLO-04,20.34,47.76,17.4,2026-09-25T00:11:11+00:00
2026-09-24T19:12:11-05:00,2026-09-25T00:12:11+00:00,Python SDK azure-iot-device (MQTT sobre WebSockets 443),DC-PASILLO-04,20.04,48.68,17.5,2026-09-25T00:12:11+00:00
2026-09-24T19:13:11-05:00,2026-09-25T00:13:11+00:00,Python SDK azure-iot-device (MQTT sobre WebSockets 443),DC-PASILLO-04,20.43,47.34,20.2,2026-09-25T00:13:11+00:00
2026-09-24T19:14:12-05:00,2026-09-25T00:14:12+00:00,Python SDK azure-iot-device (MQTT sobre WebSockets 443),DC-PASILLO-04,20.05,48.42,19.5,2026-09-25T00:14:11+00:00
2026-09-24T19:15:12-05:00,2026-09-25T00:15:12+00:00,Python SDK azure-iot-device (MQTT sobre WebSockets 443),DC-PASILLO-04,19.97,48.47,20.6,2026-09-25T00:15:12+00:00
2026-09-24T19:16:12-05:00,2026-09-25T00:16:12+00:00,Python SDK azure-iot-device (MQTT sobre WebSockets 443),DC-PASILLO-04,20.17,48.16,17.0,2026-09-25T00:16:12+00:00
2026-09-24T19:17:12-05:00,2026-09-25T00:17:12+00:00,Python SDK azure-iot-device (MQTT sobre WebSockets 443),DC-PASILLO-04,20.22,47.33,20.1,2026-09-25T00:17:12+00:00
2026-09-24T19:18:13-05:00,2026-09-25T00:18:13+00:00,Python SDK azure-iot-device (MQTT sobre WebSockets 443),DC-PASILLO-04,20.07,48.59,18.1,2026-09-25T00:18:12+00:00
2026-09-24T19:19:13-05:00,2026-09-25T00:19:13+00:00,Python SDK azure-iot-device (MQTT sobre WebSockets 443),DC-PASILLO-04,20.08,48.46,19.5,2026-09-25T00:19:13+00:00
2026-09-24T19:20:13-05:00,2026-09-25T00:20:13+00:00,Python SDK azure-iot-device (MQTT sobre WebSockets 443),DC-PASILLO-04,20.34,48.37,17.4,2026-09-25T00:20:13+00:00
2026-09-24T19:21:13-05:00,2026-09-25T00:21:13+00:00,Python SDK azure-iot-device (MQTT sobre WebSockets 443),DC-PASILLO-04,19.9,48.08,20.3,2026-09-25T00:21:13+00:00
2026-09-24T19:22:13-05:00,2026-09-25T00:22:13+00:00,Python SDK azure-iot-device (MQTT sobre WebSockets 443),DC-PASILLO-04,20.35,47.42,19.4,2026-09-25T00:22:13+00:00
2026-09-24T19:23:14-05:00,2026-09-25T00:23:14+00:00,Python SDK azure-iot-device (MQTT sobre WebSockets 443),DC-PASILLO-04,20.39,47.95,19.1,2026-09-25T00:23:13+00:00
2026-09-24T19:24:14-05:00,2026-09-25T00:24:14+00:00,Python SDK azure-iot-device (MQTT sobre WebSockets 443),DC-PASILLO-04,20.18,48.33,16.6,2026-09-25T00:24:14+00:00
2026-09-24T19:25:14-05:00,2026-09-25T00:25:14+00:00,Python SDK azure-iot-device (MQTT sobre WebSockets 443),DC-PASILLO-04,20.23,47.97,17.8,2026-09-25T00:25:14+00:00
2026-09-24T19:26:14-05:00,2026-09-25T00:26:14+00:00,Python SDK azure-iot-device (MQTT sobre WebSockets 443),DC-PASILLO-04,20.26,46.82,17.2,2026-09-25T00:26:14+00:00
2026-09-24T19:27:14-05:00,2026-09-25T00:27:15+00:00,Python SDK azure-iot-device (MQTT sobre WebSockets 443),DC-PASILLO-04,19.86,47.12,17.7,2026-09-25T00:27:14+00:00
2026-09-24T19:28:15-05:00,2026-09-25T00:28:15+00:00,Python SDK azure-iot-device (MQTT sobre WebSockets 443),DC-PASILLO-04,20.19,47.64,19.2,2026-09-25T00:28:15+00:00
2026-09-24T19:29:15-05:00,2026-09-25T00:29:15+00:00,Python SDK azure-iot-device (MQTT sobre WebSockets 443),DC-PASILLO-04,20.2,46.61,16.8,2026-09-25T00:29:15+00:00
2026-09-24T19:30:15-05:00,2026-09-25T00:30:15+00:00,Python SDK azure-iot-device (MQTT sobre WebSockets 443),DC-PASILLO-04,20.19,47.13,16.4,2026-09-25T00:30:15+00:00
2026-09-24T19:31:15-05:00,2026-09-25T00:31:15+00:00,Python SDK azure-iot-device (MQTT sobre WebSockets 443),DC-PASILLO-04,19.95,48.15,17.6,2026-09-25T00:31:15+00:00
2026-09-24T19:32:16-05:00,2026-09-25T00:32:16+00:00,Python SDK azure-iot-device (MQTT sobre WebSockets 443),DC-PASILLO-04,20.2,47.94,19.6,2026-09-25T00:32:15+00:00
2026-09-24T19:33:16-05:00,2026-09-25T00:33:16+00:00,Python SDK azure-iot-device (MQTT sobre WebSockets 443),DC-PASILLO-04,20.03,47.05,20.7,2026-09-25T00:33:16+00:00
2026-09-24T19:34:16-05:00,2026-09-25T00:34:16+00:00,Python SDK azure-iot-device (MQTT sobre WebSockets 443),DC-PASILLO-04,20.02,47.73,17.0,2026-09-25T00:34:16+00:00
2026-09-24T19:35:16-05:00,2026-09-25T00:35:16+00:00,Python SDK azure-iot-device (MQTT sobre WebSockets 443),DC-PASILLO-04,20.42,47.52,19.1,2026-09-25T00:35:16+00:00
2026-09-24T19:36:16-05:00,2026-09-25T00:36:16+00:00,Python SDK azure-iot-device (MQTT sobre WebSockets 443),DC-PASILLO-04,20.38,48.21,21.1,2026-09-25T00:36:16+00:00
2026-09-24T19:37:17-05:00,2026-09-25T00:37:17+00:00,Python SDK azure-iot-device (MQTT sobre WebSockets 443),DC-PASILLO-04,20.35,47.46,18.8,2026-09-25T00:37:16+00:00
2026-09-24T19:38:17-05:00,2026-09-25T00:38:17+00:00,Python SDK azure-iot-device (MQTT sobre WebSockets 443),DC-PASILLO-04,19.97,46.53,18.3,2026-09-25T00:38:17+00:00
2026-09-24T19:39:17-05:00,2026-09-25T00:39:17+00:00,Python SDK azure-iot-device (MQTT sobre WebSockets 443),DC-PASILLO-04,20.01,47.37,20.4,2026-09-25T00:39:17+00:00
2026-09-24T19:40:17-05:00,2026-09-25T00:40:17+00:00,Python SDK azure-iot-device (MQTT sobre WebSockets 443),DC-PASILLO-04,20.34,46.49,18.2,2026-09-25T00:40:17+00:00
2026-09-24T19:41:18-05:00,2026-09-25T00:41:18+00:00,Python SDK azure-iot-device (MQTT sobre WebSockets 443),DC-PASILLO-04,20.37,46.65,17.2,2026-09-25T00:41:17+00:00
2026-09-24T19:42:18-05:00,2026-09-25T00:42:18+00:00,Python SDK azure-iot-device (MQTT sobre WebSockets 443),DC-PASILLO-04,20.26,48.13,18.3,2026-09-25T00:42:18+00:00
2026-09-24T19:43:19-05:00,2026-09-25T00:43:19+00:00,Python SDK azure-iot-device (MQTT sobre WebSockets 443),DC-PASILLO-04,20.19,47.58,20.3,2026-09-25T00:43:18+00:00
2026-09-24T19:44:22-05:00,2026-09-25T00:44:22+00:00,Python SDK azure-iot-device (MQTT sobre WebSockets 443),DC-PASILLO-04,20.27,48.17,17.1,2026-09-25T00:44:22+00:00
2026-09-24T19:45:22-05:00,2026-09-25T00:45:22+00:00,Python SDK azure-iot-device (MQTT sobre WebSockets 443),DC-PASILLO-04,20.01,48.12,17.8,2026-09-25T00:45:22+00:00
2026-09-24T19:46:23-05:00,2026-09-25T00:46:23+00:00,Python SDK azure-iot-device (MQTT sobre WebSockets 443),DC-PASILLO-04,20.4,46.47,19.2,2026-09-25T00:46:22+00:00
2026-09-24T19:47:23-05:00,2026-09-25T00:47:23+00:00,Python SDK azure-iot-device (MQTT sobre WebSockets 443),DC-PASILLO-04,20.13,47.97,19.4,2026-09-25T00:47:23+00:00
2026-09-24T19:48:23-05:00,2026-09-25T00:48:23+00:00,Python SDK azure-iot-device (MQTT sobre WebSockets 443),DC-PASILLO-04,20.41,47.5,18.6,2026-09-25T00:48:23+00:00
2026-09-24T19:49:23-05:00,2026-09-25T00:49:23+00:00,Python SDK azure-iot-device (MQTT sobre WebSockets 443),DC-PASILLO-04,20.39,47.2,21.4,2026-09-25T00:49:23+00:00
2026-09-24T19:50:23-05:00,2026-09-25T00:50:23+00:00,Python SDK azure-iot-device (MQTT sobre WebSockets 443),DC-PASILLO-04,20.32,46.56,17.9,2026-09-25T00:50:23+00:00
2026-09-24T19:51:24-05:00,2026-09-25T00:51:24+00:00,Python SDK azure-iot-device (MQTT sobre WebSockets 443),DC-PASILLO-04,20.35,46.43,20.1,2026-09-25T00:51:23+00:00
2026-09-24T19:52:24-05:00,2026-09-25T00:52:24+00:00,Python SDK azure-iot-device (MQTT sobre WebSockets 443),DC-PASILLO-04,20.03,47.89,19.9,2026-09-25T00:52:24+00:00
2026-09-24T19:53:24-05:00,2026-09-25T00:53:24+00:00,Python SDK azure-iot-device (MQTT sobre WebSockets 443),DC-PASILLO-04,20.08,47.68,18.7,2026-09-25T00:53:24+00:00
2026-09-24T19:54:24-05:00,2026-09-25T00:54:24+00:00,Python SDK azure-iot-device (MQTT sobre WebSockets 443),DC-PASILLO-04,20.41,47.98,18.1,2026-09-25T00:54:24+00:00
2026-09-24T19:55:37-05:00,2026-09-25T00:55:37+00:00,Python SDK azure-iot-device (MQTT sobre WebSockets 443),DC-PASILLO-04,19.97,46.92,16.8,2026-09-25T00:55:37+00:00
2026-09-24T19:56:37-05:00,2026-09-25T00:56:37+00:00,Python SDK azure-iot-device (MQTT sobre WebSockets 443),DC-PASILLO-04,20.29,47.67,18.8,2026-09-25T00:56:37+00:00
2026-09-24T19:57:26-05:00,2026-09-25T00:57:26+00:00,Python SDK azure-iot-device (MQTT sobre WebSockets 443),DC-PASILLO-04,20.14,46.43,16.6,2026-09-25T00:57:25+00:00
2026-09-24T19:58:26-05:00,2026-09-25T00:58:26+00:00,Python SDK azure-iot-device (MQTT sobre WebSockets 443),DC-PASILLO-04,20.12,47.08,18.1,2026-09-25T00:58:26+00:00
2026-09-24T19:59:05-05:00,2026-09-25T00:59:05+00:00,Python SDK azure-iot-device (MQTT sobre WebSockets 443),DC-PASILLO-04,19.95,47.5,16.8,2026-09-25T00:59:05+00:00
2026-09-24T20:00:05-05:00,2026-09-25T01:00:05+00:00,Python SDK azure-iot-device (MQTT sobre WebSockets 443),DC-PASILLO-04,20.16,47.78,17.1,2026-09-25T01:00:05+00:00
2026-09-24T20:01:06-05:00,2026-09-25T01:01:06+00:00,Python SDK azure-iot-device (MQTT sobre WebSockets 443),DC-PASILLO-04,19.86,46.8,16.7,2026-09-25T01:01:05+00:00
2026-09-24T20:02:06-05:00,2026-09-25T01:02:06+00:00,Python SDK azure-iot-device (MQTT sobre WebSockets 443),DC-PASILLO-04,20.15,47.25,17.2,2026-09-25T01:02:06+00:00
2026-09-24T20:03:06-05:00,2026-09-25T01:03:06+00:00,Python SDK azure-iot-device (MQTT sobre WebSockets 443),DC-PASILLO-04,20.2,47.72,16.7,2026-09-25T01:03:06+00:00
2026-09-24T20:04:06-05:00,2026-09-25T01:04:06+00:00,Python SDK azure-iot-device (MQTT sobre WebSockets 443),DC-PASILLO-04,20.03,47.71,16.9,2026-09-25T01:04:06+00:00
2026-09-24T20:05:06-05:00,2026-09-25T01:05:06+00:00,Python SDK azure-iot-device (MQTT sobre WebSockets 443),DC-PASILLO-04,19.83,47.09,16.6,2026-09-25T01:05:06+00:00
2026-09-25T15:37:46-05:00,2026-09-25T20:37:46+00:00,Python SDK azure-iot-device (MQTT sobre WebSockets 443),DC-PASILLO-04,20.41,50.78,20.8,2026-09-25T20:37:46+00:00
2026-09-25T15:38:46-05:00,2026-09-25T20:38:46+00:00,Python SDK azure-iot-device (MQTT sobre WebSockets 443),DC-PASILLO-04,20.17,50.91,21.8,2026-09-25T20:38:46+00:00
2026-09-25T15:39:46-05:00,2026-09-25T20:39:46+00:00,Python SDK azure-iot-device (MQTT sobre WebSockets 443),DC-PASILLO-04,20.1,52.19,19.2,2026-09-25T20:39:46+00:00
2026-09-25T15:40:46-05:00,2026-09-25T20:40:46+00:00,Python SDK azure-iot-device (MQTT sobre WebSockets 443),DC-PASILLO-04,20.11,52.17,20.2,2026-09-25T20:40:46+00:00
2026-09-25T15:41:47-05:00,2026-09-25T20:41:47+00:00,Python SDK azure-iot-device (MQTT sobre WebSockets 443),DC-PASILLO-04,20.36,50.6,18.9,2026-09-25T20:41:46+00:00
2026-09-25T15:42:47-05:00,2026-09-25T20:42:47+00:00,Python SDK azure-iot-device (MQTT sobre WebSockets 443),DC-PASILLO-04,20.13,51.11,21.9,2026-09-25T20:42:47+00:00
2026-09-25T15:43:47-05:00,2026-09-25T20:43:47+00:00,Python SDK azure-iot-device (MQTT sobre WebSockets 443),DC-PASILLO-04,20.02,52.07,21.9,2026-09-25T20:43:47+00:00
2026-09-25T15:44:47-05:00,2026-09-25T20:44:47+00:00,Python SDK azure-iot-device (MQTT sobre WebSockets 443),DC-PASILLO-04,20.15,51.06,19.2,2026-09-25T20:44:47+00:00
2026-09-25T15:45:47-05:00,2026-09-25T20:45:47+00:00,Python SDK azure-iot-device (MQTT sobre WebSockets 443),DC-PASILLO-04,20.04,50.38,20.9,2026-09-25T20:45:47+00:00
2026-09-25T15:46:48-05:00,2026-09-25T20:46:48+00:00,Python SDK azure-iot-device (MQTT sobre WebSockets 443),DC-PASILLO-04,19.96,50.73,19.8,2026-09-25T20:46:47+00:00
2026-09-25T15:47:48-05:00,2026-09-25T20:47:48+00:00,Python SDK azure-iot-device (MQTT sobre WebSockets 443),DC-PASILLO-04,20.24,51.28,18.7,2026-09-25T20:47:48+00:00
2026-09-25T15:48:48-05:00,2026-09-25T20:48:48+00:00,Python SDK azure-iot-device (MQTT sobre WebSockets 443),DC-PASILLO-04,19.95,51.72,20.5,2026-09-25T20:48:48+00:00
2026-09-25T15:49:48-05:00,2026-09-25T20:49:48+00:00,Python SDK azure-iot-device (MQTT sobre WebSockets 443),DC-PASILLO-04,20.57,50.7,21.4,2026-09-25T20:49:48+00:00
2026-09-25T15:50:48-05:00,2026-09-25T20:50:48+00:00,Python SDK azure-iot-device (MQTT sobre WebSockets 443),DC-PASILLO-04,20.25,51.69,18.6,2026-09-25T20:50:48+00:00
2026-09-25T15:51:48-05:00,2026-09-25T20:51:48+00:00,Python SDK azure-iot-device (MQTT sobre WebSockets 443),DC-PASILLO-04,20.21,51.52,19.6,2026-09-25T20:51:48+00:00
2026-09-25T15:52:49-05:00,2026-09-25T20:52:49+00:00,Python SDK azure-iot-device (MQTT sobre WebSockets 443),DC-PASILLO-04,20.51,51.0,18.6,2026-09-25T20:52:48+00:00
2026-09-25T15:53:49-05:00,2026-09-25T20:53:49+00:00,Python SDK azure-iot-device (MQTT sobre WebSockets 443),DC-PASILLO-04,20.19,51.41,21.5,2026-09-25T20:53:49+00:00
2026-09-25T15:54:49-05:00,2026-09-25T20:54:49+00:00,Python SDK azure-iot-device (MQTT sobre WebSockets 443),DC-PASILLO-04,20.05,51.73,17.6,2026-09-25T20:54:49+00:00
2026-09-25T15:55:49-05:00,2026-09-25T20:55:49+00:00,Python SDK azure-iot-device (MQTT sobre WebSockets 443),DC-PASILLO-04,20.21,51.29,18.3,2026-09-25T20:55:49+00:00
2026-09-25T15:56:49-05:00,2026-09-25T20:56:49+00:00,Python SDK azure-iot-device (MQTT sobre WebSockets 443),DC-PASILLO-04,19.99,51.08,18.9,2026-09-25T20:56:49+00:00
2026-09-25T15:57:50-05:00,2026-09-25T20:57:50+00:00,Python SDK azure-iot-device (MQTT sobre WebSockets 443),DC-PASILLO-04,20.15,50.49,21.3,2026-09-25T20:57:49+00:00
2026-09-25T15:58:50-05:00,2026-09-25T20:58:50+00:00,Python SDK azure-iot-device (MQTT sobre WebSockets 443),DC-PASILLO-04,20.13,51.3,21.6,2026-09-25T20:58:50+00:00
2026-09-25T15:59:50-05:00,2026-09-25T20:59:50+00:00,Python SDK azure-iot-device (MQTT sobre WebSockets 443),DC-PASILLO-04,20.49,50.99,20.0,2026-09-25T20:59:50+00:00
2026-09-25T16:00:50-05:00,2026-09-25T21:00:50+00:00,Python SDK azure-iot-device (MQTT sobre WebSockets 443),DC-PASILLO-04,20.22,51.49,19.5,2026-09-25T21:00:50+00:00
2026-09-25T16:01:50-05:00,2026-09-25T21:01:50+00:00,Python SDK azure-iot-device (MQTT sobre WebSockets 443),DC-PASILLO-04,20.02,51.11,22.1,2026-09-25T21:01:50+00:00
2026-09-25T16:02:51-05:00,2026-09-25T21:02:51+00:00,Python SDK azure-iot-device (MQTT sobre WebSockets 443),DC-PASILLO-04,20.0,51.95,21.8,2026-09-25T21:02:50+00:00
2026-09-25T16:03:51-05:00,2026-09-25T21:03:51+00:00,Python SDK azure-iot-device (MQTT sobre WebSockets 443),DC-PASILLO-04,20.08,51.87,20.6,2026-09-25T21:03:51+00:00
2026-09-25T16:04:51-05:00,2026-09-25T21:04:51+00:00,Python SDK azure-iot-device (MQTT sobre WebSockets 443),DC-PASILLO-04,20.08,51.79,18.9,2026-09-25T21:04:51+00:00
2026-09-25T16:05:51-05:00,2026-09-25T21:05:51+00:00,Python SDK azure-iot-device (MQTT sobre WebSockets 443),DC-PASILLO-04,20.12,51.09,21.2,2026-09-25T21:05:51+00:00
2026-09-25T16:06:51-05:00,2026-09-25T21:06:51+00:00,Python SDK azure-iot-device (MQTT sobre WebSockets 443),DC-PASILLO-04,20.23,51.08,21.6,2026-09-25T21:06:51+00:00
2026-09-25T16:07:52-05:00,2026-09-25T21:07:52+00:00,Python SDK azure-iot-device (MQTT sobre WebSockets 443),DC-PASILLO-04,20.35,50.77,20.4,2026-09-25T21:07:51+00:00
2026-09-25T16:08:52-05:00,2026-09-25T21:08:52+00:00,Python SDK azure-iot-device (MQTT sobre WebSockets 443),DC-PASILLO-04,20.33,50.02,19.8,2026-09-25T21:08:52+00:00
2026-09-25T16:09:52-05:00,2026-09-25T21:09:52+00:00,Python SDK azure-iot-device (MQTT sobre WebSockets 443),DC-PASILLO-04,20.21,51.53,17.4,2026-09-25T21:09:52+00:00
2026-09-25T16:10:52-05:00,2026-09-25T21:10:52+00:00,Python SDK azure-iot-device (MQTT sobre WebSockets 443),DC-PASILLO-04,20.52,51.51,20.7,2026-09-25T21:10:52+00:00
2026-09-25T16:11:52-05:00,2026-09-25T21:11:52+00:00,Python SDK azure-iot-device (MQTT sobre WebSockets 443),DC-PASILLO-04,20.52,50.98,20.3,2026-09-25T21:11:52+00:00
2026-09-25T16:12:53-05:00,2026-09-25T21:12:53+00:00,Python SDK azure-iot-device (MQTT sobre WebSockets 443),DC-PASILLO-04,19.97,50.13,18.0,2026-09-25T21:12:52+00:00
2026-09-25T16:13:53-05:00,2026-09-25T21:13:53+00:00,Python SDK azure-iot-device (MQTT sobre WebSockets 443),DC-PASILLO-04,20.17,50.0,17.7,2026-09-25T21:13:53+00:00
2026-09-25T16:14:53-05:00,2026-09-25T21:14:53+00:00,Python SDK azure-iot-device (MQTT sobre WebSockets 443),DC-PASILLO-04,20.49,50.69,19.6,2026-09-25T21:14:53+00:00
2026-09-25T16:15:53-05:00,2026-09-25T21:15:53+00:00,Python SDK azure-iot-device (MQTT sobre WebSockets 443),DC-PASILLO-04,19.98,51.56,18.8,2026-09-25T21:15:53+00:00
2026-09-25T16:16:53-05:00,2026-09-25T21:16:53+00:00,Python SDK azure-iot-device (MQTT sobre WebSockets 443),DC-PASILLO-04,20.47,50.1,19.2,2026-09-25T21:16:53+00:00
2026-09-25T16:17:54-05:00,2026-09-25T21:17:54+00:00,Python SDK azure-iot-device (MQTT sobre WebSockets 443),DC-PASILLO-04,20.55,50.19,18.3,2026-09-25T21:17:53+00:00
2026-09-25T16:18:54-05:00,2026-09-25T21:18:54+00:00,Python SDK azure-iot-device (MQTT sobre WebSockets 443),DC-PASILLO-04,19.96,50.07,21.6,2026-09-25T21:18:54+00:00
2026-09-25T16:19:54-05:00,2026-09-25T21:19:54+00:00,Python SDK azure-iot-device (MQTT sobre WebSockets 443),DC-PASILLO-04,20.51,50.58,19.3,2026-09-25T21:19:54+00:00
2026-09-25T16:20:54-05:00,2026-09-25T21:20:54+00:00,Python SDK azure-iot-device (MQTT sobre WebSockets 443),DC-PASILLO-04,20.16,51.35,18.6,2026-09-25T21:20:54+00:00
2026-09-25T16:21:54-05:00,2026-09-25T21:21:54+00:00,Python SDK azure-iot-device (MQTT sobre WebSockets 443),DC-PASILLO-04,20.53,50.27,20.8,2026-09-25T21:21:54+00:00
2026-09-25T16:22:55-05:00,2026-09-25T21:22:55+00:00,Python SDK azure-iot-device (MQTT sobre WebSockets 443),DC-PASILLO-04,20.41,50.53,20.0,2026-09-25T21:22:54+00:00
2026-09-25T16:23:55-05:00,2026-09-25T21:23:55+00:00,Python SDK azure-iot-device (MQTT sobre WebSockets 443),DC-PASILLO-04,19.99,50.98,21.2,2026-09-25T21:23:55+00:00
2026-09-25T16:24:55-05:00,2026-09-25T21:24:55+00:00,Python SDK azure-iot-device (MQTT sobre WebSockets 443),DC-PASILLO-04,20.26,49.95,20.1,2026-09-25T21:24:55+00:00
2026-09-25T16:25:55-05:00,2026-09-25T21:25:55+00:00,Python SDK azure-iot-device (MQTT sobre WebSockets 443),DC-PASILLO-04,20.19,51.08,21.7,2026-09-25T21:25:55+00:00
2026-09-25T16:26:55-05:00,2026-09-25T21:26:55+00:00,Python SDK azure-iot-device (MQTT sobre WebSockets 443),DC-PASILLO-04,20.32,50.77,21.3,2026-09-25T21:26:55+00:00
2026-09-25T16:27:56-05:00,2026-09-25T21:27:56+00:00,Python SDK azure-iot-device (MQTT sobre WebSockets 443),DC-PASILLO-04,20.51,50.06,18.7,2026-09-25T21:27:55+00:00
2026-09-25T16:28:56-05:00,2026-09-25T21:28:56+00:00,Python SDK azure-iot-device (MQTT sobre WebSockets 443),DC-PASILLO-04,19.95,50.76,19.0,2026-09-25T21:28:56+00:00
2026-09-25T16:29:56-05:00,2026-09-25T21:29:56+00:00,Python SDK azure-iot-device (MQTT sobre WebSockets 443),DC-PASILLO-04,20.36,49.71,20.6,2026-09-25T21:29:56+00:00
2026-09-25T16:30:56-05:00,2026-09-25T21:30:56+00:00,Python SDK azure-iot-device (MQTT sobre WebSockets 443),DC-PASILLO-04,20.51,50.17,19.8,2026-09-25T21:30:56+00:00
2026-09-25T16:31:56-05:00,2026-09-25T21:31:56+00:00,Python SDK azure-iot-device (MQTT sobre WebSockets 443),DC-PASILLO-04,20.28,50.63,19.4,2026-09-25T21:31:56+00:00
2026-09-25T16:32:57-05:00,2026-09-25T21:32:57+00:00,Python SDK azure-iot-device (MQTT sobre WebSockets 443),DC-PASILLO-04,20.4,50.44,18.9,2026-09-25T21:32:56+00:00
2026-09-25T16:33:57-05:00,2026-09-25T21:33:57+00:00,Python SDK azure-iot-device (MQTT sobre WebSockets 443),DC-PASILLO-04,20.53,50.51,18.2,2026-09-25T21:33:57+00:00
2026-09-25T16:34:57-05:00,2026-09-25T21:34:57+00:00,Python SDK azure-iot-device (MQTT sobre WebSockets 443),DC-PASILLO-04,20.35,49.78,18.3,2026-09-25T21:34:57+00:00
2026-09-25T16:35:57-05:00,2026-09-25T21:35:57+00:00,Python SDK azure-iot-device (MQTT sobre WebSockets 443),DC-PASILLO-04,20.31,50.41,19.6,2026-09-25T21:35:57+00:00
2026-09-25T16:36:57-05:00,2026-09-25T21:36:57+00:00,Python SDK azure-iot-device (MQTT sobre WebSockets 443),DC-PASILLO-04,20.22,50.17,22.0,2026-09-25T21:36:57+00:00
2026-09-25T16:37:58-05:00,2026-09-25T21:37:58+00:00,Python SDK azure-iot-device (MQTT sobre WebSockets 443),DC-PASILLO-04,20.02,50.83,17.2,2026-09-25T21:37:57+00:00
2026-09-25T16:38:58-05:00,2026-09-25T21:38:58+00:00,Python SDK azure-iot-device (MQTT sobre WebSockets 443),DC-PASILLO-04,20.21,49.6,19.0,2026-09-25T21:38:58+00:00
2026-09-25T16:39:58-05:00,2026-09-25T21:39:58+00:00,Python SDK azure-iot-device (MQTT sobre WebSockets 443),DC-PASILLO-04,20.3,50.59,20.6,2026-09-25T21:39:58+00:00
2026-09-25T16:40:58-05:00,2026-09-25T21:40:58+00:00,Python SDK azure-iot-device (MQTT sobre WebSockets 443),DC-PASILLO-04,20.22,50.02,17.4,2026-09-25T21:40:58+00:00
2026-09-25T16:41:58-05:00,2026-09-25T21:41:58+00:00,Python SDK azure-iot-device (MQTT sobre WebSockets 443),DC-PASILLO-04,20.16,50.61,19.3,2026-09-25T21:41:58+00:00
2026-09-25T16:42:59-05:00,2026-09-25T21:42:59+00:00,Python SDK azure-iot-device (MQTT sobre WebSockets 443),DC-PASILLO-04,20.08,50.28,20.6,2026-09-25T21:42:58+00:00
2026-09-25T16:43:59-05:00,2026-09-25T21:43:59+00:00,Python SDK azure-iot-device (MQTT sobre WebSockets 443),DC-PASILLO-04,20.45,50.81,17.4,2026-09-25T21:43:59+00:00
2026-09-25T16:44:59-05:00,2026-09-25T21:44:59+00:00,Python SDK azure-iot-device (MQTT sobre WebSockets 443),DC-PASILLO-04,20.29,49.97,20.0,2026-09-25T21:44:59+00:00
2026-09-25T16:45:59-05:00,2026-09-25T21:45:59+00:00,Python SDK azure-iot-device (MQTT sobre WebSockets 443),DC-PASILLO-04,20.41,50.52,17.9,2026-09-25T21:45:59+00:00
2026-09-25T16:47:00-05:00,2026-09-25T21:47:00+00:00,Python SDK azure-iot-device (MQTT sobre WebSockets 443),DC-PASILLO-04,20.35,50.35,20.9,2026-09-25T21:46:59+00:00
2026-09-25T16:48:00-05:00,2026-09-25T21:48:00+00:00,Python SDK azure-iot-device (MQTT sobre WebSockets 443),DC-PASILLO-04,20.52,50.93,20.2,2026-09-25T21:48:00+00:00
2026-09-25T16:49:00-05:00,2026-09-25T21:49:00+00:00,Python SDK azure-iot-device (MQTT sobre WebSockets 443),DC-PASILLO-04,19.98,50.4,17.2,2026-09-25T21:49:00+00:00
2026-09-25T16:50:00-05:00,2026-09-25T21:50:00+00:00,Python SDK azure-iot-device (MQTT sobre WebSockets 443),DC-PASILLO-04,20.22,50.24,21.3,2026-09-25T21:50:00+00:00
2026-09-25T16:51:01-05:00,2026-09-25T21:51:01+00:00,Python SDK azure-iot-device (MQTT sobre WebSockets 443),DC-PASILLO-04,20.02,51.1,20.3,2026-09-25T21:51:00+00:00
2026-09-25T16:52:01-05:00,2026-09-25T21:52:01+00:00,Python SDK azure-iot-device (MQTT sobre WebSockets 443),DC-PASILLO-04,20.22,49.98,19.2,2026-09-25T21:52:01+00:00
2026-09-25T16:53:01-05:00,2026-09-25T21:53:01+00:00,Python SDK azure-iot-device (MQTT sobre WebSockets 443),DC-PASILLO-04,20.07,50.91,21.6,2026-09-25T21:53:01+00:00
2026-09-25T16:54:01-05:00,2026-09-25T21:54:01+00:00,Python SDK azure-iot-device (MQTT sobre WebSockets 443),DC-PASILLO-04,20.2,49.41,21.6,2026-09-25T21:54:01+00:00
2026-09-25T16:55:01-05:00,2026-09-25T21:55:01+00:00,Python SDK azure-iot-device (MQTT sobre WebSockets 443),DC-PASILLO-04,20.11,50.26,20.6,2026-09-25T21:55:01+00:00
2026-09-25T16:56:02-05:00,2026-09-25T21:56:02+00:00,Python SDK azure-iot-device (MQTT sobre WebSockets 443),DC-PASILLO-04,20.38,50.91,20.5,2026-09-25T21:56:01+00:00
2026-09-25T16:57:02-05:00,2026-09-25T21:57:02+00:00,Python SDK azure-iot-device (MQTT sobre WebSockets 443),DC-PASILLO-04,20.32,49.1,19.4,2026-09-25T21:57:02+00:00
2026-09-25T16:58:02-05:00,2026-09-25T21:58:02+00:00,Python SDK azure-iot-device (MQTT sobre WebSockets 443),DC-PASILLO-04,20.47,49.76,19.8,2026-09-25T21:58:02+00:00
2026-09-25T16:59:02-05:00,2026-09-25T21:59:02+00:00,Python SDK azure-iot-device (MQTT sobre WebSockets 443),DC-PASILLO-04,20.28,49.17,18.3,2026-09-25T21:59:02+00:00
2026-09-25T17:00:03-05:00,2026-09-25T22:00:03+00:00,Python SDK azure-iot-device (MQTT sobre WebSockets 443),DC-PASILLO-04,20.29,50.04,17.6,2026-09-25T22:00:02+00:00
2026-09-25T17:01:03-05:00,2026-09-25T22:01:03+00:00,Python SDK azure-iot-device (MQTT sobre WebSockets 443),DC-PASILLO-04,20.05,50.29,17.7,2026-09-25T22:01:03+00:00
2026-09-25T17:02:03-05:00,2026-09-25T22:02:03+00:00,Python SDK azure-iot-device (MQTT sobre WebSockets 443),DC-PASILLO-04,20.27,49.41,20.1,2026-09-25T22:02:03+00:00
2026-09-25T17:03:03-05:00,2026-09-25T22:03:03+00:00,Python SDK azure-iot-device (MQTT sobre WebSockets 443),DC-PASILLO-04,20.07,50.25,21.2,2026-09-25T22:03:03+00:00
2026-09-25T17:04:03-05:00,2026-09-25T22:04:03+00:00,Python SDK azure-iot-device (MQTT sobre WebSockets 443),DC-PASILLO-04,20.51,50.1,21.9,2026-09-25T22:04:03+00:00
2026-09-25T17:05:04-05:00,2026-09-25T22:05:04+00:00,Python SDK azure-iot-device (MQTT sobre WebSockets 443),DC-PASILLO-04,20.51,48.99,20.8,2026-09-25T22:05:03+00:00
2026-09-25T17:06:04-05:00,2026-09-25T22:06:04+00:00,Python SDK azure-iot-device (MQTT sobre WebSockets 443),DC-PASILLO-04,20.27,50.69,21.8,2026-09-25T22:06:04+00:00
2026-09-25T17:07:04-05:00,2026-09-25T22:07:04+00:00,Python SDK azure-iot-device (MQTT sobre WebSockets 443),DC-PASILLO-04,20.15,49.1,19.5,2026-09-25T22:07:04+00:00
2026-09-25T17:08:04-05:00,2026-09-25T22:08:04+00:00,Python SDK azure-iot-device (MQTT sobre WebSockets 443),DC-PASILLO-04,20.25,49.03,17.8,2026-09-25T22:08:04+00:00
2026-09-25T17:09:05-05:00,2026-09-25T22:09:05+00:00,Python SDK azure-iot-device (MQTT sobre WebSockets 443),DC-PASILLO-04,20.2,49.94,18.4,2026-09-25T22:09:04+00:00
2026-09-25T17:10:05-05:00,2026-09-25T22:10:05+00:00,Python SDK azure-iot-device (MQTT sobre WebSockets 443),DC-PASILLO-04,20.23,49.43,18.2,2026-09-25T22:10:05+00:00
2026-09-25T17:11:05-05:00,2026-09-25T22:11:05+00:00,Python SDK azure-iot-device (MQTT sobre WebSockets 443),DC-PASILLO-04,20.37,50.3,20.2,2026-09-25T22:11:05+00:00
2026-09-25T17:12:05-05:00,2026-09-25T22:12:05+00:00,Python SDK azure-iot-device (MQTT sobre WebSockets 443),DC-PASILLO-04,19.97,50.28,19.6,2026-09-25T22:12:05+00:00
2026-09-25T17:13:05-05:00,2026-09-25T22:13:05+00:00,Python SDK azure-iot-device (MQTT sobre WebSockets 443),DC-PASILLO-04,20.01,49.23,18.3,2026-09-25T22:13:05+00:00
2026-09-25T17:14:06-05:00,2026-09-25T22:14:06+00:00,Python SDK azure-iot-device (MQTT sobre WebSockets 443),DC-PASILLO-04,20.11,50.37,20.1,2026-09-25T22:14:05+00:00
2026-09-25T17:15:06-05:00,2026-09-25T22:15:06+00:00,Python SDK azure-iot-device (MQTT sobre WebSockets 443),DC-PASILLO-04,20.16,49.86,17.8,2026-09-25T22:15:06+00:00
2026-09-25T17:16:06-05:00,2026-09-25T22:16:06+00:00,Python SDK azure-iot-device (MQTT sobre WebSockets 443),DC-PASILLO-04,20.17,49.94,20.4,2026-09-25T22:16:06+00:00
2026-09-25T17:17:06-05:00,2026-09-25T22:17:06+00:00,Python SDK azure-iot-device (MQTT sobre WebSockets 443),DC-PASILLO-04,20.37,49.76,17.6,2026-09-25T22:17:06+00:00
2026-09-25T17:18:07-05:00,2026-09-25T22:18:07+00:00,Python SDK azure-iot-device (MQTT sobre WebSockets 443),DC-PASILLO-04,20.35,48.97,17.6,2026-09-25T22:18:06+00:00
2026-09-25T17:19:07-05:00,2026-09-25T22:19:07+00:00,Python SDK azure-iot-device (MQTT sobre WebSockets 443),DC-PASILLO-04,20.03,49.66,18.2,2026-09-25T22:19:07+00:00
2026-09-25T17:20:07-05:00,2026-09-25T22:20:07+00:00,Python SDK azure-iot-device (MQTT sobre WebSockets 443),DC-PASILLO-04,20.05,49.86,19.2,2026-09-25T22:20:07+00:00
2026-09-25T17:21:07-05:00,2026-09-25T22:21:07+00:00,Python SDK azure-iot-device (MQTT sobre WebSockets 443),DC-PASILLO-04,20.44,50.08,17.6,2026-09-25T22:21:07+00:00
2026-09-25T17:22:07-05:00,2026-09-25T22:22:07+00:00,Python SDK azure-iot-device (MQTT sobre WebSockets 443),DC-PASILLO-04,20.04,48.82,18.1,2026-09-25T22:22:07+00:00
2026-09-25T17:23:08-05:00,2026-09-25T22:23:08+00:00,Python SDK azure-iot-device (MQTT sobre WebSockets 443),DC-PASILLO-04,20.35,49.31,21.2,2026-09-25T22:23:07+00:00
2026-09-25T17:24:08-05:00,2026-09-25T22:24:08+00:00,Python SDK azure-iot-device (MQTT sobre WebSockets 443),DC-PASILLO-04,20.38,49.96,17.8,2026-09-25T22:24:08+00:00
2026-09-25T17:25:09-05:00,2026-09-25T22:25:09+00:00,Python SDK azure-iot-device (MQTT sobre WebSockets 443),DC-PASILLO-04,20.24,49.39,17.6,2026-09-25T22:25:08+00:00
2026-09-25T17:26:09-05:00,2026-09-25T22:26:09+00:00,Python SDK azure-iot-device (MQTT sobre WebSockets 443),DC-PASILLO-04,20.21,50.38,17.2,2026-09-25T22:26:09+00:00
2026-09-25T17:27:09-05:00,2026-09-25T22:27:09+00:00,Python SDK azure-iot-device (MQTT sobre WebSockets 443),DC-PASILLO-04,20.01,48.72,21.8,2026-09-25T22:27:09+00:00
2026-09-25T17:28:09-05:00,2026-09-25T22:28:09+00:00,Python SDK azure-iot-device (MQTT sobre WebSockets 443),DC-PASILLO-04,20.46,49.11,21.8,2026-09-25T22:28:09+00:00
2026-09-25T17:29:09-05:00,2026-09-25T22:29:09+00:00,Python SDK azure-iot-device (MQTT sobre WebSockets 443),DC-PASILLO-04,20.11,50.06,19.2,2026-09-25T22:29:09+00:00
2026-09-25T17:30:11-05:00,2026-09-25T22:30:11+00:00,Python SDK azure-iot-device (MQTT sobre WebSockets 443),DC-PASILLO-04,20.19,50.23,21.1,2026-09-25T22:30:09+00:00
2026-09-25T17:31:11-05:00,2026-09-25T22:31:11+00:00,Python SDK azure-iot-device (MQTT sobre WebSockets 443),DC-PASILLO-04,20.16,50.37,19.0,2026-09-25T22:31:11+00:00
2026-09-25T17:32:11-05:00,2026-09-25T22:32:11+00:00,Python SDK azure-iot-device (MQTT sobre WebSockets 443),DC-PASILLO-04,20.26,49.6,17.7,2026-09-25T22:32:11+00:00
2026-09-25T17:33:11-05:00,2026-09-25T22:33:11+00:00,Python SDK azure-iot-device (MQTT sobre WebSockets 443),DC-PASILLO-04,19.95,48.84,19.6,2026-09-25T22:33:11+00:00
2026-09-25T17:34:11-05:00,2026-09-25T22:34:11+00:00,Python SDK azure-iot-device (MQTT sobre WebSockets 443),DC-PASILLO-04,20.37,49.56,17.2,2026-09-25T22:34:11+00:00
2026-09-25T17:35:12-05:00,2026-09-25T22:35:12+00:00,Python SDK azure-iot-device (MQTT sobre WebSockets 443),DC-PASILLO-04,20.38,48.94,21.0,2026-09-25T22:35:11+00:00
2026-09-25T17:36:13-05:00,2026-09-25T22:36:13+00:00,Python SDK azure-iot-device (MQTT sobre WebSockets 443),DC-PASILLO-04,20.06,50.01,18.8,2026-09-25T22:36:12+00:00
2026-09-25T17:37:13-05:00,2026-09-25T22:37:13+00:00,Python SDK azure-iot-device (MQTT sobre WebSockets 443),DC-PASILLO-04,20.16,49.1,17.2,2026-09-25T22:37:13+00:00
2026-09-25T17:38:13-05:00,2026-09-25T22:38:13+00:00,Python SDK azure-iot-device (MQTT sobre WebSockets 443),DC-PASILLO-04,20.44,49.11,21.0,2026-09-25T22:38:13+00:00
2026-09-25T17:39:15-05:00,2026-09-25T22:39:15+00:00,Python SDK azure-iot-device (MQTT sobre WebSockets 443),DC-PASILLO-04,20.26,49.37,19.3,2026-09-25T22:39:13+00:00
2026-09-25T17:40:15-05:00,2026-09-25T22:40:15+00:00,Python SDK azure-iot-device (MQTT sobre WebSockets 443),DC-PASILLO-04,19.96,48.75,18.6,2026-09-25T22:40:15+00:00
2026-09-25T17:41:16-05:00,2026-09-25T22:41:16+00:00,Python SDK azure-iot-device (MQTT sobre WebSockets 443),DC-PASILLO-04,20.14,48.78,21.4,2026-09-25T22:41:15+00:00
2026-09-25T17:42:17-05:00,2026-09-25T22:42:17+00:00,Python SDK azure-iot-device (MQTT sobre WebSockets 443),DC-PASILLO-04,20.41,48.53,19.9,2026-09-25T22:42:16+00:00
2026-09-25T17:43:17-05:00,2026-09-25T22:43:17+00:00,Python SDK azure-iot-device (MQTT sobre WebSockets 443),DC-PASILLO-04,20.51,48.61,19.3,2026-09-25T22:43:17+00:00
2026-09-25T17:44:17-05:00,2026-09-25T22:44:17+00:00,Python SDK azure-iot-device (MQTT sobre WebSockets 443),DC-PASILLO-04,20.2,48.67,19.2,2026-09-25T22:44:17+00:00
2026-09-25T17:45:17-05:00,2026-09-25T22:45:17+00:00,Python SDK azure-iot-device (MQTT sobre WebSockets 443),DC-PASILLO-04,20.24,49.52,18.3,2026-09-25T22:45:17+00:00
2026-09-25T17:46:18-05:00,2026-09-25T22:46:18+00:00,Python SDK azure-iot-device (MQTT sobre WebSockets 443),DC-PASILLO-04,20.03,49.65,19.7,2026-09-25T22:46:17+00:00
2026-09-25T17:47:19-05:00,2026-09-25T22:47:19+00:00,Python SDK azure-iot-device (MQTT sobre WebSockets 443),DC-PASILLO-04,20.35,48.75,21.4,2026-09-25T22:47:18+00:00
2026-09-25T17:48:19-05:00,2026-09-25T22:48:19+00:00,Python SDK azure-iot-device (MQTT sobre WebSockets 443),DC-PASILLO-04,20.41,49.61,17.3,2026-09-25T22:48:19+00:00
2026-09-25T17:49:20-05:00,2026-09-25T22:49:20+00:00,Python SDK azure-iot-device (MQTT sobre WebSockets 443),DC-PASILLO-04,19.97,48.81,21.2,2026-09-25T22:49:19+00:00
2026-09-25T17:50:20-05:00,2026-09-25T22:50:20+00:00,Python SDK azure-iot-device (MQTT sobre WebSockets 443),DC-PASILLO-04,19.97,49.89,20.1,2026-09-25T22:50:20+00:00
2026-09-25T17:51:20-05:00,2026-09-25T22:51:20+00:00,Python SDK azure-iot-device (MQTT sobre WebSockets 443),DC-PASILLO-04,20.13,48.88,18.4,2026-09-25T22:51:20+00:00
2026-09-25T17:52:20-05:00,2026-09-25T22:52:20+00:00,Python SDK azure-iot-device (MQTT sobre WebSockets 443),DC-PASILLO-04,20.05,48.63,17.3,2026-09-25T22:52:20+00:00
2026-09-25T17:53:20-05:00,2026-09-25T22:53:20+00:00,Python SDK azure-iot-device (MQTT sobre WebSockets 443),DC-PASILLO-04,20.51,50.06,17.2,2026-09-25T22:53:20+00:00
2026-09-25T17:54:21-05:00,2026-09-25T22:54:21+00:00,Python SDK azure-iot-device (MQTT sobre WebSockets 443),DC-PASILLO-04,20.17,49.99,16.8,2026-09-25T22:54:20+00:00
2026-09-25T17:55:21-05:00,2026-09-25T22:55:21+00:00,Python SDK azure-iot-device (MQTT sobre WebSockets 443),DC-PASILLO-04,20.2,48.76,18.3,2026-09-25T22:55:21+00:00
2026-09-25T17:56:22-05:00,2026-09-25T22:56:22+00:00,Python SDK azure-iot-device (MQTT sobre WebSockets 443),DC-PASILLO-04,20.01,49.59,17.2,2026-09-25T22:56:21+00:00
2026-09-25T17:57:22-05:00,2026-09-25T22:57:22+00:00,Python SDK azure-iot-device (MQTT sobre WebSockets 443),DC-PASILLO-04,20.26,49.11,21.0,2026-09-25T22:57:22+00:00
2026-09-25T17:58:22-05:00,2026-09-25T22:58:22+00:00,Python SDK azure-iot-device (MQTT sobre WebSockets 443),DC-PASILLO-04,20.32,49.28,21.3,2026-09-25T22:58:22+00:00
2026-09-25T17:59:23-05:00,2026-09-25T22:59:23+00:00,Python SDK azure-iot-device (MQTT sobre WebSockets 443),DC-PASILLO-04,19.96,48.47,20.6,2026-09-25T22:59:22+00:00
2026-09-25T18:00:23-05:00,2026-09-25T23:00:23+00:00,Python SDK azure-iot-device (MQTT sobre WebSockets 443),DC-PASILLO-04,19.92,48.84,19.4,2026-09-25T23:00:23+00:00
2026-09-25T18:01:23-05:00,2026-09-25T23:01:23+00:00,Python SDK azure-iot-device (MQTT sobre WebSockets 443),DC-PASILLO-04,20.07,49.84,19.4,2026-09-25T23:01:23+00:00
2026-09-25T18:02:24-05:00,2026-09-25T23:02:24+00:00,Python SDK azure-iot-device (MQTT sobre WebSockets 443),DC-PASILLO-04,20.06,48.34,19.3,2026-09-25T23:02:23+00:00
2026-09-25T18:03:24-05:00,2026-09-25T23:03:24+00:00,Python SDK azure-iot-device (MQTT sobre WebSockets 443),DC-PASILLO-04,20.48,49.8,19.7,2026-09-25T23:03:24+00:00
2026-09-25T18:04:24-05:00,2026-09-25T23:04:24+00:00,Python SDK azure-iot-device (MQTT sobre WebSockets 443),DC-PASILLO-04,20.22,48.33,18.3,2026-09-25T23:04:24+00:00
2026-09-25T18:05:24-05:00,2026-09-25T23:05:24+00:00,Python SDK azure-iot-device (MQTT sobre WebSockets 443),DC-PASILLO-04,20.0,49.58,21.4,2026-09-25T23:05:24+00:00
2026-09-25T18:06:25-05:00,2026-09-25T23:06:25+00:00,Python SDK azure-iot-device (MQTT sobre WebSockets 443),DC-PASILLO-04,20.21,48.66,18.0,2026-09-25T23:06:24+00:00
2026-09-25T18:07:25-05:00,2026-09-25T23:07:25+00:00,Python SDK azure-iot-device (MQTT sobre WebSockets 443),DC-PASILLO-04,20.04,49.02,19.8,2026-09-25T23:07:25+00:00
2026-09-25T18:08:25-05:00,2026-09-25T23:08:25+00:00,Python SDK azure-iot-device (MQTT sobre WebSockets 443),DC-PASILLO-04,20.31,48.27,16.9,2026-09-25T23:08:25+00:00
2026-09-25T18:09:25-05:00,2026-09-25T23:09:25+00:00,Python SDK azure-iot-device (MQTT sobre WebSockets 443),DC-PASILLO-04,19.92,48.75,19.4,2026-09-25T23:09:25+00:00
2026-09-25T18:10:25-05:00,2026-09-25T23:10:25+00:00,Python SDK azure-iot-device (MQTT sobre WebSockets 443),DC-PASILLO-04,20.19,47.8,18.5,2026-09-25T23:10:25+00:00
2026-09-25T18:11:26-05:00,2026-09-25T23:11:26+00:00,Python SDK azure-iot-device (MQTT sobre WebSockets 443),DC-PASILLO-04,20.37,49.72,19.1,2026-09-25T23:11:25+00:00
2026-09-25T18:12:26-05:00,2026-09-25T23:12:26+00:00,Python SDK azure-iot-device (MQTT sobre WebSockets 443),DC-PASILLO-04,20.21,49.66,20.9,2026-09-25T23:12:26+00:00
2026-09-25T18:13:26-05:00,2026-09-25T23:13:26+00:00,Python SDK azure-iot-device (MQTT sobre WebSockets 443),DC-PASILLO-04,20.25,49.6,18.5,2026-09-25T23:13:26+00:00
2026-09-25T18:14:26-05:00,2026-09-25T23:14:26+00:00,Python SDK azure-iot-device (MQTT sobre WebSockets 443),DC-PASILLO-04,20.07,49.44,18.4,2026-09-25T23:14:26+00:00
2026-09-25T18:15:27-05:00,2026-09-25T23:15:27+00:00,Python SDK azure-iot-device (MQTT sobre WebSockets 443),DC-PASILLO-04,20.39,48.57,20.3,2026-09-25T23:15:26+00:00
2026-09-25T18:16:27-05:00,2026-09-25T23:16:27+00:00,Python SDK azure-iot-device (MQTT sobre WebSockets 443),DC-PASILLO-04,20.37,48.95,18.7,2026-09-25T23:16:27+00:00
2026-09-25T18:17:28-05:00,2026-09-25T23:17:28+00:00,Python SDK azure-iot-device (MQTT sobre WebSockets 443),DC-PASILLO-04,20.36,48.57,21.0,2026-09-25T23:17:27+00:00
2026-09-25T18:18:28-05:00,2026-09-25T23:18:28+00:00,Python SDK azure-iot-device (MQTT sobre WebSockets 443),DC-PASILLO-04,20.17,49.18,19.9,2026-09-25T23:18:28+00:00
2026-09-25T18:19:28-05:00,2026-09-25T23:19:28+00:00,Python SDK azure-iot-device (MQTT sobre WebSockets 443),DC-PASILLO-04,20.09,47.87,20.4,2026-09-25T23:19:28+00:00
2026-09-25T18:20:28-05:00,2026-09-25T23:20:28+00:00,Python SDK azure-iot-device (MQTT sobre WebSockets 443),DC-PASILLO-04,20.14,48.78,19.6,2026-09-25T23:20:28+00:00
2026-09-25T18:21:28-05:00,2026-09-25T23:21:28+00:00,Python SDK azure-iot-device (MQTT sobre WebSockets 443),DC-PASILLO-04,20.02,48.75,17.6,2026-09-25T23:21:28+00:00
2026-09-25T18:22:29-05:00,2026-09-25T23:22:29+00:00,Python SDK azure-iot-device (MQTT sobre WebSockets 443),DC-PASILLO-04,19.98,48.98,19.1,2026-09-25T23:22:28+00:00
2026-09-25T18:23:29-05:00,2026-09-25T23:23:29+00:00,Python SDK azure-iot-device (MQTT sobre WebSockets 443),DC-PASILLO-04,20.34,48.27,18.0,2026-09-25T23:23:29+00:00
2026-09-25T18:24:29-05:00,2026-09-25T23:24:29+00:00,Python SDK azure-iot-device (MQTT sobre WebSockets 443),DC-PASILLO-04,20.36,48.17,17.0,2026-09-25T23:24:29+00:00
2026-09-25T18:25:29-05:00,2026-09-25T23:25:29+00:00,Python SDK azure-iot-device (MQTT sobre WebSockets 443),DC-PASILLO-04,20.23,49.41,20.7,2026-09-25T23:25:29+00:00
2026-09-25T18:26:29-05:00,2026-09-25T23:26:29+00:00,Python SDK azure-iot-device (MQTT sobre WebSockets 443),DC-PASILLO-04,20.34,48.47,20.9,2026-09-25T23:26:29+00:00
2026-09-25T18:27:30-05:00,2026-09-25T23:27:30+00:00,Python SDK azure-iot-device (MQTT sobre WebSockets 443),DC-PASILLO-04,20.12,48.87,18.7,2026-09-25T23:27:29+00:00
2026-09-25T18:28:30-05:00,2026-09-25T23:28:30+00:00,Python SDK azure-iot-device (MQTT sobre WebSockets 443),DC-PASILLO-04,20.01,48.03,21.5,2026-09-25T23:28:30+00:00
2026-09-25T18:29:30-05:00,2026-09-25T23:29:30+00:00,Python SDK azure-iot-device (MQTT sobre WebSockets 443),DC-PASILLO-04,20.01,48.58,19.1,2026-09-25T23:29:30+00:00
2026-09-25T18:30:30-05:00,2026-09-25T23:30:30+00:00,Python SDK azure-iot-device (MQTT sobre WebSockets 443),DC-PASILLO-04,20.48,49.37,19.6,2026-09-25T23:30:30+00:00
2026-09-25T18:31:30-05:00,2026-09-25T23:31:30+00:00,Python SDK azure-iot-device (MQTT sobre WebSockets 443),DC-PASILLO-04,19.91,48.58,16.8,2026-09-25T23:31:30+00:00
2026-09-25T18:32:31-05:00,2026-09-25T23:32:31+00:00,Python SDK azure-iot-device (MQTT sobre WebSockets 443),DC-PASILLO-04,20.24,48.94,19.0,2026-09-25T23:32:30+00:00
2026-09-25T18:33:31-05:00,2026-09-25T23:33:31+00:00,Python SDK azure-iot-device (MQTT sobre WebSockets 443),DC-PASILLO-04,20.13,47.73,17.2,2026-09-25T23:33:31+00:00
2026-09-25T18:34:31-05:00,2026-09-25T23:34:31+00:00,Python SDK azure-iot-device (MQTT sobre WebSockets 443),DC-PASILLO-04,20.43,47.98,18.7,2026-09-25T23:34:31+00:00
2026-09-25T18:35:31-05:00,2026-09-25T23:35:31+00:00,Python SDK azure-iot-device (MQTT sobre WebSockets 443),DC-PASILLO-04,20.27,48.57,21.4,2026-09-25T23:35:31+00:00
2026-09-25T18:36:32-05:00,2026-09-25T23:36:32+00:00,Python SDK azure-iot-device (MQTT sobre WebSockets 443),DC-PASILLO-04,20.03,48.1,19.8,2026-09-25T23:36:31+00:00
2026-09-25T18:37:32-05:00,2026-09-25T23:37:32+00:00,Python SDK azure-iot-device (MQTT sobre WebSockets 443),DC-PASILLO-04,20.33,49.31,20.6,2026-09-25T23:37:32+00:00
2026-09-25T18:38:32-05:00,2026-09-25T23:38:32+00:00,Python SDK azure-iot-device (MQTT sobre WebSockets 443),DC-PASILLO-04,20.36,48.07,17.0,2026-09-25T23:38:32+00:00
2026-09-25T18:39:32-05:00,2026-09-25T23:39:32+00:00,Python SDK azure-iot-device (MQTT sobre WebSockets 443),DC-PASILLO-04,20.29,47.85,17.8,2026-09-25T23:39:32+00:00
2026-09-25T18:40:32-05:00,2026-09-25T23:40:32+00:00,Python SDK azure-iot-device (MQTT sobre WebSockets 443),DC-PASILLO-04,20.02,48.06,19.8,2026-09-25T23:40:32+00:00
2026-09-25T18:41:33-05:00,2026-09-25T23:41:33+00:00,Python SDK azure-iot-device (MQTT sobre WebSockets 443),DC-PASILLO-04,19.97,47.87,18.7,2026-09-25T23:41:32+00:00
2026-09-25T18:42:33-05:00,2026-09-25T23:42:33+00:00,Python SDK azure-iot-device (MQTT sobre WebSockets 443),DC-PASILLO-04,19.99,47.79,20.5,2026-09-25T23:42:33+00:00
2026-09-25T18:43:33-05:00,2026-09-25T23:43:33+00:00,Python SDK azure-iot-device (MQTT sobre WebSockets 443),DC-PASILLO-04,20.04,48.4,20.4,2026-09-25T23:43:33+00:00
2026-09-25T18:44:33-05:00,2026-09-25T23:44:33+00:00,Python SDK azure-iot-device (MQTT sobre WebSockets 443),DC-PASILLO-04,20.06,49.08,18.1,2026-09-25T23:44:33+00:00
2026-09-25T18:45:33-05:00,2026-09-25T23:45:33+00:00,Python SDK azure-iot-device (MQTT sobre WebSockets 443),DC-PASILLO-04,20.08,49.01,18.5,2026-09-25T23:45:33+00:00
2026-09-25T18:46:34-05:00,2026-09-25T23:46:34+00:00,Python SDK azure-iot-device (MQTT sobre WebSockets 443),DC-PASILLO-04,20.36,48.15,18.9,2026-09-25T23:46:33+00:00
2026-09-25T18:47:34-05:00,2026-09-25T23:47:34+00:00,Python SDK azure-iot-device (MQTT sobre WebSockets 443),DC-PASILLO-04,20.36,47.35,19.8,2026-09-25T23:47:34+00:00
2026-09-25T18:48:34-05:00,2026-09-25T23:48:34+00:00,Python SDK azure-iot-device (MQTT sobre WebSockets 443),DC-PASILLO-04,20.37,48.92,20.7,2026-09-25T23:48:34+00:00
2026-09-25T18:49:34-05:00,2026-09-25T23:49:34+00:00,Python SDK azure-iot-device (MQTT sobre WebSockets 443),DC-PASILLO-04,19.95,48.65,18.6,2026-09-25T23:49:34+00:00
2026-09-25T18:50:34-05:00,2026-09-25T23:50:34+00:00,Python SDK azure-iot-device (MQTT sobre WebSockets 443),DC-PASILLO-04,20.2,49.12,20.3,2026-09-25T23:50:34+00:00
2026-09-25T18:51:35-05:00,2026-09-25T23:51:35+00:00,Python SDK azure-iot-device (MQTT sobre WebSockets 443),DC-PASILLO-04,20.03,47.39,21.7,2026-09-25T23:51:34+00:00
2026-09-25T18:52:35-05:00,2026-09-25T23:52:35+00:00,Python SDK azure-iot-device (MQTT sobre WebSockets 443),DC-PASILLO-04,20.44,47.74,18.6,2026-09-25T23:52:35+00:00
2026-09-25T18:53:35-05:00,2026-09-25T23:53:35+00:00,Python SDK azure-iot-device (MQTT sobre WebSockets 443),DC-PASILLO-04,20.23,47.82,20.9,2026-09-25T23:53:35+00:00
2026-09-25T18:54:35-05:00,2026-09-25T23:54:35+00:00,Python SDK azure-iot-device (MQTT sobre WebSockets 443),DC-PASILLO-04,20.23,48.94,20.5,2026-09-25T23:54:35+00:00
2026-09-25T18:55:35-05:00,2026-09-25T23:55:35+00:00,Python SDK azure-iot-device (MQTT sobre WebSockets 443),DC-PASILLO-04,20.09,47.2,21.5,2026-09-25T23:55:35+00:00
2026-09-25T18:56:36-05:00,2026-09-25T23:56:36+00:00,Python SDK azure-iot-device (MQTT sobre WebSockets 443),DC-PASILLO-04,20.25,47.38,21.8,2026-09-25T23:56:36+00:00
2026-09-25T18:57:36-05:00,2026-09-25T23:57:36+00:00,Python SDK azure-iot-device (MQTT sobre WebSockets 443),DC-PASILLO-04,20.28,47.89,16.9,2026-09-25T23:57:36+00:00
2026-09-25T18:58:36-05:00,2026-09-25T23:58:36+00:00,Python SDK azure-iot-device (MQTT sobre WebSockets 443),DC-PASILLO-04,20.14,47.63,21.3,2026-09-25T23:58:36+00:00
2026-09-25T18:59:37-05:00,2026-09-25T23:59:37+00:00,Python SDK azure-iot-device (MQTT sobre WebSockets 443),DC-PASILLO-04,20.45,47.74,17.8,2026-09-25T23:59:36+00:00
2026-09-25T19:12:11-05:00,2026-09-26T00:12:11+00:00,Python SDK azure-iot-device (MQTT sobre WebSockets 443),DC-PASILLO-04,19.92,47.66,21.1,2026-09-26T00:12:11+00:00
2026-09-25T19:13:11-05:00,2026-09-26T00:13:11+00:00,Python SDK azure-iot-device (MQTT sobre WebSockets 443),DC-PASILLO-04,20.24,47.25,20.7,2026-09-26T00:13:11+00:00
2026-09-25T19:14:13-05:00,2026-09-26T00:14:13+00:00,Python SDK azure-iot-device (MQTT sobre WebSockets 443),DC-PASILLO-04,20.24,47.42,18.2,2026-09-26T00:14:13+00:00
2026-09-25T19:15:14-05:00,2026-09-26T00:15:14+00:00,Python SDK azure-iot-device (MQTT sobre WebSockets 443),DC-PASILLO-04,20.25,47.19,20.3,2026-09-26T00:15:13+00:00
2026-09-25T19:16:14-05:00,2026-09-26T00:16:14+00:00,Python SDK azure-iot-device (MQTT sobre WebSockets 443),DC-PASILLO-04,20.1,48.53,20.5,2026-09-26T00:16:14+00:00
2026-09-25T19:17:15-05:00,2026-09-26T00:17:15+00:00,Python SDK azure-iot-device (MQTT sobre WebSockets 443),DC-PASILLO-04,20.35,48.72,18.3,2026-09-26T00:17:14+00:00
2026-09-25T19:18:15-05:00,2026-09-26T00:18:15+00:00,Python SDK azure-iot-device (MQTT sobre WebSockets 443),DC-PASILLO-04,20.24,47.0,21.0,2026-09-26T00:18:15+00:00
2026-09-25T19:19:15-05:00,2026-09-26T00:19:15+00:00,Python SDK azure-iot-device (MQTT sobre WebSockets 443),DC-PASILLO-04,20.07,47.71,20.7,2026-09-26T00:19:15+00:00
2026-09-25T19:20:16-05:00,2026-09-26T00:20:16+00:00,Python SDK azure-iot-device (MQTT sobre WebSockets 443),DC-PASILLO-04,20.1,48.4,20.0,2026-09-26T00:20:16+00:00
2026-09-25T19:21:16-05:00,2026-09-26T00:21:16+00:00,Python SDK azure-iot-device (MQTT sobre WebSockets 443),DC-PASILLO-04,20.33,46.86,18.0,2026-09-26T00:21:16+00:00
2026-09-25T19:22:17-05:00,2026-09-26T00:22:17+00:00,Python SDK azure-iot-device (MQTT sobre WebSockets 443),DC-PASILLO-04,20.23,46.69,17.7,2026-09-26T00:22:16+00:00
2026-09-25T19:23:17-05:00,2026-09-26T00:23:17+00:00,Python SDK azure-iot-device (MQTT sobre WebSockets 443),DC-PASILLO-04,20.19,47.75,21.3,2026-09-26T00:23:17+00:00
2026-09-25T19:24:17-05:00,2026-09-26T00:24:17+00:00,Python SDK azure-iot-device (MQTT sobre WebSockets 443),DC-PASILLO-04,20.3,47.29,19.5,2026-09-26T00:24:17+00:00
2026-09-25T19:25:18-05:00,2026-09-26T00:25:18+00:00,Python SDK azure-iot-device (MQTT sobre WebSockets 443),DC-PASILLO-04,20.39,47.48,18.8,2026-09-26T00:25:17+00:00
2026-09-25T19:26:19-05:00,2026-09-26T00:26:19+00:00,Python SDK azure-iot-device (MQTT sobre WebSockets 443),DC-PASILLO-04,19.95,47.94,17.8,2026-09-26T00:26:19+00:00
2026-09-25T19:27:29-05:00,2026-09-26T00:27:29+00:00,Python SDK azure-iot-device (MQTT sobre WebSockets 443),DC-PASILLO-04,20.08,46.68,20.9,2026-09-26T00:27:22+00:00
2026-09-25T19:28:29-05:00,2026-09-26T00:28:29+00:00,Python SDK azure-iot-device (MQTT sobre WebSockets 443),DC-PASILLO-04,20.36,47.44,19.8,2026-09-26T00:28:29+00:00
2026-09-25T19:29:29-05:00,2026-09-26T00:29:29+00:00,Python SDK azure-iot-device (MQTT sobre WebSockets 443),DC-PASILLO-04,20.09,47.48,20.3,2026-09-26T00:29:29+00:00
2026-09-25T19:30:30-05:00,2026-09-26T00:30:30+00:00,Python SDK azure-iot-device (MQTT sobre WebSockets 443),DC-PASILLO-04,20.42,47.06,19.7,2026-09-26T00:30:30+00:00
2026-09-25T19:31:30-05:00,2026-09-26T00:31:30+00:00,Python SDK azure-iot-device (MQTT sobre WebSockets 443),DC-PASILLO-04,20.14,47.66,18.5,2026-09-26T00:31:30+00:00
2026-09-25T19:32:31-05:00,2026-09-26T00:32:31+00:00,Python SDK azure-iot-device (MQTT sobre WebSockets 443),DC-PASILLO-04,20.36,47.07,20.7,2026-09-26T00:32:31+00:00
2026-09-25T19:33:32-05:00,2026-09-26T00:33:32+00:00,Python SDK azure-iot-device (MQTT sobre WebSockets 443),DC-PASILLO-04,20.23,47.99,17.0,2026-09-26T00:33:32+00:00
2026-09-25T19:34:33-05:00,2026-09-26T00:34:33+00:00,Python SDK azure-iot-device (MQTT sobre WebSockets 443),DC-PASILLO-04,20.41,48.36,18.5,2026-09-26T00:34:32+00:00
2026-09-25T19:35:33-05:00,2026-09-26T00:35:33+00:00,Python SDK azure-iot-device (MQTT sobre WebSockets 443),DC-PASILLO-04,20.15,48.47,20.0,2026-09-26T00:35:33+00:00
2026-09-25T19:36:34-05:00,2026-09-26T00:36:34+00:00,Python SDK azure-iot-device (MQTT sobre WebSockets 443),DC-PASILLO-04,20.28,47.91,18.0,2026-09-26T00:36:33+00:00
2026-09-25T19:37:35-05:00,2026-09-26T00:37:35+00:00,Python SDK azure-iot-device (MQTT sobre WebSockets 443),DC-PASILLO-04,20.27,47.83,21.4,2026-09-26T00:37:34+00:00
2026-09-25T19:38:37-05:00,2026-09-26T00:38:37+00:00,Python SDK azure-iot-device (MQTT sobre WebSockets 443),DC-PASILLO-04,20.27,48.2,19.1,2026-09-26T00:38:35+00:00
2026-09-25T19:39:37-05:00,2026-09-26T00:39:37+00:00,Python SDK azure-iot-device (MQTT sobre WebSockets 443),DC-PASILLO-04,20.22,46.86,19.6,2026-09-26T00:39:37+00:00
2026-09-25T19:40:40-05:00,2026-09-26T00:40:40+00:00,Python SDK azure-iot-device (MQTT sobre WebSockets 443),DC-PASILLO-04,20.23,47.29,18.5,2026-09-26T00:40:40+00:00
2026-09-25T19:41:41-05:00,2026-09-26T00:41:41+00:00,Python SDK azure-iot-device (MQTT sobre WebSockets 443),DC-PASILLO-04,19.88,47.51,17.5,2026-09-26T00:41:41+00:00
2026-09-25T19:42:42-05:00,2026-09-26T00:42:42+00:00,Python SDK azure-iot-device (MQTT sobre WebSockets 443),DC-PASILLO-04,19.93,47.31,17.5,2026-09-26T00:42:42+00:00
2026-09-25T19:43:44-05:00,2026-09-26T00:43:44+00:00,Python SDK azure-iot-device (MQTT sobre WebSockets 443),DC-PASILLO-04,20.41,48.24,17.6,2026-09-26T00:43:43+00:00
2026-09-25T19:44:46-05:00,2026-09-26T00:44:46+00:00,Python SDK azure-iot-device (MQTT sobre WebSockets 443),DC-PASILLO-04,20.32,46.48,21.2,2026-09-26T00:44:46+00:00
2026-09-25T19:45:46-05:00,2026-09-26T00:45:46+00:00,Python SDK azure-iot-device (MQTT sobre WebSockets 443),DC-PASILLO-04,19.92,48.11,17.0,2026-09-26T00:45:46+00:00
2026-09-25T19:46:47-05:00,2026-09-26T00:46:47+00:00,Python SDK azure-iot-device (MQTT sobre WebSockets 443),DC-PASILLO-04,20.02,46.74,18.9,2026-09-26T00:46:46+00:00
2026-09-25T19:47:47-05:00,2026-09-26T00:47:47+00:00,Python SDK azure-iot-device (MQTT sobre WebSockets 443),DC-PASILLO-04,20.43,46.6,17.9,2026-09-26T00:47:47+00:00
2026-09-25T19:48:48-05:00,2026-09-26T00:48:48+00:00,Python SDK azure-iot-device (MQTT sobre WebSockets 443),DC-PASILLO-04,19.93,48.18,19.7,2026-09-26T00:48:47+00:00
2026-09-25T19:49:49-05:00,2026-09-26T00:49:49+00:00,Python SDK azure-iot-device (MQTT sobre WebSockets 443),DC-PASILLO-04,20.06,46.69,20.4,2026-09-26T00:49:49+00:00
2026-09-25T19:50:49-05:00,2026-09-26T00:50:49+00:00,Python SDK azure-iot-device (MQTT sobre WebSockets 443),DC-PASILLO-04,20.41,47.67,18.6,2026-09-26T00:50:49+00:00
2026-09-25T19:51:50-05:00,2026-09-26T00:51:50+00:00,Python SDK azure-iot-device (MQTT sobre WebSockets 443),DC-PASILLO-04,20.19,46.97,17.1,2026-09-26T00:51:50+00:00
2026-09-25T19:52:50-05:00,2026-09-26T00:52:50+00:00,Python SDK azure-iot-device (MQTT sobre WebSockets 443),DC-PASILLO-04,19.97,48.07,21.3,2026-09-26T00:52:50+00:00
2026-09-25T19:53:50-05:00,2026-09-26T00:53:50+00:00,Python SDK azure-iot-device (MQTT sobre WebSockets 443),DC-PASILLO-04,20.33,47.3,17.2,2026-09-26T00:53:50+00:00
2026-09-25T19:54:51-05:00,2026-09-26T00:54:51+00:00,Python SDK azure-iot-device (MQTT sobre WebSockets 443),DC-PASILLO-04,20.32,47.1,17.4,2026-09-26T00:54:50+00:00
2026-09-25T19:55:52-05:00,2026-09-26T00:55:52+00:00,Python SDK azure-iot-device (MQTT sobre WebSockets 443),DC-PASILLO-04,19.96,47.29,18.9,2026-09-26T00:55:51+00:00
2026-09-25T19:56:52-05:00,2026-09-26T00:56:52+00:00,Python SDK azure-iot-device (MQTT sobre WebSockets 443),DC-PASILLO-04,20.06,47.49,18.1,2026-09-26T00:56:52+00:00
2026-09-25T19:57:52-05:00,2026-09-26T00:57:52+00:00,Python SDK azure-iot-device (MQTT sobre WebSockets 443),DC-PASILLO-04,20.14,47.17,21.3,2026-09-26T00:57:52+00:00
2026-09-25T19:58:53-05:00,2026-09-26T00:58:53+00:00,Python SDK azure-iot-device (MQTT sobre WebSockets 443),DC-PASILLO-04,20.26,47.01,19.4,2026-09-26T00:58:52+00:00
2026-09-25T19:59:53-05:00,2026-09-26T00:59:53+00:00,Python SDK azure-iot-device (MQTT sobre WebSockets 443),DC-PASILLO-04,20.09,46.29,19.5,2026-09-26T00:59:53+00:00
2026-09-25T20:00:53-05:00,2026-09-26T01:00:53+00:00,Python SDK azure-iot-device (MQTT sobre WebSockets 443),DC-PASILLO-04,20.23,46.63,18.7,2026-09-26T01:00:53+00:00
2026-09-25T20:01:53-05:00,2026-09-26T01:01:53+00:00,Python SDK azure-iot-device (MQTT sobre WebSockets 443),DC-PASILLO-04,20.1,47.44,19.6,2026-09-26T01:01:53+00:00
2026-09-25T20:02:54-05:00,2026-09-26T01:02:54+00:00,Python SDK azure-iot-device (MQTT sobre WebSockets 443),DC-PASILLO-04,20.28,47.96,17.0,2026-09-26T01:02:53+00:00
2026-09-25T20:03:54-05:00,2026-09-26T01:03:54+00:00,Python SDK azure-iot-device (MQTT sobre WebSockets 443),DC-PASILLO-04,20.38,46.46,18.9,2026-09-26T01:03:54+00:00
2026-09-25T20:04:54-05:00,2026-09-26T01:04:54+00:00,Python SDK azure-iot-device (MQTT sobre WebSockets 443),DC-PASILLO-04,20.37,47.48,20.3,2026-09-26T01:04:54+00:00
2026-09-25T20:05:54-05:00,2026-09-26T01:05:54+00:00,Python SDK azure-iot-device (MQTT sobre WebSockets 443),DC-PASILLO-04,19.94,48.09,19.0,2026-09-26T01:05:54+00:00
2026-09-25T20:06:54-05:00,2026-09-26T01:06:54+00:00,Python SDK azure-iot-device (MQTT sobre WebSockets 443),DC-PASILLO-04,19.97,47.16,18.4,2026-09-26T01:06:54+00:00
2026-09-25T20:07:55-05:00,2026-09-26T01:07:55+00:00,Python SDK azure-iot-device (MQTT sobre WebSockets 443),DC-PASILLO-04,20.36,46.35,17.0,2026-09-26T01:07:54+00:00
2026-09-25T20:08:55-05:00,2026-09-26T01:08:55+00:00,Python SDK azure-iot-device (MQTT sobre WebSockets 443),DC-PASILLO-04,20.11,48.02,16.9,2026-09-26T01:08:55+00:00
2026-09-25T20:09:55-05:00,2026-09-26T01:09:55+00:00,Python SDK azure-iot-device (MQTT sobre WebSockets 443),DC-PASILLO-04,19.9,47.95,16.7,2026-09-26T01:09:55+00:00
2026-09-25T20:10:55-05:00,2026-09-26T01:10:55+00:00,Python SDK azure-iot-device (MQTT sobre WebSockets 443),DC-PASILLO-04,19.97,46.5,18.8,2026-09-26T01:10:55+00:00
2026-09-25T20:11:55-05:00,2026-09-26T01:11:55+00:00,Python SDK azure-iot-device (MQTT sobre WebSockets 443),DC-PASILLO-04,20.09,48.02,19.1,2026-09-26T01:11:55+00:00
2026-09-25T20:12:56-05:00,2026-09-26T01:12:56+00:00,Python SDK azure-iot-device (MQTT sobre WebSockets 443),DC-PASILLO-04,20.11,47.78,18.4,2026-09-26T01:12:55+00:00
2026-09-25T20:13:56-05:00,2026-09-26T01:13:56+00:00,Python SDK azure-iot-device (MQTT sobre WebSockets 443),DC-PASILLO-04,20.11,46.68,18.0,2026-09-26T01:13:56+00:00
2026-09-25T20:14:56-05:00,2026-09-26T01:14:56+00:00,Python SDK azure-iot-device (MQTT sobre WebSockets 443),DC-PASILLO-04,19.85,46.62,16.5,2026-09-26T01:14:56+00:00
2026-09-25T20:15:56-05:00,2026-09-26T01:15:56+00:00,Python SDK azure-iot-device (MQTT sobre WebSockets 443),DC-PASILLO-04,19.89,47.53,18.8,2026-09-26T01:15:56+00:00
2026-09-25T20:16:56-05:00,2026-09-26T01:16:56+00:00,Python SDK azure-iot-device (MQTT sobre WebSockets 443),DC-PASILLO-04,20.35,46.8,18.7,2026-09-26T01:16:56+00:00
2026-09-25T20:17:57-05:00,2026-09-26T01:17:57+00:00,Python SDK azure-iot-device (MQTT sobre WebSockets 443),DC-PASILLO-04,19.94,46.45,21.0,2026-09-26T01:17:56+00:00
2026-09-25T20:18:57-05:00,2026-09-26T01:18:57+00:00,Python SDK azure-iot-device (MQTT sobre WebSockets 443),DC-PASILLO-04,19.83,46.13,16.5,2026-09-26T01:18:57+00:00
2026-09-25T20:19:57-05:00,2026-09-26T01:19:57+00:00,Python SDK azure-iot-device (MQTT sobre WebSockets 443),DC-PASILLO-04,20.16,47.82,18.0,2026-09-26T01:19:57+00:00
2026-09-25T20:20:57-05:00,2026-09-26T01:20:57+00:00,Python SDK azure-iot-device (MQTT sobre WebSockets 443),DC-PASILLO-04,20.25,45.97,17.0,2026-09-26T01:20:57+00:00
2026-09-25T20:21:58-05:00,2026-09-26T01:21:58+00:00,Python SDK azure-iot-device (MQTT sobre WebSockets 443),DC-PASILLO-04,20.16,47.36,16.9,2026-09-26T01:21:57+00:00
2026-09-25T20:22:58-05:00,2026-09-26T01:22:58+00:00,Python SDK azure-iot-device (MQTT sobre WebSockets 443),DC-PASILLO-04,19.85,47.9,20.8,2026-09-26T01:22:58+00:00
2026-09-25T20:23:58-05:00,2026-09-26T01:23:58+00:00,Python SDK azure-iot-device (MQTT sobre WebSockets 443),DC-PASILLO-04,20.02,46.03,16.9,2026-09-26T01:23:58+00:00
2026-09-25T20:24:58-05:00,2026-09-26T01:24:58+00:00,Python SDK azure-iot-device (MQTT sobre WebSockets 443),DC-PASILLO-04,20.3,46.33,21.1,2026-09-26T01:24:58+00:00
2026-09-25T20:25:58-05:00,2026-09-26T01:25:58+00:00,Python SDK azure-iot-device (MQTT sobre WebSockets 443),DC-PASILLO-04,20.36,47.58,21.1,2026-09-26T01:25:58+00:00
2026-09-25T20:26:59-05:00,2026-09-26T01:26:59+00:00,Python SDK azure-iot-device (MQTT sobre WebSockets 443),DC-PASILLO-04,20.27,46.45,19.5,2026-09-26T01:26:58+00:00
2026-09-25T20:28:11-05:00,2026-09-26T01:28:11+00:00,Python SDK azure-iot-device (MQTT sobre WebSockets 443),DC-PASILLO-04,20.2,47.2,17.3,2026-09-26T01:27:59+00:00
2026-09-25T20:29:11-05:00,2026-09-26T01:29:11+00:00,Python SDK azure-iot-device (MQTT sobre WebSockets 443),DC-PASILLO-04,20.09,46.8,19.8,2026-09-26T01:29:11+00:00
2026-09-25T20:30:11-05:00,2026-09-26T01:30:11+00:00,Python SDK azure-iot-device (MQTT sobre WebSockets 443),DC-PASILLO-04,20.3,46.29,18.9,2026-09-26T01:30:11+00:00
2026-09-25T20:31:12-05:00,2026-09-26T01:31:12+00:00,Python SDK azure-iot-device (MQTT sobre WebSockets 443),DC-PASILLO-04,20.21,47.49,20.0,2026-09-26T01:31:11+00:00
2026-09-25T20:32:12-05:00,2026-09-26T01:32:12+00:00,Python SDK azure-iot-device (MQTT sobre WebSockets 443),DC-PASILLO-04,19.86,46.74,18.0,2026-09-26T01:32:12+00:00
2026-09-25T20:33:13-05:00,2026-09-26T01:33:13+00:00,Python SDK azure-iot-device (MQTT sobre WebSockets 443),DC-PASILLO-04,20.02,46.41,19.3,2026-09-26T01:33:12+00:00
2026-09-25T20:34:13-05:00,2026-09-26T01:34:13+00:00,Python SDK azure-iot-device (MQTT sobre WebSockets 443),DC-PASILLO-04,19.89,46.2,16.1,2026-09-26T01:34:13+00:00
2026-09-25T20:35:13-05:00,2026-09-26T01:35:13+00:00,Python SDK azure-iot-device (MQTT sobre WebSockets 443),DC-PASILLO-04,20.21,46.07,18.0,2026-09-26T01:35:13+00:00
2026-09-25T20:36:14-05:00,2026-09-26T01:36:14+00:00,Python SDK azure-iot-device (MQTT sobre WebSockets 443),DC-PASILLO-04,19.8,46.99,19.4,2026-09-26T01:36:13+00:00
2026-09-25T20:37:14-05:00,2026-09-26T01:37:14+00:00,Python SDK azure-iot-device (MQTT sobre WebSockets 443),DC-PASILLO-04,19.92,46.77,18.4,2026-09-26T01:37:14+00:00
2026-09-25T20:38:14-05:00,2026-09-26T01:38:14+00:00,Python SDK azure-iot-device (MQTT sobre WebSockets 443),DC-PASILLO-04,19.93,46.07,20.2,2026-09-26T01:38:14+00:00
2026-09-25T20:39:14-05:00,2026-09-26T01:39:14+00:00,Python SDK azure-iot-device (MQTT sobre WebSockets 443),DC-PASILLO-04,20.04,46.74,18.9,2026-09-26T01:39:14+00:00
2026-09-25T20:40:15-05:00,2026-09-26T01:40:15+00:00,Python SDK azure-iot-device (MQTT sobre WebSockets 443),DC-PASILLO-04,19.91,47.29,17.2,2026-09-26T01:40:14+00:00
2026-09-25T20:41:15-05:00,2026-09-26T01:41:15+00:00,Python SDK azure-iot-device (MQTT sobre WebSockets 443),DC-PASILLO-04,19.79,46.24,18.8,2026-09-26T01:41:15+00:00
2026-09-25T20:42:16-05:00,2026-09-26T01:42:16+00:00,Python SDK azure-iot-device (MQTT sobre WebSockets 443),DC-PASILLO-04,19.91,46.95,16.9,2026-09-26T01:42:16+00:00
2026-09-25T20:43:17-05:00,2026-09-26T01:43:17+00:00,Python SDK azure-iot-device (MQTT sobre WebSockets 443),DC-PASILLO-04,19.88,47.23,17.7,2026-09-26T01:43:16+00:00
2026-09-25T20:44:17-05:00,2026-09-26T01:44:17+00:00,Python SDK azure-iot-device (MQTT sobre WebSockets 443),DC-PASILLO-04,20.21,46.34,17.4,2026-09-26T01:44:17+00:00
2026-09-25T20:45:17-05:00,2026-09-26T01:45:17+00:00,Python SDK azure-iot-device (MQTT sobre WebSockets 443),DC-PASILLO-04,19.83,45.86,18.5,2026-09-26T01:45:17+00:00
2026-09-25T20:46:17-05:00,2026-09-26T01:46:17+00:00,Python SDK azure-iot-device (MQTT sobre WebSockets 443),DC-PASILLO-04,20.34,46.08,19.2,2026-09-26T01:46:17+00:00
2026-09-25T20:47:17-05:00,2026-09-26T01:47:17+00:00,Python SDK azure-iot-device (MQTT sobre WebSockets 443),DC-PASILLO-04,20.21,47.2,17.0,2026-09-26T01:47:17+00:00
2026-09-25T20:48:18-05:00,2026-09-26T01:48:18+00:00,Python SDK azure-iot-device (MQTT sobre WebSockets 443),DC-PASILLO-04,19.82,47.07,19.9,2026-09-26T01:48:17+00:00
2026-09-25T20:49:18-05:00,2026-09-26T01:49:18+00:00,Python SDK azure-iot-device (MQTT sobre WebSockets 443),DC-PASILLO-04,20.3,46.14,16.8,2026-09-26T01:49:18+00:00
2026-09-25T20:50:18-05:00,2026-09-26T01:50:18+00:00,Python SDK azure-iot-device (MQTT sobre WebSockets 443),DC-PASILLO-04,19.8,46.94,16.6,2026-09-26T01:50:18+00:00
2026-09-25T20:51:18-05:00,2026-09-26T01:51:18+00:00,Python SDK azure-iot-device (MQTT sobre WebSockets 443),DC-PASILLO-04,19.95,46.84,16.8,2026-09-26T01:51:18+00:00
2026-09-25T20:52:18-05:00,2026-09-26T01:52:18+00:00,Python SDK azure-iot-device (MQTT sobre WebSockets 443),DC-PASILLO-04,19.97,45.72,18.8,2026-09-26T01:52:18+00:00
2026-09-25T20:53:19-05:00,2026-09-26T01:53:19+00:00,Python SDK azure-iot-device (MQTT sobre WebSockets 443),DC-PASILLO-04,19.92,46.32,17.9,2026-09-26T01:53:18+00:00
2026-09-25T20:54:19-05:00,2026-09-26T01:54:19+00:00,Python SDK azure-iot-device (MQTT sobre WebSockets 443),DC-PASILLO-04,20.0,47.12,17.6,2026-09-26T01:54:19+00:00
2026-09-25T20:55:19-05:00,2026-09-26T01:55:19+00:00,Python SDK azure-iot-device (MQTT sobre WebSockets 443),DC-PASILLO-04,20.19,45.92,20.1,2026-09-26T01:55:19+00:00
2026-09-25T20:56:20-05:00,2026-09-26T01:56:20+00:00,Python SDK azure-iot-device (MQTT sobre WebSockets 443),DC-PASILLO-04,20.05,47.49,21.2,2026-09-26T01:56:19+00:00
2026-09-25T20:57:20-05:00,2026-09-26T01:57:20+00:00,Python SDK azure-iot-device (MQTT sobre WebSockets 443),DC-PASILLO-04,19.91,46.65,17.8,2026-09-26T01:57:20+00:00
2026-09-25T20:58:20-05:00,2026-09-26T01:58:20+00:00,Python SDK azure-iot-device (MQTT sobre WebSockets 443),DC-PASILLO-04,20.06,47.01,19.9,2026-09-26T01:58:20+00:00
2026-09-25T20:59:20-05:00,2026-09-26T01:59:20+00:00,Python SDK azure-iot-device (MQTT sobre WebSockets 443),DC-PASILLO-04,20.3,47.25,16.4,2026-09-26T01:59:20+00:00
2026-09-25T21:00:20-05:00,2026-09-26T02:00:20+00:00,Python SDK azure-iot-device (MQTT sobre WebSockets 443),DC-PASILLO-04,20.01,47.12,20.8,2026-09-26T02:00:20+00:00
2026-09-25T21:01:22-05:00,2026-09-26T02:01:22+00:00,Python SDK azure-iot-device (MQTT sobre WebSockets 443),DC-PASILLO-04,19.89,45.65,17.7,2026-09-26T02:01:21+00:00
2026-09-25T21:02:43-05:00,2026-09-26T02:02:43+00:00,Python SDK azure-iot-device (MQTT sobre WebSockets 443),DC-PASILLO-04,20.27,46.29,20.0,2026-09-26T02:02:22+00:00
2026-09-25T21:03:43-05:00,2026-09-26T02:03:43+00:00,Python SDK azure-iot-device (MQTT sobre WebSockets 443),DC-PASILLO-04,19.93,47.27,18.8,2026-09-26T02:03:43+00:00
2026-09-25T21:04:44-05:00,2026-09-26T02:04:44+00:00,Python SDK azure-iot-device (MQTT sobre WebSockets 443),DC-PASILLO-04,20.2,46.44,20.9,2026-09-26T02:04:43+00:00
2026-09-25T21:05:44-05:00,2026-09-26T02:05:44+00:00,Python SDK azure-iot-device (MQTT sobre WebSockets 443),DC-PASILLO-04,20.03,47.3,18.8,2026-09-26T02:05:44+00:00
2026-09-25T21:06:44-05:00,2026-09-26T02:06:44+00:00,Python SDK azure-iot-device (MQTT sobre WebSockets 443),DC-PASILLO-04,20.15,47.26,17.7,2026-09-26T02:06:44+00:00
2026-09-25T21:07:45-05:00,2026-09-26T02:07:45+00:00,Python SDK azure-iot-device (MQTT sobre WebSockets 443),DC-PASILLO-04,20.18,47.44,19.3,2026-09-26T02:07:45+00:00
2026-09-25T21:08:45-05:00,2026-09-26T02:08:45+00:00,Python SDK azure-iot-device (MQTT sobre WebSockets 443),DC-PASILLO-04,20.17,46.79,18.5,2026-09-26T02:08:45+00:00
2026-09-25T21:09:47-05:00,2026-09-26T02:09:47+00:00,Python SDK azure-iot-device (MQTT sobre WebSockets 443),DC-PASILLO-04,19.88,46.99,16.7,2026-09-26T02:09:47+00:00
2026-09-25T21:10:49-05:00,2026-09-26T02:10:49+00:00,Python SDK azure-iot-device (MQTT sobre WebSockets 443),DC-PASILLO-04,20.26,45.6,18.5,2026-09-26T02:10:49+00:00
2026-09-25T21:11:49-05:00,2026-09-26T02:11:49+00:00,Python SDK azure-iot-device (MQTT sobre WebSockets 443),DC-PASILLO-04,20.23,45.71,19.5,2026-09-26T02:11:49+00:00
2026-09-25T21:12:49-05:00,2026-09-26T02:12:49+00:00,Python SDK azure-iot-device (MQTT sobre WebSockets 443),DC-PASILLO-04,20.22,47.27,17.7,2026-09-26T02:12:49+00:00
2026-09-25T21:13:50-05:00,2026-09-26T02:13:50+00:00,Python SDK azure-iot-device (MQTT sobre WebSockets 443),DC-PASILLO-04,19.85,46.83,20.4,2026-09-26T02:13:49+00:00
2026-09-25T21:14:50-05:00,2026-09-26T02:14:50+00:00,Python SDK azure-iot-device (MQTT sobre WebSockets 443),DC-PASILLO-04,20.3,46.68,17.2,2026-09-26T02:14:50+00:00
2026-09-25T21:15:50-05:00,2026-09-26T02:15:50+00:00,Python SDK azure-iot-device (MQTT sobre WebSockets 443),DC-PASILLO-04,20.01,46.8,17.9,2026-09-26T02:15:50+00:00
2026-09-25T21:16:50-05:00,2026-09-26T02:16:50+00:00,Python SDK azure-iot-device (MQTT sobre WebSockets 443),DC-PASILLO-04,20.05,47.18,19.7,2026-09-26T02:16:50+00:00
2026-09-25T21:17:51-05:00,2026-09-26T02:17:51+00:00,Python SDK azure-iot-device (MQTT sobre WebSockets 443),DC-PASILLO-04,19.96,46.7,17.9,2026-09-26T02:17:51+00:00
2026-09-25T21:18:51-05:00,2026-09-26T02:18:51+00:00,Python SDK azure-iot-device (MQTT sobre WebSockets 443),DC-PASILLO-04,20.21,46.87,20.8,2026-09-26T02:18:51+00:00
2026-09-25T21:19:52-05:00,2026-09-26T02:19:52+00:00,Python SDK azure-iot-device (MQTT sobre WebSockets 443),DC-PASILLO-04,20.27,46.75,17.8,2026-09-26T02:19:51+00:00
2026-09-25T21:20:52-05:00,2026-09-26T02:20:52+00:00,Python SDK azure-iot-device (MQTT sobre WebSockets 443),DC-PASILLO-04,20.13,47.1,17.5,2026-09-26T02:20:52+00:00
2026-09-25T21:21:52-05:00,2026-09-26T02:21:52+00:00,Python SDK azure-iot-device (MQTT sobre WebSockets 443),DC-PASILLO-04,19.98,46.6,18.3,2026-09-26T02:21:52+00:00
2026-09-25T21:22:52-05:00,2026-09-26T02:22:52+00:00,Python SDK azure-iot-device (MQTT sobre WebSockets 443),DC-PASILLO-04,19.92,46.89,17.4,2026-09-26T02:22:52+00:00
2026-09-25T21:23:52-05:00,2026-09-26T02:23:52+00:00,Python SDK azure-iot-device (MQTT sobre WebSockets 443),DC-PASILLO-04,20.0,45.37,20.7,2026-09-26T02:23:52+00:00
2026-09-25T21:24:53-05:00,2026-09-26T02:24:53+00:00,Python SDK azure-iot-device (MQTT sobre WebSockets 443),DC-PASILLO-04,19.99,45.63,20.1,2026-09-26T02:24:52+00:00
2026-09-25T21:25:53-05:00,2026-09-26T02:25:53+00:00,Python SDK azure-iot-device (MQTT sobre WebSockets 443),DC-PASILLO-04,20.16,45.71,21.0,2026-09-26T02:25:53+00:00
2026-09-25T21:26:53-05:00,2026-09-26T02:26:53+00:00,Python SDK azure-iot-device (MQTT sobre WebSockets 443),DC-PASILLO-04,19.95,46.54,17.3,2026-09-26T02:26:53+00:00
2026-09-25T21:27:53-05:00,2026-09-26T02:27:53+00:00,Python SDK azure-iot-device (MQTT sobre WebSockets 443),DC-PASILLO-04,20.06,46.32,19.1,2026-09-26T02:27:53+00:00
2026-09-25T21:28:53-05:00,2026-09-26T02:28:53+00:00,Python SDK azure-iot-device (MQTT sobre WebSockets 443),DC-PASILLO-04,20.15,46.47,20.3,2026-09-26T02:28:53+00:00
2026-09-25T21:29:54-05:00,2026-09-26T02:29:54+00:00,Python SDK azure-iot-device (MQTT sobre WebSockets 443),DC-PASILLO-04,20.3,45.59,16.7,2026-09-26T02:29:53+00:00
2026-09-25T21:30:54-05:00,2026-09-26T02:30:54+00:00,Python SDK azure-iot-device (MQTT sobre WebSockets 443),DC-PASILLO-04,20.27,46.56,18.6,2026-09-26T02:30:54+00:00
2026-09-25T21:31:54-05:00,2026-09-26T02:31:54+00:00,Python SDK azure-iot-device (MQTT sobre WebSockets 443),DC-PASILLO-04,19.99,45.42,20.8,2026-09-26T02:31:54+00:00
2026-09-25T21:32:54-05:00,2026-09-26T02:32:54+00:00,Python SDK azure-iot-device (MQTT sobre WebSockets 443),DC-PASILLO-04,19.87,45.63,20.8,2026-09-26T02:32:54+00:00
2026-09-25T21:33:55-05:00,2026-09-26T02:33:55+00:00,Python SDK azure-iot-device (MQTT sobre WebSockets 443),DC-PASILLO-04,19.87,46.15,19.8,2026-09-26T02:33:54+00:00
2026-09-25T21:34:55-05:00,2026-09-26T02:34:55+00:00,Python SDK azure-iot-device (MQTT sobre WebSockets 443),DC-PASILLO-04,20.07,45.72,19.4,2026-09-26T02:34:55+00:00
2026-09-25T21:35:55-05:00,2026-09-26T02:35:55+00:00,Python SDK azure-iot-device (MQTT sobre WebSockets 443),DC-PASILLO-04,20.32,45.63,17.7,2026-09-26T02:35:55+00:00
2026-09-25T21:36:55-05:00,2026-09-26T02:36:55+00:00,Python SDK azure-iot-device (MQTT sobre WebSockets 443),DC-PASILLO-04,20.16,46.37,19.5,2026-09-26T02:36:55+00:00
2026-09-25T21:37:55-05:00,2026-09-26T02:37:55+00:00,Python SDK azure-iot-device (MQTT sobre WebSockets 443),DC-PASILLO-04,19.96,45.54,19.4,2026-09-26T02:37:55+00:00
2026-09-25T21:38:56-05:00,2026-09-26T02:38:56+00:00,Python SDK azure-iot-device (MQTT sobre WebSockets 443),DC-PASILLO-04,19.95,46.5,20.1,2026-09-26T02:38:55+00:00
2026-09-25T21:39:56-05:00,2026-09-26T02:39:56+00:00,Python SDK azure-iot-device (MQTT sobre WebSockets 443),DC-PASILLO-04,19.74,47.08,18.0,2026-09-26T02:39:56+00:00
2026-09-25T21:40:56-05:00,2026-09-26T02:40:56+00:00,Python SDK azure-iot-device (MQTT sobre WebSockets 443),DC-PASILLO-04,20.34,46.39,19.6,2026-09-26T02:40:56+00:00
2026-09-25T21:41:56-05:00,2026-09-26T02:41:56+00:00,Python SDK azure-iot-device (MQTT sobre WebSockets 443),DC-PASILLO-04,19.78,45.65,16.7,2026-09-26T02:41:56+00:00
2026-09-25T21:42:56-05:00,2026-09-26T02:42:56+00:00,Python SDK azure-iot-device (MQTT sobre WebSockets 443),DC-PASILLO-04,19.86,46.21,16.3,2026-09-26T02:42:56+00:00
2026-09-25T21:43:57-05:00,2026-09-26T02:43:57+00:00,Python SDK azure-iot-device (MQTT sobre WebSockets 443),DC-PASILLO-04,19.96,45.31,19.0,2026-09-26T02:43:56+00:00
2026-09-25T21:44:57-05:00,2026-09-26T02:44:57+00:00,Python SDK azure-iot-device (MQTT sobre WebSockets 443),DC-PASILLO-04,20.05,46.08,19.8,2026-09-26T02:44:57+00:00
2026-09-25T21:45:57-05:00,2026-09-26T02:45:57+00:00,Python SDK azure-iot-device (MQTT sobre WebSockets 443),DC-PASILLO-04,19.88,45.54,19.7,2026-09-26T02:45:57+00:00
2026-09-25T21:46:57-05:00,2026-09-26T02:46:57+00:00,Python SDK azure-iot-device (MQTT sobre WebSockets 443),DC-PASILLO-04,19.96,45.72,16.6,2026-09-26T02:46:57+00:00
2026-09-25T21:47:57-05:00,2026-09-26T02:47:57+00:00,Python SDK azure-iot-device (MQTT sobre WebSockets 443),DC-PASILLO-04,20.26,46.29,20.7,2026-09-26T02:47:57+00:00
2026-09-25T21:48:58-05:00,2026-09-26T02:48:58+00:00,Python SDK azure-iot-device (MQTT sobre WebSockets 443),DC-PASILLO-04,19.84,45.93,16.6,2026-09-26T02:48:58+00:00
2026-09-25T21:49:58-05:00,2026-09-26T02:49:58+00:00,Python SDK azure-iot-device (MQTT sobre WebSockets 443),DC-PASILLO-04,20.17,45.92,20.7,2026-09-26T02:49:58+00:00
2026-09-25T21:50:58-05:00,2026-09-26T02:50:58+00:00,Python SDK azure-iot-device (MQTT sobre WebSockets 443),DC-PASILLO-04,20.06,46.96,17.0,2026-09-26T02:50:58+00:00
2026-09-25T21:51:58-05:00,2026-09-26T02:51:58+00:00,Python SDK azure-iot-device (MQTT sobre WebSockets 443),DC-PASILLO-04,20.1,45.39,18.8,2026-09-26T02:51:58+00:00
2026-09-25T21:52:59-05:00,2026-09-26T02:52:59+00:00,Python SDK azure-iot-device (MQTT sobre WebSockets 443),DC-PASILLO-04,20.12,45.65,19.8,2026-09-26T02:52:58+00:00
2026-09-25T21:54:00-05:00,2026-09-26T02:54:00+00:00,Python SDK azure-iot-device (MQTT sobre WebSockets 443),DC-PASILLO-04,19.82,46.38,18.5,2026-09-26T02:54:00+00:00
2026-09-25T21:55:01-05:00,2026-09-26T02:55:01+00:00,Python SDK azure-iot-device (MQTT sobre WebSockets 443),DC-PASILLO-04,19.96,47.09,17.6,2026-09-26T02:55:00+00:00
2026-09-25T21:56:01-05:00,2026-09-26T02:56:01+00:00,Python SDK azure-iot-device (MQTT sobre WebSockets 443),DC-PASILLO-04,20.09,45.64,16.7,2026-09-26T02:56:01+00:00
2026-09-25T21:57:02-05:00,2026-09-26T02:57:02+00:00,Python SDK azure-iot-device (MQTT sobre WebSockets 443),DC-PASILLO-04,19.87,45.72,18.6,2026-09-26T02:57:02+00:00
2026-09-25T21:58:02-05:00,2026-09-26T02:58:02+00:00,Python SDK azure-iot-device (MQTT sobre WebSockets 443),DC-PASILLO-04,20.16,46.05,18.7,2026-09-26T02:58:02+00:00
2026-09-25T21:59:05-05:00,2026-09-26T02:59:05+00:00,Python SDK azure-iot-device (MQTT sobre WebSockets 443),DC-PASILLO-04,19.77,46.77,16.2,2026-09-26T02:59:04+00:00
2026-09-25T22:00:05-05:00,2026-09-26T03:00:05+00:00,Python SDK azure-iot-device (MQTT sobre WebSockets 443),DC-PASILLO-04,20.22,46.2,17.5,2026-09-26T03:00:05+00:00
2026-09-25T22:01:05-05:00,2026-09-26T03:01:05+00:00,Python SDK azure-iot-device (MQTT sobre WebSockets 443),DC-PASILLO-04,20.02,46.7,16.5,2026-09-26T03:01:05+00:00
2026-09-25T22:02:13-05:00,2026-09-26T03:02:13+00:00,Python SDK azure-iot-device (MQTT sobre WebSockets 443),DC-PASILLO-04,19.78,45.4,18.7,2026-09-26T03:02:12+00:00
2026-09-25T22:03:13-05:00,2026-09-26T03:03:13+00:00,Python SDK azure-iot-device (MQTT sobre WebSockets 443),DC-PASILLO-04,20.0,46.68,15.8,2026-09-26T03:03:13+00:00
2026-09-25T22:04:13-05:00,2026-09-26T03:04:13+00:00,Python SDK azure-iot-device (MQTT sobre WebSockets 443),DC-PASILLO-04,20.0,45.71,17.4,2026-09-26T03:04:13+00:00
2026-09-25T22:05:20-05:00,2026-09-26T03:05:20+00:00,Python SDK azure-iot-device (MQTT sobre WebSockets 443),DC-PASILLO-04,20.3,45.13,18.2,2026-09-26T03:05:20+00:00
2026-09-25T22:06:20-05:00,2026-09-26T03:06:20+00:00,Python SDK azure-iot-device (MQTT sobre WebSockets 443),DC-PASILLO-04,19.97,47.03,20.5,2026-09-26T03:06:20+00:00
2026-09-25T22:07:20-05:00,2026-09-26T03:07:20+00:00,Python SDK azure-iot-device (MQTT sobre WebSockets 443),DC-PASILLO-04,20.1,45.51,20.5,2026-09-26T03:07:20+00:00
2026-09-25T22:08:21-05:00,2026-09-26T03:08:21+00:00,Python SDK azure-iot-device (MQTT sobre WebSockets 443),DC-PASILLO-04,19.82,45.24,20.0,2026-09-26T03:08:20+00:00
2026-09-25T22:09:26-05:00,2026-09-26T03:09:26+00:00,Python SDK azure-iot-device (MQTT sobre WebSockets 443),DC-PASILLO-04,20.32,45.84,19.9,2026-09-26T03:09:26+00:00
2026-09-25T22:10:26-05:00,2026-09-26T03:10:26+00:00,Python SDK azure-iot-device (MQTT sobre WebSockets 443),DC-PASILLO-04,20.16,45.1,18.5,2026-09-26T03:10:26+00:00
2026-09-25T22:11:27-05:00,2026-09-26T03:11:27+00:00,Python SDK azure-iot-device (MQTT sobre WebSockets 443),DC-PASILLO-04,19.85,46.41,17.2,2026-09-26T03:11:26+00:00
2026-09-25T22:12:27-05:00,2026-09-26T03:12:27+00:00,Python SDK azure-iot-device (MQTT sobre WebSockets 443),DC-PASILLO-04,19.72,45.46,20.0,2026-09-26T03:12:27+00:00
2026-09-25T22:13:27-05:00,2026-09-26T03:13:27+00:00,Python SDK azure-iot-device (MQTT sobre WebSockets 443),DC-PASILLO-04,19.72,45.69,16.2,2026-09-26T03:13:27+00:00
2026-09-25T22:14:27-05:00,2026-09-26T03:14:27+00:00,Python SDK azure-iot-device (MQTT sobre WebSockets 443),DC-PASILLO-04,20.21,46.37,16.5,2026-09-26T03:14:27+00:00
2026-09-25T22:15:28-05:00,2026-09-26T03:15:28+00:00,Python SDK azure-iot-device (MQTT sobre WebSockets 443),DC-PASILLO-04,20.09,47.02,16.8,2026-09-26T03:15:27+00:00
2026-09-25T22:16:28-05:00,2026-09-26T03:16:28+00:00,Python SDK azure-iot-device (MQTT sobre WebSockets 443),DC-PASILLO-04,19.83,45.3,18.0,2026-09-26T03:16:28+00:00
2026-09-25T22:17:28-05:00,2026-09-26T03:17:28+00:00,Python SDK azure-iot-device (MQTT sobre WebSockets 443),DC-PASILLO-04,20.02,46.71,19.7,2026-09-26T03:17:28+00:00
2026-09-25T22:18:28-05:00,2026-09-26T03:18:28+00:00,Python SDK azure-iot-device (MQTT sobre WebSockets 443),DC-PASILLO-04,19.82,46.61,16.8,2026-09-26T03:18:28+00:00
2026-09-25T22:19:29-05:00,2026-09-26T03:19:29+00:00,Python SDK azure-iot-device (MQTT sobre WebSockets 443),DC-PASILLO-04,19.97,46.26,17.7,2026-09-26T03:19:28+00:00
2026-09-25T22:20:29-05:00,2026-09-26T03:20:29+00:00,Python SDK azure-iot-device (MQTT sobre WebSockets 443),DC-PASILLO-04,19.82,46.5,20.6,2026-09-26T03:20:29+00:00
2026-09-25T22:21:29-05:00,2026-09-26T03:21:29+00:00,Python SDK azure-iot-device (MQTT sobre WebSockets 443),DC-PASILLO-04,19.9,46.18,18.2,2026-09-26T03:21:29+00:00
2026-09-25T22:22:30-05:00,2026-09-26T03:22:30+00:00,Python SDK azure-iot-device (MQTT sobre WebSockets 443),DC-PASILLO-04,20.24,45.57,16.9,2026-09-26T03:22:30+00:00
2026-09-25T22:23:30-05:00,2026-09-26T03:23:30+00:00,Python SDK azure-iot-device (MQTT sobre WebSockets 443),DC-PASILLO-04,20.13,46.77,19.8,2026-09-26T03:23:30+00:00
2026-09-25T22:24:30-05:00,2026-09-26T03:24:30+00:00,Python SDK azure-iot-device (MQTT sobre WebSockets 443),DC-PASILLO-04,19.78,46.63,19.0,2026-09-26T03:24:30+00:00
2026-09-25T22:25:30-05:00,2026-09-26T03:25:30+00:00,Python SDK azure-iot-device (MQTT sobre WebSockets 443),DC-PASILLO-04,19.89,46.58,19.6,2026-09-26T03:25:30+00:00
2026-09-25T22:26:31-05:00,2026-09-26T03:26:31+00:00,Python SDK azure-iot-device (MQTT sobre WebSockets 443),DC-PASILLO-04,20.02,46.3,19.4,2026-09-26T03:26:30+00:00
2026-09-25T22:27:31-05:00,2026-09-26T03:27:31+00:00,Python SDK azure-iot-device (MQTT sobre WebSockets 443),DC-PASILLO-04,19.9,45.77,15.6,2026-09-26T03:27:31+00:00
2026-09-25T22:28:31-05:00,2026-09-26T03:28:31+00:00,Python SDK azure-iot-device (MQTT sobre WebSockets 443),DC-PASILLO-04,19.84,46.48,17.6,2026-09-26T03:28:31+00:00
2026-09-25T22:29:31-05:00,2026-09-26T03:29:31+00:00,Python SDK azure-iot-device (MQTT sobre WebSockets 443),DC-PASILLO-04,19.78,45.08,15.9,2026-09-26T03:29:31+00:00
2026-09-25T22:30:31-05:00,2026-09-26T03:30:31+00:00,Python SDK azure-iot-device (MQTT sobre WebSockets 443),DC-PASILLO-04,19.8,45.9,18.2,2026-09-26T03:30:31+00:00
2026-09-25T22:31:32-05:00,2026-09-26T03:31:32+00:00,Python SDK azure-iot-device (MQTT sobre WebSockets 443),DC-PASILLO-04,20.21,45.72,16.0,2026-09-26T03:31:31+00:00
2026-09-25T22:32:32-05:00,2026-09-26T03:32:32+00:00,Python SDK azure-iot-device (MQTT sobre WebSockets 443),DC-PASILLO-04,19.82,46.92,20.2,2026-09-26T03:32:32+00:00
2026-09-25T22:33:32-05:00,2026-09-26T03:33:32+00:00,Python SDK azure-iot-device (MQTT sobre WebSockets 443),DC-PASILLO-04,20.21,46.91,18.6,2026-09-26T03:33:32+00:00
2026-09-25T22:34:32-05:00,2026-09-26T03:34:32+00:00,Python SDK azure-iot-device (MQTT sobre WebSockets 443),DC-PASILLO-04,19.78,45.79,20.2,2026-09-26T03:34:32+00:00
2026-09-25T22:35:32-05:00,2026-09-26T03:35:32+00:00,Python SDK azure-iot-device (MQTT sobre WebSockets 443),DC-PASILLO-04,20.23,45.48,16.3,2026-09-26T03:35:32+00:00
2026-09-25T22:36:33-05:00,2026-09-26T03:36:33+00:00,Python SDK azure-iot-device (MQTT sobre WebSockets 443),DC-PASILLO-04,20.17,45.79,15.8,2026-09-26T03:36:32+00:00
2026-09-25T22:37:33-05:00,2026-09-26T03:37:33+00:00,Python SDK azure-iot-device (MQTT sobre WebSockets 443),DC-PASILLO-04,19.97,45.61,16.5,2026-09-26T03:37:33+00:00
2026-09-25T22:38:33-05:00,2026-09-26T03:38:33+00:00,Python SDK azure-iot-device (MQTT sobre WebSockets 443),DC-PASILLO-04,19.85,45.92,19.8,2026-09-26T03:38:33+00:00
2026-09-25T22:39:33-05:00,2026-09-26T03:39:33+00:00,Python SDK azure-iot-device (MQTT sobre WebSockets 443),DC-PASILLO-04,20.25,45.28,17.4,2026-09-26T03:39:33+00:00
2026-09-25T22:40:34-05:00,2026-09-26T03:40:34+00:00,Python SDK azure-iot-device (MQTT sobre WebSockets 443),DC-PASILLO-04,19.82,45.62,19.7,2026-09-26T03:40:33+00:00
2026-09-25T22:41:34-05:00,2026-09-26T03:41:34+00:00,Python SDK azure-iot-device (MQTT sobre WebSockets 443),DC-PASILLO-04,19.88,46.59,17.0,2026-09-26T03:41:34+00:00
2026-09-25T22:42:34-05:00,2026-09-26T03:42:34+00:00,Python SDK azure-iot-device (MQTT sobre WebSockets 443),DC-PASILLO-04,20.23,46.35,18.2,2026-09-26T03:42:34+00:00
2026-09-25T22:43:34-05:00,2026-09-26T03:43:34+00:00,Python SDK azure-iot-device (MQTT sobre WebSockets 443),DC-PASILLO-04,20.01,46.53,18.3,2026-09-26T03:43:34+00:00
2026-09-25T22:44:34-05:00,2026-09-26T03:44:34+00:00,Python SDK azure-iot-device (MQTT sobre WebSockets 443),DC-PASILLO-04,19.93,46.98,17.5,2026-09-26T03:44:34+00:00
2026-09-25T22:45:35-05:00,2026-09-26T03:45:35+00:00,Python SDK azure-iot-device (MQTT sobre WebSockets 443),DC-PASILLO-04,19.88,45.64,19.9,2026-09-26T03:45:34+00:00
2026-09-25T22:46:35-05:00,2026-09-26T03:46:35+00:00,Python SDK azure-iot-device (MQTT sobre WebSockets 443),DC-PASILLO-04,19.83,45.56,17.6,2026-09-26T03:46:35+00:00
2026-09-25T22:47:35-05:00,2026-09-26T03:47:35+00:00,Python SDK azure-iot-device (MQTT sobre WebSockets 443),DC-PASILLO-04,20.23,46.05,18.9,2026-09-26T03:47:35+00:00
2026-09-25T22:48:35-05:00,2026-09-26T03:48:35+00:00,Python SDK azure-iot-device (MQTT sobre WebSockets 443),DC-PASILLO-04,19.7,46.9,18.5,2026-09-26T03:48:35+00:00
2026-09-25T22:49:36-05:00,2026-09-26T03:49:36+00:00,Python SDK azure-iot-device (MQTT sobre WebSockets 443),DC-PASILLO-04,19.87,45.85,19.5,2026-09-26T03:49:35+00:00
2026-09-25T22:50:36-05:00,2026-09-26T03:50:36+00:00,Python SDK azure-iot-device (MQTT sobre WebSockets 443),DC-PASILLO-04,20.28,46.51,15.7,2026-09-26T03:50:36+00:00
2026-09-25T22:51:38-05:00,2026-09-26T03:51:38+00:00,Python SDK azure-iot-device (MQTT sobre WebSockets 443),DC-PASILLO-04,19.92,45.28,18.7,2026-09-26T03:51:38+00:00
2026-09-25T22:52:38-05:00,2026-09-26T03:52:38+00:00,Python SDK azure-iot-device (MQTT sobre WebSockets 443),DC-PASILLO-04,19.91,45.13,20.6,2026-09-26T03:52:38+00:00
2026-09-25T22:53:38-05:00,2026-09-26T03:53:38+00:00,Python SDK azure-iot-device (MQTT sobre WebSockets 443),DC-PASILLO-04,20.27,46.39,20.0,2026-09-26T03:53:38+00:00
2026-09-25T22:54:38-05:00,2026-09-26T03:54:38+00:00,Python SDK azure-iot-device (MQTT sobre WebSockets 443),DC-PASILLO-04,20.02,46.99,19.9,2026-09-26T03:54:38+00:00
2026-09-25T22:55:39-05:00,2026-09-26T03:55:39+00:00,Python SDK azure-iot-device (MQTT sobre WebSockets 443),DC-PASILLO-04,19.89,45.73,18.6,2026-09-26T03:55:38+00:00
2026-09-25T22:56:39-05:00,2026-09-26T03:56:39+00:00,Python SDK azure-iot-device (MQTT sobre WebSockets 443),DC-PASILLO-04,20.19,46.52,18.5,2026-09-26T03:56:39+00:00
2026-09-25T22:57:39-05:00,2026-09-26T03:57:39+00:00,Python SDK azure-iot-device (MQTT sobre WebSockets 443),DC-PASILLO-04,20.21,46.71,15.5,2026-09-26T03:57:39+00:00
2026-09-25T22:58:39-05:00,2026-09-26T03:58:39+00:00,Python SDK azure-iot-device (MQTT sobre WebSockets 443),DC-PASILLO-04,19.95,45.22,17.4,2026-09-26T03:58:39+00:00
2026-09-25T22:59:41-05:00,2026-09-26T03:59:41+00:00,Python SDK azure-iot-device (MQTT sobre WebSockets 443),DC-PASILLO-04,19.73,46.03,16.3,2026-09-26T03:59:41+00:00
2026-09-25T23:00:41-05:00,2026-09-26T04:00:41+00:00,Python SDK azure-iot-device (MQTT sobre WebSockets 443),DC-PASILLO-04,19.79,46.23,18.4,2026-09-26T04:00:41+00:00
2026-09-25T23:01:42-05:00,2026-09-26T04:01:42+00:00,Python SDK azure-iot-device (MQTT sobre WebSockets 443),DC-PASILLO-04,19.95,46.01,17.9,2026-09-26T04:01:41+00:00
2026-09-25T23:02:42-05:00,2026-09-26T04:02:42+00:00,Python SDK azure-iot-device (MQTT sobre WebSockets 443),DC-PASILLO-04,20.18,45.54,19.2,2026-09-26T04:02:42+00:00
2026-09-25T23:03:42-05:00,2026-09-26T04:03:42+00:00,Python SDK azure-iot-device (MQTT sobre WebSockets 443),DC-PASILLO-04,20.01,46.1,17.9,2026-09-26T04:03:42+00:00
2026-09-25T23:04:42-05:00,2026-09-26T04:04:42+00:00,Python SDK azure-iot-device (MQTT sobre WebSockets 443),DC-PASILLO-04,20.09,45.52,16.5,2026-09-26T04:04:42+00:00
2026-09-25T23:05:42-05:00,2026-09-26T04:05:42+00:00,Python SDK azure-iot-device (MQTT sobre WebSockets 443),DC-PASILLO-04,19.73,45.68,20.0,2026-09-26T04:05:42+00:00
2026-09-25T23:06:43-05:00,2026-09-26T04:06:43+00:00,Python SDK azure-iot-device (MQTT sobre WebSockets 443),DC-PASILLO-04,20.08,45.51,18.1,2026-09-26T04:06:42+00:00
2026-09-25T23:07:43-05:00,2026-09-26T04:07:43+00:00,Python SDK azure-iot-device (MQTT sobre WebSockets 443),DC-PASILLO-04,19.83,45.6,15.6,2026-09-26T04:07:43+00:00
2026-09-25T23:08:43-05:00,2026-09-26T04:08:43+00:00,Python SDK azure-iot-device (MQTT sobre WebSockets 443),DC-PASILLO-04,20.16,45.78,19.3,2026-09-26T04:08:43+00:00
2026-09-25T23:09:43-05:00,2026-09-26T04:09:43+00:00,Python SDK azure-iot-device (MQTT sobre WebSockets 443),DC-PASILLO-04,20.1,45.39,17.4,2026-09-26T04:09:43+00:00
2026-09-25T23:10:43-05:00,2026-09-26T04:10:43+00:00,Python SDK azure-iot-device (MQTT sobre WebSockets 443),DC-PASILLO-04,19.96,46.53,18.1,2026-09-26T04:10:43+00:00
2026-09-25T23:11:44-05:00,2026-09-26T04:11:44+00:00,Python SDK azure-iot-device (MQTT sobre WebSockets 443),DC-PASILLO-04,19.95,45.06,18.3,2026-09-26T04:11:43+00:00
2026-09-25T23:12:44-05:00,2026-09-26T04:12:44+00:00,Python SDK azure-iot-device (MQTT sobre WebSockets 443),DC-PASILLO-04,19.78,46.76,16.9,2026-09-26T04:12:44+00:00
2026-09-25T23:13:44-05:00,2026-09-26T04:13:44+00:00,Python SDK azure-iot-device (MQTT sobre WebSockets 443),DC-PASILLO-04,20.12,46.81,18.0,2026-09-26T04:13:44+00:00
2026-09-25T23:14:44-05:00,2026-09-26T04:14:44+00:00,Python SDK azure-iot-device (MQTT sobre WebSockets 443),DC-PASILLO-04,20.06,46.48,20.0,2026-09-26T04:14:44+00:00
2026-09-25T23:15:45-05:00,2026-09-26T04:15:45+00:00,Python SDK azure-iot-device (MQTT sobre WebSockets 443),DC-PASILLO-04,20.08,46.16,15.6,2026-09-26T04:15:44+00:00
2026-09-25T23:16:45-05:00,2026-09-26T04:16:45+00:00,Python SDK azure-iot-device (MQTT sobre WebSockets 443),DC-PASILLO-04,19.81,46.91,20.4,2026-09-26T04:16:45+00:00
2026-09-25T23:17:45-05:00,2026-09-26T04:17:45+00:00,Python SDK azure-iot-device (MQTT sobre WebSockets 443),DC-PASILLO-04,20.2,45.24,17.2,2026-09-26T04:17:45+00:00
2026-09-25T23:18:45-05:00,2026-09-26T04:18:45+00:00,Python SDK azure-iot-device (MQTT sobre WebSockets 443),DC-PASILLO-04,20.15,46.24,20.3,2026-09-26T04:18:45+00:00
2026-09-25T23:19:45-05:00,2026-09-26T04:19:45+00:00,Python SDK azure-iot-device (MQTT sobre WebSockets 443),DC-PASILLO-04,20.26,45.71,16.1,2026-09-26T04:19:45+00:00
2026-09-25T23:20:46-05:00,2026-09-26T04:20:46+00:00,Python SDK azure-iot-device (MQTT sobre WebSockets 443),DC-PASILLO-04,20.25,46.54,19.3,2026-09-26T04:20:45+00:00
2026-09-25T23:21:46-05:00,2026-09-26T04:21:46+00:00,Python SDK azure-iot-device (MQTT sobre WebSockets 443),DC-PASILLO-04,20.16,46.59,20.0,2026-09-26T04:21:46+00:00
2026-09-25T23:22:46-05:00,2026-09-26T04:22:46+00:00,Python SDK azure-iot-device (MQTT sobre WebSockets 443),DC-PASILLO-04,20.2,46.15,17.7,2026-09-26T04:22:46+00:00
2026-09-25T23:23:46-05:00,2026-09-26T04:23:46+00:00,Python SDK azure-iot-device (MQTT sobre WebSockets 443),DC-PASILLO-04,19.73,45.11,16.5,2026-09-26T04:23:46+00:00
2026-09-25T23:24:46-05:00,2026-09-26T04:24:46+00:00,Python SDK azure-iot-device (MQTT sobre WebSockets 443),DC-PASILLO-04,20.03,46.0,18.0,2026-09-26T04:24:46+00:00
2026-09-25T23:25:46-05:00,2026-09-26T04:25:46+00:00,Python SDK azure-iot-device (MQTT sobre WebSockets 443),DC-PASILLO-04,19.96,45.65,17.6,2026-09-26T04:25:46+00:00
2026-09-25T23:26:47-05:00,2026-09-26T04:26:47+00:00,Python SDK azure-iot-device (MQTT sobre WebSockets 443),DC-PASILLO-04,19.9,45.8,17.8,2026-09-26T04:26:47+00:00
2026-09-25T23:27:47-05:00,2026-09-26T04:27:47+00:00,Python SDK azure-iot-device (MQTT sobre WebSockets 443),DC-PASILLO-04,20.05,45.41,16.3,2026-09-26T04:27:47+00:00
2026-09-25T23:28:47-05:00,2026-09-26T04:28:47+00:00,Python SDK azure-iot-device (MQTT sobre WebSockets 443),DC-PASILLO-04,20.01,45.71,16.7,2026-09-26T04:28:47+00:00
2026-09-25T23:29:47-05:00,2026-09-26T04:29:47+00:00,Python SDK azure-iot-device (MQTT sobre WebSockets 443),DC-PASILLO-04,20.07,45.19,17.0,2026-09-26T04:29:47+00:00
2026-09-25T23:30:47-05:00,2026-09-26T04:30:47+00:00,Python SDK azure-iot-device (MQTT sobre WebSockets 443),DC-PASILLO-04,20.18,45.41,18.5,2026-09-26T04:30:47+00:00
2026-09-25T23:31:48-05:00,2026-09-26T04:31:48+00:00,Python SDK azure-iot-device (MQTT sobre WebSockets 443),DC-PASILLO-04,20.17,46.56,18.2,2026-09-26T04:31:47+00:00
2026-09-25T23:32:48-05:00,2026-09-26T04:32:48+00:00,Python SDK azure-iot-device (MQTT sobre WebSockets 443),DC-PASILLO-04,20.12,45.36,15.5,2026-09-26T04:32:48+00:00
2026-09-25T23:33:48-05:00,2026-09-26T04:33:48+00:00,Python SDK azure-iot-device (MQTT sobre WebSockets 443),DC-PASILLO-04,20.05,46.97,15.9,2026-09-26T04:33:48+00:00
2026-09-25T23:34:48-05:00,2026-09-26T04:34:48+00:00,Python SDK azure-iot-device (MQTT sobre WebSockets 443),DC-PASILLO-04,20.28,47.05,16.8,2026-09-26T04:34:48+00:00
2026-09-25T23:35:48-05:00,2026-09-26T04:35:48+00:00,Python SDK azure-iot-device (MQTT sobre WebSockets 443),DC-PASILLO-04,19.81,46.55,15.5,2026-09-26T04:35:48+00:00
2026-09-25T23:36:49-05:00,2026-09-26T04:36:49+00:00,Python SDK azure-iot-device (MQTT sobre WebSockets 443),DC-PASILLO-04,20.16,46.75,17.1,2026-09-26T04:36:48+00:00
2026-09-25T23:37:49-05:00,2026-09-26T04:37:49+00:00,Python SDK azure-iot-device (MQTT sobre WebSockets 443),DC-PASILLO-04,20.26,46.67,16.0,2026-09-26T04:37:49+00:00
2026-09-25T23:38:49-05:00,2026-09-26T04:38:49+00:00,Python SDK azure-iot-device (MQTT sobre WebSockets 443),DC-PASILLO-04,20.02,45.45,16.7,2026-09-26T04:38:49+00:00
2026-09-25T23:39:49-05:00,2026-09-26T04:39:49+00:00,Python SDK azure-iot-device (MQTT sobre WebSockets 443),DC-PASILLO-04,19.98,46.96,15.9,2026-09-26T04:39:49+00:00
2026-09-25T23:40:49-05:00,2026-09-26T04:40:49+00:00,Python SDK azure-iot-device (MQTT sobre WebSockets 443),DC-PASILLO-04,20.23,45.56,17.2,2026-09-26T04:40:49+00:00
2026-09-25T23:41:50-05:00,2026-09-26T04:41:50+00:00,Python SDK azure-iot-device (MQTT sobre WebSockets 443),DC-PASILLO-04,20.2,46.03,17.0,2026-09-26T04:41:49+00:00
2026-09-25T23:42:50-05:00,2026-09-26T04:42:50+00:00,Python SDK azure-iot-device (MQTT sobre WebSockets 443),DC-PASILLO-04,19.7,45.23,16.6,2026-09-26T04:42:50+00:00
2026-09-25T23:43:50-05:00,2026-09-26T04:43:50+00:00,Python SDK azure-iot-device (MQTT sobre WebSockets 443),DC-PASILLO-04,19.95,46.92,19.1,2026-09-26T04:43:50+00:00
2026-09-25T23:44:50-05:00,2026-09-26T04:44:50+00:00,Python SDK azure-iot-device (MQTT sobre WebSockets 443),DC-PASILLO-04,19.72,45.27,19.4,2026-09-26T04:44:50+00:00
2026-09-25T23:45:50-05:00,2026-09-26T04:45:50+00:00,Python SDK azure-iot-device (MQTT sobre WebSockets 443),DC-PASILLO-04,20.03,45.76,17.7,2026-09-26T04:45:50+00:00
2026-09-25T23:46:51-05:00,2026-09-26T04:46:51+00:00,Python SDK azure-iot-device (MQTT sobre WebSockets 443),DC-PASILLO-04,20.27,46.46,16.7,2026-09-26T04:46:50+00:00
2026-09-25T23:47:51-05:00,2026-09-26T04:47:51+00:00,Python SDK azure-iot-device (MQTT sobre WebSockets 443),DC-PASILLO-04,20.15,45.25,15.4,2026-09-26T04:47:51+00:00
2026-09-25T23:48:51-05:00,2026-09-26T04:48:51+00:00,Python SDK azure-iot-device (MQTT sobre WebSockets 443),DC-PASILLO-04,20.09,46.07,19.4,2026-09-26T04:48:51+00:00
2026-09-25T23:49:51-05:00,2026-09-26T04:49:51+00:00,Python SDK azure-iot-device (MQTT sobre WebSockets 443),DC-PASILLO-04,19.91,45.77,15.6,2026-09-26T04:49:51+00:00
2026-09-25T23:50:51-05:00,2026-09-26T04:50:51+00:00,Python SDK azure-iot-device (MQTT sobre WebSockets 443),DC-PASILLO-04,19.73,45.49,19.9,2026-09-26T04:50:51+00:00
2026-09-25T23:51:52-05:00,2026-09-26T04:51:52+00:00,Python SDK azure-iot-device (MQTT sobre WebSockets 443),DC-PASILLO-04,20.2,45.47,19.1,2026-09-26T04:51:51+00:00
2026-09-25T23:52:52-05:00,2026-09-26T04:52:52+00:00,Python SDK azure-iot-device (MQTT sobre WebSockets 443),DC-PASILLO-04,20.04,46.76,18.4,2026-09-26T04:52:52+00:00
2026-09-25T23:53:52-05:00,2026-09-26T04:53:52+00:00,Python SDK azure-iot-device (MQTT sobre WebSockets 443),DC-PASILLO-04,20.21,46.87,17.9,2026-09-26T04:53:52+00:00
2026-09-25T23:54:52-05:00,2026-09-26T04:54:52+00:00,Python SDK azure-iot-device (MQTT sobre WebSockets 443),DC-PASILLO-04,20.06,45.75,18.1,2026-09-26T04:54:52+00:00
2026-09-25T23:55:52-05:00,2026-09-26T04:55:52+00:00,Python SDK azure-iot-device (MQTT sobre WebSockets 443),DC-PASILLO-04,19.68,46.79,18.5,2026-09-26T04:55:52+00:00
2026-09-25T23:56:53-05:00,2026-09-26T04:56:53+00:00,Python SDK azure-iot-device (MQTT sobre WebSockets 443),DC-PASILLO-04,20.01,46.8,16.7,2026-09-26T04:56:52+00:00
2026-09-25T23:57:53-05:00,2026-09-26T04:57:53+00:00,Python SDK azure-iot-device (MQTT sobre WebSockets 443),DC-PASILLO-04,19.89,46.15,16.2,2026-09-26T04:57:53+00:00
2026-09-25T23:58:53-05:00,2026-09-26T04:58:53+00:00,Python SDK azure-iot-device (MQTT sobre WebSockets 443),DC-PASILLO-04,19.94,46.71,19.0,2026-09-26T04:58:53+00:00
2026-09-25T23:59:53-05:00,2026-09-26T04:59:53+00:00,Python SDK azure-iot-device (MQTT sobre WebSockets 443),DC-PASILLO-04,19.89,45.33,17.0,2026-09-26T04:59:53+00:00
2026-09-26T00:00:53-05:00,2026-09-26T05:00:53+00:00,Python SDK azure-iot-device (MQTT sobre WebSockets 443),DC-PASILLO-04,20.11,45.18,18.7,2026-09-26T05:00:53+00:00
2026-09-26T00:01:54-05:00,2026-09-26T05:01:54+00:00,Python SDK azure-iot-device (MQTT sobre WebSockets 443),DC-PASILLO-04,20.17,46.22,17.5,2026-09-26T05:01:53+00:00
2026-09-26T00:02:54-05:00,2026-09-26T05:02:54+00:00,Python SDK azure-iot-device (MQTT sobre WebSockets 443),DC-PASILLO-04,20.24,45.51,17.4,2026-09-26T05:02:54+00:00
2026-09-26T00:03:54-05:00,2026-09-26T05:03:54+00:00,Python SDK azure-iot-device (MQTT sobre WebSockets 443),DC-PASILLO-04,20.2,45.92,18.9,2026-09-26T05:03:54+00:00
2026-09-26T00:04:54-05:00,2026-09-26T05:04:54+00:00,Python SDK azure-iot-device (MQTT sobre WebSockets 443),DC-PASILLO-04,19.9,46.92,20.3,2026-09-26T05:04:54+00:00
2026-09-26T00:05:55-05:00,2026-09-26T05:05:55+00:00,Python SDK azure-iot-device (MQTT sobre WebSockets 443),DC-PASILLO-04,19.78,46.13,18.3,2026-09-26T05:05:54+00:00
2026-09-26T00:06:55-05:00,2026-09-26T05:06:55+00:00,Python SDK azure-iot-device (MQTT sobre WebSockets 443),DC-PASILLO-04,19.92,46.23,16.4,2026-09-26T05:06:55+00:00
2026-09-26T00:07:55-05:00,2026-09-26T05:07:55+00:00,Python SDK azure-iot-device (MQTT sobre WebSockets 443),DC-PASILLO-04,19.77,46.58,15.2,2026-09-26T05:07:55+00:00
2026-09-26T00:08:55-05:00,2026-09-26T05:08:55+00:00,Python SDK azure-iot-device (MQTT sobre WebSockets 443),DC-PASILLO-04,19.72,45.82,19.4,2026-09-26T05:08:55+00:00
2026-09-26T00:09:55-05:00,2026-09-26T05:09:55+00:00,Python SDK azure-iot-device (MQTT sobre WebSockets 443),DC-PASILLO-04,19.91,45.62,19.8,2026-09-26T05:09:55+00:00
2026-09-26T00:10:56-05:00,2026-09-26T05:10:56+00:00,Python SDK azure-iot-device (MQTT sobre WebSockets 443),DC-PASILLO-04,20.12,45.78,19.2,2026-09-26T05:10:55+00:00
2026-09-26T00:11:56-05:00,2026-09-26T05:11:56+00:00,Python SDK azure-iot-device (MQTT sobre WebSockets 443),DC-PASILLO-04,19.91,46.24,19.3,2026-09-26T05:11:56+00:00
2026-09-26T00:12:56-05:00,2026-09-26T05:12:56+00:00,Python SDK azure-iot-device (MQTT sobre WebSockets 443),DC-PASILLO-04,19.78,46.05,16.2,2026-09-26T05:12:56+00:00
2026-09-26T00:13:56-05:00,2026-09-26T05:13:56+00:00,Python SDK azure-iot-device (MQTT sobre WebSockets 443),DC-PASILLO-04,19.7,46.41,16.6,2026-09-26T05:13:56+00:00
2026-09-26T00:14:56-05:00,2026-09-26T05:14:56+00:00,Python SDK azure-iot-device (MQTT sobre WebSockets 443),DC-PASILLO-04,20.16,46.13,15.6,2026-09-26T05:14:56+00:00
2026-09-26T00:15:57-05:00,2026-09-26T05:15:57+00:00,Python SDK azure-iot-device (MQTT sobre WebSockets 443),DC-PASILLO-04,20.18,45.88,16.1,2026-09-26T05:15:56+00:00
2026-09-26T00:16:57-05:00,2026-09-26T05:16:57+00:00,Python SDK azure-iot-device (MQTT sobre WebSockets 443),DC-PASILLO-04,20.02,46.05,17.8,2026-09-26T05:16:57+00:00
2026-09-26T00:17:57-05:00,2026-09-26T05:17:57+00:00,Python SDK azure-iot-device (MQTT sobre WebSockets 443),DC-PASILLO-04,19.84,46.01,19.9,2026-09-26T05:17:57+00:00
2026-09-26T00:18:57-05:00,2026-09-26T05:18:57+00:00,Python SDK azure-iot-device (MQTT sobre WebSockets 443),DC-PASILLO-04,19.89,47.2,16.0,2026-09-26T05:18:57+00:00
2026-09-26T00:19:57-05:00,2026-09-26T05:19:57+00:00,Python SDK azure-iot-device (MQTT sobre WebSockets 443),DC-PASILLO-04,20.26,45.82,16.1,2026-09-26T05:19:57+00:00
2026-09-26T00:20:58-05:00,2026-09-26T05:20:58+00:00,Python SDK azure-iot-device (MQTT sobre WebSockets 443),DC-PASILLO-04,20.17,46.51,19.9,2026-09-26T05:20:57+00:00
2026-09-26T00:21:58-05:00,2026-09-26T05:21:58+00:00,Python SDK azure-iot-device (MQTT sobre WebSockets 443),DC-PASILLO-04,20.01,45.88,17.3,2026-09-26T05:21:58+00:00
2026-09-26T00:22:58-05:00,2026-09-26T05:22:58+00:00,Python SDK azure-iot-device (MQTT sobre WebSockets 443),DC-PASILLO-04,20.24,45.99,18.9,2026-09-26T05:22:58+00:00
2026-09-26T00:23:58-05:00,2026-09-26T05:23:58+00:00,Python SDK azure-iot-device (MQTT sobre WebSockets 443),DC-PASILLO-04,19.81,47.11,19.4,2026-09-26T05:23:58+00:00
2026-09-26T00:24:58-05:00,2026-09-26T05:24:58+00:00,Python SDK azure-iot-device (MQTT sobre WebSockets 443),DC-PASILLO-04,20.12,46.81,16.7,2026-09-26T05:24:58+00:00
2026-09-26T00:25:59-05:00,2026-09-26T05:25:59+00:00,Python SDK azure-iot-device (MQTT sobre WebSockets 443),DC-PASILLO-04,20.1,45.79,16.5,2026-09-26T05:25:58+00:00
2026-09-26T00:26:59-05:00,2026-09-26T05:26:59+00:00,Python SDK azure-iot-device (MQTT sobre WebSockets 443),DC-PASILLO-04,19.92,46.61,18.3,2026-09-26T05:26:59+00:00
2026-09-26T00:27:59-05:00,2026-09-26T05:27:59+00:00,Python SDK azure-iot-device (MQTT sobre WebSockets 443),DC-PASILLO-04,19.83,46.12,15.9,2026-09-26T05:27:59+00:00
2026-09-26T00:28:59-05:00,2026-09-26T05:28:59+00:00,Python SDK azure-iot-device (MQTT sobre WebSockets 443),DC-PASILLO-04,19.7,46.63,19.7,2026-09-26T05:28:59+00:00
2026-09-26T00:29:59-05:00,2026-09-26T05:29:59+00:00,Python SDK azure-iot-device (MQTT sobre WebSockets 443),DC-PASILLO-04,20.2,45.35,17.3,2026-09-26T05:29:59+00:00
2026-09-26T00:31:00-05:00,2026-09-26T05:31:00+00:00,Python SDK azure-iot-device (MQTT sobre WebSockets 443),DC-PASILLO-04,19.78,45.53,16.1,2026-09-26T05:30:59+00:00
2026-09-26T00:32:00-05:00,2026-09-26T05:32:00+00:00,Python SDK azure-iot-device (MQTT sobre WebSockets 443),DC-PASILLO-04,19.82,45.95,16.0,2026-09-26T05:32:00+00:00
2026-09-26T00:33:00-05:00,2026-09-26T05:33:00+00:00,Python SDK azure-iot-device (MQTT sobre WebSockets 443),DC-PASILLO-04,20.19,46.94,18.0,2026-09-26T05:33:00+00:00
2026-09-26T00:34:00-05:00,2026-09-26T05:34:00+00:00,Python SDK azure-iot-device (MQTT sobre WebSockets 443),DC-PASILLO-04,19.78,46.3,15.3,2026-09-26T05:34:00+00:00
2026-09-26T00:35:00-05:00,2026-09-26T05:35:00+00:00,Python SDK azure-iot-device (MQTT sobre WebSockets 443),DC-PASILLO-04,20.17,45.99,18.0,2026-09-26T05:35:00+00:00
2026-09-26T00:36:01-05:00,2026-09-26T05:36:01+00:00,Python SDK azure-iot-device (MQTT sobre WebSockets 443),DC-PASILLO-04,20.16,45.8,15.2,2026-09-26T05:36:00+00:00
2026-09-26T00:37:01-05:00,2026-09-26T05:37:01+00:00,Python SDK azure-iot-device (MQTT sobre WebSockets 443),DC-PASILLO-04,19.91,47.12,16.9,2026-09-26T05:37:01+00:00
2026-09-26T00:38:01-05:00,2026-09-26T05:38:01+00:00,Python SDK azure-iot-device (MQTT sobre WebSockets 443),DC-PASILLO-04,20.03,45.87,19.9,2026-09-26T05:38:01+00:00
2026-09-26T00:39:01-05:00,2026-09-26T05:39:01+00:00,Python SDK azure-iot-device (MQTT sobre WebSockets 443),DC-PASILLO-04,19.72,46.87,15.2,2026-09-26T05:39:01+00:00
2026-09-26T00:40:01-05:00,2026-09-26T05:40:01+00:00,Python SDK azure-iot-device (MQTT sobre WebSockets 443),DC-PASILLO-04,20.06,46.82,19.0,2026-09-26T05:40:01+00:00
2026-09-26T00:41:01-05:00,2026-09-26T05:41:01+00:00,Python SDK azure-iot-device (MQTT sobre WebSockets 443),DC-PASILLO-04,19.9,46.73,15.5,2026-09-26T05:41:01+00:00
2026-09-26T00:42:02-05:00,2026-09-26T05:42:02+00:00,Python SDK azure-iot-device (MQTT sobre WebSockets 443),DC-PASILLO-04,20.19,46.4,16.8,2026-09-26T05:42:01+00:00
2026-09-26T00:43:02-05:00,2026-09-26T05:43:02+00:00,Python SDK azure-iot-device (MQTT sobre WebSockets 443),DC-PASILLO-04,20.23,47.08,19.8,2026-09-26T05:43:02+00:00
2026-09-26T00:44:02-05:00,2026-09-26T05:44:02+00:00,Python SDK azure-iot-device (MQTT sobre WebSockets 443),DC-PASILLO-04,19.68,47.15,16.7,2026-09-26T05:44:02+00:00
2026-09-26T00:45:02-05:00,2026-09-26T05:45:02+00:00,Python SDK azure-iot-device (MQTT sobre WebSockets 443),DC-PASILLO-04,20.17,45.76,17.6,2026-09-26T05:45:02+00:00
2026-09-26T00:46:02-05:00,2026-09-26T05:46:02+00:00,Python SDK azure-iot-device (MQTT sobre WebSockets 443),DC-PASILLO-04,19.84,46.43,19.5,2026-09-26T05:46:02+00:00
2026-09-26T00:47:03-05:00,2026-09-26T05:47:03+00:00,Python SDK azure-iot-device (MQTT sobre WebSockets 443),DC-PASILLO-04,19.78,45.57,15.5,2026-09-26T05:47:02+00:00
2026-09-26T00:48:03-05:00,2026-09-26T05:48:03+00:00,Python SDK azure-iot-device (MQTT sobre WebSockets 443),DC-PASILLO-04,19.85,46.98,16.2,2026-09-26T05:48:03+00:00
2026-09-26T00:49:03-05:00,2026-09-26T05:49:03+00:00,Python SDK azure-iot-device (MQTT sobre WebSockets 443),DC-PASILLO-04,19.78,47.1,17.3,2026-09-26T05:49:03+00:00
2026-09-26T00:50:03-05:00,2026-09-26T05:50:03+00:00,Python SDK azure-iot-device (MQTT sobre WebSockets 443),DC-PASILLO-04,20.0,46.43,15.1,2026-09-26T05:50:03+00:00
2026-09-26T00:51:03-05:00,2026-09-26T05:51:03+00:00,Python SDK azure-iot-device (MQTT sobre WebSockets 443),DC-PASILLO-04,19.83,46.39,18.9,2026-09-26T05:51:03+00:00
2026-09-26T00:52:04-05:00,2026-09-26T05:52:04+00:00,Python SDK azure-iot-device (MQTT sobre WebSockets 443),DC-PASILLO-04,19.94,46.51,18.0,2026-09-26T05:52:03+00:00
2026-09-26T00:53:04-05:00,2026-09-26T05:53:04+00:00,Python SDK azure-iot-device (MQTT sobre WebSockets 443),DC-PASILLO-04,20.15,46.78,19.3,2026-09-26T05:53:04+00:00
2026-09-26T00:54:04-05:00,2026-09-26T05:54:04+00:00,Python SDK azure-iot-device (MQTT sobre WebSockets 443),DC-PASILLO-04,19.87,45.54,17.8,2026-09-26T05:54:04+00:00
2026-09-26T00:55:04-05:00,2026-09-26T05:55:04+00:00,Python SDK azure-iot-device (MQTT sobre WebSockets 443),DC-PASILLO-04,20.19,47.09,19.7,2026-09-26T05:55:04+00:00
2026-09-26T00:56:04-05:00,2026-09-26T05:56:04+00:00,Python SDK azure-iot-device (MQTT sobre WebSockets 443),DC-PASILLO-04,20.14,46.67,15.7,2026-09-26T05:56:04+00:00
2026-09-26T00:57:05-05:00,2026-09-26T05:57:05+00:00,Python SDK azure-iot-device (MQTT sobre WebSockets 443),DC-PASILLO-04,20.02,46.67,15.7,2026-09-26T05:57:04+00:00
2026-09-26T00:58:05-05:00,2026-09-26T05:58:05+00:00,Python SDK azure-iot-device (MQTT sobre WebSockets 443),DC-PASILLO-04,19.66,46.46,17.2,2026-09-26T05:58:05+00:00
2026-09-26T00:59:05-05:00,2026-09-26T05:59:05+00:00,Python SDK azure-iot-device (MQTT sobre WebSockets 443),DC-PASILLO-04,19.85,47.2,16.4,2026-09-26T05:59:05+00:00
2026-09-26T01:00:05-05:00,2026-09-26T06:00:05+00:00,Python SDK azure-iot-device (MQTT sobre WebSockets 443),DC-PASILLO-04,19.9,45.82,18.9,2026-09-26T06:00:05+00:00
2026-09-26T01:01:05-05:00,2026-09-26T06:01:05+00:00,Python SDK azure-iot-device (MQTT sobre WebSockets 443),DC-PASILLO-04,20.13,46.33,19.8,2026-09-26T06:01:05+00:00
2026-09-26T01:02:06-05:00,2026-09-26T06:02:06+00:00,Python SDK azure-iot-device (MQTT sobre WebSockets 443),DC-PASILLO-04,19.67,46.25,17.6,2026-09-26T06:02:06+00:00
2026-09-26T01:03:06-05:00,2026-09-26T06:03:06+00:00,Python SDK azure-iot-device (MQTT sobre WebSockets 443),DC-PASILLO-04,20.01,46.75,18.2,2026-09-26T06:03:06+00:00
2026-09-26T01:04:07-05:00,2026-09-26T06:04:07+00:00,Python SDK azure-iot-device (MQTT sobre WebSockets 443),DC-PASILLO-04,19.99,46.18,15.0,2026-09-26T06:04:06+00:00
2026-09-26T01:05:07-05:00,2026-09-26T06:05:07+00:00,Python SDK azure-iot-device (MQTT sobre WebSockets 443),DC-PASILLO-04,19.93,45.73,15.6,2026-09-26T06:05:07+00:00
2026-09-26T01:06:07-05:00,2026-09-26T06:06:07+00:00,Python SDK azure-iot-device (MQTT sobre WebSockets 443),DC-PASILLO-04,19.69,46.23,16.8,2026-09-26T06:06:07+00:00
2026-09-26T01:07:07-05:00,2026-09-26T06:07:07+00:00,Python SDK azure-iot-device (MQTT sobre WebSockets 443),DC-PASILLO-04,19.99,46.19,17.1,2026-09-26T06:07:07+00:00
2026-09-26T01:08:07-05:00,2026-09-26T06:08:07+00:00,Python SDK azure-iot-device (MQTT sobre WebSockets 443),DC-PASILLO-04,19.74,46.76,15.0,2026-09-26T06:08:07+00:00
2026-09-26T01:09:08-05:00,2026-09-26T06:09:08+00:00,Python SDK azure-iot-device (MQTT sobre WebSockets 443),DC-PASILLO-04,20.22,46.78,16.2,2026-09-26T06:09:07+00:00
2026-09-26T01:10:08-05:00,2026-09-26T06:10:08+00:00,Python SDK azure-iot-device (MQTT sobre WebSockets 443),DC-PASILLO-04,19.89,47.16,15.9,2026-09-26T06:10:08+00:00
2026-09-26T01:11:08-05:00,2026-09-26T06:11:08+00:00,Python SDK azure-iot-device (MQTT sobre WebSockets 443),DC-PASILLO-04,19.77,46.09,18.8,2026-09-26T06:11:08+00:00
2026-09-26T01:12:08-05:00,2026-09-26T06:12:08+00:00,Python SDK azure-iot-device (MQTT sobre WebSockets 443),DC-PASILLO-04,20.21,45.68,15.8,2026-09-26T06:12:08+00:00
2026-09-26T01:13:08-05:00,2026-09-26T06:13:08+00:00,Python SDK azure-iot-device (MQTT sobre WebSockets 443),DC-PASILLO-04,20.21,47.53,19.1,2026-09-26T06:13:08+00:00
2026-09-26T01:14:09-05:00,2026-09-26T06:14:09+00:00,Python SDK azure-iot-device (MQTT sobre WebSockets 443),DC-PASILLO-04,19.75,47.6,17.5,2026-09-26T06:14:08+00:00
2026-09-26T01:15:09-05:00,2026-09-26T06:15:09+00:00,Python SDK azure-iot-device (MQTT sobre WebSockets 443),DC-PASILLO-04,20.0,46.94,18.4,2026-09-26T06:15:09+00:00
2026-09-26T01:16:09-05:00,2026-09-26T06:16:09+00:00,Python SDK azure-iot-device (MQTT sobre WebSockets 443),DC-PASILLO-04,20.16,46.99,16.7,2026-09-26T06:16:09+00:00
2026-09-26T01:17:09-05:00,2026-09-26T06:17:09+00:00,Python SDK azure-iot-device (MQTT sobre WebSockets 443),DC-PASILLO-04,20.19,46.92,17.1,2026-09-26T06:17:09+00:00
2026-09-26T01:18:09-05:00,2026-09-26T06:18:09+00:00,Python SDK azure-iot-device (MQTT sobre WebSockets 443),DC-PASILLO-04,19.69,47.62,19.1,2026-09-26T06:18:09+00:00
2026-09-26T01:19:10-05:00,2026-09-26T06:19:10+00:00,Python SDK azure-iot-device (MQTT sobre WebSockets 443),DC-PASILLO-04,19.66,46.56,16.7,2026-09-26T06:19:09+00:00
2026-09-26T01:20:10-05:00,2026-09-26T06:20:10+00:00,Python SDK azure-iot-device (MQTT sobre WebSockets 443),DC-PASILLO-04,19.95,47.0,18.7,2026-09-26T06:20:10+00:00
2026-09-26T01:21:10-05:00,2026-09-26T06:21:10+00:00,Python SDK azure-iot-device (MQTT sobre WebSockets 443),DC-PASILLO-04,19.69,46.78,15.9,2026-09-26T06:21:10+00:00
2026-09-26T01:22:10-05:00,2026-09-26T06:22:10+00:00,Python SDK azure-iot-device (MQTT sobre WebSockets 443),DC-PASILLO-04,20.21,47.21,19.4,2026-09-26T06:22:10+00:00
2026-09-26T01:23:11-05:00,2026-09-26T06:23:11+00:00,Python SDK azure-iot-device (MQTT sobre WebSockets 443),DC-PASILLO-04,19.87,46.97,15.7,2026-09-26T06:23:10+00:00
2026-09-26T01:24:11-05:00,2026-09-26T06:24:11+00:00,Python SDK azure-iot-device (MQTT sobre WebSockets 443),DC-PASILLO-04,19.79,47.21,18.2,2026-09-26T06:24:11+00:00
2026-09-26T01:25:11-05:00,2026-09-26T06:25:11+00:00,Python SDK azure-iot-device (MQTT sobre WebSockets 443),DC-PASILLO-04,19.85,47.41,18.2,2026-09-26T06:25:11+00:00
2026-09-26T01:26:11-05:00,2026-09-26T06:26:11+00:00,Python SDK azure-iot-device (MQTT sobre WebSockets 443),DC-PASILLO-04,19.92,47.64,17.8,2026-09-26T06:26:11+00:00
2026-09-26T01:27:11-05:00,2026-09-26T06:27:11+00:00,Python SDK azure-iot-device (MQTT sobre WebSockets 443),DC-PASILLO-04,19.63,45.99,15.3,2026-09-26T06:27:11+00:00
2026-09-26T01:28:12-05:00,2026-09-26T06:28:12+00:00,Python SDK azure-iot-device (MQTT sobre WebSockets 443),DC-PASILLO-04,19.94,46.35,18.9,2026-09-26T06:28:11+00:00
2026-09-26T01:29:12-05:00,2026-09-26T06:29:12+00:00,Python SDK azure-iot-device (MQTT sobre WebSockets 443),DC-PASILLO-04,19.95,46.37,17.1,2026-09-26T06:29:12+00:00
2026-09-26T01:30:12-05:00,2026-09-26T06:30:12+00:00,Python SDK azure-iot-device (MQTT sobre WebSockets 443),DC-PASILLO-04,19.88,47.45,17.0,2026-09-26T06:30:12+00:00
2026-09-26T01:31:12-05:00,2026-09-26T06:31:12+00:00,Python SDK azure-iot-device (MQTT sobre WebSockets 443),DC-PASILLO-04,19.93,46.59,17.2,2026-09-26T06:31:12+00:00
2026-09-26T01:32:12-05:00,2026-09-26T06:32:12+00:00,Python SDK azure-iot-device (MQTT sobre WebSockets 443),DC-PASILLO-04,19.78,46.78,15.3,2026-09-26T06:32:12+00:00
2026-09-26T01:33:13-05:00,2026-09-26T06:33:13+00:00,Python SDK azure-iot-device (MQTT sobre WebSockets 443),DC-PASILLO-04,20.06,47.13,16.8,2026-09-26T06:33:12+00:00
2026-09-26T01:34:13-05:00,2026-09-26T06:34:13+00:00,Python SDK azure-iot-device (MQTT sobre WebSockets 443),DC-PASILLO-04,20.05,47.39,16.3,2026-09-26T06:34:13+00:00
2026-09-26T01:35:13-05:00,2026-09-26T06:35:13+00:00,Python SDK azure-iot-device (MQTT sobre WebSockets 443),DC-PASILLO-04,19.85,47.49,17.3,2026-09-26T06:35:13+00:00
2026-09-26T01:36:13-05:00,2026-09-26T06:36:13+00:00,Python SDK azure-iot-device (MQTT sobre WebSockets 443),DC-PASILLO-04,19.85,47.24,19.0,2026-09-26T06:36:13+00:00
2026-09-26T01:37:13-05:00,2026-09-26T06:37:13+00:00,Python SDK azure-iot-device (MQTT sobre WebSockets 443),DC-PASILLO-04,19.77,46.98,18.7,2026-09-26T06:37:13+00:00
2026-09-26T01:38:14-05:00,2026-09-26T06:38:14+00:00,Python SDK azure-iot-device (MQTT sobre WebSockets 443),DC-PASILLO-04,19.72,46.45,15.2,2026-09-26T06:38:13+00:00
2026-09-26T01:39:14-05:00,2026-09-26T06:39:14+00:00,Python SDK azure-iot-device (MQTT sobre WebSockets 443),DC-PASILLO-04,20.19,46.48,19.8,2026-09-26T06:39:14+00:00
2026-09-26T01:40:14-05:00,2026-09-26T06:40:14+00:00,Python SDK azure-iot-device (MQTT sobre WebSockets 443),DC-PASILLO-04,20.02,47.67,18.5,2026-09-26T06:40:14+00:00
2026-09-26T01:41:14-05:00,2026-09-26T06:41:14+00:00,Python SDK azure-iot-device (MQTT sobre WebSockets 443),DC-PASILLO-04,19.97,46.28,19.3,2026-09-26T06:41:14+00:00
2026-09-26T01:42:14-05:00,2026-09-26T06:42:14+00:00,Python SDK azure-iot-device (MQTT sobre WebSockets 443),DC-PASILLO-04,19.99,47.07,16.4,2026-09-26T06:42:14+00:00
2026-09-26T01:43:14-05:00,2026-09-26T06:43:14+00:00,Python SDK azure-iot-device (MQTT sobre WebSockets 443),DC-PASILLO-04,20.05,47.79,19.5,2026-09-26T06:43:14+00:00
2026-09-26T01:44:15-05:00,2026-09-26T06:44:15+00:00,Python SDK azure-iot-device (MQTT sobre WebSockets 443),DC-PASILLO-04,19.61,46.59,19.3,2026-09-26T06:44:15+00:00
2026-09-26T01:45:15-05:00,2026-09-26T06:45:15+00:00,Python SDK azure-iot-device (MQTT sobre WebSockets 443),DC-PASILLO-04,19.99,47.17,16.6,2026-09-26T06:45:15+00:00
2026-09-26T01:46:15-05:00,2026-09-26T06:46:15+00:00,Python SDK azure-iot-device (MQTT sobre WebSockets 443),DC-PASILLO-04,20.05,47.63,15.8,2026-09-26T06:46:15+00:00
2026-09-26T01:47:15-05:00,2026-09-26T06:47:15+00:00,Python SDK azure-iot-device (MQTT sobre WebSockets 443),DC-PASILLO-04,19.86,46.07,17.9,2026-09-26T06:47:15+00:00
2026-09-26T01:48:16-05:00,2026-09-26T06:48:16+00:00,Python SDK azure-iot-device (MQTT sobre WebSockets 443),DC-PASILLO-04,19.71,47.81,19.5,2026-09-26T06:48:15+00:00
2026-09-26T01:49:16-05:00,2026-09-26T06:49:16+00:00,Python SDK azure-iot-device (MQTT sobre WebSockets 443),DC-PASILLO-04,19.8,46.94,15.5,2026-09-26T06:49:16+00:00
2026-09-26T01:50:16-05:00,2026-09-26T06:50:16+00:00,Python SDK azure-iot-device (MQTT sobre WebSockets 443),DC-PASILLO-04,19.87,47.06,16.8,2026-09-26T06:50:16+00:00
2026-09-26T01:51:16-05:00,2026-09-26T06:51:16+00:00,Python SDK azure-iot-device (MQTT sobre WebSockets 443),DC-PASILLO-04,19.6,47.12,19.6,2026-09-26T06:51:16+00:00
2026-09-26T01:52:17-05:00,2026-09-26T06:52:17+00:00,Python SDK azure-iot-device (MQTT sobre WebSockets 443),DC-PASILLO-04,20.1,48.03,15.0,2026-09-26T06:52:16+00:00
2026-09-26T01:53:17-05:00,2026-09-26T06:53:17+00:00,Python SDK azure-iot-device (MQTT sobre WebSockets 443),DC-PASILLO-04,19.78,47.63,15.9,2026-09-26T06:53:17+00:00
2026-09-26T01:54:17-05:00,2026-09-26T06:54:17+00:00,Python SDK azure-iot-device (MQTT sobre WebSockets 443),DC-PASILLO-04,20.2,46.33,15.5,2026-09-26T06:54:17+00:00
2026-09-26T01:55:17-05:00,2026-09-26T06:55:17+00:00,Python SDK azure-iot-device (MQTT sobre WebSockets 443),DC-PASILLO-04,20.06,46.13,17.6,2026-09-26T06:55:17+00:00
2026-09-26T01:56:17-05:00,2026-09-26T06:56:17+00:00,Python SDK azure-iot-device (MQTT sobre WebSockets 443),DC-PASILLO-04,19.79,47.56,19.2,2026-09-26T06:56:17+00:00
2026-09-26T01:57:17-05:00,2026-09-26T06:57:17+00:00,Python SDK azure-iot-device (MQTT sobre WebSockets 443),DC-PASILLO-04,19.91,46.54,18.6,2026-09-26T06:57:17+00:00
2026-09-26T01:58:18-05:00,2026-09-26T06:58:18+00:00,Python SDK azure-iot-device (MQTT sobre WebSockets 443),DC-PASILLO-04,19.92,47.04,15.4,2026-09-26T06:58:17+00:00
2026-09-26T01:59:18-05:00,2026-09-26T06:59:18+00:00,Python SDK azure-iot-device (MQTT sobre WebSockets 443),DC-PASILLO-04,19.69,46.29,15.9,2026-09-26T06:59:18+00:00
2026-09-26T02:00:18-05:00,2026-09-26T07:00:18+00:00,Python SDK azure-iot-device (MQTT sobre WebSockets 443),DC-PASILLO-04,20.08,47.57,17.6,2026-09-26T07:00:18+00:00
2026-09-26T02:01:18-05:00,2026-09-26T07:01:18+00:00,Python SDK azure-iot-device (MQTT sobre WebSockets 443),DC-PASILLO-04,19.99,47.32,18.9,2026-09-26T07:01:18+00:00
2026-09-26T02:02:18-05:00,2026-09-26T07:02:18+00:00,Python SDK azure-iot-device (MQTT sobre WebSockets 443),DC-PASILLO-04,19.88,47.06,16.4,2026-09-26T07:02:18+00:00
2026-09-26T02:03:19-05:00,2026-09-26T07:03:19+00:00,Python SDK azure-iot-device (MQTT sobre WebSockets 443),DC-PASILLO-04,20.03,48.03,19.3,2026-09-26T07:03:18+00:00
2026-09-26T02:04:19-05:00,2026-09-26T07:04:19+00:00,Python SDK azure-iot-device (MQTT sobre WebSockets 443),DC-PASILLO-04,20.11,47.84,18.1,2026-09-26T07:04:19+00:00
2026-09-26T02:05:19-05:00,2026-09-26T07:05:19+00:00,Python SDK azure-iot-device (MQTT sobre WebSockets 443),DC-PASILLO-04,20.03,46.87,16.4,2026-09-26T07:05:19+00:00
2026-09-26T02:06:19-05:00,2026-09-26T07:06:19+00:00,Python SDK azure-iot-device (MQTT sobre WebSockets 443),DC-PASILLO-04,19.72,46.83,16.5,2026-09-26T07:06:19+00:00
2026-09-26T02:07:19-05:00,2026-09-26T07:07:19+00:00,Python SDK azure-iot-device (MQTT sobre WebSockets 443),DC-PASILLO-04,19.96,46.44,16.7,2026-09-26T07:07:19+00:00
2026-09-26T02:08:20-05:00,2026-09-26T07:08:20+00:00,Python SDK azure-iot-device (MQTT sobre WebSockets 443),DC-PASILLO-04,19.88,46.38,15.5,2026-09-26T07:08:19+00:00
2026-09-26T02:09:20-05:00,2026-09-26T07:09:20+00:00,Python SDK azure-iot-device (MQTT sobre WebSockets 443),DC-PASILLO-04,19.64,47.87,19.0,2026-09-26T07:09:20+00:00
2026-09-26T02:10:21-05:00,2026-09-26T07:10:21+00:00,Python SDK azure-iot-device (MQTT sobre WebSockets 443),DC-PASILLO-04,19.93,47.17,18.2,2026-09-26T07:10:21+00:00
2026-09-26T02:11:21-05:00,2026-09-26T07:11:21+00:00,Python SDK azure-iot-device (MQTT sobre WebSockets 443),DC-PASILLO-04,19.66,47.7,18.1,2026-09-26T07:11:21+00:00
2026-09-26T02:12:27-05:00,2026-09-26T07:12:27+00:00,Python SDK azure-iot-device (MQTT sobre WebSockets 443),DC-PASILLO-04,19.68,46.71,16.1,2026-09-26T07:12:26+00:00
2026-09-26T02:13:27-05:00,2026-09-26T07:13:27+00:00,Python SDK azure-iot-device (MQTT sobre WebSockets 443),DC-PASILLO-04,19.91,48.11,16.8,2026-09-26T07:13:27+00:00
2026-09-26T02:14:27-05:00,2026-09-26T07:14:27+00:00,Python SDK azure-iot-device (MQTT sobre WebSockets 443),DC-PASILLO-04,19.9,48.28,16.1,2026-09-26T07:14:27+00:00
2026-09-26T02:15:27-05:00,2026-09-26T07:15:27+00:00,Python SDK azure-iot-device (MQTT sobre WebSockets 443),DC-PASILLO-04,19.84,47.62,19.7,2026-09-26T07:15:27+00:00
2026-09-26T02:16:28-05:00,2026-09-26T07:16:28+00:00,Python SDK azure-iot-device (MQTT sobre WebSockets 443),DC-PASILLO-04,20.15,46.44,16.4,2026-09-26T07:16:27+00:00
2026-09-26T02:17:28-05:00,2026-09-26T07:17:28+00:00,Python SDK azure-iot-device (MQTT sobre WebSockets 443),DC-PASILLO-04,19.72,47.56,17.9,2026-09-26T07:17:28+00:00
2026-09-26T02:18:28-05:00,2026-09-26T07:18:28+00:00,Python SDK azure-iot-device (MQTT sobre WebSockets 443),DC-PASILLO-04,19.96,47.87,17.9,2026-09-26T07:18:28+00:00
2026-09-26T02:19:28-05:00,2026-09-26T07:19:28+00:00,Python SDK azure-iot-device (MQTT sobre WebSockets 443),DC-PASILLO-04,20.14,46.73,15.5,2026-09-26T07:19:28+00:00
2026-09-26T02:20:28-05:00,2026-09-26T07:20:28+00:00,Python SDK azure-iot-device (MQTT sobre WebSockets 443),DC-PASILLO-04,19.99,46.77,18.5,2026-09-26T07:20:28+00:00
2026-09-26T02:21:29-05:00,2026-09-26T07:21:29+00:00,Python SDK azure-iot-device (MQTT sobre WebSockets 443),DC-PASILLO-04,20.04,47.79,15.5,2026-09-26T07:21:28+00:00
2026-09-26T02:22:29-05:00,2026-09-26T07:22:29+00:00,Python SDK azure-iot-device (MQTT sobre WebSockets 443),DC-PASILLO-04,19.89,47.26,19.4,2026-09-26T07:22:29+00:00
2026-09-26T02:23:29-05:00,2026-09-26T07:23:29+00:00,Python SDK azure-iot-device (MQTT sobre WebSockets 443),DC-PASILLO-04,19.73,48.26,15.9,2026-09-26T07:23:29+00:00
2026-09-26T02:24:29-05:00,2026-09-26T07:24:29+00:00,Python SDK azure-iot-device (MQTT sobre WebSockets 443),DC-PASILLO-04,19.83,47.19,16.9,2026-09-26T07:24:29+00:00
2026-09-26T02:25:29-05:00,2026-09-26T07:25:29+00:00,Python SDK azure-iot-device (MQTT sobre WebSockets 443),DC-PASILLO-04,19.96,47.01,17.4,2026-09-26T07:25:29+00:00
2026-09-26T02:26:30-05:00,2026-09-26T07:26:30+00:00,Python SDK azure-iot-device (MQTT sobre WebSockets 443),DC-PASILLO-04,19.72,47.95,15.3,2026-09-26T07:26:29+00:00
2026-09-26T02:27:30-05:00,2026-09-26T07:27:30+00:00,Python SDK azure-iot-device (MQTT sobre WebSockets 443),DC-PASILLO-04,19.92,46.97,18.8,2026-09-26T07:27:30+00:00
2026-09-26T02:28:30-05:00,2026-09-26T07:28:30+00:00,Python SDK azure-iot-device (MQTT sobre WebSockets 443),DC-PASILLO-04,19.69,48.02,19.0,2026-09-26T07:28:30+00:00
2026-09-26T02:29:30-05:00,2026-09-26T07:29:30+00:00,Python SDK azure-iot-device (MQTT sobre WebSockets 443),DC-PASILLO-04,20.12,46.99,17.8,2026-09-26T07:29:30+00:00
2026-09-26T02:30:30-05:00,2026-09-26T07:30:30+00:00,Python SDK azure-iot-device (MQTT sobre WebSockets 443),DC-PASILLO-04,19.8,48.0,18.2,2026-09-26T07:30:30+00:00
2026-09-26T02:31:30-05:00,2026-09-26T07:31:30+00:00,Python SDK azure-iot-device (MQTT sobre WebSockets 443),DC-PASILLO-04,19.71,46.92,19.6,2026-09-26T07:31:30+00:00
2026-09-26T02:32:31-05:00,2026-09-26T07:32:31+00:00,Python SDK azure-iot-device (MQTT sobre WebSockets 443),DC-PASILLO-04,19.88,47.32,17.7,2026-09-26T07:32:30+00:00
2026-09-26T02:33:31-05:00,2026-09-26T07:33:31+00:00,Python SDK azure-iot-device (MQTT sobre WebSockets 443),DC-PASILLO-04,19.72,47.24,15.6,2026-09-26T07:33:31+00:00
2026-09-26T02:34:31-05:00,2026-09-26T07:34:31+00:00,Python SDK azure-iot-device (MQTT sobre WebSockets 443),DC-PASILLO-04,20.05,47.79,17.7,2026-09-26T07:34:31+00:00
2026-09-26T02:35:31-05:00,2026-09-26T07:35:31+00:00,Python SDK azure-iot-device (MQTT sobre WebSockets 443),DC-PASILLO-04,19.89,48.4,18.0,2026-09-26T07:35:31+00:00
2026-09-26T02:36:31-05:00,2026-09-26T07:36:31+00:00,Python SDK azure-iot-device (MQTT sobre WebSockets 443),DC-PASILLO-04,19.91,47.45,19.0,2026-09-26T07:36:31+00:00
2026-09-26T02:37:32-05:00,2026-09-26T07:37:32+00:00,Python SDK azure-iot-device (MQTT sobre WebSockets 443),DC-PASILLO-04,19.91,47.86,16.6,2026-09-26T07:37:31+00:00
2026-09-26T02:38:32-05:00,2026-09-26T07:38:32+00:00,Python SDK azure-iot-device (MQTT sobre WebSockets 443),DC-PASILLO-04,20.18,48.18,15.8,2026-09-26T07:38:32+00:00
2026-09-26T02:39:32-05:00,2026-09-26T07:39:32+00:00,Python SDK azure-iot-device (MQTT sobre WebSockets 443),DC-PASILLO-04,20.1,48.04,15.4,2026-09-26T07:39:32+00:00
2026-09-26T02:40:32-05:00,2026-09-26T07:40:32+00:00,Python SDK azure-iot-device (MQTT sobre WebSockets 443),DC-PASILLO-04,19.84,46.76,17.6,2026-09-26T07:40:32+00:00
2026-09-26T02:41:32-05:00,2026-09-26T07:41:32+00:00,Python SDK azure-iot-device (MQTT sobre WebSockets 443),DC-PASILLO-04,20.11,47.21,17.9,2026-09-26T07:41:32+00:00
2026-09-26T02:42:33-05:00,2026-09-26T07:42:33+00:00,Python SDK azure-iot-device (MQTT sobre WebSockets 443),DC-PASILLO-04,19.8,48.6,16.6,2026-09-26T07:42:32+00:00
2026-09-26T02:43:33-05:00,2026-09-26T07:43:33+00:00,Python SDK azure-iot-device (MQTT sobre WebSockets 443),DC-PASILLO-04,20.0,47.04,18.4,2026-09-26T07:43:33+00:00
2026-09-26T02:44:33-05:00,2026-09-26T07:44:33+00:00,Python SDK azure-iot-device (MQTT sobre WebSockets 443),DC-PASILLO-04,19.85,46.97,18.7,2026-09-26T07:44:33+00:00
2026-09-26T02:45:33-05:00,2026-09-26T07:45:33+00:00,Python SDK azure-iot-device (MQTT sobre WebSockets 443),DC-PASILLO-04,19.61,48.6,15.1,2026-09-26T07:45:33+00:00
2026-09-26T02:46:33-05:00,2026-09-26T07:46:33+00:00,Python SDK azure-iot-device (MQTT sobre WebSockets 443),DC-PASILLO-04,19.73,47.82,18.9,2026-09-26T07:46:33+00:00
2026-09-26T02:47:34-05:00,2026-09-26T07:47:34+00:00,Python SDK azure-iot-device (MQTT sobre WebSockets 443),DC-PASILLO-04,19.95,47.41,15.5,2026-09-26T07:47:33+00:00
2026-09-26T02:48:34-05:00,2026-09-26T07:48:34+00:00,Python SDK azure-iot-device (MQTT sobre WebSockets 443),DC-PASILLO-04,20.19,47.98,17.6,2026-09-26T07:48:34+00:00
2026-09-26T02:49:34-05:00,2026-09-26T07:49:34+00:00,Python SDK azure-iot-device (MQTT sobre WebSockets 443),DC-PASILLO-04,19.84,48.57,17.3,2026-09-26T07:49:34+00:00
2026-09-26T02:50:34-05:00,2026-09-26T07:50:34+00:00,Python SDK azure-iot-device (MQTT sobre WebSockets 443),DC-PASILLO-04,19.92,47.62,18.2,2026-09-26T07:50:34+00:00
2026-09-26T02:51:34-05:00,2026-09-26T07:51:34+00:00,Python SDK azure-iot-device (MQTT sobre WebSockets 443),DC-PASILLO-04,20.17,46.97,17.7,2026-09-26T07:51:34+00:00
2026-09-26T02:52:34-05:00,2026-09-26T07:52:34+00:00,Python SDK azure-iot-device (MQTT sobre WebSockets 443),DC-PASILLO-04,19.64,48.67,15.5,2026-09-26T07:52:34+00:00
2026-09-26T02:53:35-05:00,2026-09-26T07:53:35+00:00,Python SDK azure-iot-device (MQTT sobre WebSockets 443),DC-PASILLO-04,20.13,48.52,15.6,2026-09-26T07:53:34+00:00
2026-09-26T02:54:35-05:00,2026-09-26T07:54:35+00:00,Python SDK azure-iot-device (MQTT sobre WebSockets 443),DC-PASILLO-04,19.96,47.04,15.4,2026-09-26T07:54:35+00:00
2026-09-26T02:55:35-05:00,2026-09-26T07:55:35+00:00,Python SDK azure-iot-device (MQTT sobre WebSockets 443),DC-PASILLO-04,19.94,47.35,18.7,2026-09-26T07:55:35+00:00
2026-09-26T02:56:35-05:00,2026-09-26T07:56:35+00:00,Python SDK azure-iot-device (MQTT sobre WebSockets 443),DC-PASILLO-04,19.77,47.73,17.4,2026-09-26T07:56:35+00:00
2026-09-26T02:57:35-05:00,2026-09-26T07:57:35+00:00,Python SDK azure-iot-device (MQTT sobre WebSockets 443),DC-PASILLO-04,19.64,48.82,16.8,2026-09-26T07:57:35+00:00
2026-09-26T02:58:36-05:00,2026-09-26T07:58:36+00:00,Python SDK azure-iot-device (MQTT sobre WebSockets 443),DC-PASILLO-04,20.13,48.5,18.9,2026-09-26T07:58:35+00:00
2026-09-26T02:59:36-05:00,2026-09-26T07:59:36+00:00,Python SDK azure-iot-device (MQTT sobre WebSockets 443),DC-PASILLO-04,19.63,47.97,19.6,2026-09-26T07:59:36+00:00
2026-09-26T03:00:36-05:00,2026-09-26T08:00:36+00:00,Python SDK azure-iot-device (MQTT sobre WebSockets 443),DC-PASILLO-04,19.7,47.93,19.2,2026-09-26T08:00:36+00:00
2026-09-26T03:01:36-05:00,2026-09-26T08:01:36+00:00,Python SDK azure-iot-device (MQTT sobre WebSockets 443),DC-PASILLO-04,19.68,47.97,18.7,2026-09-26T08:01:36+00:00
2026-09-26T03:02:36-05:00,2026-09-26T08:02:36+00:00,Python SDK azure-iot-device (MQTT sobre WebSockets 443),DC-PASILLO-04,19.91,48.92,16.5,2026-09-26T08:02:36+00:00
2026-09-26T03:03:37-05:00,2026-09-26T08:03:37+00:00,Python SDK azure-iot-device (MQTT sobre WebSockets 443),DC-PASILLO-04,19.64,47.82,19.7,2026-09-26T08:03:36+00:00
2026-09-26T03:04:37-05:00,2026-09-26T08:04:37+00:00,Python SDK azure-iot-device (MQTT sobre WebSockets 443),DC-PASILLO-04,19.65,48.7,16.7,2026-09-26T08:04:37+00:00
2026-09-26T03:05:37-05:00,2026-09-26T08:05:37+00:00,Python SDK azure-iot-device (MQTT sobre WebSockets 443),DC-PASILLO-04,20.19,47.92,15.6,2026-09-26T08:05:37+00:00
2026-09-26T03:06:37-05:00,2026-09-26T08:06:37+00:00,Python SDK azure-iot-device (MQTT sobre WebSockets 443),DC-PASILLO-04,19.94,47.63,19.4,2026-09-26T08:06:37+00:00
2026-09-26T03:07:37-05:00,2026-09-26T08:07:37+00:00,Python SDK azure-iot-device (MQTT sobre WebSockets 443),DC-PASILLO-04,20.12,48.35,15.5,2026-09-26T08:07:37+00:00
2026-09-26T03:08:38-05:00,2026-09-26T08:08:38+00:00,Python SDK azure-iot-device (MQTT sobre WebSockets 443),DC-PASILLO-04,19.76,48.29,16.4,2026-09-26T08:08:37+00:00
2026-09-26T03:09:38-05:00,2026-09-26T08:09:38+00:00,Python SDK azure-iot-device (MQTT sobre WebSockets 443),DC-PASILLO-04,19.76,47.25,19.3,2026-09-26T08:09:38+00:00
2026-09-26T03:10:38-05:00,2026-09-26T08:10:38+00:00,Python SDK azure-iot-device (MQTT sobre WebSockets 443),DC-PASILLO-04,19.95,48.87,19.7,2026-09-26T08:10:38+00:00
2026-09-26T03:11:38-05:00,2026-09-26T08:11:38+00:00,Python SDK azure-iot-device (MQTT sobre WebSockets 443),DC-PASILLO-04,20.18,47.62,16.1,2026-09-26T08:11:38+00:00
2026-09-26T03:12:38-05:00,2026-09-26T08:12:38+00:00,Python SDK azure-iot-device (MQTT sobre WebSockets 443),DC-PASILLO-04,19.7,47.76,14.9,2026-09-26T08:12:38+00:00
2026-09-26T03:13:39-05:00,2026-09-26T08:13:39+00:00,Python SDK azure-iot-device (MQTT sobre WebSockets 443),DC-PASILLO-04,19.87,47.23,16.2,2026-09-26T08:13:38+00:00
2026-09-26T03:14:39-05:00,2026-09-26T08:14:39+00:00,Python SDK azure-iot-device (MQTT sobre WebSockets 443),DC-PASILLO-04,19.91,48.08,19.2,2026-09-26T08:14:39+00:00
2026-09-26T03:15:39-05:00,2026-09-26T08:15:39+00:00,Python SDK azure-iot-device (MQTT sobre WebSockets 443),DC-PASILLO-04,19.72,48.63,15.3,2026-09-26T08:15:39+00:00
2026-09-26T03:16:39-05:00,2026-09-26T08:16:39+00:00,Python SDK azure-iot-device (MQTT sobre WebSockets 443),DC-PASILLO-04,19.88,48.06,16.5,2026-09-26T08:16:39+00:00
2026-09-26T03:17:39-05:00,2026-09-26T08:17:39+00:00,Python SDK azure-iot-device (MQTT sobre WebSockets 443),DC-PASILLO-04,20.08,49.1,17.3,2026-09-26T08:17:39+00:00
2026-09-26T03:18:40-05:00,2026-09-26T08:18:40+00:00,Python SDK azure-iot-device (MQTT sobre WebSockets 443),DC-PASILLO-04,19.8,48.3,16.3,2026-09-26T08:18:39+00:00
2026-09-26T03:19:40-05:00,2026-09-26T08:19:40+00:00,Python SDK azure-iot-device (MQTT sobre WebSockets 443),DC-PASILLO-04,19.88,48.31,17.7,2026-09-26T08:19:40+00:00
2026-09-26T03:20:40-05:00,2026-09-26T08:20:40+00:00,Python SDK azure-iot-device (MQTT sobre WebSockets 443),DC-PASILLO-04,19.76,47.71,17.9,2026-09-26T08:20:40+00:00
2026-09-26T03:21:40-05:00,2026-09-26T08:21:40+00:00,Python SDK azure-iot-device (MQTT sobre WebSockets 443),DC-PASILLO-04,19.6,47.91,17.8,2026-09-26T08:21:40+00:00
2026-09-26T03:22:40-05:00,2026-09-26T08:22:40+00:00,Python SDK azure-iot-device (MQTT sobre WebSockets 443),DC-PASILLO-04,19.64,49.05,17.9,2026-09-26T08:22:40+00:00
2026-09-26T03:23:41-05:00,2026-09-26T08:23:41+00:00,Python SDK azure-iot-device (MQTT sobre WebSockets 443),DC-PASILLO-04,20.08,47.44,16.1,2026-09-26T08:23:40+00:00
2026-09-26T03:24:41-05:00,2026-09-26T08:24:41+00:00,Python SDK azure-iot-device (MQTT sobre WebSockets 443),DC-PASILLO-04,19.78,47.74,16.5,2026-09-26T08:24:41+00:00
2026-09-26T03:25:41-05:00,2026-09-26T08:25:41+00:00,Python SDK azure-iot-device (MQTT sobre WebSockets 443),DC-PASILLO-04,20.17,49.17,17.7,2026-09-26T08:25:41+00:00
2026-09-26T03:26:41-05:00,2026-09-26T08:26:41+00:00,Python SDK azure-iot-device (MQTT sobre WebSockets 443),DC-PASILLO-04,19.85,49.05,17.9,2026-09-26T08:26:41+00:00
2026-09-26T03:27:41-05:00,2026-09-26T08:27:41+00:00,Python SDK azure-iot-device (MQTT sobre WebSockets 443),DC-PASILLO-04,19.84,47.65,16.1,2026-09-26T08:27:41+00:00
2026-09-26T03:28:41-05:00,2026-09-26T08:28:41+00:00,Python SDK azure-iot-device (MQTT sobre WebSockets 443),DC-PASILLO-04,19.75,48.21,19.6,2026-09-26T08:28:41+00:00
2026-09-26T03:29:42-05:00,2026-09-26T08:29:42+00:00,Python SDK azure-iot-device (MQTT sobre WebSockets 443),DC-PASILLO-04,20.17,49.08,15.3,2026-09-26T08:29:41+00:00
2026-09-26T03:30:42-05:00,2026-09-26T08:30:42+00:00,Python SDK azure-iot-device (MQTT sobre WebSockets 443),DC-PASILLO-04,20.06,48.82,18.6,2026-09-26T08:30:42+00:00
2026-09-26T03:31:42-05:00,2026-09-26T08:31:42+00:00,Python SDK azure-iot-device (MQTT sobre WebSockets 443),DC-PASILLO-04,20.09,47.58,19.1,2026-09-26T08:31:42+00:00
2026-09-26T03:32:42-05:00,2026-09-26T08:32:42+00:00,Python SDK azure-iot-device (MQTT sobre WebSockets 443),DC-PASILLO-04,19.89,48.84,16.9,2026-09-26T08:32:42+00:00
2026-09-26T03:33:42-05:00,2026-09-26T08:33:42+00:00,Python SDK azure-iot-device (MQTT sobre WebSockets 443),DC-PASILLO-04,19.65,49.22,15.0,2026-09-26T08:33:42+00:00
2026-09-26T03:34:43-05:00,2026-09-26T08:34:43+00:00,Python SDK azure-iot-device (MQTT sobre WebSockets 443),DC-PASILLO-04,19.83,47.83,18.4,2026-09-26T08:34:42+00:00
2026-09-26T03:35:43-05:00,2026-09-26T08:35:43+00:00,Python SDK azure-iot-device (MQTT sobre WebSockets 443),DC-PASILLO-04,19.73,48.56,14.9,2026-09-26T08:35:43+00:00
2026-09-26T03:36:43-05:00,2026-09-26T08:36:43+00:00,Python SDK azure-iot-device (MQTT sobre WebSockets 443),DC-PASILLO-04,19.77,48.94,17.0,2026-09-26T08:36:43+00:00
2026-09-26T03:37:43-05:00,2026-09-26T08:37:43+00:00,Python SDK azure-iot-device (MQTT sobre WebSockets 443),DC-PASILLO-04,20.11,48.08,16.4,2026-09-26T08:37:43+00:00
2026-09-26T03:38:43-05:00,2026-09-26T08:38:43+00:00,Python SDK azure-iot-device (MQTT sobre WebSockets 443),DC-PASILLO-04,19.69,48.0,18.3,2026-09-26T08:38:43+00:00
2026-09-26T03:39:44-05:00,2026-09-26T08:39:44+00:00,Python SDK azure-iot-device (MQTT sobre WebSockets 443),DC-PASILLO-04,20.06,48.33,16.0,2026-09-26T08:39:43+00:00
2026-09-26T03:40:44-05:00,2026-09-26T08:40:44+00:00,Python SDK azure-iot-device (MQTT sobre WebSockets 443),DC-PASILLO-04,19.62,48.22,17.3,2026-09-26T08:40:44+00:00
2026-09-26T03:41:44-05:00,2026-09-26T08:41:44+00:00,Python SDK azure-iot-device (MQTT sobre WebSockets 443),DC-PASILLO-04,19.86,49.32,19.7,2026-09-26T08:41:44+00:00
2026-09-26T03:42:44-05:00,2026-09-26T08:42:44+00:00,Python SDK azure-iot-device (MQTT sobre WebSockets 443),DC-PASILLO-04,20.01,48.54,19.1,2026-09-26T08:42:44+00:00
2026-09-26T03:43:44-05:00,2026-09-26T08:43:44+00:00,Python SDK azure-iot-device (MQTT sobre WebSockets 443),DC-PASILLO-04,19.85,48.74,16.9,2026-09-26T08:43:44+00:00
2026-09-26T03:44:45-05:00,2026-09-26T08:44:45+00:00,Python SDK azure-iot-device (MQTT sobre WebSockets 443),DC-PASILLO-04,19.85,49.01,17.6,2026-09-26T08:44:44+00:00
2026-09-26T03:45:45-05:00,2026-09-26T08:45:45+00:00,Python SDK azure-iot-device (MQTT sobre WebSockets 443),DC-PASILLO-04,20.09,48.22,16.5,2026-09-26T08:45:45+00:00
2026-09-26T03:46:45-05:00,2026-09-26T08:46:45+00:00,Python SDK azure-iot-device (MQTT sobre WebSockets 443),DC-PASILLO-04,19.85,48.46,19.3,2026-09-26T08:46:45+00:00
2026-09-26T03:47:45-05:00,2026-09-26T08:47:45+00:00,Python SDK azure-iot-device (MQTT sobre WebSockets 443),DC-PASILLO-04,19.69,49.22,19.1,2026-09-26T08:47:45+00:00
2026-09-26T03:48:45-05:00,2026-09-26T08:48:45+00:00,Python SDK azure-iot-device (MQTT sobre WebSockets 443),DC-PASILLO-04,19.94,48.13,15.0,2026-09-26T08:48:45+00:00
2026-09-26T03:49:46-05:00,2026-09-26T08:49:46+00:00,Python SDK azure-iot-device (MQTT sobre WebSockets 443),DC-PASILLO-04,20.01,49.2,16.8,2026-09-26T08:49:45+00:00
2026-09-26T03:50:46-05:00,2026-09-26T08:50:46+00:00,Python SDK azure-iot-device (MQTT sobre WebSockets 443),DC-PASILLO-04,19.73,48.05,17.1,2026-09-26T08:50:46+00:00
2026-09-26T03:51:46-05:00,2026-09-26T08:51:46+00:00,Python SDK azure-iot-device (MQTT sobre WebSockets 443),DC-PASILLO-04,20.02,49.37,15.5,2026-09-26T08:51:46+00:00
2026-09-26T03:52:46-05:00,2026-09-26T08:52:46+00:00,Python SDK azure-iot-device (MQTT sobre WebSockets 443),DC-PASILLO-04,19.82,48.73,17.4,2026-09-26T08:52:46+00:00
2026-09-26T03:53:46-05:00,2026-09-26T08:53:46+00:00,Python SDK azure-iot-device (MQTT sobre WebSockets 443),DC-PASILLO-04,19.62,48.32,17.3,2026-09-26T08:53:46+00:00
2026-09-26T03:54:47-05:00,2026-09-26T08:54:47+00:00,Python SDK azure-iot-device (MQTT sobre WebSockets 443),DC-PASILLO-04,19.7,49.8,19.3,2026-09-26T08:54:46+00:00
2026-09-26T03:55:47-05:00,2026-09-26T08:55:47+00:00,Python SDK azure-iot-device (MQTT sobre WebSockets 443),DC-PASILLO-04,20.07,48.33,15.1,2026-09-26T08:55:47+00:00
2026-09-26T03:56:47-05:00,2026-09-26T08:56:47+00:00,Python SDK azure-iot-device (MQTT sobre WebSockets 443),DC-PASILLO-04,20.07,49.24,18.2,2026-09-26T08:56:47+00:00
2026-09-26T03:57:47-05:00,2026-09-26T08:57:47+00:00,Python SDK azure-iot-device (MQTT sobre WebSockets 443),DC-PASILLO-04,20.02,49.5,16.0,2026-09-26T08:57:47+00:00
2026-09-26T03:58:47-05:00,2026-09-26T08:58:47+00:00,Python SDK azure-iot-device (MQTT sobre WebSockets 443),DC-PASILLO-04,19.86,49.92,19.9,2026-09-26T08:58:47+00:00
2026-09-26T03:59:48-05:00,2026-09-26T08:59:48+00:00,Python SDK azure-iot-device (MQTT sobre WebSockets 443),DC-PASILLO-04,19.81,49.66,19.5,2026-09-26T08:59:47+00:00
2026-09-26T04:00:48-05:00,2026-09-26T09:00:48+00:00,Python SDK azure-iot-device (MQTT sobre WebSockets 443),DC-PASILLO-04,19.61,48.73,18.0,2026-09-26T09:00:48+00:00
2026-09-26T04:01:48-05:00,2026-09-26T09:01:48+00:00,Python SDK azure-iot-device (MQTT sobre WebSockets 443),DC-PASILLO-04,20.13,49.87,16.0,2026-09-26T09:01:48+00:00
2026-09-26T04:02:48-05:00,2026-09-26T09:02:48+00:00,Python SDK azure-iot-device (MQTT sobre WebSockets 443),DC-PASILLO-04,19.88,48.76,16.1,2026-09-26T09:02:48+00:00
2026-09-26T04:03:49-05:00,2026-09-26T09:03:49+00:00,Python SDK azure-iot-device (MQTT sobre WebSockets 443),DC-PASILLO-04,20.11,48.61,17.4,2026-09-26T09:03:48+00:00
2026-09-26T04:04:49-05:00,2026-09-26T09:04:49+00:00,Python SDK azure-iot-device (MQTT sobre WebSockets 443),DC-PASILLO-04,20.05,48.22,19.1,2026-09-26T09:04:49+00:00
2026-09-26T04:05:49-05:00,2026-09-26T09:05:49+00:00,Python SDK azure-iot-device (MQTT sobre WebSockets 443),DC-PASILLO-04,20.02,49.66,17.3,2026-09-26T09:05:49+00:00
2026-09-26T04:06:49-05:00,2026-09-26T09:06:49+00:00,Python SDK azure-iot-device (MQTT sobre WebSockets 443),DC-PASILLO-04,19.76,48.54,16.0,2026-09-26T09:06:49+00:00
2026-09-26T04:07:49-05:00,2026-09-26T09:07:49+00:00,Python SDK azure-iot-device (MQTT sobre WebSockets 443),DC-PASILLO-04,19.74,49.14,19.5,2026-09-26T09:07:49+00:00
2026-09-26T04:08:50-05:00,2026-09-26T09:08:50+00:00,Python SDK azure-iot-device (MQTT sobre WebSockets 443),DC-PASILLO-04,19.67,49.04,19.2,2026-09-26T09:08:49+00:00
2026-09-26T04:09:50-05:00,2026-09-26T09:09:50+00:00,Python SDK azure-iot-device (MQTT sobre WebSockets 443),DC-PASILLO-04,19.85,49.03,15.4,2026-09-26T09:09:50+00:00
2026-09-26T04:10:50-05:00,2026-09-26T09:10:50+00:00,Python SDK azure-iot-device (MQTT sobre WebSockets 443),DC-PASILLO-04,20.08,49.92,15.6,2026-09-26T09:10:50+00:00
2026-09-26T04:11:50-05:00,2026-09-26T09:11:50+00:00,Python SDK azure-iot-device (MQTT sobre WebSockets 443),DC-PASILLO-04,19.68,49.71,17.8,2026-09-26T09:11:50+00:00
2026-09-26T04:12:50-05:00,2026-09-26T09:12:50+00:00,Python SDK azure-iot-device (MQTT sobre WebSockets 443),DC-PASILLO-04,20.06,48.77,17.2,2026-09-26T09:12:50+00:00
2026-09-26T04:13:51-05:00,2026-09-26T09:13:51+00:00,Python SDK azure-iot-device (MQTT sobre WebSockets 443),DC-PASILLO-04,20.14,48.24,18.3,2026-09-26T09:13:50+00:00
2026-09-26T04:14:51-05:00,2026-09-26T09:14:51+00:00,Python SDK azure-iot-device (MQTT sobre WebSockets 443),DC-PASILLO-04,19.87,48.54,17.8,2026-09-26T09:14:51+00:00
2026-09-26T04:15:51-05:00,2026-09-26T09:15:51+00:00,Python SDK azure-iot-device (MQTT sobre WebSockets 443),DC-PASILLO-04,19.77,49.04,19.9,2026-09-26T09:15:51+00:00
2026-09-26T04:16:51-05:00,2026-09-26T09:16:51+00:00,Python SDK azure-iot-device (MQTT sobre WebSockets 443),DC-PASILLO-04,19.76,49.35,19.5,2026-09-26T09:16:51+00:00
2026-09-26T04:17:51-05:00,2026-09-26T09:17:51+00:00,Python SDK azure-iot-device (MQTT sobre WebSockets 443),DC-PASILLO-04,19.87,49.16,19.2,2026-09-26T09:17:51+00:00
2026-09-26T04:18:52-05:00,2026-09-26T09:18:52+00:00,Python SDK azure-iot-device (MQTT sobre WebSockets 443),DC-PASILLO-04,19.68,49.93,15.3,2026-09-26T09:18:51+00:00
2026-09-26T04:19:52-05:00,2026-09-26T09:19:52+00:00,Python SDK azure-iot-device (MQTT sobre WebSockets 443),DC-PASILLO-04,19.66,49.25,17.8,2026-09-26T09:19:52+00:00
2026-09-26T04:20:52-05:00,2026-09-26T09:20:52+00:00,Python SDK azure-iot-device (MQTT sobre WebSockets 443),DC-PASILLO-04,20.06,49.52,16.2,2026-09-26T09:20:52+00:00
2026-09-26T04:21:52-05:00,2026-09-26T09:21:52+00:00,Python SDK azure-iot-device (MQTT sobre WebSockets 443),DC-PASILLO-04,19.83,48.49,18.7,2026-09-26T09:21:52+00:00
2026-09-26T04:22:52-05:00,2026-09-26T09:22:52+00:00,Python SDK azure-iot-device (MQTT sobre WebSockets 443),DC-PASILLO-04,19.91,49.53,18.6,2026-09-26T09:22:52+00:00
2026-09-26T04:23:53-05:00,2026-09-26T09:23:53+00:00,Python SDK azure-iot-device (MQTT sobre WebSockets 443),DC-PASILLO-04,20.14,48.6,18.7,2026-09-26T09:23:52+00:00
2026-09-26T04:24:53-05:00,2026-09-26T09:24:53+00:00,Python SDK azure-iot-device (MQTT sobre WebSockets 443),DC-PASILLO-04,20.14,48.61,17.1,2026-09-26T09:24:53+00:00
2026-09-26T04:25:53-05:00,2026-09-26T09:25:53+00:00,Python SDK azure-iot-device (MQTT sobre WebSockets 443),DC-PASILLO-04,19.69,50.0,19.4,2026-09-26T09:25:53+00:00
2026-09-26T04:26:53-05:00,2026-09-26T09:26:53+00:00,Python SDK azure-iot-device (MQTT sobre WebSockets 443),DC-PASILLO-04,20.01,49.15,18.5,2026-09-26T09:26:53+00:00
2026-09-26T04:27:54-05:00,2026-09-26T09:27:54+00:00,Python SDK azure-iot-device (MQTT sobre WebSockets 443),DC-PASILLO-04,20.16,48.74,16.7,2026-09-26T09:27:53+00:00
2026-09-26T04:28:54-05:00,2026-09-26T09:28:54+00:00,Python SDK azure-iot-device (MQTT sobre WebSockets 443),DC-PASILLO-04,19.85,48.88,16.6,2026-09-26T09:28:54+00:00
2026-09-26T04:29:54-05:00,2026-09-26T09:29:54+00:00,Python SDK azure-iot-device (MQTT sobre WebSockets 443),DC-PASILLO-04,20.18,50.34,19.7,2026-09-26T09:29:54+00:00
2026-09-26T04:30:54-05:00,2026-09-26T09:30:54+00:00,Python SDK azure-iot-device (MQTT sobre WebSockets 443),DC-PASILLO-04,20.17,50.48,19.9,2026-09-26T09:30:54+00:00
2026-09-26T04:31:54-05:00,2026-09-26T09:31:54+00:00,Python SDK azure-iot-device (MQTT sobre WebSockets 443),DC-PASILLO-04,19.96,48.62,16.7,2026-09-26T09:31:54+00:00
2026-09-26T04:32:55-05:00,2026-09-26T09:32:55+00:00,Python SDK azure-iot-device (MQTT sobre WebSockets 443),DC-PASILLO-04,20.1,49.69,17.8,2026-09-26T09:32:54+00:00
2026-09-26T04:33:55-05:00,2026-09-26T09:33:55+00:00,Python SDK azure-iot-device (MQTT sobre WebSockets 443),DC-PASILLO-04,19.92,49.33,18.4,2026-09-26T09:33:55+00:00
2026-09-26T04:34:55-05:00,2026-09-26T09:34:55+00:00,Python SDK azure-iot-device (MQTT sobre WebSockets 443),DC-PASILLO-04,19.68,50.54,19.1,2026-09-26T09:34:55+00:00
2026-09-26T04:35:55-05:00,2026-09-26T09:35:55+00:00,Python SDK azure-iot-device (MQTT sobre WebSockets 443),DC-PASILLO-04,19.72,49.28,16.8,2026-09-26T09:35:55+00:00
2026-09-26T04:36:56-05:00,2026-09-26T09:36:56+00:00,Python SDK azure-iot-device (MQTT sobre WebSockets 443),DC-PASILLO-04,20.02,48.67,16.0,2026-09-26T09:36:55+00:00
2026-09-26T04:37:56-05:00,2026-09-26T09:37:56+00:00,Python SDK azure-iot-device (MQTT sobre WebSockets 443),DC-PASILLO-04,19.97,48.87,15.4,2026-09-26T09:37:56+00:00
2026-09-26T04:38:56-05:00,2026-09-26T09:38:56+00:00,Python SDK azure-iot-device (MQTT sobre WebSockets 443),DC-PASILLO-04,19.78,50.17,16.2,2026-09-26T09:38:56+00:00
2026-09-26T04:39:56-05:00,2026-09-26T09:39:56+00:00,Python SDK azure-iot-device (MQTT sobre WebSockets 443),DC-PASILLO-04,20.17,49.32,16.7,2026-09-26T09:39:56+00:00
2026-09-26T04:40:56-05:00,2026-09-26T09:40:56+00:00,Python SDK azure-iot-device (MQTT sobre WebSockets 443),DC-PASILLO-04,20.05,50.61,18.7,2026-09-26T09:40:56+00:00
2026-09-26T04:41:57-05:00,2026-09-26T09:41:57+00:00,Python SDK azure-iot-device (MQTT sobre WebSockets 443),DC-PASILLO-04,19.94,50.28,15.6,2026-09-26T09:41:56+00:00
2026-09-26T04:42:57-05:00,2026-09-26T09:42:57+00:00,Python SDK azure-iot-device (MQTT sobre WebSockets 443),DC-PASILLO-04,19.97,50.5,18.3,2026-09-26T09:42:57+00:00
2026-09-26T04:43:57-05:00,2026-09-26T09:43:57+00:00,Python SDK azure-iot-device (MQTT sobre WebSockets 443),DC-PASILLO-04,19.66,50.66,16.4,2026-09-26T09:43:57+00:00
2026-09-26T04:44:57-05:00,2026-09-26T09:44:57+00:00,Python SDK azure-iot-device (MQTT sobre WebSockets 443),DC-PASILLO-04,20.07,48.76,19.0,2026-09-26T09:44:57+00:00
2026-09-26T04:45:57-05:00,2026-09-26T09:45:57+00:00,Python SDK azure-iot-device (MQTT sobre WebSockets 443),DC-PASILLO-04,19.65,49.8,16.5,2026-09-26T09:45:57+00:00
2026-09-26T04:46:58-05:00,2026-09-26T09:46:58+00:00,Python SDK azure-iot-device (MQTT sobre WebSockets 443),DC-PASILLO-04,20.05,49.97,18.1,2026-09-26T09:46:57+00:00
2026-09-26T04:47:58-05:00,2026-09-26T09:47:58+00:00,Python SDK azure-iot-device (MQTT sobre WebSockets 443),DC-PASILLO-04,19.78,49.75,16.2,2026-09-26T09:47:58+00:00
2026-09-26T04:48:58-05:00,2026-09-26T09:48:58+00:00,Python SDK azure-iot-device (MQTT sobre WebSockets 443),DC-PASILLO-04,19.66,49.75,17.0,2026-09-26T09:48:58+00:00
2026-09-26T04:49:58-05:00,2026-09-26T09:49:58+00:00,Python SDK azure-iot-device (MQTT sobre WebSockets 443),DC-PASILLO-04,20.2,49.08,17.3,2026-09-26T09:49:58+00:00
2026-09-26T04:50:58-05:00,2026-09-26T09:50:58+00:00,Python SDK azure-iot-device (MQTT sobre WebSockets 443),DC-PASILLO-04,19.86,49.07,19.9,2026-09-26T09:50:58+00:00
2026-09-26T04:51:59-05:00,2026-09-26T09:51:59+00:00,Python SDK azure-iot-device (MQTT sobre WebSockets 443),DC-PASILLO-04,19.82,49.77,17.1,2026-09-26T09:51:58+00:00
2026-09-26T04:52:59-05:00,2026-09-26T09:52:59+00:00,Python SDK azure-iot-device (MQTT sobre WebSockets 443),DC-PASILLO-04,19.66,49.75,16.5,2026-09-26T09:52:59+00:00
2026-09-26T04:53:59-05:00,2026-09-26T09:53:59+00:00,Python SDK azure-iot-device (MQTT sobre WebSockets 443),DC-PASILLO-04,20.09,49.98,18.9,2026-09-26T09:53:59+00:00
2026-09-26T04:54:59-05:00,2026-09-26T09:54:59+00:00,Python SDK azure-iot-device (MQTT sobre WebSockets 443),DC-PASILLO-04,19.91,49.42,15.4,2026-09-26T09:54:59+00:00
2026-09-26T04:55:59-05:00,2026-09-26T09:55:59+00:00,Python SDK azure-iot-device (MQTT sobre WebSockets 443),DC-PASILLO-04,19.84,49.7,16.0,2026-09-26T09:55:59+00:00
2026-09-26T04:57:00-05:00,2026-09-26T09:57:00+00:00,Python SDK azure-iot-device (MQTT sobre WebSockets 443),DC-PASILLO-04,20.24,49.82,16.3,2026-09-26T09:56:59+00:00
2026-09-26T04:58:00-05:00,2026-09-26T09:58:00+00:00,Python SDK azure-iot-device (MQTT sobre WebSockets 443),DC-PASILLO-04,20.06,50.8,19.1,2026-09-26T09:58:00+00:00
2026-09-26T04:59:00-05:00,2026-09-26T09:59:00+00:00,Python SDK azure-iot-device (MQTT sobre WebSockets 443),DC-PASILLO-04,20.15,50.93,19.1,2026-09-26T09:59:00+00:00
2026-09-26T05:00:00-05:00,2026-09-26T10:00:00+00:00,Python SDK azure-iot-device (MQTT sobre WebSockets 443),DC-PASILLO-04,20.21,50.11,18.6,2026-09-26T10:00:00+00:00
2026-09-26T05:01:00-05:00,2026-09-26T10:01:00+00:00,Python SDK azure-iot-device (MQTT sobre WebSockets 443),DC-PASILLO-04,19.94,50.55,18.5,2026-09-26T10:01:00+00:00
2026-09-26T05:02:01-05:00,2026-09-26T10:02:01+00:00,Python SDK azure-iot-device (MQTT sobre WebSockets 443),DC-PASILLO-04,19.93,49.66,15.3,2026-09-26T10:02:00+00:00
2026-09-26T05:03:01-05:00,2026-09-26T10:03:01+00:00,Python SDK azure-iot-device (MQTT sobre WebSockets 443),DC-PASILLO-04,20.13,49.96,17.3,2026-09-26T10:03:01+00:00
2026-09-26T05:04:01-05:00,2026-09-26T10:04:01+00:00,Python SDK azure-iot-device (MQTT sobre WebSockets 443),DC-PASILLO-04,19.87,50.15,18.1,2026-09-26T10:04:01+00:00
2026-09-26T05:05:01-05:00,2026-09-26T10:05:01+00:00,Python SDK azure-iot-device (MQTT sobre WebSockets 443),DC-PASILLO-04,19.77,49.69,18.2,2026-09-26T10:05:01+00:00
2026-09-26T05:06:01-05:00,2026-09-26T10:06:01+00:00,Python SDK azure-iot-device (MQTT sobre WebSockets 443),DC-PASILLO-04,19.89,50.27,16.8,2026-09-26T10:06:01+00:00
2026-09-26T05:07:02-05:00,2026-09-26T10:07:02+00:00,Python SDK azure-iot-device (MQTT sobre WebSockets 443),DC-PASILLO-04,20.06,49.28,16.8,2026-09-26T10:07:01+00:00
2026-09-26T05:08:02-05:00,2026-09-26T10:08:02+00:00,Python SDK azure-iot-device (MQTT sobre WebSockets 443),DC-PASILLO-04,19.82,50.39,16.5,2026-09-26T10:08:02+00:00
2026-09-26T05:09:02-05:00,2026-09-26T10:09:02+00:00,Python SDK azure-iot-device (MQTT sobre WebSockets 443),DC-PASILLO-04,19.78,49.61,15.6,2026-09-26T10:09:02+00:00
2026-09-26T05:10:02-05:00,2026-09-26T10:10:02+00:00,Python SDK azure-iot-device (MQTT sobre WebSockets 443),DC-PASILLO-04,19.79,50.17,19.5,2026-09-26T10:10:02+00:00
2026-09-26T05:11:02-05:00,2026-09-26T10:11:02+00:00,Python SDK azure-iot-device (MQTT sobre WebSockets 443),DC-PASILLO-04,19.67,49.39,18.4,2026-09-26T10:11:02+00:00
2026-09-26T05:12:02-05:00,2026-09-26T10:12:02+00:00,Python SDK azure-iot-device (MQTT sobre WebSockets 443),DC-PASILLO-04,20.04,49.64,19.4,2026-09-26T10:12:02+00:00
2026-09-26T05:13:03-05:00,2026-09-26T10:13:03+00:00,Python SDK azure-iot-device (MQTT sobre WebSockets 443),DC-PASILLO-04,19.93,49.29,19.4,2026-09-26T10:13:02+00:00
2026-09-26T05:14:03-05:00,2026-09-26T10:14:03+00:00,Python SDK azure-iot-device (MQTT sobre WebSockets 443),DC-PASILLO-04,20.12,50.78,15.8,2026-09-26T10:14:03+00:00
2026-09-26T05:15:03-05:00,2026-09-26T10:15:03+00:00,Python SDK azure-iot-device (MQTT sobre WebSockets 443),DC-PASILLO-04,20.12,50.33,17.1,2026-09-26T10:15:03+00:00
2026-09-26T05:16:03-05:00,2026-09-26T10:16:03+00:00,Python SDK azure-iot-device (MQTT sobre WebSockets 443),DC-PASILLO-04,20.04,50.64,19.9,2026-09-26T10:16:03+00:00
2026-09-26T05:17:03-05:00,2026-09-26T10:17:03+00:00,Python SDK azure-iot-device (MQTT sobre WebSockets 443),DC-PASILLO-04,20.14,49.58,15.7,2026-09-26T10:17:03+00:00
2026-09-26T05:18:04-05:00,2026-09-26T10:18:04+00:00,Python SDK azure-iot-device (MQTT sobre WebSockets 443),DC-PASILLO-04,20.2,50.96,17.7,2026-09-26T10:18:03+00:00
2026-09-26T05:19:04-05:00,2026-09-26T10:19:04+00:00,Python SDK azure-iot-device (MQTT sobre WebSockets 443),DC-PASILLO-04,20.12,51.28,17.3,2026-09-26T10:19:04+00:00
2026-09-26T05:20:04-05:00,2026-09-26T10:20:04+00:00,Python SDK azure-iot-device (MQTT sobre WebSockets 443),DC-PASILLO-04,19.63,49.61,15.9,2026-09-26T10:20:04+00:00
2026-09-26T05:21:04-05:00,2026-09-26T10:21:04+00:00,Python SDK azure-iot-device (MQTT sobre WebSockets 443),DC-PASILLO-04,20.21,50.75,18.9,2026-09-26T10:21:04+00:00
2026-09-26T05:22:04-05:00,2026-09-26T10:22:04+00:00,Python SDK azure-iot-device (MQTT sobre WebSockets 443),DC-PASILLO-04,19.87,49.79,16.1,2026-09-26T10:22:04+00:00
2026-09-26T05:23:05-05:00,2026-09-26T10:23:05+00:00,Python SDK azure-iot-device (MQTT sobre WebSockets 443),DC-PASILLO-04,19.69,49.85,19.2,2026-09-26T10:23:04+00:00
2026-09-26T05:24:05-05:00,2026-09-26T10:24:05+00:00,Python SDK azure-iot-device (MQTT sobre WebSockets 443),DC-PASILLO-04,19.97,51.26,18.5,2026-09-26T10:24:05+00:00
2026-09-26T05:25:05-05:00,2026-09-26T10:25:05+00:00,Python SDK azure-iot-device (MQTT sobre WebSockets 443),DC-PASILLO-04,19.81,50.09,16.5,2026-09-26T10:25:05+00:00
2026-09-26T05:26:05-05:00,2026-09-26T10:26:05+00:00,Python SDK azure-iot-device (MQTT sobre WebSockets 443),DC-PASILLO-04,20.2,50.34,19.2,2026-09-26T10:26:05+00:00
2026-09-26T05:27:05-05:00,2026-09-26T10:27:05+00:00,Python SDK azure-iot-device (MQTT sobre WebSockets 443),DC-PASILLO-04,19.98,50.31,17.6,2026-09-26T10:27:05+00:00
2026-09-26T05:28:06-05:00,2026-09-26T10:28:06+00:00,Python SDK azure-iot-device (MQTT sobre WebSockets 443),DC-PASILLO-04,20.16,50.56,18.9,2026-09-26T10:28:05+00:00
2026-09-26T05:29:06-05:00,2026-09-26T10:29:06+00:00,Python SDK azure-iot-device (MQTT sobre WebSockets 443),DC-PASILLO-04,19.65,51.14,20.1,2026-09-26T10:29:06+00:00
2026-09-26T05:30:06-05:00,2026-09-26T10:30:06+00:00,Python SDK azure-iot-device (MQTT sobre WebSockets 443),DC-PASILLO-04,19.75,50.43,16.6,2026-09-26T10:30:06+00:00
2026-09-26T05:31:06-05:00,2026-09-26T10:31:06+00:00,Python SDK azure-iot-device (MQTT sobre WebSockets 443),DC-PASILLO-04,19.82,49.61,17.8,2026-09-26T10:31:06+00:00
2026-09-26T05:32:06-05:00,2026-09-26T10:32:06+00:00,Python SDK azure-iot-device (MQTT sobre WebSockets 443),DC-PASILLO-04,20.05,51.39,18.4,2026-09-26T10:32:06+00:00
2026-09-26T05:33:07-05:00,2026-09-26T10:33:07+00:00,Python SDK azure-iot-device (MQTT sobre WebSockets 443),DC-PASILLO-04,19.83,50.98,19.6,2026-09-26T10:33:06+00:00
2026-09-26T05:34:07-05:00,2026-09-26T10:34:07+00:00,Python SDK azure-iot-device (MQTT sobre WebSockets 443),DC-PASILLO-04,20.1,50.89,18.3,2026-09-26T10:34:07+00:00
2026-09-26T05:35:07-05:00,2026-09-26T10:35:07+00:00,Python SDK azure-iot-device (MQTT sobre WebSockets 443),DC-PASILLO-04,19.83,51.22,16.4,2026-09-26T10:35:07+00:00
2026-09-26T05:36:07-05:00,2026-09-26T10:36:07+00:00,Python SDK azure-iot-device (MQTT sobre WebSockets 443),DC-PASILLO-04,19.95,50.56,18.1,2026-09-26T10:36:07+00:00
2026-09-26T05:37:07-05:00,2026-09-26T10:37:07+00:00,Python SDK azure-iot-device (MQTT sobre WebSockets 443),DC-PASILLO-04,19.86,50.7,16.8,2026-09-26T10:37:07+00:00
2026-09-26T05:38:08-05:00,2026-09-26T10:38:08+00:00,Python SDK azure-iot-device (MQTT sobre WebSockets 443),DC-PASILLO-04,20.09,51.1,18.1,2026-09-26T10:38:07+00:00
2026-09-26T05:39:08-05:00,2026-09-26T10:39:08+00:00,Python SDK azure-iot-device (MQTT sobre WebSockets 443),DC-PASILLO-04,19.69,49.91,17.8,2026-09-26T10:39:08+00:00
2026-09-26T05:40:08-05:00,2026-09-26T10:40:08+00:00,Python SDK azure-iot-device (MQTT sobre WebSockets 443),DC-PASILLO-04,19.84,50.58,16.6,2026-09-26T10:40:08+00:00
2026-09-26T05:41:08-05:00,2026-09-26T10:41:08+00:00,Python SDK azure-iot-device (MQTT sobre WebSockets 443),DC-PASILLO-04,20.14,50.01,16.3,2026-09-26T10:41:08+00:00
2026-09-26T05:42:08-05:00,2026-09-26T10:42:08+00:00,Python SDK azure-iot-device (MQTT sobre WebSockets 443),DC-PASILLO-04,19.94,51.5,15.1,2026-09-26T10:42:08+00:00
2026-09-26T05:43:09-05:00,2026-09-26T10:43:09+00:00,Python SDK azure-iot-device (MQTT sobre WebSockets 443),DC-PASILLO-04,19.72,49.91,18.3,2026-09-26T10:43:08+00:00
2026-09-26T05:44:09-05:00,2026-09-26T10:44:09+00:00,Python SDK azure-iot-device (MQTT sobre WebSockets 443),DC-PASILLO-04,19.74,50.17,16.0,2026-09-26T10:44:09+00:00
2026-09-26T05:45:09-05:00,2026-09-26T10:45:09+00:00,Python SDK azure-iot-device (MQTT sobre WebSockets 443),DC-PASILLO-04,20.22,50.54,19.4,2026-09-26T10:45:09+00:00
2026-09-26T05:46:09-05:00,2026-09-26T10:46:09+00:00,Python SDK azure-iot-device (MQTT sobre WebSockets 443),DC-PASILLO-04,19.65,51.46,18.9,2026-09-26T10:46:09+00:00
2026-09-26T05:47:09-05:00,2026-09-26T10:47:09+00:00,Python SDK azure-iot-device (MQTT sobre WebSockets 443),DC-PASILLO-04,19.98,51.81,18.7,2026-09-26T10:47:09+00:00
2026-09-26T05:48:10-05:00,2026-09-26T10:48:10+00:00,Python SDK azure-iot-device (MQTT sobre WebSockets 443),DC-PASILLO-04,20.03,50.47,19.5,2026-09-26T10:48:09+00:00
2026-09-26T05:49:10-05:00,2026-09-26T10:49:10+00:00,Python SDK azure-iot-device (MQTT sobre WebSockets 443),DC-PASILLO-04,19.75,51.32,16.1,2026-09-26T10:49:10+00:00
2026-09-26T05:50:10-05:00,2026-09-26T10:50:10+00:00,Python SDK azure-iot-device (MQTT sobre WebSockets 443),DC-PASILLO-04,19.79,50.71,18.4,2026-09-26T10:50:10+00:00
2026-09-26T05:51:10-05:00,2026-09-26T10:51:10+00:00,Python SDK azure-iot-device (MQTT sobre WebSockets 443),DC-PASILLO-04,20.04,51.69,18.3,2026-09-26T10:51:10+00:00
2026-09-26T05:52:10-05:00,2026-09-26T10:52:10+00:00,Python SDK azure-iot-device (MQTT sobre WebSockets 443),DC-PASILLO-04,19.97,50.22,16.0,2026-09-26T10:52:10+00:00
2026-09-26T05:53:11-05:00,2026-09-26T10:53:11+00:00,Python SDK azure-iot-device (MQTT sobre WebSockets 443),DC-PASILLO-04,19.79,50.74,16.4,2026-09-26T10:53:10+00:00
2026-09-26T05:54:11-05:00,2026-09-26T10:54:11+00:00,Python SDK azure-iot-device (MQTT sobre WebSockets 443),DC-PASILLO-04,19.74,50.42,16.8,2026-09-26T10:54:11+00:00
2026-09-26T05:55:11-05:00,2026-09-26T10:55:11+00:00,Python SDK azure-iot-device (MQTT sobre WebSockets 443),DC-PASILLO-04,19.7,50.21,17.8,2026-09-26T10:55:11+00:00
2026-09-26T05:56:11-05:00,2026-09-26T10:56:11+00:00,Python SDK azure-iot-device (MQTT sobre WebSockets 443),DC-PASILLO-04,19.88,51.74,16.5,2026-09-26T10:56:11+00:00
2026-09-26T05:57:11-05:00,2026-09-26T10:57:11+00:00,Python SDK azure-iot-device (MQTT sobre WebSockets 443),DC-PASILLO-04,20.17,50.23,16.7,2026-09-26T10:57:11+00:00
2026-09-26T05:58:12-05:00,2026-09-26T10:58:12+00:00,Python SDK azure-iot-device (MQTT sobre WebSockets 443),DC-PASILLO-04,19.77,50.51,18.9,2026-09-26T10:58:11+00:00
2026-09-26T05:59:12-05:00,2026-09-26T10:59:12+00:00,Python SDK azure-iot-device (MQTT sobre WebSockets 443),DC-PASILLO-04,19.89,50.18,19.4,2026-09-26T10:59:12+00:00
2026-09-26T06:00:12-05:00,2026-09-26T11:00:12+00:00,Python SDK azure-iot-device (MQTT sobre WebSockets 443),DC-PASILLO-04,19.75,51.71,17.2,2026-09-26T11:00:12+00:00
2026-09-26T06:01:12-05:00,2026-09-26T11:01:12+00:00,Python SDK azure-iot-device (MQTT sobre WebSockets 443),DC-PASILLO-04,19.69,51.44,18.8,2026-09-26T11:01:12+00:00
2026-09-26T06:02:12-05:00,2026-09-26T11:02:12+00:00,Python SDK azure-iot-device (MQTT sobre WebSockets 443),DC-PASILLO-04,19.84,51.91,19.9,2026-09-26T11:02:12+00:00
2026-09-26T06:03:18-05:00,2026-09-26T11:03:18+00:00,Python SDK azure-iot-device (MQTT sobre WebSockets 443),DC-PASILLO-04,19.75,51.61,16.4,2026-09-26T11:03:13+00:00
2026-09-26T06:04:22-05:00,2026-09-26T11:04:22+00:00,Python SDK azure-iot-device (MQTT sobre WebSockets 443),DC-PASILLO-04,20.18,50.72,15.2,2026-09-26T11:04:21+00:00
2026-09-26T06:05:22-05:00,2026-09-26T11:05:22+00:00,Python SDK azure-iot-device (MQTT sobre WebSockets 443),DC-PASILLO-04,19.76,50.63,15.4,2026-09-26T11:05:22+00:00
2026-09-26T06:06:22-05:00,2026-09-26T11:06:22+00:00,Python SDK azure-iot-device (MQTT sobre WebSockets 443),DC-PASILLO-04,20.21,50.86,19.8,2026-09-26T11:06:22+00:00
2026-09-26T06:07:22-05:00,2026-09-26T11:07:22+00:00,Python SDK azure-iot-device (MQTT sobre WebSockets 443),DC-PASILLO-04,19.74,51.44,17.3,2026-09-26T11:07:22+00:00
2026-09-26T06:08:23-05:00,2026-09-26T11:08:23+00:00,Python SDK azure-iot-device (MQTT sobre WebSockets 443),DC-PASILLO-04,19.8,51.34,15.9,2026-09-26T11:08:22+00:00
2026-09-26T06:09:23-05:00,2026-09-26T11:09:23+00:00,Python SDK azure-iot-device (MQTT sobre WebSockets 443),DC-PASILLO-04,19.98,50.47,17.4,2026-09-26T11:09:23+00:00
2026-09-26T06:10:23-05:00,2026-09-26T11:10:23+00:00,Python SDK azure-iot-device (MQTT sobre WebSockets 443),DC-PASILLO-04,19.67,51.92,19.7,2026-09-26T11:10:23+00:00
2026-09-26T06:11:23-05:00,2026-09-26T11:11:23+00:00,Python SDK azure-iot-device (MQTT sobre WebSockets 443),DC-PASILLO-04,20.2,51.11,16.2,2026-09-26T11:11:23+00:00
2026-09-26T06:12:24-05:00,2026-09-26T11:12:24+00:00,Python SDK azure-iot-device (MQTT sobre WebSockets 443),DC-PASILLO-04,20.02,52.16,16.3,2026-09-26T11:12:23+00:00
2026-09-26T06:13:24-05:00,2026-09-26T11:13:24+00:00,Python SDK azure-iot-device (MQTT sobre WebSockets 443),DC-PASILLO-04,19.91,51.15,15.8,2026-09-26T11:13:24+00:00
2026-09-26T06:14:24-05:00,2026-09-26T11:14:24+00:00,Python SDK azure-iot-device (MQTT sobre WebSockets 443),DC-PASILLO-04,20.04,51.9,15.5,2026-09-26T11:14:24+00:00
2026-09-26T06:15:24-05:00,2026-09-26T11:15:24+00:00,Python SDK azure-iot-device (MQTT sobre WebSockets 443),DC-PASILLO-04,20.02,52.01,18.6,2026-09-26T11:15:24+00:00
2026-09-26T06:16:24-05:00,2026-09-26T11:16:24+00:00,Python SDK azure-iot-device (MQTT sobre WebSockets 443),DC-PASILLO-04,20.02,51.71,16.5,2026-09-26T11:16:24+00:00
2026-09-26T06:17:25-05:00,2026-09-26T11:17:25+00:00,Python SDK azure-iot-device (MQTT sobre WebSockets 443),DC-PASILLO-04,19.98,51.28,16.8,2026-09-26T11:17:24+00:00
2026-09-26T06:18:25-05:00,2026-09-26T11:18:25+00:00,Python SDK azure-iot-device (MQTT sobre WebSockets 443),DC-PASILLO-04,20.16,51.47,19.9,2026-09-26T11:18:25+00:00
2026-09-26T06:19:25-05:00,2026-09-26T11:19:25+00:00,Python SDK azure-iot-device (MQTT sobre WebSockets 443),DC-PASILLO-04,19.85,51.4,19.0,2026-09-26T11:19:25+00:00
2026-09-26T06:20:25-05:00,2026-09-26T11:20:25+00:00,Python SDK azure-iot-device (MQTT sobre WebSockets 443),DC-PASILLO-04,19.77,50.51,18.0,2026-09-26T11:20:25+00:00
2026-09-26T06:21:25-05:00,2026-09-26T11:21:25+00:00,Python SDK azure-iot-device (MQTT sobre WebSockets 443),DC-PASILLO-04,20.27,50.43,19.5,2026-09-26T11:21:25+00:00
2026-09-26T06:22:26-05:00,2026-09-26T11:22:26+00:00,Python SDK azure-iot-device (MQTT sobre WebSockets 443),DC-PASILLO-04,19.78,50.9,19.0,2026-09-26T11:22:25+00:00
2026-09-26T06:23:26-05:00,2026-09-26T11:23:26+00:00,Python SDK azure-iot-device (MQTT sobre WebSockets 443),DC-PASILLO-04,20.13,51.39,19.9,2026-09-26T11:23:26+00:00
2026-09-26T06:24:26-05:00,2026-09-26T11:24:26+00:00,Python SDK azure-iot-device (MQTT sobre WebSockets 443),DC-PASILLO-04,19.98,51.57,19.9,2026-09-26T11:24:26+00:00
2026-09-26T06:25:26-05:00,2026-09-26T11:25:26+00:00,Python SDK azure-iot-device (MQTT sobre WebSockets 443),DC-PASILLO-04,19.78,51.48,19.9,2026-09-26T11:25:26+00:00
2026-09-26T06:26:37-05:00,2026-09-26T11:26:37+00:00,Python SDK azure-iot-device (MQTT sobre WebSockets 443),DC-PASILLO-04,19.74,51.19,18.8,2026-09-26T11:26:30+00:00
2026-09-26T06:27:37-05:00,2026-09-26T11:27:37+00:00,Python SDK azure-iot-device (MQTT sobre WebSockets 443),DC-PASILLO-04,19.73,52.08,19.8,2026-09-26T11:27:37+00:00
2026-09-26T06:28:37-05:00,2026-09-26T11:28:37+00:00,Python SDK azure-iot-device (MQTT sobre WebSockets 443),DC-PASILLO-04,20.24,51.88,16.9,2026-09-26T11:28:37+00:00
2026-09-26T06:29:37-05:00,2026-09-26T11:29:37+00:00,Python SDK azure-iot-device (MQTT sobre WebSockets 443),DC-PASILLO-04,19.82,50.75,19.3,2026-09-26T11:29:37+00:00
2026-09-26T06:30:38-05:00,2026-09-26T11:30:38+00:00,Python SDK azure-iot-device (MQTT sobre WebSockets 443),DC-PASILLO-04,19.81,51.52,17.4,2026-09-26T11:30:37+00:00
2026-09-26T06:31:38-05:00,2026-09-26T11:31:38+00:00,Python SDK azure-iot-device (MQTT sobre WebSockets 443),DC-PASILLO-04,19.75,52.5,18.1,2026-09-26T11:31:38+00:00
2026-09-26T06:32:38-05:00,2026-09-26T11:32:38+00:00,Python SDK azure-iot-device (MQTT sobre WebSockets 443),DC-PASILLO-04,19.75,51.5,16.4,2026-09-26T11:32:38+00:00
2026-09-26T06:33:38-05:00,2026-09-26T11:33:38+00:00,Python SDK azure-iot-device (MQTT sobre WebSockets 443),DC-PASILLO-04,20.16,52.19,17.4,2026-09-26T11:33:38+00:00
2026-09-26T06:34:39-05:00,2026-09-26T11:34:39+00:00,Python SDK azure-iot-device (MQTT sobre WebSockets 443),DC-PASILLO-04,20.18,52.56,17.5,2026-09-26T11:34:38+00:00
2026-09-26T06:35:39-05:00,2026-09-26T11:35:39+00:00,Python SDK azure-iot-device (MQTT sobre WebSockets 443),DC-PASILLO-04,19.99,52.09,19.0,2026-09-26T11:35:39+00:00
2026-09-26T06:36:39-05:00,2026-09-26T11:36:39+00:00,Python SDK azure-iot-device (MQTT sobre WebSockets 443),DC-PASILLO-04,20.15,52.09,15.3,2026-09-26T11:36:39+00:00
2026-09-26T06:37:39-05:00,2026-09-26T11:37:39+00:00,Python SDK azure-iot-device (MQTT sobre WebSockets 443),DC-PASILLO-04,19.93,51.9,18.2,2026-09-26T11:37:39+00:00
2026-09-26T06:38:39-05:00,2026-09-26T11:38:39+00:00,Python SDK azure-iot-device (MQTT sobre WebSockets 443),DC-PASILLO-04,19.88,52.27,16.0,2026-09-26T11:38:39+00:00
2026-09-26T06:39:40-05:00,2026-09-26T11:39:40+00:00,Python SDK azure-iot-device (MQTT sobre WebSockets 443),DC-PASILLO-04,20.04,51.07,18.0,2026-09-26T11:39:39+00:00
2026-09-26T06:40:40-05:00,2026-09-26T11:40:40+00:00,Python SDK azure-iot-device (MQTT sobre WebSockets 443),DC-PASILLO-04,20.28,50.88,15.6,2026-09-26T11:40:40+00:00
2026-09-26T06:41:40-05:00,2026-09-26T11:41:40+00:00,Python SDK azure-iot-device (MQTT sobre WebSockets 443),DC-PASILLO-04,20.03,50.89,18.8,2026-09-26T11:41:40+00:00
2026-09-26T06:42:40-05:00,2026-09-26T11:42:40+00:00,Python SDK azure-iot-device (MQTT sobre WebSockets 443),DC-PASILLO-04,19.73,52.46,19.8,2026-09-26T11:42:40+00:00
2026-09-26T06:43:40-05:00,2026-09-26T11:43:40+00:00,Python SDK azure-iot-device (MQTT sobre WebSockets 443),DC-PASILLO-04,19.71,51.88,18.1,2026-09-26T11:43:40+00:00
2026-09-26T06:44:41-05:00,2026-09-26T11:44:41+00:00,Python SDK azure-iot-device (MQTT sobre WebSockets 443),DC-PASILLO-04,20.26,52.06,16.1,2026-09-26T11:44:41+00:00
2026-09-26T06:45:41-05:00,2026-09-26T11:45:41+00:00,Python SDK azure-iot-device (MQTT sobre WebSockets 443),DC-PASILLO-04,19.89,51.26,15.7,2026-09-26T11:45:41+00:00
2026-09-26T06:46:41-05:00,2026-09-26T11:46:41+00:00,Python SDK azure-iot-device (MQTT sobre WebSockets 443),DC-PASILLO-04,20.08,51.83,16.2,2026-09-26T11:46:41+00:00
2026-09-26T06:47:41-05:00,2026-09-26T11:47:41+00:00,Python SDK azure-iot-device (MQTT sobre WebSockets 443),DC-PASILLO-04,20.06,51.1,17.2,2026-09-26T11:47:41+00:00
2026-09-26T06:48:42-05:00,2026-09-26T11:48:42+00:00,Python SDK azure-iot-device (MQTT sobre WebSockets 443),DC-PASILLO-04,20.16,51.27,16.8,2026-09-26T11:48:41+00:00
2026-09-26T06:49:43-05:00,2026-09-26T11:49:43+00:00,Python SDK azure-iot-device (MQTT sobre WebSockets 443),DC-PASILLO-04,19.97,52.26,20.3,2026-09-26T11:49:42+00:00
2026-09-26T06:50:43-05:00,2026-09-26T11:50:43+00:00,Python SDK azure-iot-device (MQTT sobre WebSockets 443),DC-PASILLO-04,19.69,51.9,17.9,2026-09-26T11:50:43+00:00
2026-09-26T06:51:44-05:00,2026-09-26T11:51:44+00:00,Python SDK azure-iot-device (MQTT sobre WebSockets 443),DC-PASILLO-04,20.27,50.93,19.5,2026-09-26T11:51:44+00:00
2026-09-26T06:52:44-05:00,2026-09-26T11:52:44+00:00,Python SDK azure-iot-device (MQTT sobre WebSockets 443),DC-PASILLO-04,20.21,52.75,17.8,2026-09-26T11:52:44+00:00
2026-09-26T06:53:44-05:00,2026-09-26T11:53:44+00:00,Python SDK azure-iot-device (MQTT sobre WebSockets 443),DC-PASILLO-04,19.72,51.36,16.3,2026-09-26T11:53:44+00:00
2026-09-26T06:54:44-05:00,2026-09-26T11:54:44+00:00,Python SDK azure-iot-device (MQTT sobre WebSockets 443),DC-PASILLO-04,19.99,51.65,15.6,2026-09-26T11:54:44+00:00
2026-09-26T06:55:45-05:00,2026-09-26T11:55:45+00:00,Python SDK azure-iot-device (MQTT sobre WebSockets 443),DC-PASILLO-04,20.01,52.26,16.6,2026-09-26T11:55:44+00:00
2026-09-26T06:56:45-05:00,2026-09-26T11:56:45+00:00,Python SDK azure-iot-device (MQTT sobre WebSockets 443),DC-PASILLO-04,20.17,52.54,18.9,2026-09-26T11:56:45+00:00
2026-09-26T06:57:45-05:00,2026-09-26T11:57:45+00:00,Python SDK azure-iot-device (MQTT sobre WebSockets 443),DC-PASILLO-04,19.85,51.19,15.6,2026-09-26T11:57:45+00:00
2026-09-26T06:58:45-05:00,2026-09-26T11:58:45+00:00,Python SDK azure-iot-device (MQTT sobre WebSockets 443),DC-PASILLO-04,20.18,51.96,19.4,2026-09-26T11:58:45+00:00
2026-09-26T06:59:46-05:00,2026-09-26T11:59:46+00:00,Python SDK azure-iot-device (MQTT sobre WebSockets 443),DC-PASILLO-04,20.06,51.37,17.6,2026-09-26T11:59:45+00:00
2026-09-26T07:00:46-05:00,2026-09-26T12:00:46+00:00,Python SDK azure-iot-device (MQTT sobre WebSockets 443),DC-PASILLO-04,19.95,52.24,16.0,2026-09-26T12:00:46+00:00
2026-09-26T07:01:46-05:00,2026-09-26T12:01:46+00:00,Python SDK azure-iot-device (MQTT sobre WebSockets 443),DC-PASILLO-04,19.86,52.32,17.3,2026-09-26T12:01:46+00:00
2026-09-26T07:02:46-05:00,2026-09-26T12:02:46+00:00,Python SDK azure-iot-device (MQTT sobre WebSockets 443),DC-PASILLO-04,20.24,51.4,17.5,2026-09-26T12:02:46+00:00
2026-09-26T07:03:46-05:00,2026-09-26T12:03:46+00:00,Python SDK azure-iot-device (MQTT sobre WebSockets 443),DC-PASILLO-04,20.24,51.73,18.5,2026-09-26T12:03:46+00:00
2026-09-26T07:04:47-05:00,2026-09-26T12:04:47+00:00,Python SDK azure-iot-device (MQTT sobre WebSockets 443),DC-PASILLO-04,19.9,52.09,19.2,2026-09-26T12:04:46+00:00
2026-09-26T07:05:49-05:00,2026-09-26T12:05:49+00:00,Python SDK azure-iot-device (MQTT sobre WebSockets 443),DC-PASILLO-04,19.84,52.73,17.4,2026-09-26T12:05:49+00:00
2026-09-26T07:06:50-05:00,2026-09-26T12:06:50+00:00,Python SDK azure-iot-device (MQTT sobre WebSockets 443),DC-PASILLO-04,20.01,51.69,19.0,2026-09-26T12:06:49+00:00
2026-09-26T07:07:50-05:00,2026-09-26T12:07:50+00:00,Python SDK azure-iot-device (MQTT sobre WebSockets 443),DC-PASILLO-04,20.2,51.74,18.7,2026-09-26T12:07:50+00:00
2026-09-26T07:08:50-05:00,2026-09-26T12:08:50+00:00,Python SDK azure-iot-device (MQTT sobre WebSockets 443),DC-PASILLO-04,19.83,51.96,16.3,2026-09-26T12:08:50+00:00
2026-09-26T07:09:50-05:00,2026-09-26T12:09:50+00:00,Python SDK azure-iot-device (MQTT sobre WebSockets 443),DC-PASILLO-04,20.24,52.74,16.3,2026-09-26T12:09:50+00:00
2026-09-26T07:10:55-05:00,2026-09-26T12:10:55+00:00,Python SDK azure-iot-device (MQTT sobre WebSockets 443),DC-PASILLO-04,20.17,52.54,18.1,2026-09-26T12:10:53+00:00
2026-09-26T07:11:55-05:00,2026-09-26T12:11:55+00:00,Python SDK azure-iot-device (MQTT sobre WebSockets 443),DC-PASILLO-04,20.1,52.07,16.6,2026-09-26T12:11:55+00:00
2026-09-26T07:12:55-05:00,2026-09-26T12:12:55+00:00,Python SDK azure-iot-device (MQTT sobre WebSockets 443),DC-PASILLO-04,19.89,52.85,17.7,2026-09-26T12:12:55+00:00
2026-09-26T07:13:58-05:00,2026-09-26T12:13:58+00:00,Python SDK azure-iot-device (MQTT sobre WebSockets 443),DC-PASILLO-04,19.99,51.82,16.7,2026-09-26T12:13:58+00:00
2026-09-26T07:14:58-05:00,2026-09-26T12:14:58+00:00,Python SDK azure-iot-device (MQTT sobre WebSockets 443),DC-PASILLO-04,20.2,51.7,17.5,2026-09-26T12:14:58+00:00
2026-09-26T07:16:01-05:00,2026-09-26T12:16:01+00:00,Python SDK azure-iot-device (MQTT sobre WebSockets 443),DC-PASILLO-04,20.18,53.14,18.5,2026-09-26T12:16:01+00:00
2026-09-26T07:17:01-05:00,2026-09-26T12:17:01+00:00,Python SDK azure-iot-device (MQTT sobre WebSockets 443),DC-PASILLO-04,20.12,52.33,18.1,2026-09-26T12:17:01+00:00
2026-09-26T07:18:08-05:00,2026-09-26T12:18:08+00:00,Python SDK azure-iot-device (MQTT sobre WebSockets 443),DC-PASILLO-04,20.01,51.66,16.1,2026-09-26T12:18:04+00:00
2026-09-26T07:19:08-05:00,2026-09-26T12:19:08+00:00,Python SDK azure-iot-device (MQTT sobre WebSockets 443),DC-PASILLO-04,20.13,51.55,16.3,2026-09-26T12:19:08+00:00
2026-09-26T07:20:09-05:00,2026-09-26T12:20:09+00:00,Python SDK azure-iot-device (MQTT sobre WebSockets 443),DC-PASILLO-04,19.87,51.59,16.7,2026-09-26T12:20:08+00:00
2026-09-26T07:21:14-05:00,2026-09-26T12:21:14+00:00,Python SDK azure-iot-device (MQTT sobre WebSockets 443),DC-PASILLO-04,19.8,52.69,17.0,2026-09-26T12:21:11+00:00
2026-09-26T07:22:14-05:00,2026-09-26T12:22:14+00:00,Python SDK azure-iot-device (MQTT sobre WebSockets 443),DC-PASILLO-04,19.84,53.29,18.6,2026-09-26T12:22:14+00:00
2026-09-26T07:23:17-05:00,2026-09-26T12:23:17+00:00,Python SDK azure-iot-device (MQTT sobre WebSockets 443),DC-PASILLO-04,20.2,51.37,18.1,2026-09-26T12:23:16+00:00
2026-09-26T07:24:17-05:00,2026-09-26T12:24:17+00:00,Python SDK azure-iot-device (MQTT sobre WebSockets 443),DC-PASILLO-04,19.82,51.88,17.3,2026-09-26T12:24:17+00:00
2026-09-26T07:25:17-05:00,2026-09-26T12:25:17+00:00,Python SDK azure-iot-device (MQTT sobre WebSockets 443),DC-PASILLO-04,19.78,52.59,17.0,2026-09-26T12:25:17+00:00
2026-09-26T07:26:17-05:00,2026-09-26T12:26:17+00:00,Python SDK azure-iot-device (MQTT sobre WebSockets 443),DC-PASILLO-04,19.77,53.11,17.5,2026-09-26T12:26:17+00:00
2026-09-26T07:27:18-05:00,2026-09-26T12:27:18+00:00,Python SDK azure-iot-device (MQTT sobre WebSockets 443),DC-PASILLO-04,20.24,52.97,18.5,2026-09-26T12:27:17+00:00
2026-09-26T07:28:18-05:00,2026-09-26T12:28:18+00:00,Python SDK azure-iot-device (MQTT sobre WebSockets 443),DC-PASILLO-04,19.87,53.11,16.3,2026-09-26T12:28:18+00:00
2026-09-26T07:29:18-05:00,2026-09-26T12:29:18+00:00,Python SDK azure-iot-device (MQTT sobre WebSockets 443),DC-PASILLO-04,19.84,53.01,18.6,2026-09-26T12:29:18+00:00
2026-09-26T07:30:18-05:00,2026-09-26T12:30:18+00:00,Python SDK azure-iot-device (MQTT sobre WebSockets 443),DC-PASILLO-04,20.27,51.7,18.0,2026-09-26T12:30:18+00:00
2026-09-26T07:31:18-05:00,2026-09-26T12:31:18+00:00,Python SDK azure-iot-device (MQTT sobre WebSockets 443),DC-PASILLO-04,20.14,52.26,16.6,2026-09-26T12:31:18+00:00
2026-09-26T07:32:19-05:00,2026-09-26T12:32:19+00:00,Python SDK azure-iot-device (MQTT sobre WebSockets 443),DC-PASILLO-04,19.83,52.32,16.8,2026-09-26T12:32:18+00:00
2026-09-26T07:33:19-05:00,2026-09-26T12:33:19+00:00,Python SDK azure-iot-device (MQTT sobre WebSockets 443),DC-PASILLO-04,19.76,52.54,16.6,2026-09-26T12:33:19+00:00
2026-09-26T07:34:19-05:00,2026-09-26T12:34:19+00:00,Python SDK azure-iot-device (MQTT sobre WebSockets 443),DC-PASILLO-04,19.88,53.43,15.9,2026-09-26T12:34:19+00:00
2026-09-26T07:35:19-05:00,2026-09-26T12:35:19+00:00,Python SDK azure-iot-device (MQTT sobre WebSockets 443),DC-PASILLO-04,20.26,53.12,18.3,2026-09-26T12:35:19+00:00
2026-09-26T07:36:19-05:00,2026-09-26T12:36:19+00:00,Python SDK azure-iot-device (MQTT sobre WebSockets 443),DC-PASILLO-04,20.14,52.01,19.3,2026-09-26T12:36:19+00:00
2026-09-26T07:37:20-05:00,2026-09-26T12:37:20+00:00,Python SDK azure-iot-device (MQTT sobre WebSockets 443),DC-PASILLO-04,19.92,53.33,19.7,2026-09-26T12:37:19+00:00
2026-09-26T07:38:20-05:00,2026-09-26T12:38:20+00:00,Python SDK azure-iot-device (MQTT sobre WebSockets 443),DC-PASILLO-04,20.08,52.69,19.7,2026-09-26T12:38:20+00:00
2026-09-26T07:39:20-05:00,2026-09-26T12:39:20+00:00,Python SDK azure-iot-device (MQTT sobre WebSockets 443),DC-PASILLO-04,20.29,53.47,17.6,2026-09-26T12:39:20+00:00
2026-09-26T07:40:20-05:00,2026-09-26T12:40:20+00:00,Python SDK azure-iot-device (MQTT sobre WebSockets 443),DC-PASILLO-04,20.17,52.28,15.7,2026-09-26T12:40:20+00:00
2026-09-26T07:41:21-05:00,2026-09-26T12:41:21+00:00,Python SDK azure-iot-device (MQTT sobre WebSockets 443),DC-PASILLO-04,19.75,52.69,19.4,2026-09-26T12:41:20+00:00
2026-09-26T07:42:21-05:00,2026-09-26T12:42:21+00:00,Python SDK azure-iot-device (MQTT sobre WebSockets 443),DC-PASILLO-04,20.24,53.5,16.7,2026-09-26T12:42:21+00:00
2026-09-26T07:43:21-05:00,2026-09-26T12:43:21+00:00,Python SDK azure-iot-device (MQTT sobre WebSockets 443),DC-PASILLO-04,20.32,53.46,18.6,2026-09-26T12:43:21+00:00
2026-09-26T07:44:21-05:00,2026-09-26T12:44:21+00:00,Python SDK azure-iot-device (MQTT sobre WebSockets 443),DC-PASILLO-04,19.89,52.7,19.3,2026-09-26T12:44:21+00:00
2026-09-26T07:45:21-05:00,2026-09-26T12:45:21+00:00,Python SDK azure-iot-device (MQTT sobre WebSockets 443),DC-PASILLO-04,19.73,53.59,19.9,2026-09-26T12:45:21+00:00
2026-09-26T07:46:22-05:00,2026-09-26T12:46:22+00:00,Python SDK azure-iot-device (MQTT sobre WebSockets 443),DC-PASILLO-04,19.89,52.46,19.7,2026-09-26T12:46:21+00:00
2026-09-26T07:47:22-05:00,2026-09-26T12:47:22+00:00,Python SDK azure-iot-device (MQTT sobre WebSockets 443),DC-PASILLO-04,20.07,52.85,20.0,2026-09-26T12:47:22+00:00
2026-09-26T07:48:22-05:00,2026-09-26T12:48:22+00:00,Python SDK azure-iot-device (MQTT sobre WebSockets 443),DC-PASILLO-04,19.75,53.55,17.3,2026-09-26T12:48:22+00:00
2026-09-26T07:49:22-05:00,2026-09-26T12:49:22+00:00,Python SDK azure-iot-device (MQTT sobre WebSockets 443),DC-PASILLO-04,19.73,52.42,19.8,2026-09-26T12:49:22+00:00
2026-09-26T07:50:22-05:00,2026-09-26T12:50:22+00:00,Python SDK azure-iot-device (MQTT sobre WebSockets 443),DC-PASILLO-04,19.95,53.07,16.4,2026-09-26T12:50:22+00:00
2026-09-26T07:51:23-05:00,2026-09-26T12:51:23+00:00,Python SDK azure-iot-device (MQTT sobre WebSockets 443),DC-PASILLO-04,20.22,52.15,18.1,2026-09-26T12:51:22+00:00
2026-09-26T07:52:23-05:00,2026-09-26T12:52:23+00:00,Python SDK azure-iot-device (MQTT sobre WebSockets 443),DC-PASILLO-04,20.0,53.62,20.5,2026-09-26T12:52:23+00:00
2026-09-26T07:53:23-05:00,2026-09-26T12:53:23+00:00,Python SDK azure-iot-device (MQTT sobre WebSockets 443),DC-PASILLO-04,19.74,52.81,18.7,2026-09-26T12:53:23+00:00
2026-09-26T07:54:23-05:00,2026-09-26T12:54:23+00:00,Python SDK azure-iot-device (MQTT sobre WebSockets 443),DC-PASILLO-04,20.3,53.5,17.3,2026-09-26T12:54:23+00:00
2026-09-26T07:55:23-05:00,2026-09-26T12:55:23+00:00,Python SDK azure-iot-device (MQTT sobre WebSockets 443),DC-PASILLO-04,20.05,52.23,20.5,2026-09-26T12:55:23+00:00
2026-09-26T07:56:24-05:00,2026-09-26T12:56:24+00:00,Python SDK azure-iot-device (MQTT sobre WebSockets 443),DC-PASILLO-04,20.04,52.73,17.2,2026-09-26T12:56:23+00:00
2026-09-26T07:57:24-05:00,2026-09-26T12:57:24+00:00,Python SDK azure-iot-device (MQTT sobre WebSockets 443),DC-PASILLO-04,19.93,53.29,17.6,2026-09-26T12:57:24+00:00
2026-09-26T07:58:24-05:00,2026-09-26T12:58:24+00:00,Python SDK azure-iot-device (MQTT sobre WebSockets 443),DC-PASILLO-04,19.97,52.03,19.9,2026-09-26T12:58:24+00:00
2026-09-26T07:59:24-05:00,2026-09-26T12:59:24+00:00,Python SDK azure-iot-device (MQTT sobre WebSockets 443),DC-PASILLO-04,20.12,53.25,20.4,2026-09-26T12:59:24+00:00
2026-09-26T08:00:24-05:00,2026-09-26T13:00:24+00:00,Python SDK azure-iot-device (MQTT sobre WebSockets 443),DC-PASILLO-04,19.9,51.95,17.7,2026-09-26T13:00:24+00:00
2026-09-26T08:01:25-05:00,2026-09-26T13:01:25+00:00,Python SDK azure-iot-device (MQTT sobre WebSockets 443),DC-PASILLO-04,20.33,52.28,18.1,2026-09-26T13:01:24+00:00
2026-09-26T08:02:25-05:00,2026-09-26T13:02:25+00:00,Python SDK azure-iot-device (MQTT sobre WebSockets 443),DC-PASILLO-04,20.22,52.24,17.3,2026-09-26T13:02:25+00:00
2026-09-26T08:03:25-05:00,2026-09-26T13:03:25+00:00,Python SDK azure-iot-device (MQTT sobre WebSockets 443),DC-PASILLO-04,20.14,53.85,18.1,2026-09-26T13:03:25+00:00
2026-09-26T08:04:25-05:00,2026-09-26T13:04:25+00:00,Python SDK azure-iot-device (MQTT sobre WebSockets 443),DC-PASILLO-04,20.02,53.79,17.0,2026-09-26T13:04:25+00:00
2026-09-26T08:05:25-05:00,2026-09-26T13:05:25+00:00,Python SDK azure-iot-device (MQTT sobre WebSockets 443),DC-PASILLO-04,20.22,53.55,16.5,2026-09-26T13:05:25+00:00
2026-09-26T08:06:26-05:00,2026-09-26T13:06:26+00:00,Python SDK azure-iot-device (MQTT sobre WebSockets 443),DC-PASILLO-04,20.05,53.49,17.6,2026-09-26T13:06:25+00:00
2026-09-26T08:07:26-05:00,2026-09-26T13:07:26+00:00,Python SDK azure-iot-device (MQTT sobre WebSockets 443),DC-PASILLO-04,20.0,52.98,17.6,2026-09-26T13:07:26+00:00
2026-09-26T08:08:26-05:00,2026-09-26T13:08:26+00:00,Python SDK azure-iot-device (MQTT sobre WebSockets 443),DC-PASILLO-04,20.19,52.25,18.8,2026-09-26T13:08:26+00:00
2026-09-26T08:09:26-05:00,2026-09-26T13:09:26+00:00,Python SDK azure-iot-device (MQTT sobre WebSockets 443),DC-PASILLO-04,20.09,52.54,17.8,2026-09-26T13:09:26+00:00
2026-09-26T08:10:26-05:00,2026-09-26T13:10:26+00:00,Python SDK azure-iot-device (MQTT sobre WebSockets 443),DC-PASILLO-04,19.96,52.71,16.1,2026-09-26T13:10:26+00:00
2026-09-26T08:11:27-05:00,2026-09-26T13:11:27+00:00,Python SDK azure-iot-device (MQTT sobre WebSockets 443),DC-PASILLO-04,19.94,53.47,16.7,2026-09-26T13:11:26+00:00
2026-09-26T08:12:27-05:00,2026-09-26T13:12:27+00:00,Python SDK azure-iot-device (MQTT sobre WebSockets 443),DC-PASILLO-04,20.32,52.82,18.3,2026-09-26T13:12:27+00:00
2026-09-26T08:13:27-05:00,2026-09-26T13:13:27+00:00,Python SDK azure-iot-device (MQTT sobre WebSockets 443),DC-PASILLO-04,20.01,53.4,17.6,2026-09-26T13:13:27+00:00
2026-09-26T08:14:27-05:00,2026-09-26T13:14:27+00:00,Python SDK azure-iot-device (MQTT sobre WebSockets 443),DC-PASILLO-04,20.04,52.78,19.2,2026-09-26T13:14:27+00:00
2026-09-26T08:15:27-05:00,2026-09-26T13:15:27+00:00,Python SDK azure-iot-device (MQTT sobre WebSockets 443),DC-PASILLO-04,20.2,52.08,19.2,2026-09-26T13:15:27+00:00
2026-09-26T08:16:28-05:00,2026-09-26T13:16:28+00:00,Python SDK azure-iot-device (MQTT sobre WebSockets 443),DC-PASILLO-04,19.99,52.32,20.7,2026-09-26T13:16:27+00:00
2026-09-26T08:17:28-05:00,2026-09-26T13:17:28+00:00,Python SDK azure-iot-device (MQTT sobre WebSockets 443),DC-PASILLO-04,20.15,53.57,16.6,2026-09-26T13:17:28+00:00
2026-09-26T08:18:28-05:00,2026-09-26T13:18:28+00:00,Python SDK azure-iot-device (MQTT sobre WebSockets 443),DC-PASILLO-04,19.76,53.61,18.4,2026-09-26T13:18:28+00:00
2026-09-26T08:19:28-05:00,2026-09-26T13:19:28+00:00,Python SDK azure-iot-device (MQTT sobre WebSockets 443),DC-PASILLO-04,19.99,53.22,16.3,2026-09-26T13:19:28+00:00
2026-09-26T08:20:28-05:00,2026-09-26T13:20:28+00:00,Python SDK azure-iot-device (MQTT sobre WebSockets 443),DC-PASILLO-04,20.29,53.51,16.9,2026-09-26T13:20:28+00:00
2026-09-26T08:21:29-05:00,2026-09-26T13:21:29+00:00,Python SDK azure-iot-device (MQTT sobre WebSockets 443),DC-PASILLO-04,19.84,53.65,16.5,2026-09-26T13:21:28+00:00
2026-09-26T08:22:29-05:00,2026-09-26T13:22:29+00:00,Python SDK azure-iot-device (MQTT sobre WebSockets 443),DC-PASILLO-04,19.96,53.08,19.3,2026-09-26T13:22:29+00:00
2026-09-26T08:23:29-05:00,2026-09-26T13:23:29+00:00,Python SDK azure-iot-device (MQTT sobre WebSockets 443),DC-PASILLO-04,20.34,53.56,16.0,2026-09-26T13:23:29+00:00
2026-09-26T08:24:29-05:00,2026-09-26T13:24:29+00:00,Python SDK azure-iot-device (MQTT sobre WebSockets 443),DC-PASILLO-04,20.34,52.24,16.5,2026-09-26T13:24:29+00:00
2026-09-26T08:25:29-05:00,2026-09-26T13:25:29+00:00,Python SDK azure-iot-device (MQTT sobre WebSockets 443),DC-PASILLO-04,20.08,53.46,16.5,2026-09-26T13:25:29+00:00
2026-09-26T08:26:30-05:00,2026-09-26T13:26:30+00:00,Python SDK azure-iot-device (MQTT sobre WebSockets 443),DC-PASILLO-04,19.79,53.1,19.6,2026-09-26T13:26:29+00:00
2026-09-26T08:27:30-05:00,2026-09-26T13:27:30+00:00,Python SDK azure-iot-device (MQTT sobre WebSockets 443),DC-PASILLO-04,19.76,52.83,17.8,2026-09-26T13:27:30+00:00
2026-09-26T08:28:30-05:00,2026-09-26T13:28:30+00:00,Python SDK azure-iot-device (MQTT sobre WebSockets 443),DC-PASILLO-04,20.22,52.62,16.1,2026-09-26T13:28:30+00:00
2026-09-26T08:29:30-05:00,2026-09-26T13:29:30+00:00,Python SDK azure-iot-device (MQTT sobre WebSockets 443),DC-PASILLO-04,20.14,53.91,18.5,2026-09-26T13:29:30+00:00
2026-09-26T08:30:30-05:00,2026-09-26T13:30:30+00:00,Python SDK azure-iot-device (MQTT sobre WebSockets 443),DC-PASILLO-04,19.77,52.45,20.9,2026-09-26T13:30:30+00:00
2026-09-26T08:31:31-05:00,2026-09-26T13:31:31+00:00,Python SDK azure-iot-device (MQTT sobre WebSockets 443),DC-PASILLO-04,19.85,53.98,19.8,2026-09-26T13:31:31+00:00
2026-09-26T08:32:31-05:00,2026-09-26T13:32:31+00:00,Python SDK azure-iot-device (MQTT sobre WebSockets 443),DC-PASILLO-04,20.23,53.4,20.2,2026-09-26T13:32:31+00:00
2026-09-26T08:33:31-05:00,2026-09-26T13:33:31+00:00,Python SDK azure-iot-device (MQTT sobre WebSockets 443),DC-PASILLO-04,19.87,52.5,20.1,2026-09-26T13:33:31+00:00
2026-09-26T08:34:31-05:00,2026-09-26T13:34:31+00:00,Python SDK azure-iot-device (MQTT sobre WebSockets 443),DC-PASILLO-04,19.92,53.09,17.1,2026-09-26T13:34:31+00:00
2026-09-26T08:35:32-05:00,2026-09-26T13:35:32+00:00,Python SDK azure-iot-device (MQTT sobre WebSockets 443),DC-PASILLO-04,20.22,53.52,17.6,2026-09-26T13:35:31+00:00
2026-09-26T08:36:32-05:00,2026-09-26T13:36:32+00:00,Python SDK azure-iot-device (MQTT sobre WebSockets 443),DC-PASILLO-04,20.21,53.25,16.9,2026-09-26T13:36:32+00:00
2026-09-26T08:37:32-05:00,2026-09-26T13:37:32+00:00,Python SDK azure-iot-device (MQTT sobre WebSockets 443),DC-PASILLO-04,19.99,53.83,20.3,2026-09-26T13:37:32+00:00
2026-09-26T08:38:32-05:00,2026-09-26T13:38:32+00:00,Python SDK azure-iot-device (MQTT sobre WebSockets 443),DC-PASILLO-04,19.86,52.36,20.4,2026-09-26T13:38:32+00:00
2026-09-26T08:39:32-05:00,2026-09-26T13:39:32+00:00,Python SDK azure-iot-device (MQTT sobre WebSockets 443),DC-PASILLO-04,19.85,53.6,17.7,2026-09-26T13:39:32+00:00
2026-09-26T08:40:33-05:00,2026-09-26T13:40:33+00:00,Python SDK azure-iot-device (MQTT sobre WebSockets 443),DC-PASILLO-04,19.96,53.11,16.4,2026-09-26T13:40:32+00:00
2026-09-26T08:41:33-05:00,2026-09-26T13:41:33+00:00,Python SDK azure-iot-device (MQTT sobre WebSockets 443),DC-PASILLO-04,19.89,53.06,16.4,2026-09-26T13:41:33+00:00
2026-09-26T08:42:33-05:00,2026-09-26T13:42:33+00:00,Python SDK azure-iot-device (MQTT sobre WebSockets 443),DC-PASILLO-04,20.16,53.25,18.2,2026-09-26T13:42:33+00:00
2026-09-26T08:43:33-05:00,2026-09-26T13:43:33+00:00,Python SDK azure-iot-device (MQTT sobre WebSockets 443),DC-PASILLO-04,19.81,53.12,20.8,2026-09-26T13:43:33+00:00
2026-09-26T08:44:33-05:00,2026-09-26T13:44:33+00:00,Python SDK azure-iot-device (MQTT sobre WebSockets 443),DC-PASILLO-04,20.37,52.41,19.7,2026-09-26T13:44:33+00:00
2026-09-26T08:45:34-05:00,2026-09-26T13:45:34+00:00,Python SDK azure-iot-device (MQTT sobre WebSockets 443),DC-PASILLO-04,19.91,52.39,18.4,2026-09-26T13:45:33+00:00
2026-09-26T08:46:34-05:00,2026-09-26T13:46:34+00:00,Python SDK azure-iot-device (MQTT sobre WebSockets 443),DC-PASILLO-04,19.78,53.02,19.3,2026-09-26T13:46:34+00:00
2026-09-26T08:47:34-05:00,2026-09-26T13:47:34+00:00,Python SDK azure-iot-device (MQTT sobre WebSockets 443),DC-PASILLO-04,20.18,53.38,19.2,2026-09-26T13:47:34+00:00
2026-09-26T08:48:35-05:00,2026-09-26T13:48:35+00:00,Python SDK azure-iot-device (MQTT sobre WebSockets 443),DC-PASILLO-04,20.08,53.24,17.7,2026-09-26T13:48:35+00:00
2026-09-26T08:49:35-05:00,2026-09-26T13:49:35+00:00,Python SDK azure-iot-device (MQTT sobre WebSockets 443),DC-PASILLO-04,20.04,53.0,17.5,2026-09-26T13:49:35+00:00
2026-09-26T08:50:35-05:00,2026-09-26T13:50:35+00:00,Python SDK azure-iot-device (MQTT sobre WebSockets 443),DC-PASILLO-04,20.29,53.35,20.0,2026-09-26T13:50:35+00:00
2026-09-26T08:51:36-05:00,2026-09-26T13:51:36+00:00,Python SDK azure-iot-device (MQTT sobre WebSockets 443),DC-PASILLO-04,19.85,52.78,19.7,2026-09-26T13:51:35+00:00
2026-09-26T08:52:36-05:00,2026-09-26T13:52:36+00:00,Python SDK azure-iot-device (MQTT sobre WebSockets 443),DC-PASILLO-04,20.35,53.02,18.6,2026-09-26T13:52:36+00:00
2026-09-26T08:53:36-05:00,2026-09-26T13:53:36+00:00,Python SDK azure-iot-device (MQTT sobre WebSockets 443),DC-PASILLO-04,19.99,52.52,20.6,2026-09-26T13:53:36+00:00
2026-09-26T08:54:42-05:00,2026-09-26T13:54:42+00:00,Python SDK azure-iot-device (MQTT sobre WebSockets 443),DC-PASILLO-04,19.95,53.28,20.4,2026-09-26T13:54:41+00:00
2026-09-26T08:55:43-05:00,2026-09-26T13:55:43+00:00,Python SDK azure-iot-device (MQTT sobre WebSockets 443),DC-PASILLO-04,19.83,53.04,18.0,2026-09-26T13:55:42+00:00
2026-09-26T08:56:43-05:00,2026-09-26T13:56:43+00:00,Python SDK azure-iot-device (MQTT sobre WebSockets 443),DC-PASILLO-04,20.18,54.06,18.5,2026-09-26T13:56:43+00:00
2026-09-26T08:57:46-05:00,2026-09-26T13:57:46+00:00,Python SDK azure-iot-device (MQTT sobre WebSockets 443),DC-PASILLO-04,20.36,53.04,16.9,2026-09-26T13:57:45+00:00
2026-09-26T08:58:46-05:00,2026-09-26T13:58:46+00:00,Python SDK azure-iot-device (MQTT sobre WebSockets 443),DC-PASILLO-04,20.14,53.0,19.3,2026-09-26T13:58:46+00:00
2026-09-26T08:59:46-05:00,2026-09-26T13:59:46+00:00,Python SDK azure-iot-device (MQTT sobre WebSockets 443),DC-PASILLO-04,19.98,54.27,18.5,2026-09-26T13:59:46+00:00
2026-09-26T09:00:46-05:00,2026-09-26T14:00:46+00:00,Python SDK azure-iot-device (MQTT sobre WebSockets 443),DC-PASILLO-04,19.89,53.9,17.1,2026-09-26T14:00:46+00:00
2026-09-26T09:01:47-05:00,2026-09-26T14:01:47+00:00,Python SDK azure-iot-device (MQTT sobre WebSockets 443),DC-PASILLO-04,19.99,53.69,18.6,2026-09-26T14:01:46+00:00
2026-09-26T09:02:47-05:00,2026-09-26T14:02:47+00:00,Python SDK azure-iot-device (MQTT sobre WebSockets 443),DC-PASILLO-04,20.14,53.11,20.1,2026-09-26T14:02:47+00:00
2026-09-26T09:03:47-05:00,2026-09-26T14:03:47+00:00,Python SDK azure-iot-device (MQTT sobre WebSockets 443),DC-PASILLO-04,20.36,54.24,19.3,2026-09-26T14:03:47+00:00
2026-09-26T09:04:47-05:00,2026-09-26T14:04:47+00:00,Python SDK azure-iot-device (MQTT sobre WebSockets 443),DC-PASILLO-04,20.4,53.51,19.7,2026-09-26T14:04:47+00:00
2026-09-26T09:05:47-05:00,2026-09-26T14:05:47+00:00,Python SDK azure-iot-device (MQTT sobre WebSockets 443),DC-PASILLO-04,20.38,53.59,20.1,2026-09-26T14:05:47+00:00
2026-09-26T09:06:48-05:00,2026-09-26T14:06:48+00:00,Python SDK azure-iot-device (MQTT sobre WebSockets 443),DC-PASILLO-04,20.27,54.3,20.7,2026-09-26T14:06:47+00:00
2026-09-26T09:07:48-05:00,2026-09-26T14:07:48+00:00,Python SDK azure-iot-device (MQTT sobre WebSockets 443),DC-PASILLO-04,19.92,52.81,17.2,2026-09-26T14:07:48+00:00
2026-09-26T09:08:48-05:00,2026-09-26T14:08:48+00:00,Python SDK azure-iot-device (MQTT sobre WebSockets 443),DC-PASILLO-04,19.99,53.46,19.9,2026-09-26T14:08:48+00:00
2026-09-26T09:09:48-05:00,2026-09-26T14:09:48+00:00,Python SDK azure-iot-device (MQTT sobre WebSockets 443),DC-PASILLO-04,19.84,53.78,18.2,2026-09-26T14:09:48+00:00
2026-09-26T09:10:48-05:00,2026-09-26T14:10:48+00:00,Python SDK azure-iot-device (MQTT sobre WebSockets 443),DC-PASILLO-04,20.22,54.2,19.9,2026-09-26T14:10:48+00:00
2026-09-26T09:11:49-05:00,2026-09-26T14:11:49+00:00,Python SDK azure-iot-device (MQTT sobre WebSockets 443),DC-PASILLO-04,20.08,53.89,20.3,2026-09-26T14:11:48+00:00
2026-09-26T09:12:49-05:00,2026-09-26T14:12:49+00:00,Python SDK azure-iot-device (MQTT sobre WebSockets 443),DC-PASILLO-04,20.14,53.84,18.1,2026-09-26T14:12:49+00:00
2026-09-26T09:13:49-05:00,2026-09-26T14:13:49+00:00,Python SDK azure-iot-device (MQTT sobre WebSockets 443),DC-PASILLO-04,20.22,53.44,18.0,2026-09-26T14:13:49+00:00
2026-09-26T09:14:49-05:00,2026-09-26T14:14:49+00:00,Python SDK azure-iot-device (MQTT sobre WebSockets 443),DC-PASILLO-04,20.33,54.48,17.3,2026-09-26T14:14:49+00:00
2026-09-26T09:15:50-05:00,2026-09-26T14:15:50+00:00,Python SDK azure-iot-device (MQTT sobre WebSockets 443),DC-PASILLO-04,20.21,53.85,17.2,2026-09-26T14:15:49+00:00
2026-09-26T09:16:50-05:00,2026-09-26T14:16:50+00:00,Python SDK azure-iot-device (MQTT sobre WebSockets 443),DC-PASILLO-04,19.9,53.3,20.8,2026-09-26T14:16:50+00:00
2026-09-26T09:17:50-05:00,2026-09-26T14:17:50+00:00,Python SDK azure-iot-device (MQTT sobre WebSockets 443),DC-PASILLO-04,19.81,54.38,21.0,2026-09-26T14:17:50+00:00
2026-09-26T09:18:50-05:00,2026-09-26T14:18:50+00:00,Python SDK azure-iot-device (MQTT sobre WebSockets 443),DC-PASILLO-04,20.06,53.69,18.5,2026-09-26T14:18:50+00:00
2026-09-26T09:19:50-05:00,2026-09-26T14:19:50+00:00,Python SDK azure-iot-device (MQTT sobre WebSockets 443),DC-PASILLO-04,19.9,53.13,17.7,2026-09-26T14:19:50+00:00
2026-09-26T09:20:51-05:00,2026-09-26T14:20:51+00:00,Python SDK azure-iot-device (MQTT sobre WebSockets 443),DC-PASILLO-04,20.21,53.62,18.0,2026-09-26T14:20:50+00:00
2026-09-26T09:21:51-05:00,2026-09-26T14:21:51+00:00,Python SDK azure-iot-device (MQTT sobre WebSockets 443),DC-PASILLO-04,19.89,52.9,16.4,2026-09-26T14:21:51+00:00
2026-09-26T09:22:51-05:00,2026-09-26T14:22:51+00:00,Python SDK azure-iot-device (MQTT sobre WebSockets 443),DC-PASILLO-04,20.05,53.19,19.1,2026-09-26T14:22:51+00:00
2026-09-26T09:23:51-05:00,2026-09-26T14:23:51+00:00,Python SDK azure-iot-device (MQTT sobre WebSockets 443),DC-PASILLO-04,20.23,53.71,19.8,2026-09-26T14:23:51+00:00
2026-09-26T09:24:54-05:00,2026-09-26T14:24:54+00:00,Python SDK azure-iot-device (MQTT sobre WebSockets 443),DC-PASILLO-04,20.16,52.98,19.2,2026-09-26T14:24:53+00:00
2026-09-26T09:25:54-05:00,2026-09-26T14:25:54+00:00,Python SDK azure-iot-device (MQTT sobre WebSockets 443),DC-PASILLO-04,19.84,54.55,19.1,2026-09-26T14:25:54+00:00
2026-09-26T09:26:54-05:00,2026-09-26T14:26:54+00:00,Python SDK azure-iot-device (MQTT sobre WebSockets 443),DC-PASILLO-04,19.9,52.96,17.4,2026-09-26T14:26:54+00:00
2026-09-26T09:27:58-05:00,2026-09-26T14:27:58+00:00,Python SDK azure-iot-device (MQTT sobre WebSockets 443),DC-PASILLO-04,20.35,53.9,19.4,2026-09-26T14:27:57+00:00
2026-09-26T09:28:58-05:00,2026-09-26T14:28:58+00:00,Python SDK azure-iot-device (MQTT sobre WebSockets 443),DC-PASILLO-04,19.88,54.64,17.4,2026-09-26T14:28:58+00:00
2026-09-26T09:29:58-05:00,2026-09-26T14:29:58+00:00,Python SDK azure-iot-device (MQTT sobre WebSockets 443),DC-PASILLO-04,20.35,52.9,16.4,2026-09-26T14:29:58+00:00
2026-09-26T09:30:58-05:00,2026-09-26T14:30:58+00:00,Python SDK azure-iot-device (MQTT sobre WebSockets 443),DC-PASILLO-04,20.16,54.32,16.5,2026-09-26T14:30:58+00:00
2026-09-26T09:31:58-05:00,2026-09-26T14:31:58+00:00,Python SDK azure-iot-device (MQTT sobre WebSockets 443),DC-PASILLO-04,19.99,53.75,18.3,2026-09-26T14:31:58+00:00
2026-09-26T09:32:59-05:00,2026-09-26T14:32:59+00:00,Python SDK azure-iot-device (MQTT sobre WebSockets 443),DC-PASILLO-04,19.82,52.89,20.4,2026-09-26T14:32:58+00:00
2026-09-26T09:33:59-05:00,2026-09-26T14:33:59+00:00,Python SDK azure-iot-device (MQTT sobre WebSockets 443),DC-PASILLO-04,20.28,53.23,19.2,2026-09-26T14:33:59+00:00
2026-09-26T09:34:59-05:00,2026-09-26T14:34:59+00:00,Python SDK azure-iot-device (MQTT sobre WebSockets 443),DC-PASILLO-04,20.24,53.07,17.1,2026-09-26T14:34:59+00:00
2026-09-26T09:36:05-05:00,2026-09-26T14:36:05+00:00,Python SDK azure-iot-device (MQTT sobre WebSockets 443),DC-PASILLO-04,20.23,54.14,19.4,2026-09-26T14:36:05+00:00
2026-09-26T09:37:06-05:00,2026-09-26T14:37:06+00:00,Python SDK azure-iot-device (MQTT sobre WebSockets 443),DC-PASILLO-04,20.4,53.73,16.2,2026-09-26T14:37:05+00:00
2026-09-26T09:38:06-05:00,2026-09-26T14:38:06+00:00,Python SDK azure-iot-device (MQTT sobre WebSockets 443),DC-PASILLO-04,20.09,54.46,17.7,2026-09-26T14:38:06+00:00
2026-09-26T09:39:06-05:00,2026-09-26T14:39:06+00:00,Python SDK azure-iot-device (MQTT sobre WebSockets 443),DC-PASILLO-04,20.24,54.42,16.5,2026-09-26T14:39:06+00:00
2026-09-26T09:40:06-05:00,2026-09-26T14:40:06+00:00,Python SDK azure-iot-device (MQTT sobre WebSockets 443),DC-PASILLO-04,20.38,54.05,17.3,2026-09-26T14:40:06+00:00
2026-09-26T09:41:07-05:00,2026-09-26T14:41:07+00:00,Python SDK azure-iot-device (MQTT sobre WebSockets 443),DC-PASILLO-04,19.88,53.29,21.1,2026-09-26T14:41:06+00:00
2026-09-26T09:42:07-05:00,2026-09-26T14:42:07+00:00,Python SDK azure-iot-device (MQTT sobre WebSockets 443),DC-PASILLO-04,20.3,53.28,20.6,2026-09-26T14:42:07+00:00
2026-09-26T09:43:07-05:00,2026-09-26T14:43:07+00:00,Python SDK azure-iot-device (MQTT sobre WebSockets 443),DC-PASILLO-04,20.07,52.8,20.6,2026-09-26T14:43:07+00:00
2026-09-26T09:44:07-05:00,2026-09-26T14:44:07+00:00,Python SDK azure-iot-device (MQTT sobre WebSockets 443),DC-PASILLO-04,20.08,54.52,19.1,2026-09-26T14:44:07+00:00
2026-09-26T09:45:08-05:00,2026-09-26T14:45:08+00:00,Python SDK azure-iot-device (MQTT sobre WebSockets 443),DC-PASILLO-04,20.11,52.87,21.0,2026-09-26T14:45:07+00:00
2026-09-26T09:46:08-05:00,2026-09-26T14:46:08+00:00,Python SDK azure-iot-device (MQTT sobre WebSockets 443),DC-PASILLO-04,20.38,54.46,19.2,2026-09-26T14:46:08+00:00
2026-09-26T09:47:08-05:00,2026-09-26T14:47:08+00:00,Python SDK azure-iot-device (MQTT sobre WebSockets 443),DC-PASILLO-04,20.39,53.73,20.6,2026-09-26T14:47:08+00:00
2026-09-26T09:48:08-05:00,2026-09-26T14:48:08+00:00,Python SDK azure-iot-device (MQTT sobre WebSockets 443),DC-PASILLO-04,20.11,54.47,20.1,2026-09-26T14:48:08+00:00
2026-09-26T09:49:08-05:00,2026-09-26T14:49:08+00:00,Python SDK azure-iot-device (MQTT sobre WebSockets 443),DC-PASILLO-04,20.11,53.91,18.9,2026-09-26T14:49:08+00:00
2026-09-26T09:50:09-05:00,2026-09-26T14:50:09+00:00,Python SDK azure-iot-device (MQTT sobre WebSockets 443),DC-PASILLO-04,19.94,53.46,20.9,2026-09-26T14:50:08+00:00
2026-09-26T09:51:09-05:00,2026-09-26T14:51:09+00:00,Python SDK azure-iot-device (MQTT sobre WebSockets 443),DC-PASILLO-04,20.22,54.5,21.0,2026-09-26T14:51:09+00:00
2026-09-26T09:52:09-05:00,2026-09-26T14:52:09+00:00,Python SDK azure-iot-device (MQTT sobre WebSockets 443),DC-PASILLO-04,19.89,54.73,16.4,2026-09-26T14:52:09+00:00
2026-09-26T09:53:09-05:00,2026-09-26T14:53:09+00:00,Python SDK azure-iot-device (MQTT sobre WebSockets 443),DC-PASILLO-04,19.84,54.46,16.9,2026-09-26T14:53:09+00:00
2026-09-26T09:54:10-05:00,2026-09-26T14:54:10+00:00,Python SDK azure-iot-device (MQTT sobre WebSockets 443),DC-PASILLO-04,19.85,53.64,20.9,2026-09-26T14:54:09+00:00
2026-09-26T09:55:10-05:00,2026-09-26T14:55:10+00:00,Python SDK azure-iot-device (MQTT sobre WebSockets 443),DC-PASILLO-04,20.04,53.35,19.5,2026-09-26T14:55:10+00:00
2026-09-26T09:56:10-05:00,2026-09-26T14:56:10+00:00,Python SDK azure-iot-device (MQTT sobre WebSockets 443),DC-PASILLO-04,20.27,54.76,20.4,2026-09-26T14:56:10+00:00
2026-09-26T09:57:10-05:00,2026-09-26T14:57:10+00:00,Python SDK azure-iot-device (MQTT sobre WebSockets 443),DC-PASILLO-04,20.04,54.32,21.1,2026-09-26T14:57:10+00:00
2026-09-26T09:58:10-05:00,2026-09-26T14:58:10+00:00,Python SDK azure-iot-device (MQTT sobre WebSockets 443),DC-PASILLO-04,19.86,53.16,18.3,2026-09-26T14:58:10+00:00
2026-09-26T09:59:11-05:00,2026-09-26T14:59:11+00:00,Python SDK azure-iot-device (MQTT sobre WebSockets 443),DC-PASILLO-04,19.9,53.97,17.3,2026-09-26T14:59:10+00:00
2026-09-26T10:00:11-05:00,2026-09-26T15:00:11+00:00,Python SDK azure-iot-device (MQTT sobre WebSockets 443),DC-PASILLO-04,19.91,54.14,16.3,2026-09-26T15:00:11+00:00
2026-09-26T10:01:11-05:00,2026-09-26T15:01:11+00:00,Python SDK azure-iot-device (MQTT sobre WebSockets 443),DC-PASILLO-04,19.97,54.47,20.4,2026-09-26T15:01:11+00:00
2026-09-26T10:02:11-05:00,2026-09-26T15:02:11+00:00,Python SDK azure-iot-device (MQTT sobre WebSockets 443),DC-PASILLO-04,20.41,53.27,18.2,2026-09-26T15:02:11+00:00
2026-09-26T10:03:12-05:00,2026-09-26T15:03:12+00:00,Python SDK azure-iot-device (MQTT sobre WebSockets 443),DC-PASILLO-04,20.12,53.75,20.0,2026-09-26T15:03:11+00:00
2026-09-26T10:04:12-05:00,2026-09-26T15:04:12+00:00,Python SDK azure-iot-device (MQTT sobre WebSockets 443),DC-PASILLO-04,20.37,53.57,20.5,2026-09-26T15:04:12+00:00
2026-09-26T10:05:12-05:00,2026-09-26T15:05:12+00:00,Python SDK azure-iot-device (MQTT sobre WebSockets 443),DC-PASILLO-04,20.05,54.35,20.6,2026-09-26T15:05:12+00:00
2026-09-26T10:06:12-05:00,2026-09-26T15:06:12+00:00,Python SDK azure-iot-device (MQTT sobre WebSockets 443),DC-PASILLO-04,20.41,53.26,17.0,2026-09-26T15:06:12+00:00
2026-09-26T10:07:13-05:00,2026-09-26T15:07:13+00:00,Python SDK azure-iot-device (MQTT sobre WebSockets 443),DC-PASILLO-04,20.24,54.82,21.1,2026-09-26T15:07:12+00:00
2026-09-26T10:08:13-05:00,2026-09-26T15:08:13+00:00,Python SDK azure-iot-device (MQTT sobre WebSockets 443),DC-PASILLO-04,20.13,53.96,18.9,2026-09-26T15:08:13+00:00
2026-09-26T10:09:13-05:00,2026-09-26T15:09:13+00:00,Python SDK azure-iot-device (MQTT sobre WebSockets 443),DC-PASILLO-04,20.08,54.73,18.0,2026-09-26T15:09:13+00:00
2026-09-26T10:10:20-05:00,2026-09-26T15:10:20+00:00,Python SDK azure-iot-device (MQTT sobre WebSockets 443),DC-PASILLO-04,20.01,54.57,19.3,2026-09-26T15:10:20+00:00
2026-09-26T10:11:21-05:00,2026-09-26T15:11:21+00:00,Python SDK azure-iot-device (MQTT sobre WebSockets 443),DC-PASILLO-04,20.29,53.49,17.7,2026-09-26T15:11:20+00:00
2026-09-26T10:12:21-05:00,2026-09-26T15:12:21+00:00,Python SDK azure-iot-device (MQTT sobre WebSockets 443),DC-PASILLO-04,19.95,54.11,18.6,2026-09-26T15:12:21+00:00
2026-09-26T10:13:21-05:00,2026-09-26T15:13:21+00:00,Python SDK azure-iot-device (MQTT sobre WebSockets 443),DC-PASILLO-04,20.06,53.72,19.0,2026-09-26T15:13:21+00:00
2026-09-26T10:14:21-05:00,2026-09-26T15:14:21+00:00,Python SDK azure-iot-device (MQTT sobre WebSockets 443),DC-PASILLO-04,20.04,53.9,20.9,2026-09-26T15:14:21+00:00
2026-09-26T10:15:22-05:00,2026-09-26T15:15:22+00:00,Python SDK azure-iot-device (MQTT sobre WebSockets 443),DC-PASILLO-04,20.27,54.15,19.9,2026-09-26T15:15:21+00:00
2026-09-26T10:16:22-05:00,2026-09-26T15:16:22+00:00,Python SDK azure-iot-device (MQTT sobre WebSockets 443),DC-PASILLO-04,20.41,52.97,19.9,2026-09-26T15:16:22+00:00
2026-09-26T10:17:22-05:00,2026-09-26T15:17:22+00:00,Python SDK azure-iot-device (MQTT sobre WebSockets 443),DC-PASILLO-04,20.12,52.99,18.0,2026-09-26T15:17:22+00:00
2026-09-26T10:18:22-05:00,2026-09-26T15:18:22+00:00,Python SDK azure-iot-device (MQTT sobre WebSockets 443),DC-PASILLO-04,20.43,54.76,17.3,2026-09-26T15:18:22+00:00
2026-09-26T10:19:23-05:00,2026-09-26T15:19:23+00:00,Python SDK azure-iot-device (MQTT sobre WebSockets 443),DC-PASILLO-04,20.01,54.05,19.5,2026-09-26T15:19:22+00:00
2026-09-26T10:20:23-05:00,2026-09-26T15:20:23+00:00,Python SDK azure-iot-device (MQTT sobre WebSockets 443),DC-PASILLO-04,19.97,54.5,20.9,2026-09-26T15:20:23+00:00
2026-09-26T10:21:23-05:00,2026-09-26T15:21:23+00:00,Python SDK azure-iot-device (MQTT sobre WebSockets 443),DC-PASILLO-04,20.31,53.69,17.9,2026-09-26T15:21:23+00:00
2026-09-26T10:22:23-05:00,2026-09-26T15:22:23+00:00,Python SDK azure-iot-device (MQTT sobre WebSockets 443),DC-PASILLO-04,19.98,54.78,19.6,2026-09-26T15:22:23+00:00
2026-09-26T10:23:23-05:00,2026-09-26T15:23:23+00:00,Python SDK azure-iot-device (MQTT sobre WebSockets 443),DC-PASILLO-04,20.33,53.27,18.9,2026-09-26T15:23:23+00:00
2026-09-26T10:24:24-05:00,2026-09-26T15:24:24+00:00,Python SDK azure-iot-device (MQTT sobre WebSockets 443),DC-PASILLO-04,20.44,54.92,19.1,2026-09-26T15:24:23+00:00
2026-09-26T10:25:24-05:00,2026-09-26T15:25:24+00:00,Python SDK azure-iot-device (MQTT sobre WebSockets 443),DC-PASILLO-04,20.05,53.1,17.5,2026-09-26T15:25:24+00:00
2026-09-26T10:26:24-05:00,2026-09-26T15:26:24+00:00,Python SDK azure-iot-device (MQTT sobre WebSockets 443),DC-PASILLO-04,20.38,54.74,17.4,2026-09-26T15:26:24+00:00
2026-09-26T10:27:24-05:00,2026-09-26T15:27:24+00:00,Python SDK azure-iot-device (MQTT sobre WebSockets 443),DC-PASILLO-04,20.37,54.36,20.0,2026-09-26T15:27:24+00:00
2026-09-26T10:28:25-05:00,2026-09-26T15:28:25+00:00,Python SDK azure-iot-device (MQTT sobre WebSockets 443),DC-PASILLO-04,20.32,53.48,18.6,2026-09-26T15:28:24+00:00
2026-09-26T10:29:25-05:00,2026-09-26T15:29:25+00:00,Python SDK azure-iot-device (MQTT sobre WebSockets 443),DC-PASILLO-04,20.11,54.48,19.1,2026-09-26T15:29:25+00:00
2026-09-26T10:30:25-05:00,2026-09-26T15:30:25+00:00,Python SDK azure-iot-device (MQTT sobre WebSockets 443),DC-PASILLO-04,20.17,53.7,20.7,2026-09-26T15:30:25+00:00
2026-09-26T10:31:25-05:00,2026-09-26T15:31:25+00:00,Python SDK azure-iot-device (MQTT sobre WebSockets 443),DC-PASILLO-04,20.01,54.39,19.4,2026-09-26T15:31:25+00:00
2026-09-26T10:32:25-05:00,2026-09-26T15:32:25+00:00,Python SDK azure-iot-device (MQTT sobre WebSockets 443),DC-PASILLO-04,20.18,53.07,19.8,2026-09-26T15:32:25+00:00
2026-09-26T10:33:26-05:00,2026-09-26T15:33:26+00:00,Python SDK azure-iot-device (MQTT sobre WebSockets 443),DC-PASILLO-04,20.29,54.27,18.8,2026-09-26T15:33:25+00:00
2026-09-26T10:34:26-05:00,2026-09-26T15:34:26+00:00,Python SDK azure-iot-device (MQTT sobre WebSockets 443),DC-PASILLO-04,19.88,53.21,17.7,2026-09-26T15:34:26+00:00
2026-09-26T10:35:26-05:00,2026-09-26T15:35:26+00:00,Python SDK azure-iot-device (MQTT sobre WebSockets 443),DC-PASILLO-04,20.03,54.58,18.5,2026-09-26T15:35:26+00:00
2026-09-26T10:36:26-05:00,2026-09-26T15:36:26+00:00,Python SDK azure-iot-device (MQTT sobre WebSockets 443),DC-PASILLO-04,20.36,53.15,17.2,2026-09-26T15:36:26+00:00
2026-09-26T10:37:27-05:00,2026-09-26T15:37:27+00:00,Python SDK azure-iot-device (MQTT sobre WebSockets 443),DC-PASILLO-04,20.41,54.09,18.5,2026-09-26T15:37:26+00:00
2026-09-26T10:38:27-05:00,2026-09-26T15:38:27+00:00,Python SDK azure-iot-device (MQTT sobre WebSockets 443),DC-PASILLO-04,20.28,54.1,20.0,2026-09-26T15:38:27+00:00
2026-09-26T10:39:27-05:00,2026-09-26T15:39:27+00:00,Python SDK azure-iot-device (MQTT sobre WebSockets 443),DC-PASILLO-04,20.12,54.26,18.8,2026-09-26T15:39:27+00:00
2026-09-26T10:40:27-05:00,2026-09-26T15:40:27+00:00,Python SDK azure-iot-device (MQTT sobre WebSockets 443),DC-PASILLO-04,20.26,54.04,20.9,2026-09-26T15:40:27+00:00
2026-09-26T10:41:27-05:00,2026-09-26T15:41:27+00:00,Python SDK azure-iot-device (MQTT sobre WebSockets 443),DC-PASILLO-04,19.91,53.12,16.8,2026-09-26T15:41:27+00:00
2026-09-26T10:42:28-05:00,2026-09-26T15:42:28+00:00,Python SDK azure-iot-device (MQTT sobre WebSockets 443),DC-PASILLO-04,20.0,54.05,17.5,2026-09-26T15:42:27+00:00
2026-09-26T10:43:28-05:00,2026-09-26T15:43:28+00:00,Python SDK azure-iot-device (MQTT sobre WebSockets 443),DC-PASILLO-04,20.12,54.61,19.4,2026-09-26T15:43:28+00:00
2026-09-26T10:44:28-05:00,2026-09-26T15:44:28+00:00,Python SDK azure-iot-device (MQTT sobre WebSockets 443),DC-PASILLO-04,19.87,54.63,20.7,2026-09-26T15:44:28+00:00
2026-09-26T10:45:28-05:00,2026-09-26T15:45:28+00:00,Python SDK azure-iot-device (MQTT sobre WebSockets 443),DC-PASILLO-04,20.04,53.14,20.0,2026-09-26T15:45:28+00:00
2026-09-26T10:46:28-05:00,2026-09-26T15:46:28+00:00,Python SDK azure-iot-device (MQTT sobre WebSockets 443),DC-PASILLO-04,20.18,53.17,17.6,2026-09-26T15:46:28+00:00
2026-09-26T10:47:29-05:00,2026-09-26T15:47:29+00:00,Python SDK azure-iot-device (MQTT sobre WebSockets 443),DC-PASILLO-04,20.23,53.34,17.0,2026-09-26T15:47:28+00:00
2026-09-26T10:48:30-05:00,2026-09-26T15:48:30+00:00,Python SDK azure-iot-device (MQTT sobre WebSockets 443),DC-PASILLO-04,20.35,54.0,21.2,2026-09-26T15:48:29+00:00
2026-09-26T10:49:33-05:00,2026-09-26T15:49:33+00:00,Python SDK azure-iot-device (MQTT sobre WebSockets 443),DC-PASILLO-04,19.86,54.51,20.9,2026-09-26T15:49:32+00:00
2026-09-26T10:50:43-05:00,2026-09-26T15:50:43+00:00,Python SDK azure-iot-device (MQTT sobre WebSockets 443),DC-PASILLO-04,20.39,54.86,17.8,2026-09-26T15:50:42+00:00
2026-09-26T10:51:43-05:00,2026-09-26T15:51:43+00:00,Python SDK azure-iot-device (MQTT sobre WebSockets 443),DC-PASILLO-04,20.25,54.87,17.1,2026-09-26T15:51:43+00:00
2026-09-26T10:52:44-05:00,2026-09-26T15:52:44+00:00,Python SDK azure-iot-device (MQTT sobre WebSockets 443),DC-PASILLO-04,20.42,53.78,18.9,2026-09-26T15:52:44+00:00
2026-09-26T10:53:47-05:00,2026-09-26T15:53:47+00:00,Python SDK azure-iot-device (MQTT sobre WebSockets 443),DC-PASILLO-04,20.15,53.86,21.5,2026-09-26T15:53:46+00:00
2026-09-26T10:54:47-05:00,2026-09-26T15:54:47+00:00,Python SDK azure-iot-device (MQTT sobre WebSockets 443),DC-PASILLO-04,20.0,54.96,21.6,2026-09-26T15:54:47+00:00
2026-09-26T10:55:47-05:00,2026-09-26T15:55:47+00:00,Python SDK azure-iot-device (MQTT sobre WebSockets 443),DC-PASILLO-04,20.2,54.92,19.8,2026-09-26T15:55:47+00:00
2026-09-26T10:56:52-05:00,2026-09-26T15:56:52+00:00,Python SDK azure-iot-device (MQTT sobre WebSockets 443),DC-PASILLO-04,19.91,54.62,20.9,2026-09-26T15:56:50+00:00
2026-09-26T10:57:52-05:00,2026-09-26T15:57:52+00:00,Python SDK azure-iot-device (MQTT sobre WebSockets 443),DC-PASILLO-04,20.13,54.99,17.0,2026-09-26T15:57:52+00:00
2026-09-26T10:58:52-05:00,2026-09-26T15:58:52+00:00,Python SDK azure-iot-device (MQTT sobre WebSockets 443),DC-PASILLO-04,20.09,53.02,19.3,2026-09-26T15:58:52+00:00
2026-09-26T10:59:53-05:00,2026-09-26T15:59:53+00:00,Python SDK azure-iot-device (MQTT sobre WebSockets 443),DC-PASILLO-04,20.07,54.11,17.5,2026-09-26T15:59:52+00:00
2026-09-26T11:00:53-05:00,2026-09-26T16:00:53+00:00,Python SDK azure-iot-device (MQTT sobre WebSockets 443),DC-PASILLO-04,20.01,54.08,19.2,2026-09-26T16:00:53+00:00
2026-09-26T11:01:53-05:00,2026-09-26T16:01:53+00:00,Python SDK azure-iot-device (MQTT sobre WebSockets 443),DC-PASILLO-04,20.37,54.24,18.2,2026-09-26T16:01:53+00:00
2026-09-26T11:02:53-05:00,2026-09-26T16:02:53+00:00,Python SDK azure-iot-device (MQTT sobre WebSockets 443),DC-PASILLO-04,20.44,53.9,20.3,2026-09-26T16:02:53+00:00
2026-09-26T11:03:54-05:00,2026-09-26T16:03:54+00:00,Python SDK azure-iot-device (MQTT sobre WebSockets 443),DC-PASILLO-04,19.88,53.3,19.6,2026-09-26T16:03:53+00:00
2026-09-26T11:04:54-05:00,2026-09-26T16:04:54+00:00,Python SDK azure-iot-device (MQTT sobre WebSockets 443),DC-PASILLO-04,19.89,54.39,19.5,2026-09-26T16:04:54+00:00
2026-09-26T11:05:54-05:00,2026-09-26T16:05:54+00:00,Python SDK azure-iot-device (MQTT sobre WebSockets 443),DC-PASILLO-04,19.98,54.96,20.2,2026-09-26T16:05:54+00:00
2026-09-26T11:06:54-05:00,2026-09-26T16:06:54+00:00,Python SDK azure-iot-device (MQTT sobre WebSockets 443),DC-PASILLO-04,20.38,54.41,17.3,2026-09-26T16:06:54+00:00
2026-09-26T11:07:54-05:00,2026-09-26T16:07:54+00:00,Python SDK azure-iot-device (MQTT sobre WebSockets 443),DC-PASILLO-04,20.34,53.06,17.8,2026-09-26T16:07:54+00:00
2026-09-26T11:09:01-05:00,2026-09-26T16:09:01+00:00,Python SDK azure-iot-device (MQTT sobre WebSockets 443),DC-PASILLO-04,20.37,54.36,20.4,2026-09-26T16:08:57+00:00
2026-09-26T11:10:02-05:00,2026-09-26T16:10:02+00:00,Python SDK azure-iot-device (MQTT sobre WebSockets 443),DC-PASILLO-04,20.3,53.39,21.5,2026-09-26T16:10:02+00:00
2026-09-26T11:11:05-05:00,2026-09-26T16:11:05+00:00,Python SDK azure-iot-device (MQTT sobre WebSockets 443),DC-PASILLO-04,20.24,54.16,18.2,2026-09-26T16:11:04+00:00
2026-09-26T11:12:05-05:00,2026-09-26T16:12:05+00:00,Python SDK azure-iot-device (MQTT sobre WebSockets 443),DC-PASILLO-04,20.32,53.4,20.7,2026-09-26T16:12:05+00:00
2026-09-26T11:13:05-05:00,2026-09-26T16:13:05+00:00,Python SDK azure-iot-device (MQTT sobre WebSockets 443),DC-PASILLO-04,19.9,54.59,20.0,2026-09-26T16:13:05+00:00
2026-09-26T11:14:05-05:00,2026-09-26T16:14:05+00:00,Python SDK azure-iot-device (MQTT sobre WebSockets 443),DC-PASILLO-04,19.98,53.0,19.8,2026-09-26T16:14:05+00:00
2026-09-26T11:15:07-05:00,2026-09-26T16:15:07+00:00,Python SDK azure-iot-device (MQTT sobre WebSockets 443),DC-PASILLO-04,20.12,54.42,20.1,2026-09-26T16:15:07+00:00
2026-09-26T11:16:08-05:00,2026-09-26T16:16:08+00:00,Python SDK azure-iot-device (MQTT sobre WebSockets 443),DC-PASILLO-04,20.01,53.85,19.0,2026-09-26T16:16:08+00:00
2026-09-26T11:17:09-05:00,2026-09-26T16:17:09+00:00,Python SDK azure-iot-device (MQTT sobre WebSockets 443),DC-PASILLO-04,19.98,54.79,19.5,2026-09-26T16:17:08+00:00
2026-09-26T11:18:09-05:00,2026-09-26T16:18:09+00:00,Python SDK azure-iot-device (MQTT sobre WebSockets 443),DC-PASILLO-04,20.26,53.22,18.7,2026-09-26T16:18:09+00:00
2026-09-26T11:19:09-05:00,2026-09-26T16:19:09+00:00,Python SDK azure-iot-device (MQTT sobre WebSockets 443),DC-PASILLO-04,20.05,53.16,16.8,2026-09-26T16:19:09+00:00
2026-09-26T11:20:10-05:00,2026-09-26T16:20:10+00:00,Python SDK azure-iot-device (MQTT sobre WebSockets 443),DC-PASILLO-04,20.37,54.78,21.5,2026-09-26T16:20:09+00:00
2026-09-26T11:21:10-05:00,2026-09-26T16:21:10+00:00,Python SDK azure-iot-device (MQTT sobre WebSockets 443),DC-PASILLO-04,19.94,53.02,18.0,2026-09-26T16:21:10+00:00
2026-09-26T11:22:10-05:00,2026-09-26T16:22:10+00:00,Python SDK azure-iot-device (MQTT sobre WebSockets 443),DC-PASILLO-04,20.38,53.94,21.2,2026-09-26T16:22:10+00:00
2026-09-26T11:23:10-05:00,2026-09-26T16:23:10+00:00,Python SDK azure-iot-device (MQTT sobre WebSockets 443),DC-PASILLO-04,19.94,54.75,18.7,2026-09-26T16:23:10+00:00
2026-09-26T11:24:10-05:00,2026-09-26T16:24:10+00:00,Python SDK azure-iot-device (MQTT sobre WebSockets 443),DC-PASILLO-04,20.11,54.45,20.9,2026-09-26T16:24:10+00:00
2026-09-26T11:25:11-05:00,2026-09-26T16:25:11+00:00,Python SDK azure-iot-device (MQTT sobre WebSockets 443),DC-PASILLO-04,20.08,53.65,21.7,2026-09-26T16:25:10+00:00
2026-09-26T11:26:11-05:00,2026-09-26T16:26:11+00:00,Python SDK azure-iot-device (MQTT sobre WebSockets 443),DC-PASILLO-04,19.89,53.05,20.4,2026-09-26T16:26:11+00:00
2026-09-26T11:27:11-05:00,2026-09-26T16:27:11+00:00,Python SDK azure-iot-device (MQTT sobre WebSockets 443),DC-PASILLO-04,20.05,53.41,19.7,2026-09-26T16:27:11+00:00
2026-09-26T11:28:11-05:00,2026-09-26T16:28:11+00:00,Python SDK azure-iot-device (MQTT sobre WebSockets 443),DC-PASILLO-04,20.17,54.56,19.8,2026-09-26T16:28:11+00:00
2026-09-26T11:29:11-05:00,2026-09-26T16:29:11+00:00,Python SDK azure-iot-device (MQTT sobre WebSockets 443),DC-PASILLO-04,20.11,54.81,21.3,2026-09-26T16:29:11+00:00
2026-09-26T11:30:12-05:00,2026-09-26T16:30:12+00:00,Python SDK azure-iot-device (MQTT sobre WebSockets 443),DC-PASILLO-04,20.36,54.95,21.6,2026-09-26T16:30:11+00:00
2026-09-26T11:31:12-05:00,2026-09-26T16:31:12+00:00,Python SDK azure-iot-device (MQTT sobre WebSockets 443),DC-PASILLO-04,19.93,54.43,21.3,2026-09-26T16:31:12+00:00
2026-09-26T11:32:12-05:00,2026-09-26T16:32:12+00:00,Python SDK azure-iot-device (MQTT sobre WebSockets 443),DC-PASILLO-04,20.34,54.94,18.5,2026-09-26T16:32:12+00:00
2026-09-26T11:33:12-05:00,2026-09-26T16:33:12+00:00,Python SDK azure-iot-device (MQTT sobre WebSockets 443),DC-PASILLO-04,20.14,53.5,21.6,2026-09-26T16:33:12+00:00
2026-09-26T11:34:12-05:00,2026-09-26T16:34:12+00:00,Python SDK azure-iot-device (MQTT sobre WebSockets 443),DC-PASILLO-04,19.93,53.79,20.2,2026-09-26T16:34:12+00:00
2026-09-26T11:35:13-05:00,2026-09-26T16:35:13+00:00,Python SDK azure-iot-device (MQTT sobre WebSockets 443),DC-PASILLO-04,20.0,53.32,21.0,2026-09-26T16:35:12+00:00
2026-09-26T11:36:13-05:00,2026-09-26T16:36:13+00:00,Python SDK azure-iot-device (MQTT sobre WebSockets 443),DC-PASILLO-04,20.45,53.32,17.4,2026-09-26T16:36:13+00:00
2026-09-26T11:37:13-05:00,2026-09-26T16:37:13+00:00,Python SDK azure-iot-device (MQTT sobre WebSockets 443),DC-PASILLO-04,20.43,53.23,18.6,2026-09-26T16:37:13+00:00
2026-09-26T11:38:13-05:00,2026-09-26T16:38:13+00:00,Python SDK azure-iot-device (MQTT sobre WebSockets 443),DC-PASILLO-04,20.38,53.36,20.7,2026-09-26T16:38:13+00:00
2026-09-26T11:39:13-05:00,2026-09-26T16:39:13+00:00,Python SDK azure-iot-device (MQTT sobre WebSockets 443),DC-PASILLO-04,20.2,53.14,18.0,2026-09-26T16:39:13+00:00
2026-09-26T11:40:14-05:00,2026-09-26T16:40:14+00:00,Python SDK azure-iot-device (MQTT sobre WebSockets 443),DC-PASILLO-04,19.98,54.39,20.9,2026-09-26T16:40:13+00:00
2026-09-26T11:41:14-05:00,2026-09-26T16:41:14+00:00,Python SDK azure-iot-device (MQTT sobre WebSockets 443),DC-PASILLO-04,19.92,53.32,18.1,2026-09-26T16:41:14+00:00
2026-09-26T11:42:14-05:00,2026-09-26T16:42:14+00:00,Python SDK azure-iot-device (MQTT sobre WebSockets 443),DC-PASILLO-04,20.21,54.29,17.9,2026-09-26T16:42:14+00:00
2026-09-26T11:43:14-05:00,2026-09-26T16:43:14+00:00,Python SDK azure-iot-device (MQTT sobre WebSockets 443),DC-PASILLO-04,19.95,54.69,20.2,2026-09-26T16:43:14+00:00
2026-09-26T11:44:14-05:00,2026-09-26T16:44:14+00:00,Python SDK azure-iot-device (MQTT sobre WebSockets 443),DC-PASILLO-04,20.44,53.85,18.7,2026-09-26T16:44:14+00:00
2026-09-26T11:45:15-05:00,2026-09-26T16:45:15+00:00,Python SDK azure-iot-device (MQTT sobre WebSockets 443),DC-PASILLO-04,20.07,52.96,20.8,2026-09-26T16:45:14+00:00
2026-09-26T11:46:15-05:00,2026-09-26T16:46:15+00:00,Python SDK azure-iot-device (MQTT sobre WebSockets 443),DC-PASILLO-04,20.11,52.97,17.5,2026-09-26T16:46:15+00:00
2026-09-26T11:47:15-05:00,2026-09-26T16:47:15+00:00,Python SDK azure-iot-device (MQTT sobre WebSockets 443),DC-PASILLO-04,20.0,54.08,20.4,2026-09-26T16:47:15+00:00
2026-09-26T11:48:15-05:00,2026-09-26T16:48:15+00:00,Python SDK azure-iot-device (MQTT sobre WebSockets 443),DC-PASILLO-04,19.99,53.67,17.9,2026-09-26T16:48:15+00:00
2026-09-26T11:49:15-05:00,2026-09-26T16:49:15+00:00,Python SDK azure-iot-device (MQTT sobre WebSockets 443),DC-PASILLO-04,20.03,54.15,18.1,2026-09-26T16:49:15+00:00
2026-09-26T11:50:16-05:00,2026-09-26T16:50:16+00:00,Python SDK azure-iot-device (MQTT sobre WebSockets 443),DC-PASILLO-04,19.98,54.04,17.7,2026-09-26T16:50:15+00:00
2026-09-26T11:51:16-05:00,2026-09-26T16:51:16+00:00,Python SDK azure-iot-device (MQTT sobre WebSockets 443),DC-PASILLO-04,19.94,53.4,19.8,2026-09-26T16:51:16+00:00
2026-09-26T11:52:16-05:00,2026-09-26T16:52:16+00:00,Python SDK azure-iot-device (MQTT sobre WebSockets 443),DC-PASILLO-04,20.05,54.59,21.5,2026-09-26T16:52:16+00:00
2026-09-26T11:53:17-05:00,2026-09-26T16:53:17+00:00,Python SDK azure-iot-device (MQTT sobre WebSockets 443),DC-PASILLO-04,20.22,54.19,17.1,2026-09-26T16:53:17+00:00
2026-09-26T11:54:18-05:00,2026-09-26T16:54:18+00:00,Python SDK azure-iot-device (MQTT sobre WebSockets 443),DC-PASILLO-04,20.43,54.31,21.1,2026-09-26T16:54:17+00:00
2026-09-26T11:55:18-05:00,2026-09-26T16:55:18+00:00,Python SDK azure-iot-device (MQTT sobre WebSockets 443),DC-PASILLO-04,20.29,54.83,18.3,2026-09-26T16:55:18+00:00
2026-09-26T11:56:18-05:00,2026-09-26T16:56:18+00:00,Python SDK azure-iot-device (MQTT sobre WebSockets 443),DC-PASILLO-04,20.04,54.59,20.2,2026-09-26T16:56:18+00:00
2026-09-26T11:57:19-05:00,2026-09-26T16:57:19+00:00,Python SDK azure-iot-device (MQTT sobre WebSockets 443),DC-PASILLO-04,20.48,53.7,20.1,2026-09-26T16:57:19+00:00
2026-09-26T11:58:19-05:00,2026-09-26T16:58:19+00:00,Python SDK azure-iot-device (MQTT sobre WebSockets 443),DC-PASILLO-04,20.24,54.16,18.4,2026-09-26T16:58:19+00:00
2026-09-26T11:59:20-05:00,2026-09-26T16:59:20+00:00,Python SDK azure-iot-device (MQTT sobre WebSockets 443),DC-PASILLO-04,20.34,54.41,20.3,2026-09-26T16:59:19+00:00
2026-09-26T12:00:20-05:00,2026-09-26T17:00:20+00:00,Python SDK azure-iot-device (MQTT sobre WebSockets 443),DC-PASILLO-04,20.26,53.77,21.2,2026-09-26T17:00:20+00:00
2026-09-26T12:01:20-05:00,2026-09-26T17:01:20+00:00,Python SDK azure-iot-device (MQTT sobre WebSockets 443),DC-PASILLO-04,20.02,53.07,20.6,2026-09-26T17:01:20+00:00
2026-09-26T12:02:20-05:00,2026-09-26T17:02:20+00:00,Python SDK azure-iot-device (MQTT sobre WebSockets 443),DC-PASILLO-04,19.94,53.54,18.4,2026-09-26T17:02:20+00:00
2026-09-26T12:03:20-05:00,2026-09-26T17:03:20+00:00,Python SDK azure-iot-device (MQTT sobre WebSockets 443),DC-PASILLO-04,20.37,54.14,18.5,2026-09-26T17:03:20+00:00
2026-09-26T12:04:21-05:00,2026-09-26T17:04:21+00:00,Python SDK azure-iot-device (MQTT sobre WebSockets 443),DC-PASILLO-04,20.01,54.0,17.7,2026-09-26T17:04:20+00:00
2026-09-26T12:05:26-05:00,2026-09-26T17:05:26+00:00,Python SDK azure-iot-device (MQTT sobre WebSockets 443),DC-PASILLO-04,20.06,53.74,18.5,2026-09-26T17:05:25+00:00
2026-09-26T12:06:26-05:00,2026-09-26T17:06:26+00:00,Python SDK azure-iot-device (MQTT sobre WebSockets 443),DC-PASILLO-04,20.26,53.3,20.6,2026-09-26T17:06:26+00:00
2026-09-26T12:07:26-05:00,2026-09-26T17:07:26+00:00,Python SDK azure-iot-device (MQTT sobre WebSockets 443),DC-PASILLO-04,20.25,53.68,18.8,2026-09-26T17:07:26+00:00
2026-09-26T12:08:26-05:00,2026-09-26T17:08:26+00:00,Python SDK azure-iot-device (MQTT sobre WebSockets 443),DC-PASILLO-04,20.29,54.56,20.5,2026-09-26T17:08:26+00:00
2026-09-26T12:09:27-05:00,2026-09-26T17:09:27+00:00,Python SDK azure-iot-device (MQTT sobre WebSockets 443),DC-PASILLO-04,20.37,53.7,17.7,2026-09-26T17:09:26+00:00
2026-09-26T12:10:27-05:00,2026-09-26T17:10:27+00:00,Python SDK azure-iot-device (MQTT sobre WebSockets 443),DC-PASILLO-04,20.33,53.29,21.5,2026-09-26T17:10:27+00:00
2026-09-26T12:11:27-05:00,2026-09-26T17:11:27+00:00,Python SDK azure-iot-device (MQTT sobre WebSockets 443),DC-PASILLO-04,20.15,54.61,18.6,2026-09-26T17:11:27+00:00
2026-09-26T12:12:27-05:00,2026-09-26T17:12:27+00:00,Python SDK azure-iot-device (MQTT sobre WebSockets 443),DC-PASILLO-04,20.1,53.05,19.3,2026-09-26T17:12:27+00:00
2026-09-26T12:13:28-05:00,2026-09-26T17:13:28+00:00,Python SDK azure-iot-device (MQTT sobre WebSockets 443),DC-PASILLO-04,19.98,53.06,19.3,2026-09-26T17:13:27+00:00
2026-09-26T12:14:28-05:00,2026-09-26T17:14:28+00:00,Python SDK azure-iot-device (MQTT sobre WebSockets 443),DC-PASILLO-04,20.12,54.34,19.6,2026-09-26T17:14:28+00:00
2026-09-26T12:15:28-05:00,2026-09-26T17:15:28+00:00,Python SDK azure-iot-device (MQTT sobre WebSockets 443),DC-PASILLO-04,20.35,53.02,21.4,2026-09-26T17:15:28+00:00
2026-09-26T12:16:28-05:00,2026-09-26T17:16:28+00:00,Python SDK azure-iot-device (MQTT sobre WebSockets 443),DC-PASILLO-04,19.95,53.64,20.6,2026-09-26T17:16:28+00:00
2026-09-26T12:17:28-05:00,2026-09-26T17:17:28+00:00,Python SDK azure-iot-device (MQTT sobre WebSockets 443),DC-PASILLO-04,19.97,54.44,20.6,2026-09-26T17:17:28+00:00
2026-09-26T12:18:29-05:00,2026-09-26T17:18:29+00:00,Python SDK azure-iot-device (MQTT sobre WebSockets 443),DC-PASILLO-04,20.11,52.99,19.1,2026-09-26T17:18:28+00:00
2026-09-26T12:19:29-05:00,2026-09-26T17:19:29+00:00,Python SDK azure-iot-device (MQTT sobre WebSockets 443),DC-PASILLO-04,20.06,54.69,21.7,2026-09-26T17:19:29+00:00
2026-09-26T12:20:29-05:00,2026-09-26T17:20:29+00:00,Python SDK azure-iot-device (MQTT sobre WebSockets 443),DC-PASILLO-04,20.48,54.19,19.3,2026-09-26T17:20:29+00:00
2026-09-26T12:21:29-05:00,2026-09-26T17:21:29+00:00,Python SDK azure-iot-device (MQTT sobre WebSockets 443),DC-PASILLO-04,20.52,54.7,21.0,2026-09-26T17:21:29+00:00
2026-09-26T12:22:29-05:00,2026-09-26T17:22:29+00:00,Python SDK azure-iot-device (MQTT sobre WebSockets 443),DC-PASILLO-04,20.32,53.7,21.1,2026-09-26T17:22:29+00:00
2026-09-26T12:23:30-05:00,2026-09-26T17:23:30+00:00,Python SDK azure-iot-device (MQTT sobre WebSockets 443),DC-PASILLO-04,19.99,53.49,19.4,2026-09-26T17:23:30+00:00
2026-09-26T12:24:30-05:00,2026-09-26T17:24:30+00:00,Python SDK azure-iot-device (MQTT sobre WebSockets 443),DC-PASILLO-04,19.93,54.6,19.1,2026-09-26T17:24:30+00:00
2026-09-26T12:25:30-05:00,2026-09-26T17:25:30+00:00,Python SDK azure-iot-device (MQTT sobre WebSockets 443),DC-PASILLO-04,20.34,54.23,20.8,2026-09-26T17:25:30+00:00
2026-09-26T12:26:30-05:00,2026-09-26T17:26:30+00:00,Python SDK azure-iot-device (MQTT sobre WebSockets 443),DC-PASILLO-04,20.03,53.24,19.6,2026-09-26T17:26:30+00:00
2026-09-26T12:27:31-05:00,2026-09-26T17:27:31+00:00,Python SDK azure-iot-device (MQTT sobre WebSockets 443),DC-PASILLO-04,19.97,54.58,18.7,2026-09-26T17:27:30+00:00
2026-09-26T12:28:31-05:00,2026-09-26T17:28:31+00:00,Python SDK azure-iot-device (MQTT sobre WebSockets 443),DC-PASILLO-04,19.93,53.41,17.6,2026-09-26T17:28:31+00:00
2026-09-26T12:29:31-05:00,2026-09-26T17:29:31+00:00,Python SDK azure-iot-device (MQTT sobre WebSockets 443),DC-PASILLO-04,20.51,54.08,19.9,2026-09-26T17:29:31+00:00
2026-09-26T12:30:31-05:00,2026-09-26T17:30:31+00:00,Python SDK azure-iot-device (MQTT sobre WebSockets 443),DC-PASILLO-04,20.22,54.3,18.4,2026-09-26T17:30:31+00:00
2026-09-26T12:31:31-05:00,2026-09-26T17:31:31+00:00,Python SDK azure-iot-device (MQTT sobre WebSockets 443),DC-PASILLO-04,20.09,54.41,19.6,2026-09-26T17:31:31+00:00
2026-09-26T12:32:32-05:00,2026-09-26T17:32:32+00:00,Python SDK azure-iot-device (MQTT sobre WebSockets 443),DC-PASILLO-04,20.48,53.91,20.8,2026-09-26T17:32:31+00:00
2026-09-26T12:33:32-05:00,2026-09-26T17:33:32+00:00,Python SDK azure-iot-device (MQTT sobre WebSockets 443),DC-PASILLO-04,20.51,53.54,21.0,2026-09-26T17:33:32+00:00
2026-09-26T12:34:32-05:00,2026-09-26T17:34:32+00:00,Python SDK azure-iot-device (MQTT sobre WebSockets 443),DC-PASILLO-04,19.99,53.79,20.8,2026-09-26T17:34:32+00:00
2026-09-26T12:35:32-05:00,2026-09-26T17:35:32+00:00,Python SDK azure-iot-device (MQTT sobre WebSockets 443),DC-PASILLO-04,20.45,53.89,18.2,2026-09-26T17:35:32+00:00
2026-09-26T12:36:32-05:00,2026-09-26T17:36:32+00:00,Python SDK azure-iot-device (MQTT sobre WebSockets 443),DC-PASILLO-04,19.98,53.77,16.9,2026-09-26T17:36:32+00:00
2026-09-26T12:37:33-05:00,2026-09-26T17:37:33+00:00,Python SDK azure-iot-device (MQTT sobre WebSockets 443),DC-PASILLO-04,20.41,52.86,17.9,2026-09-26T17:37:32+00:00
2026-09-26T12:38:33-05:00,2026-09-26T17:38:33+00:00,Python SDK azure-iot-device (MQTT sobre WebSockets 443),DC-PASILLO-04,20.2,53.63,17.5,2026-09-26T17:38:33+00:00
2026-09-26T12:39:33-05:00,2026-09-26T17:39:33+00:00,Python SDK azure-iot-device (MQTT sobre WebSockets 443),DC-PASILLO-04,20.45,54.03,18.1,2026-09-26T17:39:33+00:00
2026-09-26T12:40:33-05:00,2026-09-26T17:40:33+00:00,Python SDK azure-iot-device (MQTT sobre WebSockets 443),DC-PASILLO-04,20.3,53.12,20.8,2026-09-26T17:40:33+00:00
2026-09-26T12:41:34-05:00,2026-09-26T17:41:34+00:00,Python SDK azure-iot-device (MQTT sobre WebSockets 443),DC-PASILLO-04,20.28,53.2,19.5,2026-09-26T17:41:33+00:00
2026-09-26T12:42:34-05:00,2026-09-26T17:42:34+00:00,Python SDK azure-iot-device (MQTT sobre WebSockets 443),DC-PASILLO-04,20.07,52.74,19.0,2026-09-26T17:42:34+00:00
2026-09-26T12:43:34-05:00,2026-09-26T17:43:34+00:00,Python SDK azure-iot-device (MQTT sobre WebSockets 443),DC-PASILLO-04,20.14,53.42,20.3,2026-09-26T17:43:34+00:00
2026-09-26T12:44:34-05:00,2026-09-26T17:44:34+00:00,Python SDK azure-iot-device (MQTT sobre WebSockets 443),DC-PASILLO-04,20.37,52.92,18.3,2026-09-26T17:44:34+00:00
2026-09-26T12:45:34-05:00,2026-09-26T17:45:34+00:00,Python SDK azure-iot-device (MQTT sobre WebSockets 443),DC-PASILLO-04,20.26,53.21,20.6,2026-09-26T17:45:34+00:00
2026-09-26T12:46:35-05:00,2026-09-26T17:46:35+00:00,Python SDK azure-iot-device (MQTT sobre WebSockets 443),DC-PASILLO-04,20.08,53.39,18.5,2026-09-26T17:46:34+00:00
2026-09-26T12:47:35-05:00,2026-09-26T17:47:35+00:00,Python SDK azure-iot-device (MQTT sobre WebSockets 443),DC-PASILLO-04,20.38,53.28,21.9,2026-09-26T17:47:35+00:00
2026-09-26T12:48:35-05:00,2026-09-26T17:48:35+00:00,Python SDK azure-iot-device (MQTT sobre WebSockets 443),DC-PASILLO-04,20.09,53.6,17.6,2026-09-26T17:48:35+00:00
2026-09-26T12:49:35-05:00,2026-09-26T17:49:35+00:00,Python SDK azure-iot-device (MQTT sobre WebSockets 443),DC-PASILLO-04,20.09,53.77,18.3,2026-09-26T17:49:35+00:00
2026-09-26T12:50:43-05:00,2026-09-26T17:50:43+00:00,Python SDK azure-iot-device (MQTT sobre WebSockets 443),DC-PASILLO-04,20.03,52.67,18.8,2026-09-26T17:50:43+00:00
2026-09-26T12:51:43-05:00,2026-09-26T17:51:43+00:00,Python SDK azure-iot-device (MQTT sobre WebSockets 443),DC-PASILLO-04,20.14,53.14,17.3,2026-09-26T17:51:43+00:00
2026-09-26T12:52:43-05:00,2026-09-26T17:52:43+00:00,Python SDK azure-iot-device (MQTT sobre WebSockets 443),DC-PASILLO-04,20.27,53.15,17.5,2026-09-26T17:52:43+00:00
2026-09-26T12:53:44-05:00,2026-09-26T17:53:44+00:00,Python SDK azure-iot-device (MQTT sobre WebSockets 443),DC-PASILLO-04,20.04,53.6,18.4,2026-09-26T17:53:44+00:00
2026-09-26T12:54:44-05:00,2026-09-26T17:54:44+00:00,Python SDK azure-iot-device (MQTT sobre WebSockets 443),DC-PASILLO-04,20.15,54.31,19.7,2026-09-26T17:54:44+00:00
2026-09-26T12:55:44-05:00,2026-09-26T17:55:44+00:00,Python SDK azure-iot-device (MQTT sobre WebSockets 443),DC-PASILLO-04,20.31,53.73,21.3,2026-09-26T17:55:44+00:00
2026-09-26T12:56:44-05:00,2026-09-26T17:56:44+00:00,Python SDK azure-iot-device (MQTT sobre WebSockets 443),DC-PASILLO-04,19.99,52.93,19.4,2026-09-26T17:56:44+00:00
2026-09-26T12:57:45-05:00,2026-09-26T17:57:45+00:00,Python SDK azure-iot-device (MQTT sobre WebSockets 443),DC-PASILLO-04,20.05,53.17,17.5,2026-09-26T17:57:44+00:00
2026-09-26T12:58:45-05:00,2026-09-26T17:58:45+00:00,Python SDK azure-iot-device (MQTT sobre WebSockets 443),DC-PASILLO-04,20.43,53.51,18.0,2026-09-26T17:58:45+00:00
2026-09-26T12:59:45-05:00,2026-09-26T17:59:45+00:00,Python SDK azure-iot-device (MQTT sobre WebSockets 443),DC-PASILLO-04,20.03,53.32,21.2,2026-09-26T17:59:45+00:00
2026-09-26T13:00:45-05:00,2026-09-26T18:00:45+00:00,Python SDK azure-iot-device (MQTT sobre WebSockets 443),DC-PASILLO-04,20.4,54.22,19.5,2026-09-26T18:00:45+00:00
2026-09-26T13:01:46-05:00,2026-09-26T18:01:46+00:00,Python SDK azure-iot-device (MQTT sobre WebSockets 443),DC-PASILLO-04,20.11,52.49,18.7,2026-09-26T18:01:45+00:00
2026-09-26T13:02:46-05:00,2026-09-26T18:02:46+00:00,Python SDK azure-iot-device (MQTT sobre WebSockets 443),DC-PASILLO-04,20.2,53.47,20.3,2026-09-26T18:02:46+00:00
2026-09-26T13:03:46-05:00,2026-09-26T18:03:46+00:00,Python SDK azure-iot-device (MQTT sobre WebSockets 443),DC-PASILLO-04,20.24,52.48,21.6,2026-09-26T18:03:46+00:00
2026-09-26T13:04:46-05:00,2026-09-26T18:04:46+00:00,Python SDK azure-iot-device (MQTT sobre WebSockets 443),DC-PASILLO-04,20.13,53.44,18.4,2026-09-26T18:04:46+00:00
2026-09-26T13:05:47-05:00,2026-09-26T18:05:47+00:00,Python SDK azure-iot-device (MQTT sobre WebSockets 443),DC-PASILLO-04,20.46,52.92,20.0,2026-09-26T18:05:46+00:00
2026-09-26T13:06:47-05:00,2026-09-26T18:06:47+00:00,Python SDK azure-iot-device (MQTT sobre WebSockets 443),DC-PASILLO-04,20.06,52.76,21.2,2026-09-26T18:06:47+00:00
2026-09-26T13:07:47-05:00,2026-09-26T18:07:47+00:00,Python SDK azure-iot-device (MQTT sobre WebSockets 443),DC-PASILLO-04,19.95,53.32,17.2,2026-09-26T18:07:47+00:00
2026-09-26T13:08:48-05:00,2026-09-26T18:08:48+00:00,Python SDK azure-iot-device (MQTT sobre WebSockets 443),DC-PASILLO-04,20.52,52.86,18.6,2026-09-26T18:08:48+00:00
2026-09-26T13:09:49-05:00,2026-09-26T18:09:49+00:00,Python SDK azure-iot-device (MQTT sobre WebSockets 443),DC-PASILLO-04,20.11,54.2,21.2,2026-09-26T18:09:48+00:00
2026-09-26T13:10:49-05:00,2026-09-26T18:10:49+00:00,Python SDK azure-iot-device (MQTT sobre WebSockets 443),DC-PASILLO-04,20.21,54.32,20.6,2026-09-26T18:10:49+00:00
2026-09-26T13:11:49-05:00,2026-09-26T18:11:49+00:00,Python SDK azure-iot-device (MQTT sobre WebSockets 443),DC-PASILLO-04,20.11,52.52,18.0,2026-09-26T18:11:49+00:00
2026-09-26T13:12:49-05:00,2026-09-26T18:12:49+00:00,Python SDK azure-iot-device (MQTT sobre WebSockets 443),DC-PASILLO-04,20.1,53.21,20.8,2026-09-26T18:12:49+00:00
2026-09-26T13:13:49-05:00,2026-09-26T18:13:49+00:00,Python SDK azure-iot-device (MQTT sobre WebSockets 443),DC-PASILLO-04,19.94,52.44,19.2,2026-09-26T18:13:49+00:00
2026-09-26T13:14:50-05:00,2026-09-26T18:14:50+00:00,Python SDK azure-iot-device (MQTT sobre WebSockets 443),DC-PASILLO-04,19.94,54.02,22.0,2026-09-26T18:14:49+00:00
2026-09-26T13:15:50-05:00,2026-09-26T18:15:50+00:00,Python SDK azure-iot-device (MQTT sobre WebSockets 443),DC-PASILLO-04,20.09,53.22,19.2,2026-09-26T18:15:50+00:00
2026-09-26T13:16:50-05:00,2026-09-26T18:16:50+00:00,Python SDK azure-iot-device (MQTT sobre WebSockets 443),DC-PASILLO-04,20.21,54.09,21.5,2026-09-26T18:16:50+00:00
2026-09-26T13:17:50-05:00,2026-09-26T18:17:50+00:00,Python SDK azure-iot-device (MQTT sobre WebSockets 443),DC-PASILLO-04,20.2,53.65,17.8,2026-09-26T18:17:50+00:00
2026-09-26T13:18:50-05:00,2026-09-26T18:18:50+00:00,Python SDK azure-iot-device (MQTT sobre WebSockets 443),DC-PASILLO-04,20.28,52.79,19.4,2026-09-26T18:18:50+00:00
2026-09-26T13:19:51-05:00,2026-09-26T18:19:51+00:00,Python SDK azure-iot-device (MQTT sobre WebSockets 443),DC-PASILLO-04,20.26,53.79,19.6,2026-09-26T18:19:50+00:00
2026-09-26T13:20:51-05:00,2026-09-26T18:20:51+00:00,Python SDK azure-iot-device (MQTT sobre WebSockets 443),DC-PASILLO-04,20.43,53.72,17.7,2026-09-26T18:20:51+00:00
2026-09-26T13:21:51-05:00,2026-09-26T18:21:51+00:00,Python SDK azure-iot-device (MQTT sobre WebSockets 443),DC-PASILLO-04,20.51,54.19,18.0,2026-09-26T18:21:51+00:00
2026-09-26T13:22:51-05:00,2026-09-26T18:22:51+00:00,Python SDK azure-iot-device (MQTT sobre WebSockets 443),DC-PASILLO-04,20.3,53.81,17.6,2026-09-26T18:22:51+00:00
2026-09-26T13:23:51-05:00,2026-09-26T18:23:51+00:00,Python SDK azure-iot-device (MQTT sobre WebSockets 443),DC-PASILLO-04,20.19,54.22,20.2,2026-09-26T18:23:51+00:00
2026-09-26T13:24:52-05:00,2026-09-26T18:24:52+00:00,Python SDK azure-iot-device (MQTT sobre WebSockets 443),DC-PASILLO-04,20.47,53.56,18.0,2026-09-26T18:24:51+00:00
2026-09-26T13:25:52-05:00,2026-09-26T18:25:52+00:00,Python SDK azure-iot-device (MQTT sobre WebSockets 443),DC-PASILLO-04,20.38,53.02,21.9,2026-09-26T18:25:52+00:00
2026-09-26T13:26:52-05:00,2026-09-26T18:26:52+00:00,Python SDK azure-iot-device (MQTT sobre WebSockets 443),DC-PASILLO-04,20.09,52.72,20.9,2026-09-26T18:26:52+00:00
2026-09-26T13:27:52-05:00,2026-09-26T18:27:52+00:00,Python SDK azure-iot-device (MQTT sobre WebSockets 443),DC-PASILLO-04,20.5,54.04,18.9,2026-09-26T18:27:52+00:00
2026-09-26T13:28:52-05:00,2026-09-26T18:28:52+00:00,Python SDK azure-iot-device (MQTT sobre WebSockets 443),DC-PASILLO-04,20.11,53.43,20.6,2026-09-26T18:28:52+00:00
2026-09-26T13:29:53-05:00,2026-09-26T18:29:53+00:00,Python SDK azure-iot-device (MQTT sobre WebSockets 443),DC-PASILLO-04,20.07,52.36,21.6,2026-09-26T18:29:52+00:00
2026-09-26T13:30:53-05:00,2026-09-26T18:30:53+00:00,Python SDK azure-iot-device (MQTT sobre WebSockets 443),DC-PASILLO-04,20.21,52.73,20.2,2026-09-26T18:30:53+00:00
2026-09-26T13:31:53-05:00,2026-09-26T18:31:53+00:00,Python SDK azure-iot-device (MQTT sobre WebSockets 443),DC-PASILLO-04,20.06,52.93,18.3,2026-09-26T18:31:53+00:00
2026-09-26T13:32:53-05:00,2026-09-26T18:32:53+00:00,Python SDK azure-iot-device (MQTT sobre WebSockets 443),DC-PASILLO-04,20.09,52.94,21.4,2026-09-26T18:32:53+00:00
2026-09-26T13:33:57-05:00,2026-09-26T18:33:57+00:00,Python SDK azure-iot-device (MQTT sobre WebSockets 443),DC-PASILLO-04,20.27,52.38,19.2,2026-09-26T18:33:55+00:00
2026-09-26T13:34:57-05:00,2026-09-26T18:34:57+00:00,Python SDK azure-iot-device (MQTT sobre WebSockets 443),DC-PASILLO-04,20.16,52.46,18.9,2026-09-26T18:34:57+00:00
2026-09-26T13:35:59-05:00,2026-09-26T18:35:59+00:00,Python SDK azure-iot-device (MQTT sobre WebSockets 443),DC-PASILLO-04,20.34,52.91,18.2,2026-09-26T18:35:58+00:00
2026-09-26T13:37:01-05:00,2026-09-26T18:37:01+00:00,Python SDK azure-iot-device (MQTT sobre WebSockets 443),DC-PASILLO-04,20.09,53.98,21.8,2026-09-26T18:37:01+00:00
2026-09-26T13:38:02-05:00,2026-09-26T18:38:02+00:00,Python SDK azure-iot-device (MQTT sobre WebSockets 443),DC-PASILLO-04,20.54,52.29,17.5,2026-09-26T18:38:01+00:00
2026-09-26T13:39:02-05:00,2026-09-26T18:39:02+00:00,Python SDK azure-iot-device (MQTT sobre WebSockets 443),DC-PASILLO-04,20.5,53.0,18.3,2026-09-26T18:39:02+00:00
2026-09-26T13:40:02-05:00,2026-09-26T18:40:02+00:00,Python SDK azure-iot-device (MQTT sobre WebSockets 443),DC-PASILLO-04,20.46,52.41,21.5,2026-09-26T18:40:02+00:00
2026-09-26T13:41:02-05:00,2026-09-26T18:41:02+00:00,Python SDK azure-iot-device (MQTT sobre WebSockets 443),DC-PASILLO-04,20.04,52.72,21.5,2026-09-26T18:41:02+00:00
2026-09-26T13:42:02-05:00,2026-09-26T18:42:02+00:00,Python SDK azure-iot-device (MQTT sobre WebSockets 443),DC-PASILLO-04,20.28,53.67,21.4,2026-09-26T18:42:02+00:00
2026-09-26T13:43:03-05:00,2026-09-26T18:43:03+00:00,Python SDK azure-iot-device (MQTT sobre WebSockets 443),DC-PASILLO-04,20.15,53.74,18.9,2026-09-26T18:43:02+00:00
2026-09-26T13:44:03-05:00,2026-09-26T18:44:03+00:00,Python SDK azure-iot-device (MQTT sobre WebSockets 443),DC-PASILLO-04,20.06,52.8,20.2,2026-09-26T18:44:03+00:00
2026-09-26T13:45:03-05:00,2026-09-26T18:45:03+00:00,Python SDK azure-iot-device (MQTT sobre WebSockets 443),DC-PASILLO-04,20.0,53.09,21.9,2026-09-26T18:45:03+00:00
2026-09-26T13:46:03-05:00,2026-09-26T18:46:03+00:00,Python SDK azure-iot-device (MQTT sobre WebSockets 443),DC-PASILLO-04,20.18,52.96,17.3,2026-09-26T18:46:03+00:00
2026-09-26T13:47:03-05:00,2026-09-26T18:47:03+00:00,Python SDK azure-iot-device (MQTT sobre WebSockets 443),DC-PASILLO-04,20.44,53.63,21.9,2026-09-26T18:47:03+00:00
2026-09-26T13:48:03-05:00,2026-09-26T18:48:03+00:00,Python SDK azure-iot-device (MQTT sobre WebSockets 443),DC-PASILLO-04,20.05,52.55,22.1,2026-09-26T18:48:03+00:00
2026-09-26T13:49:04-05:00,2026-09-26T18:49:04+00:00,Python SDK azure-iot-device (MQTT sobre WebSockets 443),DC-PASILLO-04,20.12,52.9,19.3,2026-09-26T18:49:03+00:00
2026-09-26T13:50:04-05:00,2026-09-26T18:50:04+00:00,Python SDK azure-iot-device (MQTT sobre WebSockets 443),DC-PASILLO-04,20.37,53.05,17.6,2026-09-26T18:50:04+00:00
2026-09-26T13:51:04-05:00,2026-09-26T18:51:04+00:00,Python SDK azure-iot-device (MQTT sobre WebSockets 443),DC-PASILLO-04,20.48,53.69,19.9,2026-09-26T18:51:04+00:00
2026-09-26T13:52:04-05:00,2026-09-26T18:52:04+00:00,Python SDK azure-iot-device (MQTT sobre WebSockets 443),DC-PASILLO-04,20.14,52.6,18.0,2026-09-26T18:52:04+00:00
2026-09-26T13:53:04-05:00,2026-09-26T18:53:04+00:00,Python SDK azure-iot-device (MQTT sobre WebSockets 443),DC-PASILLO-04,20.53,53.06,19.5,2026-09-26T18:53:04+00:00
2026-09-26T13:54:05-05:00,2026-09-26T18:54:05+00:00,Python SDK azure-iot-device (MQTT sobre WebSockets 443),DC-PASILLO-04,19.98,52.4,17.6,2026-09-26T18:54:04+00:00
2026-09-26T13:55:05-05:00,2026-09-26T18:55:05+00:00,Python SDK azure-iot-device (MQTT sobre WebSockets 443),DC-PASILLO-04,20.08,52.69,17.4,2026-09-26T18:55:05+00:00
2026-09-26T13:56:05-05:00,2026-09-26T18:56:05+00:00,Python SDK azure-iot-device (MQTT sobre WebSockets 443),DC-PASILLO-04,20.05,53.43,18.9,2026-09-26T18:56:05+00:00
2026-09-26T13:57:05-05:00,2026-09-26T18:57:05+00:00,Python SDK azure-iot-device (MQTT sobre WebSockets 443),DC-PASILLO-04,20.31,52.86,19.4,2026-09-26T18:57:05+00:00
2026-09-26T13:58:06-05:00,2026-09-26T18:58:06+00:00,Python SDK azure-iot-device (MQTT sobre WebSockets 443),DC-PASILLO-04,19.98,53.38,21.0,2026-09-26T18:58:05+00:00
2026-09-26T13:59:06-05:00,2026-09-26T18:59:06+00:00,Python SDK azure-iot-device (MQTT sobre WebSockets 443),DC-PASILLO-04,20.56,53.65,20.5,2026-09-26T18:59:06+00:00
2026-09-26T14:00:06-05:00,2026-09-26T19:00:06+00:00,Python SDK azure-iot-device (MQTT sobre WebSockets 443),DC-PASILLO-04,20.19,53.32,18.1,2026-09-26T19:00:06+00:00
2026-09-26T14:01:06-05:00,2026-09-26T19:01:06+00:00,Python SDK azure-iot-device (MQTT sobre WebSockets 443),DC-PASILLO-04,20.27,52.16,18.5,2026-09-26T19:01:06+00:00
2026-09-26T14:02:06-05:00,2026-09-26T19:02:06+00:00,Python SDK azure-iot-device (MQTT sobre WebSockets 443),DC-PASILLO-04,20.04,53.28,22.0,2026-09-26T19:02:06+00:00
2026-09-26T14:03:06-05:00,2026-09-26T19:03:06+00:00,Python SDK azure-iot-device (MQTT sobre WebSockets 443),DC-PASILLO-04,20.12,52.24,19.6,2026-09-26T19:03:06+00:00
2026-09-26T14:04:07-05:00,2026-09-26T19:04:07+00:00,Python SDK azure-iot-device (MQTT sobre WebSockets 443),DC-PASILLO-04,20.38,52.52,21.1,2026-09-26T19:04:07+00:00
2026-09-26T14:05:07-05:00,2026-09-26T19:05:07+00:00,Python SDK azure-iot-device (MQTT sobre WebSockets 443),DC-PASILLO-04,20.11,52.7,22.0,2026-09-26T19:05:07+00:00
2026-09-26T14:06:07-05:00,2026-09-26T19:06:07+00:00,Python SDK azure-iot-device (MQTT sobre WebSockets 443),DC-PASILLO-04,20.05,52.61,18.2,2026-09-26T19:06:07+00:00
2026-09-26T14:07:07-05:00,2026-09-26T19:07:07+00:00,Python SDK azure-iot-device (MQTT sobre WebSockets 443),DC-PASILLO-04,20.26,52.95,18.1,2026-09-26T19:07:07+00:00
2026-09-26T14:08:08-05:00,2026-09-26T19:08:08+00:00,Python SDK azure-iot-device (MQTT sobre WebSockets 443),DC-PASILLO-04,20.34,52.92,19.9,2026-09-26T19:08:07+00:00
2026-09-26T14:09:08-05:00,2026-09-26T19:09:08+00:00,Python SDK azure-iot-device (MQTT sobre WebSockets 443),DC-PASILLO-04,20.51,52.75,18.5,2026-09-26T19:09:08+00:00
2026-09-26T14:10:08-05:00,2026-09-26T19:10:08+00:00,Python SDK azure-iot-device (MQTT sobre WebSockets 443),DC-PASILLO-04,20.23,51.73,17.9,2026-09-26T19:10:08+00:00
2026-09-26T14:11:08-05:00,2026-09-26T19:11:08+00:00,Python SDK azure-iot-device (MQTT sobre WebSockets 443),DC-PASILLO-04,20.28,53.46,18.7,2026-09-26T19:11:08+00:00
2026-09-26T14:12:08-05:00,2026-09-26T19:12:08+00:00,Python SDK azure-iot-device (MQTT sobre WebSockets 443),DC-PASILLO-04,20.21,53.27,18.8,2026-09-26T19:12:08+00:00
2026-09-26T14:13:08-05:00,2026-09-26T19:13:08+00:00,Python SDK azure-iot-device (MQTT sobre WebSockets 443),DC-PASILLO-04,20.15,51.92,18.7,2026-09-26T19:13:08+00:00
2026-09-26T14:14:09-05:00,2026-09-26T19:14:09+00:00,Python SDK azure-iot-device (MQTT sobre WebSockets 443),DC-PASILLO-04,20.44,53.18,21.3,2026-09-26T19:14:08+00:00
2026-09-26T14:15:09-05:00,2026-09-26T19:15:09+00:00,Python SDK azure-iot-device (MQTT sobre WebSockets 443),DC-PASILLO-04,20.22,51.74,21.6,2026-09-26T19:15:09+00:00
2026-09-26T14:16:09-05:00,2026-09-26T19:16:09+00:00,Python SDK azure-iot-device (MQTT sobre WebSockets 443),DC-PASILLO-04,20.33,53.4,21.0,2026-09-26T19:16:09+00:00
2026-09-26T14:17:10-05:00,2026-09-26T19:17:10+00:00,Python SDK azure-iot-device (MQTT sobre WebSockets 443),DC-PASILLO-04,20.1,52.67,19.3,2026-09-26T19:17:09+00:00
2026-09-26T14:18:10-05:00,2026-09-26T19:18:10+00:00,Python SDK azure-iot-device (MQTT sobre WebSockets 443),DC-PASILLO-04,20.35,52.48,19.0,2026-09-26T19:18:10+00:00
2026-09-26T14:19:10-05:00,2026-09-26T19:19:10+00:00,Python SDK azure-iot-device (MQTT sobre WebSockets 443),DC-PASILLO-04,20.04,52.81,21.3,2026-09-26T19:19:10+00:00
2026-09-26T14:20:11-05:00,2026-09-26T19:20:11+00:00,Python SDK azure-iot-device (MQTT sobre WebSockets 443),DC-PASILLO-04,20.16,52.04,19.4,2026-09-26T19:20:10+00:00
2026-09-26T14:21:11-05:00,2026-09-26T19:21:11+00:00,Python SDK azure-iot-device (MQTT sobre WebSockets 443),DC-PASILLO-04,20.54,51.93,17.5,2026-09-26T19:21:11+00:00
2026-09-26T14:22:11-05:00,2026-09-26T19:22:11+00:00,Python SDK azure-iot-device (MQTT sobre WebSockets 443),DC-PASILLO-04,20.45,53.06,21.9,2026-09-26T19:22:11+00:00
2026-09-26T14:23:11-05:00,2026-09-26T19:23:11+00:00,Python SDK azure-iot-device (MQTT sobre WebSockets 443),DC-PASILLO-04,20.3,52.06,20.5,2026-09-26T19:23:11+00:00
2026-09-26T14:24:12-05:00,2026-09-26T19:24:12+00:00,Python SDK azure-iot-device (MQTT sobre WebSockets 443),DC-PASILLO-04,20.5,51.96,22.2,2026-09-26T19:24:11+00:00
2026-09-26T14:25:12-05:00,2026-09-26T19:25:12+00:00,Python SDK azure-iot-device (MQTT sobre WebSockets 443),DC-PASILLO-04,20.42,52.61,19.7,2026-09-26T19:25:12+00:00
2026-09-26T14:26:12-05:00,2026-09-26T19:26:12+00:00,Python SDK azure-iot-device (MQTT sobre WebSockets 443),DC-PASILLO-04,20.26,53.2,18.7,2026-09-26T19:26:12+00:00
2026-09-26T14:27:12-05:00,2026-09-26T19:27:12+00:00,Python SDK azure-iot-device (MQTT sobre WebSockets 443),DC-PASILLO-04,20.21,52.66,17.9,2026-09-26T19:27:12+00:00
2026-09-26T14:28:13-05:00,2026-09-26T19:28:13+00:00,Python SDK azure-iot-device (MQTT sobre WebSockets 443),DC-PASILLO-04,20.17,53.15,21.3,2026-09-26T19:28:12+00:00
2026-09-26T14:29:13-05:00,2026-09-26T19:29:13+00:00,Python SDK azure-iot-device (MQTT sobre WebSockets 443),DC-PASILLO-04,20.08,52.95,21.5,2026-09-26T19:29:13+00:00
2026-09-26T14:30:14-05:00,2026-09-26T19:30:14+00:00,Python SDK azure-iot-device (MQTT sobre WebSockets 443),DC-PASILLO-04,20.4,52.62,19.6,2026-09-26T19:30:13+00:00
2026-09-26T14:31:14-05:00,2026-09-26T19:31:14+00:00,Python SDK azure-iot-device (MQTT sobre WebSockets 443),DC-PASILLO-04,20.05,51.82,21.9,2026-09-26T19:31:14+00:00
2026-09-26T14:32:14-05:00,2026-09-26T19:32:14+00:00,Python SDK azure-iot-device (MQTT sobre WebSockets 443),DC-PASILLO-04,20.2,51.52,20.6,2026-09-26T19:32:14+00:00
2026-09-26T14:33:14-05:00,2026-09-26T19:33:14+00:00,Python SDK azure-iot-device (MQTT sobre WebSockets 443),DC-PASILLO-04,20.45,52.95,19.8,2026-09-26T19:33:14+00:00
2026-09-26T14:34:16-05:00,2026-09-26T19:34:16+00:00,Python SDK azure-iot-device (MQTT sobre WebSockets 443),DC-PASILLO-04,20.12,51.47,20.5,2026-09-26T19:34:15+00:00
2026-09-26T14:35:16-05:00,2026-09-26T19:35:16+00:00,Python SDK azure-iot-device (MQTT sobre WebSockets 443),DC-PASILLO-04,20.04,52.85,19.6,2026-09-26T19:35:16+00:00
2026-09-26T14:36:17-05:00,2026-09-26T19:36:17+00:00,Python SDK azure-iot-device (MQTT sobre WebSockets 443),DC-PASILLO-04,20.29,52.83,21.2,2026-09-26T19:36:16+00:00
2026-09-26T14:37:19-05:00,2026-09-26T19:37:19+00:00,Python SDK azure-iot-device (MQTT sobre WebSockets 443),DC-PASILLO-04,20.02,51.44,19.3,2026-09-26T19:37:18+00:00
2026-09-26T14:38:24-05:00,2026-09-26T19:38:24+00:00,Python SDK azure-iot-device (MQTT sobre WebSockets 443),DC-PASILLO-04,20.47,52.87,21.9,2026-09-26T19:38:23+00:00
2026-09-26T14:39:24-05:00,2026-09-26T19:39:24+00:00,Python SDK azure-iot-device (MQTT sobre WebSockets 443),DC-PASILLO-04,20.12,51.82,20.2,2026-09-26T19:39:24+00:00
2026-09-26T14:40:24-05:00,2026-09-26T19:40:24+00:00,Python SDK azure-iot-device (MQTT sobre WebSockets 443),DC-PASILLO-04,20.05,51.31,17.7,2026-09-26T19:40:24+00:00
2026-09-26T14:41:24-05:00,2026-09-26T19:41:24+00:00,Python SDK azure-iot-device (MQTT sobre WebSockets 443),DC-PASILLO-04,20.23,52.64,18.8,2026-09-26T19:41:24+00:00
2026-09-26T14:42:25-05:00,2026-09-26T19:42:25+00:00,Python SDK azure-iot-device (MQTT sobre WebSockets 443),DC-PASILLO-04,20.24,52.22,17.5,2026-09-26T19:42:24+00:00
2026-09-26T14:43:25-05:00,2026-09-26T19:43:25+00:00,Python SDK azure-iot-device (MQTT sobre WebSockets 443),DC-PASILLO-04,20.55,52.53,19.4,2026-09-26T19:43:25+00:00
2026-09-26T14:44:25-05:00,2026-09-26T19:44:25+00:00,Python SDK azure-iot-device (MQTT sobre WebSockets 443),DC-PASILLO-04,20.51,51.81,19.0,2026-09-26T19:44:25+00:00
2026-09-26T14:45:25-05:00,2026-09-26T19:45:25+00:00,Python SDK azure-iot-device (MQTT sobre WebSockets 443),DC-PASILLO-04,20.0,51.56,20.3,2026-09-26T19:45:25+00:00
2026-09-26T14:46:26-05:00,2026-09-26T19:46:26+00:00,Python SDK azure-iot-device (MQTT sobre WebSockets 443),DC-PASILLO-04,20.5,51.63,18.7,2026-09-26T19:46:25+00:00
2026-09-26T14:47:26-05:00,2026-09-26T19:47:26+00:00,Python SDK azure-iot-device (MQTT sobre WebSockets 443),DC-PASILLO-04,20.18,52.37,21.6,2026-09-26T19:47:26+00:00
2026-09-26T14:48:26-05:00,2026-09-26T19:48:26+00:00,Python SDK azure-iot-device (MQTT sobre WebSockets 443),DC-PASILLO-04,20.31,52.1,17.7,2026-09-26T19:48:26+00:00
2026-09-26T14:49:26-05:00,2026-09-26T19:49:26+00:00,Python SDK azure-iot-device (MQTT sobre WebSockets 443),DC-PASILLO-04,20.18,51.23,21.0,2026-09-26T19:49:26+00:00
2026-09-26T14:50:26-05:00,2026-09-26T19:50:26+00:00,Python SDK azure-iot-device (MQTT sobre WebSockets 443),DC-PASILLO-04,20.49,52.02,20.4,2026-09-26T19:50:26+00:00
2026-09-26T14:51:27-05:00,2026-09-26T19:51:27+00:00,Python SDK azure-iot-device (MQTT sobre WebSockets 443),DC-PASILLO-04,20.15,51.92,21.2,2026-09-26T19:51:26+00:00
2026-09-26T14:52:27-05:00,2026-09-26T19:52:27+00:00,Python SDK azure-iot-device (MQTT sobre WebSockets 443),DC-PASILLO-04,20.56,52.28,21.5,2026-09-26T19:52:27+00:00
2026-09-26T14:53:28-05:00,2026-09-26T19:53:28+00:00,Python SDK azure-iot-device (MQTT sobre WebSockets 443),DC-PASILLO-04,20.43,51.53,20.0,2026-09-26T19:53:27+00:00
2026-09-26T14:54:28-05:00,2026-09-26T19:54:28+00:00,Python SDK azure-iot-device (MQTT sobre WebSockets 443),DC-PASILLO-04,20.26,51.13,21.4,2026-09-26T19:54:28+00:00
2026-09-26T14:55:28-05:00,2026-09-26T19:55:28+00:00,Python SDK azure-iot-device (MQTT sobre WebSockets 443),DC-PASILLO-04,19.99,51.8,19.4,2026-09-26T19:55:28+00:00
2026-09-26T14:56:28-05:00,2026-09-26T19:56:28+00:00,Python SDK azure-iot-device (MQTT sobre WebSockets 443),DC-PASILLO-04,20.02,52.58,18.4,2026-09-26T19:56:28+00:00
2026-09-26T14:57:28-05:00,2026-09-26T19:57:28+00:00,Python SDK azure-iot-device (MQTT sobre WebSockets 443),DC-PASILLO-04,20.44,52.73,21.2,2026-09-26T19:57:28+00:00
2026-09-26T14:58:29-05:00,2026-09-26T19:58:29+00:00,Python SDK azure-iot-device (MQTT sobre WebSockets 443),DC-PASILLO-04,20.28,52.58,18.5,2026-09-26T19:58:28+00:00
2026-09-26T14:59:29-05:00,2026-09-26T19:59:29+00:00,Python SDK azure-iot-device (MQTT sobre WebSockets 443),DC-PASILLO-04,20.03,52.12,18.5,2026-09-26T19:59:29+00:00
2026-09-26T15:00:29-05:00,2026-09-26T20:00:29+00:00,Python SDK azure-iot-device (MQTT sobre WebSockets 443),DC-PASILLO-04,20.45,51.19,19.4,2026-09-26T20:00:29+00:00
2026-09-26T15:01:29-05:00,2026-09-26T20:01:29+00:00,Python SDK azure-iot-device (MQTT sobre WebSockets 443),DC-PASILLO-04,20.5,52.71,21.9,2026-09-26T20:01:29+00:00
2026-09-26T15:02:30-05:00,2026-09-26T20:02:30+00:00,Python SDK azure-iot-device (MQTT sobre WebSockets 443),DC-PASILLO-04,20.33,52.13,17.9,2026-09-26T20:02:29+00:00
2026-09-26T15:03:30-05:00,2026-09-26T20:03:30+00:00,Python SDK azure-iot-device (MQTT sobre WebSockets 443),DC-PASILLO-04,20.2,51.56,18.9,2026-09-26T20:03:30+00:00
2026-09-26T15:04:30-05:00,2026-09-26T20:04:30+00:00,Python SDK azure-iot-device (MQTT sobre WebSockets 443),DC-PASILLO-04,20.27,51.13,21.9,2026-09-26T20:04:30+00:00
2026-09-26T15:05:30-05:00,2026-09-26T20:05:30+00:00,Python SDK azure-iot-device (MQTT sobre WebSockets 443),DC-PASILLO-04,20.17,52.66,19.6,2026-09-26T20:05:30+00:00
2026-09-26T15:06:31-05:00,2026-09-26T20:06:31+00:00,Python SDK azure-iot-device (MQTT sobre WebSockets 443),DC-PASILLO-04,20.14,50.91,18.9,2026-09-26T20:06:30+00:00
2026-09-26T15:07:31-05:00,2026-09-26T20:07:31+00:00,Python SDK azure-iot-device (MQTT sobre WebSockets 443),DC-PASILLO-04,20.39,51.14,21.9,2026-09-26T20:07:31+00:00
2026-09-26T15:08:31-05:00,2026-09-26T20:08:31+00:00,Python SDK azure-iot-device (MQTT sobre WebSockets 443),DC-PASILLO-04,20.58,50.96,21.7,2026-09-26T20:08:31+00:00
2026-09-26T15:09:31-05:00,2026-09-26T20:09:31+00:00,Python SDK azure-iot-device (MQTT sobre WebSockets 443),DC-PASILLO-04,20.14,51.24,19.5,2026-09-26T20:09:31+00:00
2026-09-26T15:10:31-05:00,2026-09-26T20:10:31+00:00,Python SDK azure-iot-device (MQTT sobre WebSockets 443),DC-PASILLO-04,20.32,52.15,20.0,2026-09-26T20:10:31+00:00
2026-09-26T15:11:32-05:00,2026-09-26T20:11:32+00:00,Python SDK azure-iot-device (MQTT sobre WebSockets 443),DC-PASILLO-04,20.29,52.56,20.7,2026-09-26T20:11:31+00:00
2026-09-26T15:12:32-05:00,2026-09-26T20:12:32+00:00,Python SDK azure-iot-device (MQTT sobre WebSockets 443),DC-PASILLO-04,20.08,52.63,17.2,2026-09-26T20:12:32+00:00
2026-09-26T15:13:32-05:00,2026-09-26T20:13:32+00:00,Python SDK azure-iot-device (MQTT sobre WebSockets 443),DC-PASILLO-04,20.0,51.21,21.6,2026-09-26T20:13:32+00:00
2026-09-26T15:14:32-05:00,2026-09-26T20:14:32+00:00,Python SDK azure-iot-device (MQTT sobre WebSockets 443),DC-PASILLO-04,20.2,51.36,19.0,2026-09-26T20:14:32+00:00
2026-09-26T15:15:32-05:00,2026-09-26T20:15:32+00:00,Python SDK azure-iot-device (MQTT sobre WebSockets 443),DC-PASILLO-04,20.41,51.72,20.5,2026-09-26T20:15:32+00:00
2026-09-26T15:16:33-05:00,2026-09-26T20:16:33+00:00,Python SDK azure-iot-device (MQTT sobre WebSockets 443),DC-PASILLO-04,20.47,50.84,19.7,2026-09-26T20:16:32+00:00
2026-09-26T15:17:33-05:00,2026-09-26T20:17:33+00:00,Python SDK azure-iot-device (MQTT sobre WebSockets 443),DC-PASILLO-04,19.99,52.19,21.7,2026-09-26T20:17:33+00:00
2026-09-26T15:18:33-05:00,2026-09-26T20:18:33+00:00,Python SDK azure-iot-device (MQTT sobre WebSockets 443),DC-PASILLO-04,20.1,51.99,20.7,2026-09-26T20:18:33+00:00
2026-09-26T15:19:33-05:00,2026-09-26T20:19:33+00:00,Python SDK azure-iot-device (MQTT sobre WebSockets 443),DC-PASILLO-04,20.2,52.28,20.4,2026-09-26T20:19:33+00:00
2026-09-26T15:20:33-05:00,2026-09-26T20:20:33+00:00,Python SDK azure-iot-device (MQTT sobre WebSockets 443),DC-PASILLO-04,20.13,50.94,20.1,2026-09-26T20:20:33+00:00
2026-09-26T15:21:34-05:00,2026-09-26T20:21:34+00:00,Python SDK azure-iot-device (MQTT sobre WebSockets 443),DC-PASILLO-04,20.22,51.88,21.4,2026-09-26T20:21:33+00:00
2026-09-26T15:22:34-05:00,2026-09-26T20:22:34+00:00,Python SDK azure-iot-device (MQTT sobre WebSockets 443),DC-PASILLO-04,20.15,51.11,17.7,2026-09-26T20:22:34+00:00
