[2026-09-24 14:27:28] INFO  historico cargado: 720 muestras de historico_pdu_fila.csv
[2026-09-24 14:27:31] INFO  DPS OK -> hub iotc-ce764639-456d-4e61-9e9c-e64c9a818624.azure-devices.net
[2026-09-24 14:27:32] INFO  replay conectado; propiedades: {'zona': 'PDU / energia de fila', 'ubicacion': 'Sala blanca - tablero de fila C (PDU monofasica 32 A)', 'origenEnvio': 'Replay de CSV historico (PDU fila C)', 'fabricante': 'Raritan PX3-5488 + shunt 100 A', 'modelo': 'Replay-CSV/1.0', 'versionFirmware': '1.0.3', 'intervaloMuestreo': 120}
[2026-09-24 14:27:32] TX Replay de CSV historico (PDU fila C) -> {"tsFuente": "2026-09-20T00:00:00-05:00 (historico PDU, vuelta 1)", "potenciaKw": 5.72, "corrienteA": 25.64, "factorPotencia": 0.97, "tsDispositivo": "2026-09-24T19:27:32+00:00"}
[2026-09-24 14:29:35] TX Replay de CSV historico (PDU fila C) -> {"tsFuente": "2026-09-20T00:02:00-05:00 (historico PDU, vuelta 1)", "potenciaKw": 5.49, "corrienteA": 24.48, "factorPotencia": 0.975, "tsDispositivo": "2026-09-24T19:29:32+00:00"}
[2026-09-24 14:31:35] TX Replay de CSV historico (PDU fila C) -> {"tsFuente": "2026-09-20T00:04:00-05:00 (historico PDU, vuelta 1)", "potenciaKw": 5.63, "corrienteA": 25.51, "factorPotencia": 0.959, "tsDispositivo": "2026-09-24T19:31:35+00:00"}
[2026-09-24 14:33:35] TX Replay de CSV historico (PDU fila C) -> {"tsFuente": "2026-09-20T00:06:00-05:00 (historico PDU, vuelta 1)", "potenciaKw": 5.64, "corrienteA": 25.7, "factorPotencia": 0.954, "tsDispositivo": "2026-09-24T19:33:35+00:00"}
[2026-09-24 14:35:36] TX Replay de CSV historico (PDU fila C) -> {"tsFuente": "2026-09-20T00:08:00-05:00 (historico PDU, vuelta 1)", "potenciaKw": 5.78, "corrienteA": 26.02, "factorPotencia": 0.965, "tsDispositivo": "2026-09-24T19:35:35+00:00"}
[2026-09-24 14:37:36] TX Replay de CSV historico (PDU fila C) -> {"tsFuente": "2026-09-20T00:10:00-05:00 (historico PDU, vuelta 1)", "potenciaKw": 5.65, "corrienteA": 25.15, "factorPotencia": 0.976, "tsDispositivo": "2026-09-24T19:37:36+00:00"}
[2026-09-24 14:39:36] TX Replay de CSV historico (PDU fila C) -> {"tsFuente": "2026-09-20T00:12:00-05:00 (historico PDU, vuelta 1)", "potenciaKw": 5.84, "corrienteA": 26.57, "factorPotencia": 0.956, "tsDispositivo": "2026-09-24T19:39:36+00:00"}
[2026-09-24 14:41:38] TX Replay de CSV historico (PDU fila C) -> {"tsFuente": "2026-09-20T00:14:00-05:00 (historico PDU, vuelta 1)", "potenciaKw": 5.5, "corrienteA": 24.82, "factorPotencia": 0.963, "tsDispositivo": "2026-09-24T19:41:36+00:00"}
[2026-09-24 14:43:38] TX Replay de CSV historico (PDU fila C) -> {"tsFuente": "2026-09-20T00:16:00-05:00 (historico PDU, vuelta 1)", "potenciaKw": 5.5, "corrienteA": 24.76, "factorPotencia": 0.965, "tsDispositivo": "2026-09-24T19:43:38+00:00"}
[2026-09-24 14:45:38] TX Replay de CSV historico (PDU fila C) -> {"tsFuente": "2026-09-20T00:18:00-05:00 (historico PDU, vuelta 1)", "potenciaKw": 5.64, "corrienteA": 25.16, "factorPotencia": 0.975, "tsDispositivo": "2026-09-24T19:45:38+00:00"}
[2026-09-24 14:48:03] TX Replay de CSV historico (PDU fila C) -> {"tsFuente": "2026-09-20T00:20:00-05:00 (historico PDU, vuelta 1)", "potenciaKw": 5.56, "corrienteA": 24.95, "factorPotencia": 0.969, "tsDispositivo": "2026-09-24T19:47:38+00:00"}
[2026-09-24 14:50:07] TX Replay de CSV historico (PDU fila C) -> {"tsFuente": "2026-09-20T00:22:00-05:00 (historico PDU, vuelta 1)", "potenciaKw": 5.66, "corrienteA": 25.48, "factorPotencia": 0.965, "tsDispositivo": "2026-09-24T19:50:03+00:00"}
[2026-09-24 14:52:07] TX Replay de CSV historico (PDU fila C) -> {"tsFuente": "2026-09-20T00:24:00-05:00 (historico PDU, vuelta 1)", "potenciaKw": 5.63, "corrienteA": 25.31, "factorPotencia": 0.966, "tsDispositivo": "2026-09-24T19:52:07+00:00"}
[2026-09-24 14:54:08] TX Replay de CSV historico (PDU fila C) -> {"tsFuente": "2026-09-20T00:26:00-05:00 (historico PDU, vuelta 1)", "potenciaKw": 5.7, "corrienteA": 25.98, "factorPotencia": 0.954, "tsDispositivo": "2026-09-24T19:54:07+00:00"}
[2026-09-24 14:56:11] TX Replay de CSV historico (PDU fila C) -> {"tsFuente": "2026-09-20T00:28:00-05:00 (historico PDU, vuelta 1)", "potenciaKw": 5.56, "corrienteA": 25.03, "factorPotencia": 0.967, "tsDispositivo": "2026-09-24T19:56:08+00:00"}
[2026-09-24 14:58:20] TX Replay de CSV historico (PDU fila C) -> {"tsFuente": "2026-09-20T00:30:00-05:00 (historico PDU, vuelta 1)", "potenciaKw": 5.65, "corrienteA": 25.39, "factorPotencia": 0.968, "tsDispositivo": "2026-09-24T19:58:20+00:00"}
[2026-09-24 15:00:42] TX Replay de CSV historico (PDU fila C) -> {"tsFuente": "2026-09-20T00:32:00-05:00 (historico PDU, vuelta 1)", "potenciaKw": 5.72, "corrienteA": 25.91, "factorPotencia": 0.959, "tsDispositivo": "2026-09-24T20:00:20+00:00"}
[2026-09-24 15:02:43] TX Replay de CSV historico (PDU fila C) -> {"tsFuente": "2026-09-20T00:34:00-05:00 (historico PDU, vuelta 1)", "potenciaKw": 5.48, "corrienteA": 24.8, "factorPotencia": 0.96, "tsDispositivo": "2026-09-24T20:02:42+00:00"}
[2026-09-24 15:04:43] TX Replay de CSV historico (PDU fila C) -> {"tsFuente": "2026-09-20T00:36:00-05:00 (historico PDU, vuelta 1)", "potenciaKw": 5.72, "corrienteA": 26.02, "factorPotencia": 0.955, "tsDispositivo": "2026-09-24T20:04:43+00:00"}
[2026-09-24 15:06:43] TX Replay de CSV historico (PDU fila C) -> {"tsFuente": "2026-09-20T00:38:00-05:00 (historico PDU, vuelta 1)", "potenciaKw": 5.48, "corrienteA": 24.41, "factorPotencia": 0.976, "tsDispositivo": "2026-09-24T20:06:43+00:00"}
[2026-09-24 15:08:43] TX Replay de CSV historico (PDU fila C) -> {"tsFuente": "2026-09-20T00:40:00-05:00 (historico PDU, vuelta 1)", "potenciaKw": 5.5, "corrienteA": 24.68, "factorPotencia": 0.97, "tsDispositivo": "2026-09-24T20:08:43+00:00"}
[2026-09-24 15:10:44] TX Replay de CSV historico (PDU fila C) -> {"tsFuente": "2026-09-20T00:42:00-05:00 (historico PDU, vuelta 1)", "potenciaKw": 5.82, "corrienteA": 26.48, "factorPotencia": 0.955, "tsDispositivo": "2026-09-24T20:10:43+00:00"}
[2026-09-24 15:12:44] TX Replay de CSV historico (PDU fila C) -> {"tsFuente": "2026-09-20T00:44:00-05:00 (historico PDU, vuelta 1)", "potenciaKw": 5.37, "corrienteA": 24.33, "factorPotencia": 0.96, "tsDispositivo": "2026-09-24T20:12:44+00:00"}
[2026-09-24 15:14:44] TX Replay de CSV historico (PDU fila C) -> {"tsFuente": "2026-09-20T00:46:00-05:00 (historico PDU, vuelta 1)", "potenciaKw": 5.59, "corrienteA": 25.44, "factorPotencia": 0.955, "tsDispositivo": "2026-09-24T20:14:44+00:00"}
[2026-09-24 15:16:44] TX Replay de CSV historico (PDU fila C) -> {"tsFuente": "2026-09-20T00:48:00-05:00 (historico PDU, vuelta 1)", "potenciaKw": 5.7, "corrienteA": 25.66, "factorPotencia": 0.966, "tsDispositivo": "2026-09-24T20:16:44+00:00"}
[2026-09-24 15:18:44] TX Replay de CSV historico (PDU fila C) -> {"tsFuente": "2026-09-20T00:50:00-05:00 (historico PDU, vuelta 1)", "potenciaKw": 5.5, "corrienteA": 24.71, "factorPotencia": 0.968, "tsDispositivo": "2026-09-24T20:18:44+00:00"}
[2026-09-24 15:20:45] TX Replay de CSV historico (PDU fila C) -> {"tsFuente": "2026-09-20T00:52:00-05:00 (historico PDU, vuelta 1)", "potenciaKw": 5.46, "corrienteA": 24.46, "factorPotencia": 0.97, "tsDispositivo": "2026-09-24T20:20:44+00:00"}
[2026-09-24 15:22:45] TX Replay de CSV historico (PDU fila C) -> {"tsFuente": "2026-09-20T00:54:00-05:00 (historico PDU, vuelta 1)", "potenciaKw": 5.38, "corrienteA": 24.12, "factorPotencia": 0.971, "tsDispositivo": "2026-09-24T20:22:45+00:00"}
[2026-09-24 15:24:45] TX Replay de CSV historico (PDU fila C) -> {"tsFuente": "2026-09-20T00:56:00-05:00 (historico PDU, vuelta 1)", "potenciaKw": 5.36, "corrienteA": 24.0, "factorPotencia": 0.972, "tsDispositivo": "2026-09-24T20:24:45+00:00"}
[2026-09-24 15:26:45] TX Replay de CSV historico (PDU fila C) -> {"tsFuente": "2026-09-20T00:58:00-05:00 (historico PDU, vuelta 1)", "potenciaKw": 5.59, "corrienteA": 25.18, "factorPotencia": 0.965, "tsDispositivo": "2026-09-24T20:26:45+00:00"}
[2026-09-24 15:28:45] TX Replay de CSV historico (PDU fila C) -> {"tsFuente": "2026-09-20T01:00:00-05:00 (historico PDU, vuelta 1)", "potenciaKw": 5.57, "corrienteA": 25.01, "factorPotencia": 0.968, "tsDispositivo": "2026-09-24T20:28:45+00:00"}
[2026-09-24 15:30:46] TX Replay de CSV historico (PDU fila C) -> {"tsFuente": "2026-09-20T01:02:00-05:00 (historico PDU, vuelta 1)", "potenciaKw": 5.59, "corrienteA": 24.96, "factorPotencia": 0.973, "tsDispositivo": "2026-09-24T20:30:45+00:00"}
[2026-09-24 15:32:46] TX Replay de CSV historico (PDU fila C) -> {"tsFuente": "2026-09-20T01:03:00-05:00 (historico PDU, vuelta 1)", "potenciaKw": 5.76, "corrienteA": 26.19, "factorPotencia": 0.957, "tsDispositivo": "2026-09-24T20:32:46+00:00"}
[2026-09-24 15:34:46] TX Replay de CSV historico (PDU fila C) -> {"tsFuente": "2026-09-20T01:06:00-05:00 (historico PDU, vuelta 1)", "potenciaKw": 5.65, "corrienteA": 25.23, "factorPotencia": 0.974, "tsDispositivo": "2026-09-24T20:34:46+00:00"}
[2026-09-24 15:36:46] TX Replay de CSV historico (PDU fila C) -> {"tsFuente": "2026-09-20T01:07:00-05:00 (historico PDU, vuelta 1)", "potenciaKw": 5.38, "corrienteA": 24.28, "factorPotencia": 0.963, "tsDispositivo": "2026-09-24T20:36:46+00:00"}
[2026-09-24 15:38:47] TX Replay de CSV historico (PDU fila C) -> {"tsFuente": "2026-09-20T01:10:00-05:00 (historico PDU, vuelta 1)", "potenciaKw": 5.49, "corrienteA": 24.47, "factorPotencia": 0.976, "tsDispositivo": "2026-09-24T20:38:46+00:00"}
[2026-09-24 15:40:47] TX Replay de CSV historico (PDU fila C) -> {"tsFuente": "2026-09-20T01:11:00-05:00 (historico PDU, vuelta 1)", "potenciaKw": 5.59, "corrienteA": 25.47, "factorPotencia": 0.955, "tsDispositivo": "2026-09-24T20:40:47+00:00"}
[2026-09-24 15:42:47] TX Replay de CSV historico (PDU fila C) -> {"tsFuente": "2026-09-20T01:14:00-05:00 (historico PDU, vuelta 1)", "potenciaKw": 5.82, "corrienteA": 26.41, "factorPotencia": 0.958, "tsDispositivo": "2026-09-24T20:42:47+00:00"}
[2026-09-24 15:44:47] TX Replay de CSV historico (PDU fila C) -> {"tsFuente": "2026-09-20T01:15:00-05:00 (historico PDU, vuelta 1)", "potenciaKw": 5.47, "corrienteA": 24.67, "factorPotencia": 0.964, "tsDispositivo": "2026-09-24T20:44:47+00:00"}
[2026-09-24 15:46:47] TX Replay de CSV historico (PDU fila C) -> {"tsFuente": "2026-09-20T01:18:00-05:00 (historico PDU, vuelta 1)", "potenciaKw": 5.46, "corrienteA": 24.67, "factorPotencia": 0.962, "tsDispositivo": "2026-09-24T20:46:47+00:00"}
[2026-09-24 15:48:48] TX Replay de CSV historico (PDU fila C) -> {"tsFuente": "2026-09-20T01:19:00-05:00 (historico PDU, vuelta 1)", "potenciaKw": 5.79, "corrienteA": 25.82, "factorPotencia": 0.975, "tsDispositivo": "2026-09-24T20:48:47+00:00"}
[2026-09-24 15:50:48] TX Replay de CSV historico (PDU fila C) -> {"tsFuente": "2026-09-20T01:22:00-05:00 (historico PDU, vuelta 1)", "potenciaKw": 5.72, "corrienteA": 25.54, "factorPotencia": 0.973, "tsDispositivo": "2026-09-24T20:50:48+00:00"}
[2026-09-24 15:52:48] TX Replay de CSV historico (PDU fila C) -> {"tsFuente": "2026-09-20T01:23:00-05:00 (historico PDU, vuelta 1)", "potenciaKw": 5.49, "corrienteA": 24.64, "factorPotencia": 0.968, "tsDispositivo": "2026-09-24T20:52:48+00:00"}
[2026-09-24 15:54:48] TX Replay de CSV historico (PDU fila C) -> {"tsFuente": "2026-09-20T01:26:00-05:00 (historico PDU, vuelta 1)", "potenciaKw": 5.56, "corrienteA": 25.38, "factorPotencia": 0.953, "tsDispositivo": "2026-09-24T20:54:48+00:00"}
[2026-09-24 15:56:49] TX Replay de CSV historico (PDU fila C) -> {"tsFuente": "2026-09-20T01:27:00-05:00 (historico PDU, vuelta 1)", "potenciaKw": 5.66, "corrienteA": 25.64, "factorPotencia": 0.961, "tsDispositivo": "2026-09-24T20:56:48+00:00"}
[2026-09-24 15:58:49] TX Replay de CSV historico (PDU fila C) -> {"tsFuente": "2026-09-20T01:30:00-05:00 (historico PDU, vuelta 1)", "potenciaKw": 5.35, "corrienteA": 24.34, "factorPotencia": 0.955, "tsDispositivo": "2026-09-24T20:58:49+00:00"}
[2026-09-24 16:00:49] TX Replay de CSV historico (PDU fila C) -> {"tsFuente": "2026-09-20T01:32:00-05:00 (historico PDU, vuelta 1)", "potenciaKw": 5.5, "corrienteA": 25.05, "factorPotencia": 0.955, "tsDispositivo": "2026-09-24T21:00:49+00:00"}
[2026-09-24 16:02:49] TX Replay de CSV historico (PDU fila C) -> {"tsFuente": "2026-09-20T01:34:00-05:00 (historico PDU, vuelta 1)", "potenciaKw": 5.32, "corrienteA": 23.95, "factorPotencia": 0.966, "tsDispositivo": "2026-09-24T21:02:49+00:00"}
[2026-09-24 16:04:50] TX Replay de CSV historico (PDU fila C) -> {"tsFuente": "2026-09-20T01:36:00-05:00 (historico PDU, vuelta 1)", "potenciaKw": 5.62, "corrienteA": 25.48, "factorPotencia": 0.958, "tsDispositivo": "2026-09-24T21:04:49+00:00"}
[2026-09-24 16:06:50] TX Replay de CSV historico (PDU fila C) -> {"tsFuente": "2026-09-20T01:38:00-05:00 (historico PDU, vuelta 1)", "potenciaKw": 5.48, "corrienteA": 24.75, "factorPotencia": 0.962, "tsDispositivo": "2026-09-24T21:06:50+00:00"}
[2026-09-24 16:08:50] TX Replay de CSV historico (PDU fila C) -> {"tsFuente": "2026-09-20T01:40:00-05:00 (historico PDU, vuelta 1)", "potenciaKw": 5.42, "corrienteA": 24.25, "factorPotencia": 0.971, "tsDispositivo": "2026-09-24T21:08:50+00:00"}
[2026-09-24 16:10:51] TX Replay de CSV historico (PDU fila C) -> {"tsFuente": "2026-09-20T01:42:00-05:00 (historico PDU, vuelta 1)", "potenciaKw": 5.44, "corrienteA": 24.73, "factorPotencia": 0.956, "tsDispositivo": "2026-09-24T21:10:50+00:00"}
[2026-09-24 16:12:51] TX Replay de CSV historico (PDU fila C) -> {"tsFuente": "2026-09-20T01:44:00-05:00 (historico PDU, vuelta 1)", "potenciaKw": 5.51, "corrienteA": 24.57, "factorPotencia": 0.976, "tsDispositivo": "2026-09-24T21:12:51+00:00"}
[2026-09-24 16:14:51] TX Replay de CSV historico (PDU fila C) -> {"tsFuente": "2026-09-20T01:46:00-05:00 (historico PDU, vuelta 1)", "potenciaKw": 5.6, "corrienteA": 25.55, "factorPotencia": 0.954, "tsDispositivo": "2026-09-24T21:14:51+00:00"}
[2026-09-24 16:16:51] TX Replay de CSV historico (PDU fila C) -> {"tsFuente": "2026-09-20T01:48:00-05:00 (historico PDU, vuelta 1)", "potenciaKw": 5.57, "corrienteA": 25.05, "factorPotencia": 0.966, "tsDispositivo": "2026-09-24T21:16:51+00:00"}
[2026-09-24 16:18:52] TX Replay de CSV historico (PDU fila C) -> {"tsFuente": "2026-09-20T01:49:00-05:00 (historico PDU, vuelta 1)", "potenciaKw": 5.33, "corrienteA": 23.99, "factorPotencia": 0.966, "tsDispositivo": "2026-09-24T21:18:51+00:00"}
[2026-09-24 16:20:52] TX Replay de CSV historico (PDU fila C) -> {"tsFuente": "2026-09-20T01:52:00-05:00 (historico PDU, vuelta 1)", "potenciaKw": 5.63, "corrienteA": 25.1, "factorPotencia": 0.974, "tsDispositivo": "2026-09-24T21:20:52+00:00"}
[2026-09-24 16:22:52] TX Replay de CSV historico (PDU fila C) -> {"tsFuente": "2026-09-20T01:53:00-05:00 (historico PDU, vuelta 1)", "potenciaKw": 5.66, "corrienteA": 25.68, "factorPotencia": 0.958, "tsDispositivo": "2026-09-24T21:22:52+00:00"}
[2026-09-24 16:24:52] TX Replay de CSV historico (PDU fila C) -> {"tsFuente": "2026-09-20T01:56:00-05:00 (historico PDU, vuelta 1)", "potenciaKw": 5.71, "corrienteA": 25.93, "factorPotencia": 0.958, "tsDispositivo": "2026-09-24T21:24:52+00:00"}
[2026-09-24 16:29:38] INFO  historico cargado: 720 muestras de historico_pdu_fila.csv
[2026-09-24 16:29:41] INFO  DPS OK -> hub iotc-ce764639-456d-4e61-9e9c-e64c9a818624.azure-devices.net
[2026-09-24 16:29:42] INFO  replay conectado; propiedades: {'zona': 'PDU / energia de fila', 'ubicacion': 'Sala blanca - tablero de fila C (PDU monofasica 32 A)', 'origenEnvio': 'Replay de CSV historico (PDU fila C)', 'fabricante': 'Raritan PX3-5488 + shunt 100 A', 'modelo': 'Replay-CSV/1.0', 'versionFirmware': '1.0.3', 'intervaloMuestreo': 120}
[2026-09-24 16:29:42] TX Replay de CSV historico (PDU fila C) -> {"tsFuente": "2026-09-20T00:00:00-05:00 (historico PDU, vuelta 1)", "potenciaKw": 5.72, "corrienteA": 25.64, "factorPotencia": 0.97, "tsDispositivo": "2026-09-24T21:29:42+00:00"}
[2026-09-24 16:31:42] TX Replay de CSV historico (PDU fila C) -> {"tsFuente": "2026-09-20T00:02:00-05:00 (historico PDU, vuelta 1)", "potenciaKw": 5.49, "corrienteA": 24.48, "factorPotencia": 0.975, "tsDispositivo": "2026-09-24T21:31:42+00:00"}
[2026-09-24 16:33:42] TX Replay de CSV historico (PDU fila C) -> {"tsFuente": "2026-09-20T00:04:00-05:00 (historico PDU, vuelta 1)", "potenciaKw": 5.63, "corrienteA": 25.51, "factorPotencia": 0.959, "tsDispositivo": "2026-09-24T21:33:42+00:00"}
[2026-09-24 16:35:42] TX Replay de CSV historico (PDU fila C) -> {"tsFuente": "2026-09-20T00:06:00-05:00 (historico PDU, vuelta 1)", "potenciaKw": 5.64, "corrienteA": 25.7, "factorPotencia": 0.954, "tsDispositivo": "2026-09-24T21:35:42+00:00"}
[2026-09-24 16:37:43] TX Replay de CSV historico (PDU fila C) -> {"tsFuente": "2026-09-20T00:08:00-05:00 (historico PDU, vuelta 1)", "potenciaKw": 5.78, "corrienteA": 26.02, "factorPotencia": 0.965, "tsDispositivo": "2026-09-24T21:37:42+00:00"}
[2026-09-24 16:39:43] TX Replay de CSV historico (PDU fila C) -> {"tsFuente": "2026-09-20T00:10:00-05:00 (historico PDU, vuelta 1)", "potenciaKw": 5.65, "corrienteA": 25.15, "factorPotencia": 0.976, "tsDispositivo": "2026-09-24T21:39:43+00:00"}
[2026-09-24 16:41:43] TX Replay de CSV historico (PDU fila C) -> {"tsFuente": "2026-09-20T00:12:00-05:00 (historico PDU, vuelta 1)", "potenciaKw": 5.84, "corrienteA": 26.57, "factorPotencia": 0.956, "tsDispositivo": "2026-09-24T21:41:43+00:00"}
[2026-09-24 16:43:43] TX Replay de CSV historico (PDU fila C) -> {"tsFuente": "2026-09-20T00:14:00-05:00 (historico PDU, vuelta 1)", "potenciaKw": 5.5, "corrienteA": 24.82, "factorPotencia": 0.963, "tsDispositivo": "2026-09-24T21:43:43+00:00"}
[2026-09-24 16:45:43] TX Replay de CSV historico (PDU fila C) -> {"tsFuente": "2026-09-20T00:16:00-05:00 (historico PDU, vuelta 1)", "potenciaKw": 5.5, "corrienteA": 24.76, "factorPotencia": 0.965, "tsDispositivo": "2026-09-24T21:45:43+00:00"}
[2026-09-24 16:47:44] TX Replay de CSV historico (PDU fila C) -> {"tsFuente": "2026-09-20T00:18:00-05:00 (historico PDU, vuelta 1)", "potenciaKw": 5.64, "corrienteA": 25.16, "factorPotencia": 0.975, "tsDispositivo": "2026-09-24T21:47:43+00:00"}
[2026-09-24 16:49:44] TX Replay de CSV historico (PDU fila C) -> {"tsFuente": "2026-09-20T00:20:00-05:00 (historico PDU, vuelta 1)", "potenciaKw": 5.56, "corrienteA": 24.95, "factorPotencia": 0.969, "tsDispositivo": "2026-09-24T21:49:44+00:00"}
[2026-09-24 16:51:44] TX Replay de CSV historico (PDU fila C) -> {"tsFuente": "2026-09-20T00:22:00-05:00 (historico PDU, vuelta 1)", "potenciaKw": 5.66, "corrienteA": 25.48, "factorPotencia": 0.965, "tsDispositivo": "2026-09-24T21:51:44+00:00"}
[2026-09-24 16:53:44] TX Replay de CSV historico (PDU fila C) -> {"tsFuente": "2026-09-20T00:24:00-05:00 (historico PDU, vuelta 1)", "potenciaKw": 5.63, "corrienteA": 25.31, "factorPotencia": 0.966, "tsDispositivo": "2026-09-24T21:53:44+00:00"}
[2026-09-24 16:55:44] TX Replay de CSV historico (PDU fila C) -> {"tsFuente": "2026-09-20T00:26:00-05:00 (historico PDU, vuelta 1)", "potenciaKw": 5.7, "corrienteA": 25.98, "factorPotencia": 0.954, "tsDispositivo": "2026-09-24T21:55:44+00:00"}
[2026-09-24 16:57:45] TX Replay de CSV historico (PDU fila C) -> {"tsFuente": "2026-09-20T00:28:00-05:00 (historico PDU, vuelta 1)", "potenciaKw": 5.56, "corrienteA": 25.03, "factorPotencia": 0.967, "tsDispositivo": "2026-09-24T21:57:44+00:00"}
[2026-09-24 16:59:45] TX Replay de CSV historico (PDU fila C) -> {"tsFuente": "2026-09-20T00:30:00-05:00 (historico PDU, vuelta 1)", "potenciaKw": 5.65, "corrienteA": 25.39, "factorPotencia": 0.968, "tsDispositivo": "2026-09-24T21:59:45+00:00"}
[2026-09-24 17:01:45] TX Replay de CSV historico (PDU fila C) -> {"tsFuente": "2026-09-20T00:32:00-05:00 (historico PDU, vuelta 1)", "potenciaKw": 5.72, "corrienteA": 25.91, "factorPotencia": 0.959, "tsDispositivo": "2026-09-24T22:01:45+00:00"}
[2026-09-24 17:03:45] TX Replay de CSV historico (PDU fila C) -> {"tsFuente": "2026-09-20T00:34:00-05:00 (historico PDU, vuelta 1)", "potenciaKw": 5.48, "corrienteA": 24.8, "factorPotencia": 0.96, "tsDispositivo": "2026-09-24T22:03:45+00:00"}
[2026-09-24 17:05:45] TX Replay de CSV historico (PDU fila C) -> {"tsFuente": "2026-09-20T00:36:00-05:00 (historico PDU, vuelta 1)", "potenciaKw": 5.72, "corrienteA": 26.02, "factorPotencia": 0.955, "tsDispositivo": "2026-09-24T22:05:45+00:00"}
[2026-09-24 17:07:46] TX Replay de CSV historico (PDU fila C) -> {"tsFuente": "2026-09-20T00:38:00-05:00 (historico PDU, vuelta 1)", "potenciaKw": 5.48, "corrienteA": 24.41, "factorPotencia": 0.976, "tsDispositivo": "2026-09-24T22:07:45+00:00"}
[2026-09-24 17:09:46] TX Replay de CSV historico (PDU fila C) -> {"tsFuente": "2026-09-20T00:40:00-05:00 (historico PDU, vuelta 1)", "potenciaKw": 5.5, "corrienteA": 24.68, "factorPotencia": 0.97, "tsDispositivo": "2026-09-24T22:09:46+00:00"}
[2026-09-24 17:11:46] TX Replay de CSV historico (PDU fila C) -> {"tsFuente": "2026-09-20T00:42:00-05:00 (historico PDU, vuelta 1)", "potenciaKw": 5.82, "corrienteA": 26.48, "factorPotencia": 0.955, "tsDispositivo": "2026-09-24T22:11:46+00:00"}
[2026-09-24 17:13:46] TX Replay de CSV historico (PDU fila C) -> {"tsFuente": "2026-09-20T00:44:00-05:00 (historico PDU, vuelta 1)", "potenciaKw": 5.37, "corrienteA": 24.33, "factorPotencia": 0.96, "tsDispositivo": "2026-09-24T22:13:46+00:00"}
[2026-09-24 17:15:46] TX Replay de CSV historico (PDU fila C) -> {"tsFuente": "2026-09-20T00:46:00-05:00 (historico PDU, vuelta 1)", "potenciaKw": 5.59, "corrienteA": 25.44, "factorPotencia": 0.955, "tsDispositivo": "2026-09-24T22:15:46+00:00"}
[2026-09-24 17:17:47] TX Replay de CSV historico (PDU fila C) -> {"tsFuente": "2026-09-20T00:48:00-05:00 (historico PDU, vuelta 1)", "potenciaKw": 5.7, "corrienteA": 25.66, "factorPotencia": 0.966, "tsDispositivo": "2026-09-24T22:17:46+00:00"}
[2026-09-24 17:19:47] TX Replay de CSV historico (PDU fila C) -> {"tsFuente": "2026-09-20T00:50:00-05:00 (historico PDU, vuelta 1)", "potenciaKw": 5.5, "corrienteA": 24.71, "factorPotencia": 0.968, "tsDispositivo": "2026-09-24T22:19:47+00:00"}
[2026-09-24 17:21:47] TX Replay de CSV historico (PDU fila C) -> {"tsFuente": "2026-09-20T00:52:00-05:00 (historico PDU, vuelta 1)", "potenciaKw": 5.46, "corrienteA": 24.46, "factorPotencia": 0.97, "tsDispositivo": "2026-09-24T22:21:47+00:00"}
[2026-09-24 17:23:47] TX Replay de CSV historico (PDU fila C) -> {"tsFuente": "2026-09-20T00:54:00-05:00 (historico PDU, vuelta 1)", "potenciaKw": 5.38, "corrienteA": 24.12, "factorPotencia": 0.971, "tsDispositivo": "2026-09-24T22:23:47+00:00"}
[2026-09-24 17:25:47] TX Replay de CSV historico (PDU fila C) -> {"tsFuente": "2026-09-20T00:56:00-05:00 (historico PDU, vuelta 1)", "potenciaKw": 5.36, "corrienteA": 24.0, "factorPotencia": 0.972, "tsDispositivo": "2026-09-24T22:25:47+00:00"}
[2026-09-24 17:27:48] TX Replay de CSV historico (PDU fila C) -> {"tsFuente": "2026-09-20T00:58:00-05:00 (historico PDU, vuelta 1)", "potenciaKw": 5.59, "corrienteA": 25.18, "factorPotencia": 0.965, "tsDispositivo": "2026-09-24T22:27:47+00:00"}
[2026-09-24 17:29:48] TX Replay de CSV historico (PDU fila C) -> {"tsFuente": "2026-09-20T01:00:00-05:00 (historico PDU, vuelta 1)", "potenciaKw": 5.57, "corrienteA": 25.01, "factorPotencia": 0.968, "tsDispositivo": "2026-09-24T22:29:48+00:00"}
[2026-09-24 17:31:48] TX Replay de CSV historico (PDU fila C) -> {"tsFuente": "2026-09-20T01:02:00-05:00 (historico PDU, vuelta 1)", "potenciaKw": 5.59, "corrienteA": 24.96, "factorPotencia": 0.973, "tsDispositivo": "2026-09-24T22:31:48+00:00"}
[2026-09-24 17:33:48] TX Replay de CSV historico (PDU fila C) -> {"tsFuente": "2026-09-20T01:03:00-05:00 (historico PDU, vuelta 1)", "potenciaKw": 5.76, "corrienteA": 26.19, "factorPotencia": 0.957, "tsDispositivo": "2026-09-24T22:33:48+00:00"}
[2026-09-24 17:35:48] TX Replay de CSV historico (PDU fila C) -> {"tsFuente": "2026-09-20T01:06:00-05:00 (historico PDU, vuelta 1)", "potenciaKw": 5.65, "corrienteA": 25.23, "factorPotencia": 0.974, "tsDispositivo": "2026-09-24T22:35:48+00:00"}
[2026-09-24 17:37:49] TX Replay de CSV historico (PDU fila C) -> {"tsFuente": "2026-09-20T01:07:00-05:00 (historico PDU, vuelta 1)", "potenciaKw": 5.38, "corrienteA": 24.28, "factorPotencia": 0.963, "tsDispositivo": "2026-09-24T22:37:48+00:00"}
[2026-09-24 17:39:49] TX Replay de CSV historico (PDU fila C) -> {"tsFuente": "2026-09-20T01:10:00-05:00 (historico PDU, vuelta 1)", "potenciaKw": 5.49, "corrienteA": 24.47, "factorPotencia": 0.976, "tsDispositivo": "2026-09-24T22:39:49+00:00"}
[2026-09-24 17:41:49] TX Replay de CSV historico (PDU fila C) -> {"tsFuente": "2026-09-20T01:11:00-05:00 (historico PDU, vuelta 1)", "potenciaKw": 5.59, "corrienteA": 25.47, "factorPotencia": 0.955, "tsDispositivo": "2026-09-24T22:41:49+00:00"}
[2026-09-24 17:43:49] TX Replay de CSV historico (PDU fila C) -> {"tsFuente": "2026-09-20T01:14:00-05:00 (historico PDU, vuelta 1)", "potenciaKw": 5.82, "corrienteA": 26.41, "factorPotencia": 0.958, "tsDispositivo": "2026-09-24T22:43:49+00:00"}
[2026-09-24 17:45:49] TX Replay de CSV historico (PDU fila C) -> {"tsFuente": "2026-09-20T01:15:00-05:00 (historico PDU, vuelta 1)", "potenciaKw": 5.47, "corrienteA": 24.67, "factorPotencia": 0.964, "tsDispositivo": "2026-09-24T22:45:49+00:00"}
[2026-09-24 17:47:50] TX Replay de CSV historico (PDU fila C) -> {"tsFuente": "2026-09-20T01:18:00-05:00 (historico PDU, vuelta 1)", "potenciaKw": 5.46, "corrienteA": 24.67, "factorPotencia": 0.962, "tsDispositivo": "2026-09-24T22:47:49+00:00"}
[2026-09-24 17:49:50] TX Replay de CSV historico (PDU fila C) -> {"tsFuente": "2026-09-20T01:19:00-05:00 (historico PDU, vuelta 1)", "potenciaKw": 5.79, "corrienteA": 25.82, "factorPotencia": 0.975, "tsDispositivo": "2026-09-24T22:49:50+00:00"}
[2026-09-24 17:51:50] TX Replay de CSV historico (PDU fila C) -> {"tsFuente": "2026-09-20T01:22:00-05:00 (historico PDU, vuelta 1)", "potenciaKw": 5.72, "corrienteA": 25.54, "factorPotencia": 0.973, "tsDispositivo": "2026-09-24T22:51:50+00:00"}
[2026-09-24 17:53:50] TX Replay de CSV historico (PDU fila C) -> {"tsFuente": "2026-09-20T01:23:00-05:00 (historico PDU, vuelta 1)", "potenciaKw": 5.49, "corrienteA": 24.64, "factorPotencia": 0.968, "tsDispositivo": "2026-09-24T22:53:50+00:00"}
[2026-09-24 17:55:50] TX Replay de CSV historico (PDU fila C) -> {"tsFuente": "2026-09-20T01:26:00-05:00 (historico PDU, vuelta 1)", "potenciaKw": 5.56, "corrienteA": 25.38, "factorPotencia": 0.953, "tsDispositivo": "2026-09-24T22:55:50+00:00"}
[2026-09-24 17:57:51] TX Replay de CSV historico (PDU fila C) -> {"tsFuente": "2026-09-20T01:27:00-05:00 (historico PDU, vuelta 1)", "potenciaKw": 5.66, "corrienteA": 25.64, "factorPotencia": 0.961, "tsDispositivo": "2026-09-24T22:57:50+00:00"}
[2026-09-24 17:59:51] TX Replay de CSV historico (PDU fila C) -> {"tsFuente": "2026-09-20T01:30:00-05:00 (historico PDU, vuelta 1)", "potenciaKw": 5.35, "corrienteA": 24.34, "factorPotencia": 0.955, "tsDispositivo": "2026-09-24T22:59:51+00:00"}
[2026-09-24 18:01:51] TX Replay de CSV historico (PDU fila C) -> {"tsFuente": "2026-09-20T01:32:00-05:00 (historico PDU, vuelta 1)", "potenciaKw": 5.5, "corrienteA": 25.05, "factorPotencia": 0.955, "tsDispositivo": "2026-09-24T23:01:51+00:00"}
[2026-09-24 18:03:51] TX Replay de CSV historico (PDU fila C) -> {"tsFuente": "2026-09-20T01:34:00-05:00 (historico PDU, vuelta 1)", "potenciaKw": 5.32, "corrienteA": 23.95, "factorPotencia": 0.966, "tsDispositivo": "2026-09-24T23:03:51+00:00"}
[2026-09-24 18:05:51] TX Replay de CSV historico (PDU fila C) -> {"tsFuente": "2026-09-20T01:36:00-05:00 (historico PDU, vuelta 1)", "potenciaKw": 5.62, "corrienteA": 25.48, "factorPotencia": 0.958, "tsDispositivo": "2026-09-24T23:05:51+00:00"}
[2026-09-24 18:07:52] TX Replay de CSV historico (PDU fila C) -> {"tsFuente": "2026-09-20T01:38:00-05:00 (historico PDU, vuelta 1)", "potenciaKw": 5.48, "corrienteA": 24.75, "factorPotencia": 0.962, "tsDispositivo": "2026-09-24T23:07:51+00:00"}
[2026-09-24 18:09:52] TX Replay de CSV historico (PDU fila C) -> {"tsFuente": "2026-09-20T01:40:00-05:00 (historico PDU, vuelta 1)", "potenciaKw": 5.42, "corrienteA": 24.25, "factorPotencia": 0.971, "tsDispositivo": "2026-09-24T23:09:52+00:00"}
[2026-09-24 18:11:52] TX Replay de CSV historico (PDU fila C) -> {"tsFuente": "2026-09-20T01:42:00-05:00 (historico PDU, vuelta 1)", "potenciaKw": 5.44, "corrienteA": 24.73, "factorPotencia": 0.956, "tsDispositivo": "2026-09-24T23:11:52+00:00"}
[2026-09-24 18:13:52] TX Replay de CSV historico (PDU fila C) -> {"tsFuente": "2026-09-20T01:44:00-05:00 (historico PDU, vuelta 1)", "potenciaKw": 5.51, "corrienteA": 24.57, "factorPotencia": 0.976, "tsDispositivo": "2026-09-24T23:13:52+00:00"}
[2026-09-24 18:15:52] TX Replay de CSV historico (PDU fila C) -> {"tsFuente": "2026-09-20T01:46:00-05:00 (historico PDU, vuelta 1)", "potenciaKw": 5.6, "corrienteA": 25.55, "factorPotencia": 0.954, "tsDispositivo": "2026-09-24T23:15:52+00:00"}
[2026-09-24 18:17:53] TX Replay de CSV historico (PDU fila C) -> {"tsFuente": "2026-09-20T01:48:00-05:00 (historico PDU, vuelta 1)", "potenciaKw": 5.57, "corrienteA": 25.05, "factorPotencia": 0.966, "tsDispositivo": "2026-09-24T23:17:52+00:00"}
[2026-09-24 18:19:53] TX Replay de CSV historico (PDU fila C) -> {"tsFuente": "2026-09-20T01:49:00-05:00 (historico PDU, vuelta 1)", "potenciaKw": 5.33, "corrienteA": 23.99, "factorPotencia": 0.966, "tsDispositivo": "2026-09-24T23:19:53+00:00"}
[2026-09-24 18:21:53] TX Replay de CSV historico (PDU fila C) -> {"tsFuente": "2026-09-20T01:52:00-05:00 (historico PDU, vuelta 1)", "potenciaKw": 5.63, "corrienteA": 25.1, "factorPotencia": 0.974, "tsDispositivo": "2026-09-24T23:21:53+00:00"}
[2026-09-24 18:23:53] TX Replay de CSV historico (PDU fila C) -> {"tsFuente": "2026-09-20T01:53:00-05:00 (historico PDU, vuelta 1)", "potenciaKw": 5.66, "corrienteA": 25.68, "factorPotencia": 0.958, "tsDispositivo": "2026-09-24T23:23:53+00:00"}
[2026-09-24 18:25:54] TX Replay de CSV historico (PDU fila C) -> {"tsFuente": "2026-09-20T01:56:00-05:00 (historico PDU, vuelta 1)", "potenciaKw": 5.71, "corrienteA": 25.93, "factorPotencia": 0.958, "tsDispositivo": "2026-09-24T23:25:53+00:00"}
[2026-09-24 18:27:54] TX Replay de CSV historico (PDU fila C) -> {"tsFuente": "2026-09-20T01:57:00-05:00 (historico PDU, vuelta 1)", "potenciaKw": 5.4, "corrienteA": 24.23, "factorPotencia": 0.968, "tsDispositivo": "2026-09-24T23:27:54+00:00"}
[2026-09-24 18:29:54] TX Replay de CSV historico (PDU fila C) -> {"tsFuente": "2026-09-20T02:00:00-05:00 (historico PDU, vuelta 1)", "potenciaKw": 5.59, "corrienteA": 25.3, "factorPotencia": 0.961, "tsDispositivo": "2026-09-24T23:29:54+00:00"}
[2026-09-24 18:31:54] TX Replay de CSV historico (PDU fila C) -> {"tsFuente": "2026-09-20T02:01:00-05:00 (historico PDU, vuelta 1)", "potenciaKw": 5.42, "corrienteA": 24.2, "factorPotencia": 0.974, "tsDispositivo": "2026-09-24T23:31:54+00:00"}
[2026-09-24 18:33:55] TX Replay de CSV historico (PDU fila C) -> {"tsFuente": "2026-09-20T02:04:00-05:00 (historico PDU, vuelta 1)", "potenciaKw": 5.68, "corrienteA": 25.79, "factorPotencia": 0.958, "tsDispositivo": "2026-09-24T23:33:54+00:00"}
[2026-09-24 18:35:55] TX Replay de CSV historico (PDU fila C) -> {"tsFuente": "2026-09-20T02:06:00-05:00 (historico PDU, vuelta 1)", "potenciaKw": 5.73, "corrienteA": 25.74, "factorPotencia": 0.967, "tsDispositivo": "2026-09-24T23:35:55+00:00"}
[2026-09-24 18:37:55] TX Replay de CSV historico (PDU fila C) -> {"tsFuente": "2026-09-20T02:07:00-05:00 (historico PDU, vuelta 1)", "potenciaKw": 5.75, "corrienteA": 26.19, "factorPotencia": 0.954, "tsDispositivo": "2026-09-24T23:37:55+00:00"}
[2026-09-24 18:39:55] TX Replay de CSV historico (PDU fila C) -> {"tsFuente": "2026-09-20T02:09:00-05:00 (historico PDU, vuelta 1)", "potenciaKw": 5.51, "corrienteA": 24.91, "factorPotencia": 0.962, "tsDispositivo": "2026-09-24T23:39:55+00:00"}
[2026-09-24 18:41:56] TX Replay de CSV historico (PDU fila C) -> {"tsFuente": "2026-09-20T02:12:00-05:00 (historico PDU, vuelta 1)", "potenciaKw": 5.6, "corrienteA": 25.39, "factorPotencia": 0.959, "tsDispositivo": "2026-09-24T23:41:55+00:00"}
[2026-09-24 18:43:56] TX Replay de CSV historico (PDU fila C) -> {"tsFuente": "2026-09-20T02:14:00-05:00 (historico PDU, vuelta 1)", "potenciaKw": 5.31, "corrienteA": 23.71, "factorPotencia": 0.973, "tsDispositivo": "2026-09-24T23:43:56+00:00"}
[2026-09-24 18:45:56] TX Replay de CSV historico (PDU fila C) -> {"tsFuente": "2026-09-20T02:15:00-05:00 (historico PDU, vuelta 1)", "potenciaKw": 5.53, "corrienteA": 24.75, "factorPotencia": 0.972, "tsDispositivo": "2026-09-24T23:45:56+00:00"}
[2026-09-24 18:47:56] TX Replay de CSV historico (PDU fila C) -> {"tsFuente": "2026-09-20T02:17:00-05:00 (historico PDU, vuelta 1)", "potenciaKw": 5.54, "corrienteA": 24.9, "factorPotencia": 0.968, "tsDispositivo": "2026-09-24T23:47:56+00:00"}
[2026-09-24 18:49:56] TX Replay de CSV historico (PDU fila C) -> {"tsFuente": "2026-09-20T02:20:00-05:00 (historico PDU, vuelta 1)", "potenciaKw": 5.5, "corrienteA": 24.93, "factorPotencia": 0.96, "tsDispositivo": "2026-09-24T23:49:56+00:00"}
[2026-09-24 18:51:57] TX Replay de CSV historico (PDU fila C) -> {"tsFuente": "2026-09-20T02:22:00-05:00 (historico PDU, vuelta 1)", "potenciaKw": 5.76, "corrienteA": 25.99, "factorPotencia": 0.963, "tsDispositivo": "2026-09-24T23:51:56+00:00"}
[2026-09-24 18:53:57] TX Replay de CSV historico (PDU fila C) -> {"tsFuente": "2026-09-20T02:23:00-05:00 (historico PDU, vuelta 1)", "potenciaKw": 5.46, "corrienteA": 24.46, "factorPotencia": 0.971, "tsDispositivo": "2026-09-24T23:53:57+00:00"}
[2026-09-24 18:55:57] TX Replay de CSV historico (PDU fila C) -> {"tsFuente": "2026-09-20T02:25:00-05:00 (historico PDU, vuelta 1)", "potenciaKw": 5.71, "corrienteA": 25.46, "factorPotencia": 0.975, "tsDispositivo": "2026-09-24T23:55:57+00:00"}
[2026-09-24 18:57:57] TX Replay de CSV historico (PDU fila C) -> {"tsFuente": "2026-09-20T02:28:00-05:00 (historico PDU, vuelta 1)", "potenciaKw": 5.36, "corrienteA": 23.98, "factorPotencia": 0.972, "tsDispositivo": "2026-09-24T23:57:57+00:00"}
[2026-09-24 18:59:57] TX Replay de CSV historico (PDU fila C) -> {"tsFuente": "2026-09-20T02:30:00-05:00 (historico PDU, vuelta 1)", "potenciaKw": 5.61, "corrienteA": 25.42, "factorPotencia": 0.96, "tsDispositivo": "2026-09-24T23:59:57+00:00"}
[2026-09-24 19:01:58] TX Replay de CSV historico (PDU fila C) -> {"tsFuente": "2026-09-20T02:31:00-05:00 (historico PDU, vuelta 1)", "potenciaKw": 5.61, "corrienteA": 24.98, "factorPotencia": 0.977, "tsDispositivo": "2026-09-25T00:01:57+00:00"}
[2026-09-24 19:03:58] TX Replay de CSV historico (PDU fila C) -> {"tsFuente": "2026-09-20T02:34:00-05:00 (historico PDU, vuelta 1)", "potenciaKw": 5.57, "corrienteA": 25.2, "factorPotencia": 0.96, "tsDispositivo": "2026-09-25T00:03:58+00:00"}
[2026-09-24 19:05:58] TX Replay de CSV historico (PDU fila C) -> {"tsFuente": "2026-09-20T02:36:00-05:00 (historico PDU, vuelta 1)", "potenciaKw": 5.56, "corrienteA": 25.02, "factorPotencia": 0.965, "tsDispositivo": "2026-09-25T00:05:58+00:00"}
[2026-09-24 19:07:58] TX Replay de CSV historico (PDU fila C) -> {"tsFuente": "2026-09-20T02:38:00-05:00 (historico PDU, vuelta 1)", "potenciaKw": 5.38, "corrienteA": 24.23, "factorPotencia": 0.966, "tsDispositivo": "2026-09-25T00:07:58+00:00"}
[2026-09-24 19:09:59] TX Replay de CSV historico (PDU fila C) -> {"tsFuente": "2026-09-20T02:39:00-05:00 (historico PDU, vuelta 1)", "potenciaKw": 5.43, "corrienteA": 24.32, "factorPotencia": 0.971, "tsDispositivo": "2026-09-25T00:09:58+00:00"}
[2026-09-24 19:11:59] TX Replay de CSV historico (PDU fila C) -> {"tsFuente": "2026-09-20T02:42:00-05:00 (historico PDU, vuelta 1)", "potenciaKw": 5.51, "corrienteA": 25.09, "factorPotencia": 0.954, "tsDispositivo": "2026-09-25T00:11:59+00:00"}
[2026-09-24 19:13:59] TX Replay de CSV historico (PDU fila C) -> {"tsFuente": "2026-09-20T02:44:00-05:00 (historico PDU, vuelta 1)", "potenciaKw": 5.57, "corrienteA": 24.94, "factorPotencia": 0.971, "tsDispositivo": "2026-09-25T00:13:59+00:00"}
[2026-09-24 19:15:59] TX Replay de CSV historico (PDU fila C) -> {"tsFuente": "2026-09-20T02:46:00-05:00 (historico PDU, vuelta 1)", "potenciaKw": 5.65, "corrienteA": 25.16, "factorPotencia": 0.976, "tsDispositivo": "2026-09-25T00:15:59+00:00"}
[2026-09-24 19:17:59] TX Replay de CSV historico (PDU fila C) -> {"tsFuente": "2026-09-20T02:47:00-05:00 (historico PDU, vuelta 1)", "potenciaKw": 5.47, "corrienteA": 24.83, "factorPotencia": 0.957, "tsDispositivo": "2026-09-25T00:17:59+00:00"}
[2026-09-24 19:20:00] TX Replay de CSV historico (PDU fila C) -> {"tsFuente": "2026-09-20T02:50:00-05:00 (historico PDU, vuelta 1)", "potenciaKw": 5.71, "corrienteA": 25.92, "factorPotencia": 0.958, "tsDispositivo": "2026-09-25T00:19:59+00:00"}
[2026-09-24 19:22:00] TX Replay de CSV historico (PDU fila C) -> {"tsFuente": "2026-09-20T02:52:00-05:00 (historico PDU, vuelta 1)", "potenciaKw": 5.67, "corrienteA": 25.68, "factorPotencia": 0.959, "tsDispositivo": "2026-09-25T00:22:00+00:00"}
[2026-09-24 19:24:00] TX Replay de CSV historico (PDU fila C) -> {"tsFuente": "2026-09-20T02:53:00-05:00 (historico PDU, vuelta 1)", "potenciaKw": 5.56, "corrienteA": 24.77, "factorPotencia": 0.976, "tsDispositivo": "2026-09-25T00:24:00+00:00"}
[2026-09-24 19:26:00] TX Replay de CSV historico (PDU fila C) -> {"tsFuente": "2026-09-20T02:55:00-05:00 (historico PDU, vuelta 1)", "potenciaKw": 5.46, "corrienteA": 24.82, "factorPotencia": 0.956, "tsDispositivo": "2026-09-25T00:26:00+00:00"}
[2026-09-24 19:28:01] TX Replay de CSV historico (PDU fila C) -> {"tsFuente": "2026-09-20T02:58:00-05:00 (historico PDU, vuelta 1)", "potenciaKw": 5.48, "corrienteA": 24.43, "factorPotencia": 0.975, "tsDispositivo": "2026-09-25T00:28:00+00:00"}
[2026-09-24 19:30:01] TX Replay de CSV historico (PDU fila C) -> {"tsFuente": "2026-09-20T03:00:00-05:00 (historico PDU, vuelta 1)", "potenciaKw": 5.52, "corrienteA": 24.86, "factorPotencia": 0.966, "tsDispositivo": "2026-09-25T00:30:01+00:00"}
[2026-09-24 19:32:01] TX Replay de CSV historico (PDU fila C) -> {"tsFuente": "2026-09-20T03:01:00-05:00 (historico PDU, vuelta 1)", "potenciaKw": 5.45, "corrienteA": 24.77, "factorPotencia": 0.957, "tsDispositivo": "2026-09-25T00:32:01+00:00"}
[2026-09-24 19:34:01] TX Replay de CSV historico (PDU fila C) -> {"tsFuente": "2026-09-20T03:04:00-05:00 (historico PDU, vuelta 1)", "potenciaKw": 5.36, "corrienteA": 24.2, "factorPotencia": 0.964, "tsDispositivo": "2026-09-25T00:34:01+00:00"}
[2026-09-24 19:36:02] TX Replay de CSV historico (PDU fila C) -> {"tsFuente": "2026-09-20T03:06:00-05:00 (historico PDU, vuelta 1)", "potenciaKw": 5.33, "corrienteA": 23.94, "factorPotencia": 0.967, "tsDispositivo": "2026-09-25T00:36:01+00:00"}
[2026-09-24 19:38:02] TX Replay de CSV historico (PDU fila C) -> {"tsFuente": "2026-09-20T03:07:00-05:00 (historico PDU, vuelta 1)", "potenciaKw": 5.52, "corrienteA": 25.11, "factorPotencia": 0.956, "tsDispositivo": "2026-09-25T00:38:02+00:00"}
[2026-09-24 19:40:02] TX Replay de CSV historico (PDU fila C) -> {"tsFuente": "2026-09-20T03:09:00-05:00 (historico PDU, vuelta 1)", "potenciaKw": 5.36, "corrienteA": 24.43, "factorPotencia": 0.954, "tsDispositivo": "2026-09-25T00:40:02+00:00"}
[2026-09-24 19:42:02] TX Replay de CSV historico (PDU fila C) -> {"tsFuente": "2026-09-20T03:12:00-05:00 (historico PDU, vuelta 1)", "potenciaKw": 5.56, "corrienteA": 24.86, "factorPotencia": 0.972, "tsDispositivo": "2026-09-25T00:42:02+00:00"}
[2026-09-24 19:44:05] TX Replay de CSV historico (PDU fila C) -> {"tsFuente": "2026-09-20T03:14:00-05:00 (historico PDU, vuelta 1)", "potenciaKw": 5.69, "corrienteA": 25.52, "factorPotencia": 0.97, "tsDispositivo": "2026-09-25T00:44:05+00:00"}
[2026-09-24 19:46:05] TX Replay de CSV historico (PDU fila C) -> {"tsFuente": "2026-09-20T03:15:00-05:00 (historico PDU, vuelta 1)", "potenciaKw": 5.65, "corrienteA": 25.22, "factorPotencia": 0.975, "tsDispositivo": "2026-09-25T00:46:05+00:00"}
[2026-09-24 19:48:06] TX Replay de CSV historico (PDU fila C) -> {"tsFuente": "2026-09-20T03:17:00-05:00 (historico PDU, vuelta 1)", "potenciaKw": 5.77, "corrienteA": 26.25, "factorPotencia": 0.955, "tsDispositivo": "2026-09-25T00:48:05+00:00"}
[2026-09-24 19:50:06] TX Replay de CSV historico (PDU fila C) -> {"tsFuente": "2026-09-20T03:20:00-05:00 (historico PDU, vuelta 1)", "potenciaKw": 5.28, "corrienteA": 24.03, "factorPotencia": 0.956, "tsDispositivo": "2026-09-25T00:50:06+00:00"}
[2026-09-24 19:52:06] TX Replay de CSV historico (PDU fila C) -> {"tsFuente": "2026-09-20T03:22:00-05:00 (historico PDU, vuelta 1)", "potenciaKw": 5.35, "corrienteA": 24.32, "factorPotencia": 0.956, "tsDispositivo": "2026-09-25T00:52:06+00:00"}
[2026-09-24 19:54:06] TX Replay de CSV historico (PDU fila C) -> {"tsFuente": "2026-09-20T03:23:00-05:00 (historico PDU, vuelta 1)", "potenciaKw": 5.56, "corrienteA": 24.89, "factorPotencia": 0.972, "tsDispositivo": "2026-09-25T00:54:06+00:00"}
[2026-09-24 19:55:41] INFO  historico cargado: 720 muestras de historico_pdu_fila.csv
[2026-09-24 19:55:44] INFO  DPS OK -> hub iotc-ce764639-456d-4e61-9e9c-e64c9a818624.azure-devices.net
[2026-09-24 19:55:44] INFO  replay conectado; propiedades: {'zona': 'PDU / energia de fila', 'ubicacion': 'Sala blanca - tablero de fila C (PDU monofasica 32 A)', 'origenEnvio': 'Replay de CSV historico (PDU fila C)', 'fabricante': 'Raritan PX3-5488 + shunt 100 A', 'modelo': 'Replay-CSV/1.0', 'versionFirmware': '1.0.3', 'intervaloMuestreo': 120}
[2026-09-24 19:55:45] TX Replay de CSV historico (PDU fila C) -> {"tsFuente": "2026-09-20T00:00:00-05:00 (historico PDU, vuelta 1)", "potenciaKw": 5.72, "corrienteA": 25.64, "factorPotencia": 0.97, "tsDispositivo": "2026-09-25T00:55:44+00:00"}
[2026-09-24 19:57:29] INFO  historico cargado: 720 muestras de historico_pdu_fila.csv
[2026-09-24 19:57:32] INFO  DPS OK -> hub iotc-ce764639-456d-4e61-9e9c-e64c9a818624.azure-devices.net
[2026-09-24 19:57:33] INFO  replay conectado; propiedades: {'zona': 'PDU / energia de fila', 'ubicacion': 'Sala blanca - tablero de fila C (PDU monofasica 32 A)', 'origenEnvio': 'Replay de CSV historico (PDU fila C)', 'fabricante': 'Raritan PX3-5488 + shunt 100 A', 'modelo': 'Replay-CSV/1.0', 'versionFirmware': '1.0.3', 'intervaloMuestreo': 120}
[2026-09-24 19:57:33] TX Replay de CSV historico (PDU fila C) -> {"tsFuente": "2026-09-20T00:00:00-05:00 (historico PDU, vuelta 1)", "potenciaKw": 5.72, "corrienteA": 25.64, "factorPotencia": 0.97, "tsDispositivo": "2026-09-25T00:57:33+00:00"}
[2026-09-24 19:59:09] INFO  historico cargado: 720 muestras de historico_pdu_fila.csv
[2026-09-24 19:59:12] INFO  DPS OK -> hub iotc-ce764639-456d-4e61-9e9c-e64c9a818624.azure-devices.net
[2026-09-24 19:59:12] INFO  replay conectado; propiedades: {'zona': 'PDU / energia de fila', 'ubicacion': 'Sala blanca - tablero de fila C (PDU monofasica 32 A)', 'origenEnvio': 'Replay de CSV historico (PDU fila C)', 'fabricante': 'Raritan PX3-5488 + shunt 100 A', 'modelo': 'Replay-CSV/1.0', 'versionFirmware': '1.0.3', 'intervaloMuestreo': 120}
[2026-09-24 19:59:13] TX Replay de CSV historico (PDU fila C) -> {"tsFuente": "2026-09-20T00:00:00-05:00 (historico PDU, vuelta 1)", "potenciaKw": 5.72, "corrienteA": 25.64, "factorPotencia": 0.97, "tsDispositivo": "2026-09-25T00:59:12+00:00"}
[2026-09-24 20:01:13] TX Replay de CSV historico (PDU fila C) -> {"tsFuente": "2026-09-20T00:02:00-05:00 (historico PDU, vuelta 1)", "potenciaKw": 5.49, "corrienteA": 24.48, "factorPotencia": 0.975, "tsDispositivo": "2026-09-25T01:01:13+00:00"}
[2026-09-24 20:03:13] TX Replay de CSV historico (PDU fila C) -> {"tsFuente": "2026-09-20T00:04:00-05:00 (historico PDU, vuelta 1)", "potenciaKw": 5.63, "corrienteA": 25.51, "factorPotencia": 0.959, "tsDispositivo": "2026-09-25T01:03:13+00:00"}
[2026-09-24 20:05:13] TX Replay de CSV historico (PDU fila C) -> {"tsFuente": "2026-09-20T00:06:00-05:00 (historico PDU, vuelta 1)", "potenciaKw": 5.64, "corrienteA": 25.7, "factorPotencia": 0.954, "tsDispositivo": "2026-09-25T01:05:13+00:00"}
[2026-09-25 15:37:49] INFO  historico cargado: 720 muestras de historico_pdu_fila.csv
[2026-09-25 15:37:52] INFO  DPS OK -> hub iotc-ce764639-456d-4e61-9e9c-e64c9a818624.azure-devices.net
[2026-09-25 15:37:53] INFO  replay conectado; propiedades: {'zona': 'PDU / energia de fila', 'ubicacion': 'Sala blanca - tablero de fila C (PDU monofasica 32 A)', 'origenEnvio': 'Replay de CSV historico (PDU fila C)', 'fabricante': 'Raritan PX3-5488 + shunt 100 A', 'modelo': 'Replay-CSV/1.0', 'versionFirmware': '1.0.3', 'intervaloMuestreo': 120}
[2026-09-25 15:37:53] TX Replay de CSV historico (PDU fila C) -> {"tsFuente": "2026-09-20T00:00:00-05:00 (historico PDU, vuelta 1)", "potenciaKw": 5.72, "corrienteA": 25.64, "factorPotencia": 0.97, "tsDispositivo": "2026-09-25T20:37:53+00:00"}
[2026-09-25 15:39:54] TX Replay de CSV historico (PDU fila C) -> {"tsFuente": "2026-09-20T00:02:00-05:00 (historico PDU, vuelta 1)", "potenciaKw": 5.49, "corrienteA": 24.48, "factorPotencia": 0.975, "tsDispositivo": "2026-09-25T20:39:53+00:00"}
[2026-09-25 15:41:54] TX Replay de CSV historico (PDU fila C) -> {"tsFuente": "2026-09-20T00:04:00-05:00 (historico PDU, vuelta 1)", "potenciaKw": 5.63, "corrienteA": 25.51, "factorPotencia": 0.959, "tsDispositivo": "2026-09-25T20:41:54+00:00"}
[2026-09-25 15:43:54] TX Replay de CSV historico (PDU fila C) -> {"tsFuente": "2026-09-20T00:06:00-05:00 (historico PDU, vuelta 1)", "potenciaKw": 5.64, "corrienteA": 25.7, "factorPotencia": 0.954, "tsDispositivo": "2026-09-25T20:43:54+00:00"}
[2026-09-25 15:45:54] TX Replay de CSV historico (PDU fila C) -> {"tsFuente": "2026-09-20T00:08:00-05:00 (historico PDU, vuelta 1)", "potenciaKw": 5.78, "corrienteA": 26.02, "factorPotencia": 0.965, "tsDispositivo": "2026-09-25T20:45:54+00:00"}
[2026-09-25 15:47:55] TX Replay de CSV historico (PDU fila C) -> {"tsFuente": "2026-09-20T00:10:00-05:00 (historico PDU, vuelta 1)", "potenciaKw": 5.65, "corrienteA": 25.15, "factorPotencia": 0.976, "tsDispositivo": "2026-09-25T20:47:54+00:00"}
[2026-09-25 15:49:55] TX Replay de CSV historico (PDU fila C) -> {"tsFuente": "2026-09-20T00:12:00-05:00 (historico PDU, vuelta 1)", "potenciaKw": 5.84, "corrienteA": 26.57, "factorPotencia": 0.956, "tsDispositivo": "2026-09-25T20:49:55+00:00"}
[2026-09-25 15:51:55] TX Replay de CSV historico (PDU fila C) -> {"tsFuente": "2026-09-20T00:14:00-05:00 (historico PDU, vuelta 1)", "potenciaKw": 5.5, "corrienteA": 24.82, "factorPotencia": 0.963, "tsDispositivo": "2026-09-25T20:51:55+00:00"}
[2026-09-25 15:53:55] TX Replay de CSV historico (PDU fila C) -> {"tsFuente": "2026-09-20T00:16:00-05:00 (historico PDU, vuelta 1)", "potenciaKw": 5.5, "corrienteA": 24.76, "factorPotencia": 0.965, "tsDispositivo": "2026-09-25T20:53:55+00:00"}
[2026-09-25 15:55:55] TX Replay de CSV historico (PDU fila C) -> {"tsFuente": "2026-09-20T00:18:00-05:00 (historico PDU, vuelta 1)", "potenciaKw": 5.64, "corrienteA": 25.16, "factorPotencia": 0.975, "tsDispositivo": "2026-09-25T20:55:55+00:00"}
[2026-09-25 15:57:56] TX Replay de CSV historico (PDU fila C) -> {"tsFuente": "2026-09-20T00:20:00-05:00 (historico PDU, vuelta 1)", "potenciaKw": 5.56, "corrienteA": 24.95, "factorPotencia": 0.969, "tsDispositivo": "2026-09-25T20:57:55+00:00"}
[2026-09-25 15:59:56] TX Replay de CSV historico (PDU fila C) -> {"tsFuente": "2026-09-20T00:22:00-05:00 (historico PDU, vuelta 1)", "potenciaKw": 5.66, "corrienteA": 25.48, "factorPotencia": 0.965, "tsDispositivo": "2026-09-25T20:59:56+00:00"}
[2026-09-25 16:01:56] TX Replay de CSV historico (PDU fila C) -> {"tsFuente": "2026-09-20T00:24:00-05:00 (historico PDU, vuelta 1)", "potenciaKw": 5.63, "corrienteA": 25.31, "factorPotencia": 0.966, "tsDispositivo": "2026-09-25T21:01:56+00:00"}
[2026-09-25 16:03:56] TX Replay de CSV historico (PDU fila C) -> {"tsFuente": "2026-09-20T00:26:00-05:00 (historico PDU, vuelta 1)", "potenciaKw": 5.7, "corrienteA": 25.98, "factorPotencia": 0.954, "tsDispositivo": "2026-09-25T21:03:56+00:00"}
[2026-09-25 16:05:56] TX Replay de CSV historico (PDU fila C) -> {"tsFuente": "2026-09-20T00:28:00-05:00 (historico PDU, vuelta 1)", "potenciaKw": 5.56, "corrienteA": 25.03, "factorPotencia": 0.967, "tsDispositivo": "2026-09-25T21:05:56+00:00"}
[2026-09-25 16:07:57] TX Replay de CSV historico (PDU fila C) -> {"tsFuente": "2026-09-20T00:30:00-05:00 (historico PDU, vuelta 1)", "potenciaKw": 5.65, "corrienteA": 25.39, "factorPotencia": 0.968, "tsDispositivo": "2026-09-25T21:07:56+00:00"}
[2026-09-25 16:09:57] TX Replay de CSV historico (PDU fila C) -> {"tsFuente": "2026-09-20T00:32:00-05:00 (historico PDU, vuelta 1)", "potenciaKw": 5.72, "corrienteA": 25.91, "factorPotencia": 0.959, "tsDispositivo": "2026-09-25T21:09:57+00:00"}
[2026-09-25 16:11:57] TX Replay de CSV historico (PDU fila C) -> {"tsFuente": "2026-09-20T00:34:00-05:00 (historico PDU, vuelta 1)", "potenciaKw": 5.48, "corrienteA": 24.8, "factorPotencia": 0.96, "tsDispositivo": "2026-09-25T21:11:57+00:00"}
[2026-09-25 16:13:57] TX Replay de CSV historico (PDU fila C) -> {"tsFuente": "2026-09-20T00:36:00-05:00 (historico PDU, vuelta 1)", "potenciaKw": 5.72, "corrienteA": 26.02, "factorPotencia": 0.955, "tsDispositivo": "2026-09-25T21:13:57+00:00"}
[2026-09-25 16:15:57] TX Replay de CSV historico (PDU fila C) -> {"tsFuente": "2026-09-20T00:38:00-05:00 (historico PDU, vuelta 1)", "potenciaKw": 5.48, "corrienteA": 24.41, "factorPotencia": 0.976, "tsDispositivo": "2026-09-25T21:15:57+00:00"}
[2026-09-25 16:17:58] TX Replay de CSV historico (PDU fila C) -> {"tsFuente": "2026-09-20T00:40:00-05:00 (historico PDU, vuelta 1)", "potenciaKw": 5.5, "corrienteA": 24.68, "factorPotencia": 0.97, "tsDispositivo": "2026-09-25T21:17:57+00:00"}
[2026-09-25 16:19:58] TX Replay de CSV historico (PDU fila C) -> {"tsFuente": "2026-09-20T00:42:00-05:00 (historico PDU, vuelta 1)", "potenciaKw": 5.82, "corrienteA": 26.48, "factorPotencia": 0.955, "tsDispositivo": "2026-09-25T21:19:58+00:00"}
[2026-09-25 16:21:58] TX Replay de CSV historico (PDU fila C) -> {"tsFuente": "2026-09-20T00:44:00-05:00 (historico PDU, vuelta 1)", "potenciaKw": 5.37, "corrienteA": 24.33, "factorPotencia": 0.96, "tsDispositivo": "2026-09-25T21:21:58+00:00"}
[2026-09-25 16:23:58] TX Replay de CSV historico (PDU fila C) -> {"tsFuente": "2026-09-20T00:46:00-05:00 (historico PDU, vuelta 1)", "potenciaKw": 5.59, "corrienteA": 25.44, "factorPotencia": 0.955, "tsDispositivo": "2026-09-25T21:23:58+00:00"}
[2026-09-25 16:25:59] TX Replay de CSV historico (PDU fila C) -> {"tsFuente": "2026-09-20T00:48:00-05:00 (historico PDU, vuelta 1)", "potenciaKw": 5.7, "corrienteA": 25.66, "factorPotencia": 0.966, "tsDispositivo": "2026-09-25T21:25:58+00:00"}
[2026-09-25 16:27:59] TX Replay de CSV historico (PDU fila C) -> {"tsFuente": "2026-09-20T00:50:00-05:00 (historico PDU, vuelta 1)", "potenciaKw": 5.5, "corrienteA": 24.71, "factorPotencia": 0.968, "tsDispositivo": "2026-09-25T21:27:59+00:00"}
[2026-09-25 16:29:59] TX Replay de CSV historico (PDU fila C) -> {"tsFuente": "2026-09-20T00:52:00-05:00 (historico PDU, vuelta 1)", "potenciaKw": 5.46, "corrienteA": 24.46, "factorPotencia": 0.97, "tsDispositivo": "2026-09-25T21:29:59+00:00"}
[2026-09-25 16:31:59] TX Replay de CSV historico (PDU fila C) -> {"tsFuente": "2026-09-20T00:54:00-05:00 (historico PDU, vuelta 1)", "potenciaKw": 5.38, "corrienteA": 24.12, "factorPotencia": 0.971, "tsDispositivo": "2026-09-25T21:31:59+00:00"}
[2026-09-25 16:33:59] TX Replay de CSV historico (PDU fila C) -> {"tsFuente": "2026-09-20T00:56:00-05:00 (historico PDU, vuelta 1)", "potenciaKw": 5.36, "corrienteA": 24.0, "factorPotencia": 0.972, "tsDispositivo": "2026-09-25T21:33:59+00:00"}
[2026-09-25 16:36:00] TX Replay de CSV historico (PDU fila C) -> {"tsFuente": "2026-09-20T00:58:00-05:00 (historico PDU, vuelta 1)", "potenciaKw": 5.59, "corrienteA": 25.18, "factorPotencia": 0.965, "tsDispositivo": "2026-09-25T21:35:59+00:00"}
[2026-09-25 16:38:00] TX Replay de CSV historico (PDU fila C) -> {"tsFuente": "2026-09-20T01:00:00-05:00 (historico PDU, vuelta 1)", "potenciaKw": 5.57, "corrienteA": 25.01, "factorPotencia": 0.968, "tsDispositivo": "2026-09-25T21:38:00+00:00"}
[2026-09-25 16:40:00] TX Replay de CSV historico (PDU fila C) -> {"tsFuente": "2026-09-20T01:02:00-05:00 (historico PDU, vuelta 1)", "potenciaKw": 5.59, "corrienteA": 24.96, "factorPotencia": 0.973, "tsDispositivo": "2026-09-25T21:40:00+00:00"}
[2026-09-25 16:42:00] TX Replay de CSV historico (PDU fila C) -> {"tsFuente": "2026-09-20T01:03:00-05:00 (historico PDU, vuelta 1)", "potenciaKw": 5.76, "corrienteA": 26.19, "factorPotencia": 0.957, "tsDispositivo": "2026-09-25T21:42:00+00:00"}
[2026-09-25 16:44:00] TX Replay de CSV historico (PDU fila C) -> {"tsFuente": "2026-09-20T01:06:00-05:00 (historico PDU, vuelta 1)", "potenciaKw": 5.65, "corrienteA": 25.23, "factorPotencia": 0.974, "tsDispositivo": "2026-09-25T21:44:00+00:00"}
[2026-09-25 16:46:01] TX Replay de CSV historico (PDU fila C) -> {"tsFuente": "2026-09-20T01:07:00-05:00 (historico PDU, vuelta 1)", "potenciaKw": 5.38, "corrienteA": 24.28, "factorPotencia": 0.963, "tsDispositivo": "2026-09-25T21:46:00+00:00"}
[2026-09-25 16:48:01] TX Replay de CSV historico (PDU fila C) -> {"tsFuente": "2026-09-20T01:10:00-05:00 (historico PDU, vuelta 1)", "potenciaKw": 5.49, "corrienteA": 24.47, "factorPotencia": 0.976, "tsDispositivo": "2026-09-25T21:48:01+00:00"}
[2026-09-25 16:50:01] TX Replay de CSV historico (PDU fila C) -> {"tsFuente": "2026-09-20T01:11:00-05:00 (historico PDU, vuelta 1)", "potenciaKw": 5.59, "corrienteA": 25.47, "factorPotencia": 0.955, "tsDispositivo": "2026-09-25T21:50:01+00:00"}
[2026-09-25 16:52:01] TX Replay de CSV historico (PDU fila C) -> {"tsFuente": "2026-09-20T01:14:00-05:00 (historico PDU, vuelta 1)", "potenciaKw": 5.82, "corrienteA": 26.41, "factorPotencia": 0.958, "tsDispositivo": "2026-09-25T21:52:01+00:00"}
[2026-09-25 16:54:01] TX Replay de CSV historico (PDU fila C) -> {"tsFuente": "2026-09-20T01:15:00-05:00 (historico PDU, vuelta 1)", "potenciaKw": 5.47, "corrienteA": 24.67, "factorPotencia": 0.964, "tsDispositivo": "2026-09-25T21:54:01+00:00"}
[2026-09-25 16:56:01] TX Replay de CSV historico (PDU fila C) -> {"tsFuente": "2026-09-20T01:18:00-05:00 (historico PDU, vuelta 1)", "potenciaKw": 5.46, "corrienteA": 24.67, "factorPotencia": 0.962, "tsDispositivo": "2026-09-25T21:56:01+00:00"}
[2026-09-25 16:58:02] TX Replay de CSV historico (PDU fila C) -> {"tsFuente": "2026-09-20T01:19:00-05:00 (historico PDU, vuelta 1)", "potenciaKw": 5.79, "corrienteA": 25.82, "factorPotencia": 0.975, "tsDispositivo": "2026-09-25T21:58:02+00:00"}
[2026-09-25 17:00:02] TX Replay de CSV historico (PDU fila C) -> {"tsFuente": "2026-09-20T01:22:00-05:00 (historico PDU, vuelta 1)", "potenciaKw": 5.72, "corrienteA": 25.54, "factorPotencia": 0.973, "tsDispositivo": "2026-09-25T22:00:02+00:00"}
[2026-09-25 17:02:02] TX Replay de CSV historico (PDU fila C) -> {"tsFuente": "2026-09-20T01:23:00-05:00 (historico PDU, vuelta 1)", "potenciaKw": 5.49, "corrienteA": 24.64, "factorPotencia": 0.968, "tsDispositivo": "2026-09-25T22:02:02+00:00"}
[2026-09-25 17:04:02] TX Replay de CSV historico (PDU fila C) -> {"tsFuente": "2026-09-20T01:26:00-05:00 (historico PDU, vuelta 1)", "potenciaKw": 5.56, "corrienteA": 25.38, "factorPotencia": 0.953, "tsDispositivo": "2026-09-25T22:04:02+00:00"}
[2026-09-25 17:06:03] TX Replay de CSV historico (PDU fila C) -> {"tsFuente": "2026-09-20T01:27:00-05:00 (historico PDU, vuelta 1)", "potenciaKw": 5.66, "corrienteA": 25.64, "factorPotencia": 0.961, "tsDispositivo": "2026-09-25T22:06:02+00:00"}
[2026-09-25 17:08:03] TX Replay de CSV historico (PDU fila C) -> {"tsFuente": "2026-09-20T01:30:00-05:00 (historico PDU, vuelta 1)", "potenciaKw": 5.35, "corrienteA": 24.34, "factorPotencia": 0.955, "tsDispositivo": "2026-09-25T22:08:03+00:00"}
[2026-09-25 17:10:03] TX Replay de CSV historico (PDU fila C) -> {"tsFuente": "2026-09-20T01:32:00-05:00 (historico PDU, vuelta 1)", "potenciaKw": 5.5, "corrienteA": 25.05, "factorPotencia": 0.955, "tsDispositivo": "2026-09-25T22:10:03+00:00"}
[2026-09-25 17:12:03] TX Replay de CSV historico (PDU fila C) -> {"tsFuente": "2026-09-20T01:34:00-05:00 (historico PDU, vuelta 1)", "potenciaKw": 5.32, "corrienteA": 23.95, "factorPotencia": 0.966, "tsDispositivo": "2026-09-25T22:12:03+00:00"}
[2026-09-25 17:14:03] TX Replay de CSV historico (PDU fila C) -> {"tsFuente": "2026-09-20T01:36:00-05:00 (historico PDU, vuelta 1)", "potenciaKw": 5.62, "corrienteA": 25.48, "factorPotencia": 0.958, "tsDispositivo": "2026-09-25T22:14:03+00:00"}
[2026-09-25 17:16:04] TX Replay de CSV historico (PDU fila C) -> {"tsFuente": "2026-09-20T01:38:00-05:00 (historico PDU, vuelta 1)", "potenciaKw": 5.48, "corrienteA": 24.75, "factorPotencia": 0.962, "tsDispositivo": "2026-09-25T22:16:03+00:00"}
[2026-09-25 17:18:04] TX Replay de CSV historico (PDU fila C) -> {"tsFuente": "2026-09-20T01:40:00-05:00 (historico PDU, vuelta 1)", "potenciaKw": 5.42, "corrienteA": 24.25, "factorPotencia": 0.971, "tsDispositivo": "2026-09-25T22:18:04+00:00"}
[2026-09-25 17:20:04] TX Replay de CSV historico (PDU fila C) -> {"tsFuente": "2026-09-20T01:42:00-05:00 (historico PDU, vuelta 1)", "potenciaKw": 5.44, "corrienteA": 24.73, "factorPotencia": 0.956, "tsDispositivo": "2026-09-25T22:20:04+00:00"}
[2026-09-25 17:22:04] TX Replay de CSV historico (PDU fila C) -> {"tsFuente": "2026-09-20T01:44:00-05:00 (historico PDU, vuelta 1)", "potenciaKw": 5.51, "corrienteA": 24.57, "factorPotencia": 0.976, "tsDispositivo": "2026-09-25T22:22:04+00:00"}
[2026-09-25 17:24:04] TX Replay de CSV historico (PDU fila C) -> {"tsFuente": "2026-09-20T01:46:00-05:00 (historico PDU, vuelta 1)", "potenciaKw": 5.6, "corrienteA": 25.55, "factorPotencia": 0.954, "tsDispositivo": "2026-09-25T22:24:04+00:00"}
[2026-09-25 17:26:05] TX Replay de CSV historico (PDU fila C) -> {"tsFuente": "2026-09-20T01:48:00-05:00 (historico PDU, vuelta 1)", "potenciaKw": 5.57, "corrienteA": 25.05, "factorPotencia": 0.966, "tsDispositivo": "2026-09-25T22:26:04+00:00"}
[2026-09-25 17:28:05] TX Replay de CSV historico (PDU fila C) -> {"tsFuente": "2026-09-20T01:49:00-05:00 (historico PDU, vuelta 1)", "potenciaKw": 5.33, "corrienteA": 23.99, "factorPotencia": 0.966, "tsDispositivo": "2026-09-25T22:28:05+00:00"}
[2026-09-25 17:30:05] TX Replay de CSV historico (PDU fila C) -> {"tsFuente": "2026-09-20T01:52:00-05:00 (historico PDU, vuelta 1)", "potenciaKw": 5.63, "corrienteA": 25.1, "factorPotencia": 0.974, "tsDispositivo": "2026-09-25T22:30:05+00:00"}
[2026-09-25 17:32:05] TX Replay de CSV historico (PDU fila C) -> {"tsFuente": "2026-09-20T01:53:00-05:00 (historico PDU, vuelta 1)", "potenciaKw": 5.66, "corrienteA": 25.68, "factorPotencia": 0.958, "tsDispositivo": "2026-09-25T22:32:05+00:00"}
[2026-09-25 17:34:06] TX Replay de CSV historico (PDU fila C) -> {"tsFuente": "2026-09-20T01:56:00-05:00 (historico PDU, vuelta 1)", "potenciaKw": 5.71, "corrienteA": 25.93, "factorPotencia": 0.958, "tsDispositivo": "2026-09-25T22:34:05+00:00"}
[2026-09-25 17:36:07] TX Replay de CSV historico (PDU fila C) -> {"tsFuente": "2026-09-20T01:57:00-05:00 (historico PDU, vuelta 1)", "potenciaKw": 5.4, "corrienteA": 24.23, "factorPotencia": 0.968, "tsDispositivo": "2026-09-25T22:36:06+00:00"}
[2026-09-25 17:38:07] TX Replay de CSV historico (PDU fila C) -> {"tsFuente": "2026-09-20T02:00:00-05:00 (historico PDU, vuelta 1)", "potenciaKw": 5.59, "corrienteA": 25.3, "factorPotencia": 0.961, "tsDispositivo": "2026-09-25T22:38:07+00:00"}
[2026-09-25 17:40:07] TX Replay de CSV historico (PDU fila C) -> {"tsFuente": "2026-09-20T02:01:00-05:00 (historico PDU, vuelta 1)", "potenciaKw": 5.42, "corrienteA": 24.2, "factorPotencia": 0.974, "tsDispositivo": "2026-09-25T22:40:07+00:00"}
[2026-09-25 17:42:07] TX Replay de CSV historico (PDU fila C) -> {"tsFuente": "2026-09-20T02:04:00-05:00 (historico PDU, vuelta 1)", "potenciaKw": 5.68, "corrienteA": 25.79, "factorPotencia": 0.958, "tsDispositivo": "2026-09-25T22:42:07+00:00"}
[2026-09-25 17:44:08] TX Replay de CSV historico (PDU fila C) -> {"tsFuente": "2026-09-20T02:06:00-05:00 (historico PDU, vuelta 1)", "potenciaKw": 5.73, "corrienteA": 25.74, "factorPotencia": 0.967, "tsDispositivo": "2026-09-25T22:44:07+00:00"}
[2026-09-25 17:46:08] TX Replay de CSV historico (PDU fila C) -> {"tsFuente": "2026-09-20T02:07:00-05:00 (historico PDU, vuelta 1)", "potenciaKw": 5.75, "corrienteA": 26.19, "factorPotencia": 0.954, "tsDispositivo": "2026-09-25T22:46:08+00:00"}
[2026-09-25 17:48:08] TX Replay de CSV historico (PDU fila C) -> {"tsFuente": "2026-09-20T02:09:00-05:00 (historico PDU, vuelta 1)", "potenciaKw": 5.51, "corrienteA": 24.91, "factorPotencia": 0.962, "tsDispositivo": "2026-09-25T22:48:08+00:00"}
[2026-09-25 17:50:08] TX Replay de CSV historico (PDU fila C) -> {"tsFuente": "2026-09-20T02:12:00-05:00 (historico PDU, vuelta 1)", "potenciaKw": 5.6, "corrienteA": 25.39, "factorPotencia": 0.959, "tsDispositivo": "2026-09-25T22:50:08+00:00"}
[2026-09-25 17:52:09] TX Replay de CSV historico (PDU fila C) -> {"tsFuente": "2026-09-20T02:14:00-05:00 (historico PDU, vuelta 1)", "potenciaKw": 5.31, "corrienteA": 23.71, "factorPotencia": 0.973, "tsDispositivo": "2026-09-25T22:52:08+00:00"}
[2026-09-25 17:54:09] TX Replay de CSV historico (PDU fila C) -> {"tsFuente": "2026-09-20T02:15:00-05:00 (historico PDU, vuelta 1)", "potenciaKw": 5.53, "corrienteA": 24.75, "factorPotencia": 0.972, "tsDispositivo": "2026-09-25T22:54:09+00:00"}
[2026-09-25 17:56:09] TX Replay de CSV historico (PDU fila C) -> {"tsFuente": "2026-09-20T02:17:00-05:00 (historico PDU, vuelta 1)", "potenciaKw": 5.54, "corrienteA": 24.9, "factorPotencia": 0.968, "tsDispositivo": "2026-09-25T22:56:09+00:00"}
[2026-09-25 17:58:11] TX Replay de CSV historico (PDU fila C) -> {"tsFuente": "2026-09-20T02:20:00-05:00 (historico PDU, vuelta 1)", "potenciaKw": 5.5, "corrienteA": 24.93, "factorPotencia": 0.96, "tsDispositivo": "2026-09-25T22:58:09+00:00"}
[2026-09-25 18:00:11] TX Replay de CSV historico (PDU fila C) -> {"tsFuente": "2026-09-20T02:22:00-05:00 (historico PDU, vuelta 1)", "potenciaKw": 5.76, "corrienteA": 25.99, "factorPotencia": 0.963, "tsDispositivo": "2026-09-25T23:00:11+00:00"}
[2026-09-25 18:02:11] TX Replay de CSV historico (PDU fila C) -> {"tsFuente": "2026-09-20T02:23:00-05:00 (historico PDU, vuelta 1)", "potenciaKw": 5.46, "corrienteA": 24.46, "factorPotencia": 0.971, "tsDispositivo": "2026-09-25T23:02:11+00:00"}
[2026-09-25 18:04:12] TX Replay de CSV historico (PDU fila C) -> {"tsFuente": "2026-09-20T02:25:00-05:00 (historico PDU, vuelta 1)", "potenciaKw": 5.71, "corrienteA": 25.46, "factorPotencia": 0.975, "tsDispositivo": "2026-09-25T23:04:11+00:00"}
[2026-09-25 18:06:12] TX Replay de CSV historico (PDU fila C) -> {"tsFuente": "2026-09-20T02:28:00-05:00 (historico PDU, vuelta 1)", "potenciaKw": 5.36, "corrienteA": 23.98, "factorPotencia": 0.972, "tsDispositivo": "2026-09-25T23:06:12+00:00"}
[2026-09-25 18:08:13] TX Replay de CSV historico (PDU fila C) -> {"tsFuente": "2026-09-20T02:30:00-05:00 (historico PDU, vuelta 1)", "potenciaKw": 5.61, "corrienteA": 25.42, "factorPotencia": 0.96, "tsDispositivo": "2026-09-25T23:08:12+00:00"}
[2026-09-25 18:10:13] TX Replay de CSV historico (PDU fila C) -> {"tsFuente": "2026-09-20T02:31:00-05:00 (historico PDU, vuelta 1)", "potenciaKw": 5.61, "corrienteA": 24.98, "factorPotencia": 0.977, "tsDispositivo": "2026-09-25T23:10:13+00:00"}
[2026-09-25 18:12:13] TX Replay de CSV historico (PDU fila C) -> {"tsFuente": "2026-09-20T02:34:00-05:00 (historico PDU, vuelta 1)", "potenciaKw": 5.57, "corrienteA": 25.2, "factorPotencia": 0.96, "tsDispositivo": "2026-09-25T23:12:13+00:00"}
[2026-09-25 18:14:13] TX Replay de CSV historico (PDU fila C) -> {"tsFuente": "2026-09-20T02:36:00-05:00 (historico PDU, vuelta 1)", "potenciaKw": 5.56, "corrienteA": 25.02, "factorPotencia": 0.965, "tsDispositivo": "2026-09-25T23:14:13+00:00"}
[2026-09-25 18:16:13] TX Replay de CSV historico (PDU fila C) -> {"tsFuente": "2026-09-20T02:38:00-05:00 (historico PDU, vuelta 1)", "potenciaKw": 5.38, "corrienteA": 24.23, "factorPotencia": 0.966, "tsDispositivo": "2026-09-25T23:16:13+00:00"}
[2026-09-25 18:18:14] TX Replay de CSV historico (PDU fila C) -> {"tsFuente": "2026-09-20T02:39:00-05:00 (historico PDU, vuelta 1)", "potenciaKw": 5.43, "corrienteA": 24.32, "factorPotencia": 0.971, "tsDispositivo": "2026-09-25T23:18:13+00:00"}
[2026-09-25 18:20:14] TX Replay de CSV historico (PDU fila C) -> {"tsFuente": "2026-09-20T02:42:00-05:00 (historico PDU, vuelta 1)", "potenciaKw": 5.51, "corrienteA": 25.09, "factorPotencia": 0.954, "tsDispositivo": "2026-09-25T23:20:14+00:00"}
[2026-09-25 18:22:15] TX Replay de CSV historico (PDU fila C) -> {"tsFuente": "2026-09-20T02:44:00-05:00 (historico PDU, vuelta 1)", "potenciaKw": 5.57, "corrienteA": 24.94, "factorPotencia": 0.971, "tsDispositivo": "2026-09-25T23:22:14+00:00"}
[2026-09-25 18:24:15] TX Replay de CSV historico (PDU fila C) -> {"tsFuente": "2026-09-20T02:46:00-05:00 (historico PDU, vuelta 1)", "potenciaKw": 5.65, "corrienteA": 25.16, "factorPotencia": 0.976, "tsDispositivo": "2026-09-25T23:24:15+00:00"}
[2026-09-25 18:26:15] TX Replay de CSV historico (PDU fila C) -> {"tsFuente": "2026-09-20T02:47:00-05:00 (historico PDU, vuelta 1)", "potenciaKw": 5.47, "corrienteA": 24.83, "factorPotencia": 0.957, "tsDispositivo": "2026-09-25T23:26:15+00:00"}
[2026-09-25 18:28:16] TX Replay de CSV historico (PDU fila C) -> {"tsFuente": "2026-09-20T02:50:00-05:00 (historico PDU, vuelta 1)", "potenciaKw": 5.71, "corrienteA": 25.92, "factorPotencia": 0.958, "tsDispositivo": "2026-09-25T23:28:15+00:00"}
[2026-09-25 18:30:16] TX Replay de CSV historico (PDU fila C) -> {"tsFuente": "2026-09-20T02:52:00-05:00 (historico PDU, vuelta 1)", "potenciaKw": 5.67, "corrienteA": 25.68, "factorPotencia": 0.959, "tsDispositivo": "2026-09-25T23:30:16+00:00"}
[2026-09-25 18:32:16] TX Replay de CSV historico (PDU fila C) -> {"tsFuente": "2026-09-20T02:53:00-05:00 (historico PDU, vuelta 1)", "potenciaKw": 5.56, "corrienteA": 24.77, "factorPotencia": 0.976, "tsDispositivo": "2026-09-25T23:32:16+00:00"}
[2026-09-25 18:34:16] TX Replay de CSV historico (PDU fila C) -> {"tsFuente": "2026-09-20T02:55:00-05:00 (historico PDU, vuelta 1)", "potenciaKw": 5.46, "corrienteA": 24.82, "factorPotencia": 0.956, "tsDispositivo": "2026-09-25T23:34:16+00:00"}
[2026-09-25 18:36:16] TX Replay de CSV historico (PDU fila C) -> {"tsFuente": "2026-09-20T02:58:00-05:00 (historico PDU, vuelta 1)", "potenciaKw": 5.48, "corrienteA": 24.43, "factorPotencia": 0.975, "tsDispositivo": "2026-09-25T23:36:16+00:00"}
[2026-09-25 18:38:17] TX Replay de CSV historico (PDU fila C) -> {"tsFuente": "2026-09-20T03:00:00-05:00 (historico PDU, vuelta 1)", "potenciaKw": 5.52, "corrienteA": 24.86, "factorPotencia": 0.966, "tsDispositivo": "2026-09-25T23:38:16+00:00"}
[2026-09-25 18:40:17] TX Replay de CSV historico (PDU fila C) -> {"tsFuente": "2026-09-20T03:01:00-05:00 (historico PDU, vuelta 1)", "potenciaKw": 5.45, "corrienteA": 24.77, "factorPotencia": 0.957, "tsDispositivo": "2026-09-25T23:40:17+00:00"}
[2026-09-25 18:42:17] TX Replay de CSV historico (PDU fila C) -> {"tsFuente": "2026-09-20T03:04:00-05:00 (historico PDU, vuelta 1)", "potenciaKw": 5.36, "corrienteA": 24.2, "factorPotencia": 0.964, "tsDispositivo": "2026-09-25T23:42:17+00:00"}
[2026-09-25 18:44:17] TX Replay de CSV historico (PDU fila C) -> {"tsFuente": "2026-09-20T03:06:00-05:00 (historico PDU, vuelta 1)", "potenciaKw": 5.33, "corrienteA": 23.94, "factorPotencia": 0.967, "tsDispositivo": "2026-09-25T23:44:17+00:00"}
[2026-09-25 18:46:17] TX Replay de CSV historico (PDU fila C) -> {"tsFuente": "2026-09-20T03:07:00-05:00 (historico PDU, vuelta 1)", "potenciaKw": 5.52, "corrienteA": 25.11, "factorPotencia": 0.956, "tsDispositivo": "2026-09-25T23:46:17+00:00"}
[2026-09-25 18:48:18] TX Replay de CSV historico (PDU fila C) -> {"tsFuente": "2026-09-20T03:09:00-05:00 (historico PDU, vuelta 1)", "potenciaKw": 5.36, "corrienteA": 24.43, "factorPotencia": 0.954, "tsDispositivo": "2026-09-25T23:48:17+00:00"}
[2026-09-25 18:50:18] TX Replay de CSV historico (PDU fila C) -> {"tsFuente": "2026-09-20T03:12:00-05:00 (historico PDU, vuelta 1)", "potenciaKw": 5.56, "corrienteA": 24.86, "factorPotencia": 0.972, "tsDispositivo": "2026-09-25T23:50:18+00:00"}
[2026-09-25 18:52:18] TX Replay de CSV historico (PDU fila C) -> {"tsFuente": "2026-09-20T03:14:00-05:00 (historico PDU, vuelta 1)", "potenciaKw": 5.69, "corrienteA": 25.52, "factorPotencia": 0.97, "tsDispositivo": "2026-09-25T23:52:18+00:00"}
[2026-09-25 18:54:18] TX Replay de CSV historico (PDU fila C) -> {"tsFuente": "2026-09-20T03:15:00-05:00 (historico PDU, vuelta 1)", "potenciaKw": 5.65, "corrienteA": 25.22, "factorPotencia": 0.975, "tsDispositivo": "2026-09-25T23:54:18+00:00"}
[2026-09-25 18:56:18] TX Replay de CSV historico (PDU fila C) -> {"tsFuente": "2026-09-20T03:17:00-05:00 (historico PDU, vuelta 1)", "potenciaKw": 5.77, "corrienteA": 26.25, "factorPotencia": 0.955, "tsDispositivo": "2026-09-25T23:56:18+00:00"}
[2026-09-25 18:58:19] TX Replay de CSV historico (PDU fila C) -> {"tsFuente": "2026-09-20T03:20:00-05:00 (historico PDU, vuelta 1)", "potenciaKw": 5.28, "corrienteA": 24.03, "factorPotencia": 0.956, "tsDispositivo": "2026-09-25T23:58:18+00:00"}
[2026-09-25 19:12:05] INFO  historico cargado: 720 muestras de historico_pdu_fila.csv
[2026-09-25 19:12:09] INFO  DPS OK -> hub iotc-ce764639-456d-4e61-9e9c-e64c9a818624.azure-devices.net
[2026-09-25 19:12:10] INFO  replay conectado; propiedades: {'zona': 'PDU / energia de fila', 'ubicacion': 'Sala blanca - tablero de fila C (PDU monofasica 32 A)', 'origenEnvio': 'Replay de CSV historico (PDU fila C)', 'fabricante': 'Raritan PX3-5488 + shunt 100 A', 'modelo': 'Replay-CSV/1.0', 'versionFirmware': '1.0.3', 'intervaloMuestreo': 120}
[2026-09-25 19:12:10] TX Replay de CSV historico (PDU fila C) -> {"tsFuente": "2026-09-20T00:00:00-05:00 (historico PDU, vuelta 1)", "potenciaKw": 5.72, "corrienteA": 25.64, "factorPotencia": 0.97, "tsDispositivo": "2026-09-26T00:12:10+00:00"}
[2026-09-25 19:14:10] TX Replay de CSV historico (PDU fila C) -> {"tsFuente": "2026-09-20T00:02:00-05:00 (historico PDU, vuelta 1)", "potenciaKw": 5.49, "corrienteA": 24.48, "factorPotencia": 0.975, "tsDispositivo": "2026-09-26T00:14:10+00:00"}
[2026-09-25 19:16:13] TX Replay de CSV historico (PDU fila C) -> {"tsFuente": "2026-09-20T00:04:00-05:00 (historico PDU, vuelta 1)", "potenciaKw": 5.63, "corrienteA": 25.51, "factorPotencia": 0.959, "tsDispositivo": "2026-09-26T00:16:10+00:00"}
[2026-09-25 19:18:14] TX Replay de CSV historico (PDU fila C) -> {"tsFuente": "2026-09-20T00:06:00-05:00 (historico PDU, vuelta 1)", "potenciaKw": 5.64, "corrienteA": 25.7, "factorPotencia": 0.954, "tsDispositivo": "2026-09-26T00:18:14+00:00"}
[2026-09-25 19:20:15] TX Replay de CSV historico (PDU fila C) -> {"tsFuente": "2026-09-20T00:08:00-05:00 (historico PDU, vuelta 1)", "potenciaKw": 5.78, "corrienteA": 26.02, "factorPotencia": 0.965, "tsDispositivo": "2026-09-26T00:20:14+00:00"}
[2026-09-25 19:22:15] TX Replay de CSV historico (PDU fila C) -> {"tsFuente": "2026-09-20T00:10:00-05:00 (historico PDU, vuelta 1)", "potenciaKw": 5.65, "corrienteA": 25.15, "factorPotencia": 0.976, "tsDispositivo": "2026-09-26T00:22:15+00:00"}
[2026-09-25 19:24:16] TX Replay de CSV historico (PDU fila C) -> {"tsFuente": "2026-09-20T00:12:00-05:00 (historico PDU, vuelta 1)", "potenciaKw": 5.84, "corrienteA": 26.57, "factorPotencia": 0.956, "tsDispositivo": "2026-09-26T00:24:15+00:00"}
[2026-09-25 19:26:17] TX Replay de CSV historico (PDU fila C) -> {"tsFuente": "2026-09-20T00:14:00-05:00 (historico PDU, vuelta 1)", "potenciaKw": 5.5, "corrienteA": 24.82, "factorPotencia": 0.963, "tsDispositivo": "2026-09-26T00:26:16+00:00"}
[2026-09-25 19:28:18] TX Replay de CSV historico (PDU fila C) -> {"tsFuente": "2026-09-20T00:16:00-05:00 (historico PDU, vuelta 1)", "potenciaKw": 5.5, "corrienteA": 24.76, "factorPotencia": 0.965, "tsDispositivo": "2026-09-26T00:28:17+00:00"}
[2026-09-25 19:30:18] TX Replay de CSV historico (PDU fila C) -> {"tsFuente": "2026-09-20T00:18:00-05:00 (historico PDU, vuelta 1)", "potenciaKw": 5.64, "corrienteA": 25.16, "factorPotencia": 0.975, "tsDispositivo": "2026-09-26T00:30:18+00:00"}
[2026-09-25 19:32:19] TX Replay de CSV historico (PDU fila C) -> {"tsFuente": "2026-09-20T00:20:00-05:00 (historico PDU, vuelta 1)", "potenciaKw": 5.56, "corrienteA": 24.95, "factorPotencia": 0.969, "tsDispositivo": "2026-09-26T00:32:18+00:00"}
[2026-09-25 19:34:20] TX Replay de CSV historico (PDU fila C) -> {"tsFuente": "2026-09-20T00:22:00-05:00 (historico PDU, vuelta 1)", "potenciaKw": 5.66, "corrienteA": 25.48, "factorPotencia": 0.965, "tsDispositivo": "2026-09-26T00:34:19+00:00"}
[2026-09-25 19:36:20] TX Replay de CSV historico (PDU fila C) -> {"tsFuente": "2026-09-20T00:24:00-05:00 (historico PDU, vuelta 1)", "potenciaKw": 5.63, "corrienteA": 25.31, "factorPotencia": 0.966, "tsDispositivo": "2026-09-26T00:36:20+00:00"}
[2026-09-25 19:38:22] TX Replay de CSV historico (PDU fila C) -> {"tsFuente": "2026-09-20T00:26:00-05:00 (historico PDU, vuelta 1)", "potenciaKw": 5.7, "corrienteA": 25.98, "factorPotencia": 0.954, "tsDispositivo": "2026-09-26T00:38:20+00:00"}
[2026-09-25 19:40:23] TX Replay de CSV historico (PDU fila C) -> {"tsFuente": "2026-09-20T00:28:00-05:00 (historico PDU, vuelta 1)", "potenciaKw": 5.56, "corrienteA": 25.03, "factorPotencia": 0.967, "tsDispositivo": "2026-09-26T00:40:22+00:00"}
[2026-09-25 19:42:24] TX Replay de CSV historico (PDU fila C) -> {"tsFuente": "2026-09-20T00:30:00-05:00 (historico PDU, vuelta 1)", "potenciaKw": 5.65, "corrienteA": 25.39, "factorPotencia": 0.968, "tsDispositivo": "2026-09-26T00:42:23+00:00"}
[2026-09-25 19:44:25] TX Replay de CSV historico (PDU fila C) -> {"tsFuente": "2026-09-20T00:32:00-05:00 (historico PDU, vuelta 1)", "potenciaKw": 5.72, "corrienteA": 25.91, "factorPotencia": 0.959, "tsDispositivo": "2026-09-26T00:44:24+00:00"}
[2026-09-25 19:46:26] TX Replay de CSV historico (PDU fila C) -> {"tsFuente": "2026-09-20T00:34:00-05:00 (historico PDU, vuelta 1)", "potenciaKw": 5.48, "corrienteA": 24.8, "factorPotencia": 0.96, "tsDispositivo": "2026-09-26T00:46:26+00:00"}
[2026-09-25 19:48:28] TX Replay de CSV historico (PDU fila C) -> {"tsFuente": "2026-09-20T00:36:00-05:00 (historico PDU, vuelta 1)", "potenciaKw": 5.72, "corrienteA": 26.02, "factorPotencia": 0.955, "tsDispositivo": "2026-09-26T00:48:26+00:00"}
[2026-09-25 19:50:28] TX Replay de CSV historico (PDU fila C) -> {"tsFuente": "2026-09-20T00:38:00-05:00 (historico PDU, vuelta 1)", "potenciaKw": 5.48, "corrienteA": 24.41, "factorPotencia": 0.976, "tsDispositivo": "2026-09-26T00:50:28+00:00"}
[2026-09-25 19:52:30] TX Replay de CSV historico (PDU fila C) -> {"tsFuente": "2026-09-20T00:40:00-05:00 (historico PDU, vuelta 1)", "potenciaKw": 5.5, "corrienteA": 24.68, "factorPotencia": 0.97, "tsDispositivo": "2026-09-26T00:52:28+00:00"}
[2026-09-25 19:54:30] TX Replay de CSV historico (PDU fila C) -> {"tsFuente": "2026-09-20T00:42:00-05:00 (historico PDU, vuelta 1)", "potenciaKw": 5.82, "corrienteA": 26.48, "factorPotencia": 0.955, "tsDispositivo": "2026-09-26T00:54:30+00:00"}
[2026-09-25 19:56:31] TX Replay de CSV historico (PDU fila C) -> {"tsFuente": "2026-09-20T00:44:00-05:00 (historico PDU, vuelta 1)", "potenciaKw": 5.37, "corrienteA": 24.33, "factorPotencia": 0.96, "tsDispositivo": "2026-09-26T00:56:30+00:00"}
[2026-09-25 19:58:31] TX Replay de CSV historico (PDU fila C) -> {"tsFuente": "2026-09-20T00:46:00-05:00 (historico PDU, vuelta 1)", "potenciaKw": 5.59, "corrienteA": 25.44, "factorPotencia": 0.955, "tsDispositivo": "2026-09-26T00:58:31+00:00"}
[2026-09-25 20:00:31] TX Replay de CSV historico (PDU fila C) -> {"tsFuente": "2026-09-20T00:48:00-05:00 (historico PDU, vuelta 1)", "potenciaKw": 5.7, "corrienteA": 25.66, "factorPotencia": 0.966, "tsDispositivo": "2026-09-26T01:00:31+00:00"}
[2026-09-25 20:02:32] TX Replay de CSV historico (PDU fila C) -> {"tsFuente": "2026-09-20T00:50:00-05:00 (historico PDU, vuelta 1)", "potenciaKw": 5.5, "corrienteA": 24.71, "factorPotencia": 0.968, "tsDispositivo": "2026-09-26T01:02:31+00:00"}
[2026-09-25 20:04:32] TX Replay de CSV historico (PDU fila C) -> {"tsFuente": "2026-09-20T00:52:00-05:00 (historico PDU, vuelta 1)", "potenciaKw": 5.46, "corrienteA": 24.46, "factorPotencia": 0.97, "tsDispositivo": "2026-09-26T01:04:32+00:00"}
[2026-09-25 20:06:32] TX Replay de CSV historico (PDU fila C) -> {"tsFuente": "2026-09-20T00:54:00-05:00 (historico PDU, vuelta 1)", "potenciaKw": 5.38, "corrienteA": 24.12, "factorPotencia": 0.971, "tsDispositivo": "2026-09-26T01:06:32+00:00"}
[2026-09-25 20:08:32] TX Replay de CSV historico (PDU fila C) -> {"tsFuente": "2026-09-20T00:56:00-05:00 (historico PDU, vuelta 1)", "potenciaKw": 5.36, "corrienteA": 24.0, "factorPotencia": 0.972, "tsDispositivo": "2026-09-26T01:08:32+00:00"}
[2026-09-25 20:10:33] TX Replay de CSV historico (PDU fila C) -> {"tsFuente": "2026-09-20T00:58:00-05:00 (historico PDU, vuelta 1)", "potenciaKw": 5.59, "corrienteA": 25.18, "factorPotencia": 0.965, "tsDispositivo": "2026-09-26T01:10:32+00:00"}
[2026-09-25 20:12:33] TX Replay de CSV historico (PDU fila C) -> {"tsFuente": "2026-09-20T01:00:00-05:00 (historico PDU, vuelta 1)", "potenciaKw": 5.57, "corrienteA": 25.01, "factorPotencia": 0.968, "tsDispositivo": "2026-09-26T01:12:33+00:00"}
[2026-09-25 20:14:33] TX Replay de CSV historico (PDU fila C) -> {"tsFuente": "2026-09-20T01:02:00-05:00 (historico PDU, vuelta 1)", "potenciaKw": 5.59, "corrienteA": 24.96, "factorPotencia": 0.973, "tsDispositivo": "2026-09-26T01:14:33+00:00"}
[2026-09-25 20:16:33] TX Replay de CSV historico (PDU fila C) -> {"tsFuente": "2026-09-20T01:03:00-05:00 (historico PDU, vuelta 1)", "potenciaKw": 5.76, "corrienteA": 26.19, "factorPotencia": 0.957, "tsDispositivo": "2026-09-26T01:16:33+00:00"}
[2026-09-25 20:18:33] TX Replay de CSV historico (PDU fila C) -> {"tsFuente": "2026-09-20T01:06:00-05:00 (historico PDU, vuelta 1)", "potenciaKw": 5.65, "corrienteA": 25.23, "factorPotencia": 0.974, "tsDispositivo": "2026-09-26T01:18:33+00:00"}
[2026-09-25 20:20:34] TX Replay de CSV historico (PDU fila C) -> {"tsFuente": "2026-09-20T01:07:00-05:00 (historico PDU, vuelta 1)", "potenciaKw": 5.38, "corrienteA": 24.28, "factorPotencia": 0.963, "tsDispositivo": "2026-09-26T01:20:33+00:00"}
[2026-09-25 20:22:34] TX Replay de CSV historico (PDU fila C) -> {"tsFuente": "2026-09-20T01:10:00-05:00 (historico PDU, vuelta 1)", "potenciaKw": 5.49, "corrienteA": 24.47, "factorPotencia": 0.976, "tsDispositivo": "2026-09-26T01:22:34+00:00"}
[2026-09-25 20:24:34] TX Replay de CSV historico (PDU fila C) -> {"tsFuente": "2026-09-20T01:11:00-05:00 (historico PDU, vuelta 1)", "potenciaKw": 5.59, "corrienteA": 25.47, "factorPotencia": 0.955, "tsDispositivo": "2026-09-26T01:24:34+00:00"}
[2026-09-25 20:26:35] TX Replay de CSV historico (PDU fila C) -> {"tsFuente": "2026-09-20T01:14:00-05:00 (historico PDU, vuelta 1)", "potenciaKw": 5.82, "corrienteA": 26.41, "factorPotencia": 0.958, "tsDispositivo": "2026-09-26T01:26:34+00:00"}
[2026-09-25 20:28:35] TX Replay de CSV historico (PDU fila C) -> {"tsFuente": "2026-09-20T01:15:00-05:00 (historico PDU, vuelta 1)", "potenciaKw": 5.47, "corrienteA": 24.67, "factorPotencia": 0.964, "tsDispositivo": "2026-09-26T01:28:35+00:00"}
[2026-09-25 20:30:35] TX Replay de CSV historico (PDU fila C) -> {"tsFuente": "2026-09-20T01:18:00-05:00 (historico PDU, vuelta 1)", "potenciaKw": 5.46, "corrienteA": 24.67, "factorPotencia": 0.962, "tsDispositivo": "2026-09-26T01:30:35+00:00"}
[2026-09-25 20:32:35] TX Replay de CSV historico (PDU fila C) -> {"tsFuente": "2026-09-20T01:19:00-05:00 (historico PDU, vuelta 1)", "potenciaKw": 5.79, "corrienteA": 25.82, "factorPotencia": 0.975, "tsDispositivo": "2026-09-26T01:32:35+00:00"}
[2026-09-25 20:34:36] TX Replay de CSV historico (PDU fila C) -> {"tsFuente": "2026-09-20T01:22:00-05:00 (historico PDU, vuelta 1)", "potenciaKw": 5.72, "corrienteA": 25.54, "factorPotencia": 0.973, "tsDispositivo": "2026-09-26T01:34:35+00:00"}
[2026-09-25 20:36:36] TX Replay de CSV historico (PDU fila C) -> {"tsFuente": "2026-09-20T01:23:00-05:00 (historico PDU, vuelta 1)", "potenciaKw": 5.49, "corrienteA": 24.64, "factorPotencia": 0.968, "tsDispositivo": "2026-09-26T01:36:36+00:00"}
[2026-09-25 20:38:36] TX Replay de CSV historico (PDU fila C) -> {"tsFuente": "2026-09-20T01:26:00-05:00 (historico PDU, vuelta 1)", "potenciaKw": 5.56, "corrienteA": 25.38, "factorPotencia": 0.953, "tsDispositivo": "2026-09-26T01:38:36+00:00"}
[2026-09-25 20:40:36] TX Replay de CSV historico (PDU fila C) -> {"tsFuente": "2026-09-20T01:27:00-05:00 (historico PDU, vuelta 1)", "potenciaKw": 5.66, "corrienteA": 25.64, "factorPotencia": 0.961, "tsDispositivo": "2026-09-26T01:40:36+00:00"}
[2026-09-25 20:42:37] TX Replay de CSV historico (PDU fila C) -> {"tsFuente": "2026-09-20T01:30:00-05:00 (historico PDU, vuelta 1)", "potenciaKw": 5.35, "corrienteA": 24.34, "factorPotencia": 0.955, "tsDispositivo": "2026-09-26T01:42:36+00:00"}
[2026-09-25 20:44:37] TX Replay de CSV historico (PDU fila C) -> {"tsFuente": "2026-09-20T01:32:00-05:00 (historico PDU, vuelta 1)", "potenciaKw": 5.5, "corrienteA": 25.05, "factorPotencia": 0.955, "tsDispositivo": "2026-09-26T01:44:37+00:00"}
[2026-09-25 20:46:37] TX Replay de CSV historico (PDU fila C) -> {"tsFuente": "2026-09-20T01:34:00-05:00 (historico PDU, vuelta 1)", "potenciaKw": 5.32, "corrienteA": 23.95, "factorPotencia": 0.966, "tsDispositivo": "2026-09-26T01:46:37+00:00"}
[2026-09-25 20:48:37] TX Replay de CSV historico (PDU fila C) -> {"tsFuente": "2026-09-20T01:36:00-05:00 (historico PDU, vuelta 1)", "potenciaKw": 5.62, "corrienteA": 25.48, "factorPotencia": 0.958, "tsDispositivo": "2026-09-26T01:48:37+00:00"}
[2026-09-25 20:50:38] TX Replay de CSV historico (PDU fila C) -> {"tsFuente": "2026-09-20T01:38:00-05:00 (historico PDU, vuelta 1)", "potenciaKw": 5.48, "corrienteA": 24.75, "factorPotencia": 0.962, "tsDispositivo": "2026-09-26T01:50:37+00:00"}
[2026-09-25 20:52:38] TX Replay de CSV historico (PDU fila C) -> {"tsFuente": "2026-09-20T01:40:00-05:00 (historico PDU, vuelta 1)", "potenciaKw": 5.42, "corrienteA": 24.25, "factorPotencia": 0.971, "tsDispositivo": "2026-09-26T01:52:38+00:00"}
[2026-09-25 20:54:38] TX Replay de CSV historico (PDU fila C) -> {"tsFuente": "2026-09-20T01:42:00-05:00 (historico PDU, vuelta 1)", "potenciaKw": 5.44, "corrienteA": 24.73, "factorPotencia": 0.956, "tsDispositivo": "2026-09-26T01:54:38+00:00"}
[2026-09-25 20:56:38] TX Replay de CSV historico (PDU fila C) -> {"tsFuente": "2026-09-20T01:44:00-05:00 (historico PDU, vuelta 1)", "potenciaKw": 5.51, "corrienteA": 24.57, "factorPotencia": 0.976, "tsDispositivo": "2026-09-26T01:56:38+00:00"}
[2026-09-25 20:58:38] TX Replay de CSV historico (PDU fila C) -> {"tsFuente": "2026-09-20T01:46:00-05:00 (historico PDU, vuelta 1)", "potenciaKw": 5.6, "corrienteA": 25.55, "factorPotencia": 0.954, "tsDispositivo": "2026-09-26T01:58:38+00:00"}
[2026-09-25 21:00:39] TX Replay de CSV historico (PDU fila C) -> {"tsFuente": "2026-09-20T01:48:00-05:00 (historico PDU, vuelta 1)", "potenciaKw": 5.57, "corrienteA": 25.05, "factorPotencia": 0.966, "tsDispositivo": "2026-09-26T02:00:38+00:00"}
Exception caught in background thread.  Unable to handle.
['azure.iot.device.common.transport_exceptions.ConnectionDroppedError: Unexpected disconnection\n']
Exception caught in background thread.  Unable to handle.
['azure.iot.device.common.transport_exceptions.ConnectionFailedError\n']
Exception caught in background thread.  Unable to handle.
['azure.iot.device.common.transport_exceptions.ConnectionFailedError\n']
Exception caught in background thread.  Unable to handle.
['azure.iot.device.common.transport_exceptions.ConnectionFailedError\n']
Exception caught in background thread.  Unable to handle.
['azure.iot.device.common.transport_exceptions.ConnectionFailedError\n']
[2026-09-25 21:02:42] TX Replay de CSV historico (PDU fila C) -> {"tsFuente": "2026-09-20T01:49:00-05:00 (historico PDU, vuelta 1)", "potenciaKw": 5.33, "corrienteA": 23.99, "factorPotencia": 0.966, "tsDispositivo": "2026-09-26T02:02:39+00:00"}
[2026-09-25 21:04:43] TX Replay de CSV historico (PDU fila C) -> {"tsFuente": "2026-09-20T01:52:00-05:00 (historico PDU, vuelta 1)", "potenciaKw": 5.63, "corrienteA": 25.1, "factorPotencia": 0.974, "tsDispositivo": "2026-09-26T02:04:42+00:00"}
[2026-09-25 21:06:43] TX Replay de CSV historico (PDU fila C) -> {"tsFuente": "2026-09-20T01:53:00-05:00 (historico PDU, vuelta 1)", "potenciaKw": 5.66, "corrienteA": 25.68, "factorPotencia": 0.958, "tsDispositivo": "2026-09-26T02:06:43+00:00"}
[2026-09-25 21:08:43] TX Replay de CSV historico (PDU fila C) -> {"tsFuente": "2026-09-20T01:56:00-05:00 (historico PDU, vuelta 1)", "potenciaKw": 5.71, "corrienteA": 25.93, "factorPotencia": 0.958, "tsDispositivo": "2026-09-26T02:08:43+00:00"}
[2026-09-25 21:10:43] TX Replay de CSV historico (PDU fila C) -> {"tsFuente": "2026-09-20T01:57:00-05:00 (historico PDU, vuelta 1)", "potenciaKw": 5.4, "corrienteA": 24.23, "factorPotencia": 0.968, "tsDispositivo": "2026-09-26T02:10:43+00:00"}
[2026-09-25 21:12:44] TX Replay de CSV historico (PDU fila C) -> {"tsFuente": "2026-09-20T02:00:00-05:00 (historico PDU, vuelta 1)", "potenciaKw": 5.59, "corrienteA": 25.3, "factorPotencia": 0.961, "tsDispositivo": "2026-09-26T02:12:43+00:00"}
[2026-09-25 21:14:44] TX Replay de CSV historico (PDU fila C) -> {"tsFuente": "2026-09-20T02:01:00-05:00 (historico PDU, vuelta 1)", "potenciaKw": 5.42, "corrienteA": 24.2, "factorPotencia": 0.974, "tsDispositivo": "2026-09-26T02:14:44+00:00"}
[2026-09-25 21:16:44] TX Replay de CSV historico (PDU fila C) -> {"tsFuente": "2026-09-20T02:04:00-05:00 (historico PDU, vuelta 1)", "potenciaKw": 5.68, "corrienteA": 25.79, "factorPotencia": 0.958, "tsDispositivo": "2026-09-26T02:16:44+00:00"}
[2026-09-25 21:18:44] TX Replay de CSV historico (PDU fila C) -> {"tsFuente": "2026-09-20T02:06:00-05:00 (historico PDU, vuelta 1)", "potenciaKw": 5.73, "corrienteA": 25.74, "factorPotencia": 0.967, "tsDispositivo": "2026-09-26T02:18:44+00:00"}
[2026-09-25 21:20:45] TX Replay de CSV historico (PDU fila C) -> {"tsFuente": "2026-09-20T02:07:00-05:00 (historico PDU, vuelta 1)", "potenciaKw": 5.75, "corrienteA": 26.19, "factorPotencia": 0.954, "tsDispositivo": "2026-09-26T02:20:44+00:00"}
[2026-09-25 21:22:45] TX Replay de CSV historico (PDU fila C) -> {"tsFuente": "2026-09-20T02:09:00-05:00 (historico PDU, vuelta 1)", "potenciaKw": 5.51, "corrienteA": 24.91, "factorPotencia": 0.962, "tsDispositivo": "2026-09-26T02:22:45+00:00"}
[2026-09-25 21:24:45] TX Replay de CSV historico (PDU fila C) -> {"tsFuente": "2026-09-20T02:12:00-05:00 (historico PDU, vuelta 1)", "potenciaKw": 5.6, "corrienteA": 25.39, "factorPotencia": 0.959, "tsDispositivo": "2026-09-26T02:24:45+00:00"}
[2026-09-25 21:26:45] TX Replay de CSV historico (PDU fila C) -> {"tsFuente": "2026-09-20T02:14:00-05:00 (historico PDU, vuelta 1)", "potenciaKw": 5.31, "corrienteA": 23.71, "factorPotencia": 0.973, "tsDispositivo": "2026-09-26T02:26:45+00:00"}
[2026-09-25 21:28:45] TX Replay de CSV historico (PDU fila C) -> {"tsFuente": "2026-09-20T02:15:00-05:00 (historico PDU, vuelta 1)", "potenciaKw": 5.53, "corrienteA": 24.75, "factorPotencia": 0.972, "tsDispositivo": "2026-09-26T02:28:45+00:00"}
[2026-09-25 21:30:46] TX Replay de CSV historico (PDU fila C) -> {"tsFuente": "2026-09-20T02:17:00-05:00 (historico PDU, vuelta 1)", "potenciaKw": 5.54, "corrienteA": 24.9, "factorPotencia": 0.968, "tsDispositivo": "2026-09-26T02:30:45+00:00"}
[2026-09-25 21:32:46] TX Replay de CSV historico (PDU fila C) -> {"tsFuente": "2026-09-20T02:20:00-05:00 (historico PDU, vuelta 1)", "potenciaKw": 5.5, "corrienteA": 24.93, "factorPotencia": 0.96, "tsDispositivo": "2026-09-26T02:32:46+00:00"}
[2026-09-25 21:34:46] TX Replay de CSV historico (PDU fila C) -> {"tsFuente": "2026-09-20T02:22:00-05:00 (historico PDU, vuelta 1)", "potenciaKw": 5.76, "corrienteA": 25.99, "factorPotencia": 0.963, "tsDispositivo": "2026-09-26T02:34:46+00:00"}
[2026-09-25 21:36:46] TX Replay de CSV historico (PDU fila C) -> {"tsFuente": "2026-09-20T02:23:00-05:00 (historico PDU, vuelta 1)", "potenciaKw": 5.46, "corrienteA": 24.46, "factorPotencia": 0.971, "tsDispositivo": "2026-09-26T02:36:46+00:00"}
[2026-09-25 21:38:46] TX Replay de CSV historico (PDU fila C) -> {"tsFuente": "2026-09-20T02:25:00-05:00 (historico PDU, vuelta 1)", "potenciaKw": 5.71, "corrienteA": 25.46, "factorPotencia": 0.975, "tsDispositivo": "2026-09-26T02:38:46+00:00"}
[2026-09-25 21:40:47] TX Replay de CSV historico (PDU fila C) -> {"tsFuente": "2026-09-20T02:28:00-05:00 (historico PDU, vuelta 1)", "potenciaKw": 5.36, "corrienteA": 23.98, "factorPotencia": 0.972, "tsDispositivo": "2026-09-26T02:40:46+00:00"}
[2026-09-25 21:42:47] TX Replay de CSV historico (PDU fila C) -> {"tsFuente": "2026-09-20T02:30:00-05:00 (historico PDU, vuelta 1)", "potenciaKw": 5.61, "corrienteA": 25.42, "factorPotencia": 0.96, "tsDispositivo": "2026-09-26T02:42:47+00:00"}
[2026-09-25 21:44:47] TX Replay de CSV historico (PDU fila C) -> {"tsFuente": "2026-09-20T02:31:00-05:00 (historico PDU, vuelta 1)", "potenciaKw": 5.61, "corrienteA": 24.98, "factorPotencia": 0.977, "tsDispositivo": "2026-09-26T02:44:47+00:00"}
[2026-09-25 21:46:47] TX Replay de CSV historico (PDU fila C) -> {"tsFuente": "2026-09-20T02:34:00-05:00 (historico PDU, vuelta 1)", "potenciaKw": 5.57, "corrienteA": 25.2, "factorPotencia": 0.96, "tsDispositivo": "2026-09-26T02:46:47+00:00"}
[2026-09-25 21:48:48] TX Replay de CSV historico (PDU fila C) -> {"tsFuente": "2026-09-20T02:36:00-05:00 (historico PDU, vuelta 1)", "potenciaKw": 5.56, "corrienteA": 25.02, "factorPotencia": 0.965, "tsDispositivo": "2026-09-26T02:48:47+00:00"}
[2026-09-25 21:50:48] TX Replay de CSV historico (PDU fila C) -> {"tsFuente": "2026-09-20T02:38:00-05:00 (historico PDU, vuelta 1)", "potenciaKw": 5.38, "corrienteA": 24.23, "factorPotencia": 0.966, "tsDispositivo": "2026-09-26T02:50:48+00:00"}
[2026-09-25 21:52:49] TX Replay de CSV historico (PDU fila C) -> {"tsFuente": "2026-09-20T02:39:00-05:00 (historico PDU, vuelta 1)", "potenciaKw": 5.43, "corrienteA": 24.32, "factorPotencia": 0.971, "tsDispositivo": "2026-09-26T02:52:49+00:00"}
[2026-09-25 21:54:50] TX Replay de CSV historico (PDU fila C) -> {"tsFuente": "2026-09-20T02:42:00-05:00 (historico PDU, vuelta 1)", "potenciaKw": 5.51, "corrienteA": 25.09, "factorPotencia": 0.954, "tsDispositivo": "2026-09-26T02:54:49+00:00"}
[2026-09-25 21:56:53] TX Replay de CSV historico (PDU fila C) -> {"tsFuente": "2026-09-20T02:44:00-05:00 (historico PDU, vuelta 1)", "potenciaKw": 5.57, "corrienteA": 24.94, "factorPotencia": 0.971, "tsDispositivo": "2026-09-26T02:56:52+00:00"}
[2026-09-25 21:58:54] TX Replay de CSV historico (PDU fila C) -> {"tsFuente": "2026-09-20T02:46:00-05:00 (historico PDU, vuelta 1)", "potenciaKw": 5.65, "corrienteA": 25.16, "factorPotencia": 0.976, "tsDispositivo": "2026-09-26T02:58:53+00:00"}
[2026-09-25 22:00:55] TX Replay de CSV historico (PDU fila C) -> {"tsFuente": "2026-09-20T02:47:00-05:00 (historico PDU, vuelta 1)", "potenciaKw": 5.47, "corrienteA": 24.83, "factorPotencia": 0.957, "tsDispositivo": "2026-09-26T03:00:54+00:00"}
[2026-09-25 22:02:57] TX Replay de CSV historico (PDU fila C) -> {"tsFuente": "2026-09-20T02:50:00-05:00 (historico PDU, vuelta 1)", "potenciaKw": 5.71, "corrienteA": 25.92, "factorPotencia": 0.958, "tsDispositivo": "2026-09-26T03:02:57+00:00"}
[2026-09-25 22:04:57] TX Replay de CSV historico (PDU fila C) -> {"tsFuente": "2026-09-20T02:52:00-05:00 (historico PDU, vuelta 1)", "potenciaKw": 5.67, "corrienteA": 25.68, "factorPotencia": 0.959, "tsDispositivo": "2026-09-26T03:04:57+00:00"}
[2026-09-25 22:06:58] TX Replay de CSV historico (PDU fila C) -> {"tsFuente": "2026-09-20T02:53:00-05:00 (historico PDU, vuelta 1)", "potenciaKw": 5.56, "corrienteA": 24.77, "factorPotencia": 0.976, "tsDispositivo": "2026-09-26T03:06:57+00:00"}
[2026-09-25 22:08:59] TX Replay de CSV historico (PDU fila C) -> {"tsFuente": "2026-09-20T02:55:00-05:00 (historico PDU, vuelta 1)", "potenciaKw": 5.46, "corrienteA": 24.82, "factorPotencia": 0.956, "tsDispositivo": "2026-09-26T03:08:59+00:00"}
[2026-09-25 22:10:59] TX Replay de CSV historico (PDU fila C) -> {"tsFuente": "2026-09-20T02:58:00-05:00 (historico PDU, vuelta 1)", "potenciaKw": 5.48, "corrienteA": 24.43, "factorPotencia": 0.975, "tsDispositivo": "2026-09-26T03:10:59+00:00"}
[2026-09-25 22:13:00] TX Replay de CSV historico (PDU fila C) -> {"tsFuente": "2026-09-20T03:00:00-05:00 (historico PDU, vuelta 1)", "potenciaKw": 5.52, "corrienteA": 24.86, "factorPotencia": 0.966, "tsDispositivo": "2026-09-26T03:12:59+00:00"}
[2026-09-25 22:15:05] TX Replay de CSV historico (PDU fila C) -> {"tsFuente": "2026-09-20T03:01:00-05:00 (historico PDU, vuelta 1)", "potenciaKw": 5.45, "corrienteA": 24.77, "factorPotencia": 0.957, "tsDispositivo": "2026-09-26T03:15:00+00:00"}
[2026-09-25 22:17:06] TX Replay de CSV historico (PDU fila C) -> {"tsFuente": "2026-09-20T03:04:00-05:00 (historico PDU, vuelta 1)", "potenciaKw": 5.36, "corrienteA": 24.2, "factorPotencia": 0.964, "tsDispositivo": "2026-09-26T03:17:06+00:00"}
[2026-09-25 22:19:06] TX Replay de CSV historico (PDU fila C) -> {"tsFuente": "2026-09-20T03:06:00-05:00 (historico PDU, vuelta 1)", "potenciaKw": 5.33, "corrienteA": 23.94, "factorPotencia": 0.967, "tsDispositivo": "2026-09-26T03:19:06+00:00"}
[2026-09-25 22:21:07] TX Replay de CSV historico (PDU fila C) -> {"tsFuente": "2026-09-20T03:07:00-05:00 (historico PDU, vuelta 1)", "potenciaKw": 5.52, "corrienteA": 25.11, "factorPotencia": 0.956, "tsDispositivo": "2026-09-26T03:21:06+00:00"}
[2026-09-25 22:23:07] TX Replay de CSV historico (PDU fila C) -> {"tsFuente": "2026-09-20T03:09:00-05:00 (historico PDU, vuelta 1)", "potenciaKw": 5.36, "corrienteA": 24.43, "factorPotencia": 0.954, "tsDispositivo": "2026-09-26T03:23:07+00:00"}
[2026-09-25 22:25:07] TX Replay de CSV historico (PDU fila C) -> {"tsFuente": "2026-09-20T03:12:00-05:00 (historico PDU, vuelta 1)", "potenciaKw": 5.56, "corrienteA": 24.86, "factorPotencia": 0.972, "tsDispositivo": "2026-09-26T03:25:07+00:00"}
[2026-09-25 22:27:07] TX Replay de CSV historico (PDU fila C) -> {"tsFuente": "2026-09-20T03:14:00-05:00 (historico PDU, vuelta 1)", "potenciaKw": 5.69, "corrienteA": 25.52, "factorPotencia": 0.97, "tsDispositivo": "2026-09-26T03:27:07+00:00"}
[2026-09-25 22:29:08] TX Replay de CSV historico (PDU fila C) -> {"tsFuente": "2026-09-20T03:15:00-05:00 (historico PDU, vuelta 1)", "potenciaKw": 5.65, "corrienteA": 25.22, "factorPotencia": 0.975, "tsDispositivo": "2026-09-26T03:29:07+00:00"}
[2026-09-25 22:31:08] TX Replay de CSV historico (PDU fila C) -> {"tsFuente": "2026-09-20T03:17:00-05:00 (historico PDU, vuelta 1)", "potenciaKw": 5.77, "corrienteA": 26.25, "factorPotencia": 0.955, "tsDispositivo": "2026-09-26T03:31:08+00:00"}
[2026-09-25 22:33:08] TX Replay de CSV historico (PDU fila C) -> {"tsFuente": "2026-09-20T03:20:00-05:00 (historico PDU, vuelta 1)", "potenciaKw": 5.28, "corrienteA": 24.03, "factorPotencia": 0.956, "tsDispositivo": "2026-09-26T03:33:08+00:00"}
[2026-09-25 22:35:08] TX Replay de CSV historico (PDU fila C) -> {"tsFuente": "2026-09-20T03:22:00-05:00 (historico PDU, vuelta 1)", "potenciaKw": 5.35, "corrienteA": 24.32, "factorPotencia": 0.956, "tsDispositivo": "2026-09-26T03:35:08+00:00"}
[2026-09-25 22:37:08] TX Replay de CSV historico (PDU fila C) -> {"tsFuente": "2026-09-20T03:23:00-05:00 (historico PDU, vuelta 1)", "potenciaKw": 5.56, "corrienteA": 24.89, "factorPotencia": 0.972, "tsDispositivo": "2026-09-26T03:37:08+00:00"}
[2026-09-25 22:39:09] TX Replay de CSV historico (PDU fila C) -> {"tsFuente": "2026-09-20T03:25:00-05:00 (historico PDU, vuelta 1)", "potenciaKw": 5.74, "corrienteA": 26.05, "factorPotencia": 0.958, "tsDispositivo": "2026-09-26T03:39:08+00:00"}
[2026-09-25 22:41:09] TX Replay de CSV historico (PDU fila C) -> {"tsFuente": "2026-09-20T03:28:00-05:00 (historico PDU, vuelta 1)", "potenciaKw": 5.32, "corrienteA": 24.21, "factorPotencia": 0.955, "tsDispositivo": "2026-09-26T03:41:09+00:00"}
[2026-09-25 22:43:09] TX Replay de CSV historico (PDU fila C) -> {"tsFuente": "2026-09-20T03:30:00-05:00 (historico PDU, vuelta 1)", "potenciaKw": 5.74, "corrienteA": 26.11, "factorPotencia": 0.956, "tsDispositivo": "2026-09-26T03:43:09+00:00"}
[2026-09-25 22:45:09] TX Replay de CSV historico (PDU fila C) -> {"tsFuente": "2026-09-20T03:31:00-05:00 (historico PDU, vuelta 1)", "potenciaKw": 5.56, "corrienteA": 25.22, "factorPotencia": 0.958, "tsDispositivo": "2026-09-26T03:45:09+00:00"}
[2026-09-25 22:47:09] TX Replay de CSV historico (PDU fila C) -> {"tsFuente": "2026-09-20T03:34:00-05:00 (historico PDU, vuelta 1)", "potenciaKw": 5.65, "corrienteA": 25.21, "factorPotencia": 0.975, "tsDispositivo": "2026-09-26T03:47:09+00:00"}
[2026-09-25 22:49:10] TX Replay de CSV historico (PDU fila C) -> {"tsFuente": "2026-09-20T03:36:00-05:00 (historico PDU, vuelta 1)", "potenciaKw": 5.61, "corrienteA": 25.15, "factorPotencia": 0.97, "tsDispositivo": "2026-09-26T03:49:09+00:00"}
[2026-09-25 22:51:10] TX Replay de CSV historico (PDU fila C) -> {"tsFuente": "2026-09-20T03:38:00-05:00 (historico PDU, vuelta 1)", "potenciaKw": 5.52, "corrienteA": 24.65, "factorPotencia": 0.974, "tsDispositivo": "2026-09-26T03:51:10+00:00"}
[2026-09-25 22:53:10] TX Replay de CSV historico (PDU fila C) -> {"tsFuente": "2026-09-20T03:39:00-05:00 (historico PDU, vuelta 1)", "potenciaKw": 5.78, "corrienteA": 26.05, "factorPotencia": 0.964, "tsDispositivo": "2026-09-26T03:53:10+00:00"}
[2026-09-25 22:55:10] TX Replay de CSV historico (PDU fila C) -> {"tsFuente": "2026-09-20T03:42:00-05:00 (historico PDU, vuelta 1)", "potenciaKw": 5.66, "corrienteA": 25.24, "factorPotencia": 0.975, "tsDispositivo": "2026-09-26T03:55:10+00:00"}
[2026-09-25 22:57:11] TX Replay de CSV historico (PDU fila C) -> {"tsFuente": "2026-09-20T03:44:00-05:00 (historico PDU, vuelta 1)", "potenciaKw": 5.54, "corrienteA": 24.82, "factorPotencia": 0.971, "tsDispositivo": "2026-09-26T03:57:10+00:00"}
[2026-09-25 22:59:11] TX Replay de CSV historico (PDU fila C) -> {"tsFuente": "2026-09-20T03:46:00-05:00 (historico PDU, vuelta 1)", "potenciaKw": 5.66, "corrienteA": 25.67, "factorPotencia": 0.959, "tsDispositivo": "2026-09-26T03:59:11+00:00"}
[2026-09-25 23:01:11] TX Replay de CSV historico (PDU fila C) -> {"tsFuente": "2026-09-20T03:47:00-05:00 (historico PDU, vuelta 1)", "potenciaKw": 5.56, "corrienteA": 25.23, "factorPotencia": 0.958, "tsDispositivo": "2026-09-26T04:01:11+00:00"}
[2026-09-25 23:03:11] TX Replay de CSV historico (PDU fila C) -> {"tsFuente": "2026-09-20T03:50:00-05:00 (historico PDU, vuelta 1)", "potenciaKw": 5.79, "corrienteA": 26.38, "factorPotencia": 0.954, "tsDispositivo": "2026-09-26T04:03:11+00:00"}
[2026-09-25 23:05:11] TX Replay de CSV historico (PDU fila C) -> {"tsFuente": "2026-09-20T03:52:00-05:00 (historico PDU, vuelta 1)", "potenciaKw": 5.61, "corrienteA": 25.03, "factorPotencia": 0.974, "tsDispositivo": "2026-09-26T04:05:11+00:00"}
[2026-09-25 23:07:12] TX Replay de CSV historico (PDU fila C) -> {"tsFuente": "2026-09-20T03:53:00-05:00 (historico PDU, vuelta 1)", "potenciaKw": 5.74, "corrienteA": 26.08, "factorPotencia": 0.957, "tsDispositivo": "2026-09-26T04:07:11+00:00"}
[2026-09-25 23:09:12] TX Replay de CSV historico (PDU fila C) -> {"tsFuente": "2026-09-20T03:55:00-05:00 (historico PDU, vuelta 1)", "potenciaKw": 5.51, "corrienteA": 24.84, "factorPotencia": 0.964, "tsDispositivo": "2026-09-26T04:09:12+00:00"}
[2026-09-25 23:11:12] TX Replay de CSV historico (PDU fila C) -> {"tsFuente": "2026-09-20T03:58:00-05:00 (historico PDU, vuelta 1)", "potenciaKw": 5.68, "corrienteA": 25.74, "factorPotencia": 0.959, "tsDispositivo": "2026-09-26T04:11:12+00:00"}
[2026-09-25 23:13:12] TX Replay de CSV historico (PDU fila C) -> {"tsFuente": "2026-09-20T04:00:00-05:00 (historico PDU, vuelta 1)", "potenciaKw": 5.47, "corrienteA": 24.84, "factorPotencia": 0.958, "tsDispositivo": "2026-09-26T04:13:12+00:00"}
[2026-09-25 23:15:12] TX Replay de CSV historico (PDU fila C) -> {"tsFuente": "2026-09-20T04:01:00-05:00 (historico PDU, vuelta 1)", "potenciaKw": 5.53, "corrienteA": 24.68, "factorPotencia": 0.975, "tsDispositivo": "2026-09-26T04:15:12+00:00"}
[2026-09-25 23:17:13] TX Replay de CSV historico (PDU fila C) -> {"tsFuente": "2026-09-20T04:03:00-05:00 (historico PDU, vuelta 1)", "potenciaKw": 5.36, "corrienteA": 23.99, "factorPotencia": 0.972, "tsDispositivo": "2026-09-26T04:17:12+00:00"}
[2026-09-25 23:19:13] TX Replay de CSV historico (PDU fila C) -> {"tsFuente": "2026-09-20T04:05:00-05:00 (historico PDU, vuelta 1)", "potenciaKw": 5.42, "corrienteA": 24.26, "factorPotencia": 0.972, "tsDispositivo": "2026-09-26T04:19:13+00:00"}
[2026-09-25 23:21:13] TX Replay de CSV historico (PDU fila C) -> {"tsFuente": "2026-09-20T04:08:00-05:00 (historico PDU, vuelta 1)", "potenciaKw": 5.51, "corrienteA": 24.96, "factorPotencia": 0.959, "tsDispositivo": "2026-09-26T04:21:13+00:00"}
[2026-09-25 23:23:13] TX Replay de CSV historico (PDU fila C) -> {"tsFuente": "2026-09-20T04:10:00-05:00 (historico PDU, vuelta 1)", "potenciaKw": 5.69, "corrienteA": 25.94, "factorPotencia": 0.954, "tsDispositivo": "2026-09-26T04:23:13+00:00"}
[2026-09-25 23:25:14] TX Replay de CSV historico (PDU fila C) -> {"tsFuente": "2026-09-20T04:12:00-05:00 (historico PDU, vuelta 1)", "potenciaKw": 5.55, "corrienteA": 25.22, "factorPotencia": 0.957, "tsDispositivo": "2026-09-26T04:25:13+00:00"}
[2026-09-25 23:27:14] TX Replay de CSV historico (PDU fila C) -> {"tsFuente": "2026-09-20T04:14:00-05:00 (historico PDU, vuelta 1)", "potenciaKw": 5.49, "corrienteA": 24.68, "factorPotencia": 0.967, "tsDispositivo": "2026-09-26T04:27:14+00:00"}
[2026-09-25 23:29:14] TX Replay de CSV historico (PDU fila C) -> {"tsFuente": "2026-09-20T04:15:00-05:00 (historico PDU, vuelta 1)", "potenciaKw": 5.53, "corrienteA": 24.68, "factorPotencia": 0.975, "tsDispositivo": "2026-09-26T04:29:14+00:00"}
[2026-09-25 23:31:14] TX Replay de CSV historico (PDU fila C) -> {"tsFuente": "2026-09-20T04:17:00-05:00 (historico PDU, vuelta 1)", "potenciaKw": 5.67, "corrienteA": 25.86, "factorPotencia": 0.953, "tsDispositivo": "2026-09-26T04:31:14+00:00"}
[2026-09-25 23:33:14] TX Replay de CSV historico (PDU fila C) -> {"tsFuente": "2026-09-20T04:19:00-05:00 (historico PDU, vuelta 1)", "potenciaKw": 5.32, "corrienteA": 23.88, "factorPotencia": 0.968, "tsDispositivo": "2026-09-26T04:33:14+00:00"}
[2026-09-25 23:35:15] TX Replay de CSV historico (PDU fila C) -> {"tsFuente": "2026-09-20T04:21:00-05:00 (historico PDU, vuelta 1)", "potenciaKw": 5.62, "corrienteA": 25.34, "factorPotencia": 0.964, "tsDispositivo": "2026-09-26T04:35:14+00:00"}
[2026-09-25 23:37:15] TX Replay de CSV historico (PDU fila C) -> {"tsFuente": "2026-09-20T04:24:00-05:00 (historico PDU, vuelta 1)", "potenciaKw": 5.52, "corrienteA": 25.15, "factorPotencia": 0.954, "tsDispositivo": "2026-09-26T04:37:15+00:00"}
[2026-09-25 23:39:15] TX Replay de CSV historico (PDU fila C) -> {"tsFuente": "2026-09-20T04:26:00-05:00 (historico PDU, vuelta 1)", "potenciaKw": 5.63, "corrienteA": 25.1, "factorPotencia": 0.976, "tsDispositivo": "2026-09-26T04:39:15+00:00"}
[2026-09-25 23:41:15] TX Replay de CSV historico (PDU fila C) -> {"tsFuente": "2026-09-20T04:28:00-05:00 (historico PDU, vuelta 1)", "potenciaKw": 5.77, "corrienteA": 25.78, "factorPotencia": 0.972, "tsDispositivo": "2026-09-26T04:41:15+00:00"}
[2026-09-25 23:43:15] TX Replay de CSV historico (PDU fila C) -> {"tsFuente": "2026-09-20T04:30:00-05:00 (historico PDU, vuelta 1)", "potenciaKw": 5.42, "corrienteA": 24.46, "factorPotencia": 0.964, "tsDispositivo": "2026-09-26T04:43:15+00:00"}
[2026-09-25 23:45:16] TX Replay de CSV historico (PDU fila C) -> {"tsFuente": "2026-09-20T04:31:00-05:00 (historico PDU, vuelta 1)", "potenciaKw": 5.41, "corrienteA": 24.45, "factorPotencia": 0.962, "tsDispositivo": "2026-09-26T04:45:15+00:00"}
[2026-09-25 23:47:16] TX Replay de CSV historico (PDU fila C) -> {"tsFuente": "2026-09-20T04:33:00-05:00 (historico PDU, vuelta 1)", "potenciaKw": 5.63, "corrienteA": 25.31, "factorPotencia": 0.968, "tsDispositivo": "2026-09-26T04:47:16+00:00"}
[2026-09-25 23:49:16] TX Replay de CSV historico (PDU fila C) -> {"tsFuente": "2026-09-20T04:35:00-05:00 (historico PDU, vuelta 1)", "potenciaKw": 5.48, "corrienteA": 24.93, "factorPotencia": 0.956, "tsDispositivo": "2026-09-26T04:49:16+00:00"}
[2026-09-25 23:51:16] TX Replay de CSV historico (PDU fila C) -> {"tsFuente": "2026-09-20T04:38:00-05:00 (historico PDU, vuelta 1)", "potenciaKw": 5.66, "corrienteA": 25.42, "factorPotencia": 0.968, "tsDispositivo": "2026-09-26T04:51:16+00:00"}
[2026-09-25 23:53:17] TX Replay de CSV historico (PDU fila C) -> {"tsFuente": "2026-09-20T04:40:00-05:00 (historico PDU, vuelta 1)", "potenciaKw": 5.38, "corrienteA": 24.02, "factorPotencia": 0.974, "tsDispositivo": "2026-09-26T04:53:16+00:00"}
[2026-09-25 23:55:17] TX Replay de CSV historico (PDU fila C) -> {"tsFuente": "2026-09-20T04:42:00-05:00 (historico PDU, vuelta 1)", "potenciaKw": 5.77, "corrienteA": 26.29, "factorPotencia": 0.954, "tsDispositivo": "2026-09-26T04:55:17+00:00"}
[2026-09-25 23:57:17] TX Replay de CSV historico (PDU fila C) -> {"tsFuente": "2026-09-20T04:44:00-05:00 (historico PDU, vuelta 1)", "potenciaKw": 5.49, "corrienteA": 25.05, "factorPotencia": 0.954, "tsDispositivo": "2026-09-26T04:57:17+00:00"}
[2026-09-25 23:59:17] TX Replay de CSV historico (PDU fila C) -> {"tsFuente": "2026-09-20T04:46:00-05:00 (historico PDU, vuelta 1)", "potenciaKw": 5.4, "corrienteA": 24.49, "factorPotencia": 0.959, "tsDispositivo": "2026-09-26T04:59:17+00:00"}
[2026-09-26 00:01:17] TX Replay de CSV historico (PDU fila C) -> {"tsFuente": "2026-09-20T04:47:00-05:00 (historico PDU, vuelta 1)", "potenciaKw": 5.48, "corrienteA": 24.45, "factorPotencia": 0.975, "tsDispositivo": "2026-09-26T05:01:17+00:00"}
[2026-09-26 00:03:18] TX Replay de CSV historico (PDU fila C) -> {"tsFuente": "2026-09-20T04:49:00-05:00 (historico PDU, vuelta 1)", "potenciaKw": 5.39, "corrienteA": 24.51, "factorPotencia": 0.957, "tsDispositivo": "2026-09-26T05:03:17+00:00"}
[2026-09-26 00:05:18] TX Replay de CSV historico (PDU fila C) -> {"tsFuente": "2026-09-20T04:51:00-05:00 (historico PDU, vuelta 1)", "potenciaKw": 5.51, "corrienteA": 24.86, "factorPotencia": 0.964, "tsDispositivo": "2026-09-26T05:05:18+00:00"}
[2026-09-26 00:07:18] TX Replay de CSV historico (PDU fila C) -> {"tsFuente": "2026-09-20T04:54:00-05:00 (historico PDU, vuelta 1)", "potenciaKw": 5.59, "corrienteA": 25.41, "factorPotencia": 0.957, "tsDispositivo": "2026-09-26T05:07:18+00:00"}
[2026-09-26 00:09:18] TX Replay de CSV historico (PDU fila C) -> {"tsFuente": "2026-09-20T04:56:00-05:00 (historico PDU, vuelta 1)", "potenciaKw": 5.37, "corrienteA": 24.49, "factorPotencia": 0.954, "tsDispositivo": "2026-09-26T05:09:18+00:00"}
[2026-09-26 00:11:18] TX Replay de CSV historico (PDU fila C) -> {"tsFuente": "2026-09-20T04:58:00-05:00 (historico PDU, vuelta 1)", "potenciaKw": 5.44, "corrienteA": 24.29, "factorPotencia": 0.974, "tsDispositivo": "2026-09-26T05:11:18+00:00"}
[2026-09-26 00:13:19] TX Replay de CSV historico (PDU fila C) -> {"tsFuente": "2026-09-20T05:00:00-05:00 (historico PDU, vuelta 1)", "potenciaKw": 5.43, "corrienteA": 24.64, "factorPotencia": 0.959, "tsDispositivo": "2026-09-26T05:13:18+00:00"}
[2026-09-26 00:15:19] TX Replay de CSV historico (PDU fila C) -> {"tsFuente": "2026-09-20T05:01:00-05:00 (historico PDU, vuelta 1)", "potenciaKw": 5.54, "corrienteA": 24.98, "factorPotencia": 0.964, "tsDispositivo": "2026-09-26T05:15:19+00:00"}
[2026-09-26 00:17:19] TX Replay de CSV historico (PDU fila C) -> {"tsFuente": "2026-09-20T05:03:00-05:00 (historico PDU, vuelta 1)", "potenciaKw": 5.74, "corrienteA": 25.71, "factorPotencia": 0.971, "tsDispositivo": "2026-09-26T05:17:19+00:00"}
[2026-09-26 00:19:19] TX Replay de CSV historico (PDU fila C) -> {"tsFuente": "2026-09-20T05:05:00-05:00 (historico PDU, vuelta 1)", "potenciaKw": 5.65, "corrienteA": 25.54, "factorPotencia": 0.961, "tsDispositivo": "2026-09-26T05:19:19+00:00"}
[2026-09-26 00:21:19] TX Replay de CSV historico (PDU fila C) -> {"tsFuente": "2026-09-20T05:08:00-05:00 (historico PDU, vuelta 1)", "potenciaKw": 5.67, "corrienteA": 25.74, "factorPotencia": 0.958, "tsDispositivo": "2026-09-26T05:21:19+00:00"}
[2026-09-26 00:23:20] TX Replay de CSV historico (PDU fila C) -> {"tsFuente": "2026-09-20T05:10:00-05:00 (historico PDU, vuelta 1)", "potenciaKw": 5.38, "corrienteA": 24.47, "factorPotencia": 0.956, "tsDispositivo": "2026-09-26T05:23:19+00:00"}
[2026-09-26 00:25:20] TX Replay de CSV historico (PDU fila C) -> {"tsFuente": "2026-09-20T05:12:00-05:00 (historico PDU, vuelta 1)", "potenciaKw": 5.44, "corrienteA": 24.41, "factorPotencia": 0.969, "tsDispositivo": "2026-09-26T05:25:20+00:00"}
[2026-09-26 00:27:20] TX Replay de CSV historico (PDU fila C) -> {"tsFuente": "2026-09-20T05:14:00-05:00 (historico PDU, vuelta 1)", "potenciaKw": 5.76, "corrienteA": 25.69, "factorPotencia": 0.974, "tsDispositivo": "2026-09-26T05:27:20+00:00"}
[2026-09-26 00:29:20] TX Replay de CSV historico (PDU fila C) -> {"tsFuente": "2026-09-20T05:15:00-05:00 (historico PDU, vuelta 1)", "potenciaKw": 5.86, "corrienteA": 26.17, "factorPotencia": 0.974, "tsDispositivo": "2026-09-26T05:29:20+00:00"}
[2026-09-26 00:31:20] TX Replay de CSV historico (PDU fila C) -> {"tsFuente": "2026-09-20T05:17:00-05:00 (historico PDU, vuelta 1)", "potenciaKw": 5.5, "corrienteA": 24.96, "factorPotencia": 0.958, "tsDispositivo": "2026-09-26T05:31:20+00:00"}
[2026-09-26 00:33:20] TX Replay de CSV historico (PDU fila C) -> {"tsFuente": "2026-09-20T05:19:00-05:00 (historico PDU, vuelta 1)", "potenciaKw": 5.53, "corrienteA": 24.59, "factorPotencia": 0.977, "tsDispositivo": "2026-09-26T05:33:20+00:00"}
[2026-09-26 00:35:21] TX Replay de CSV historico (PDU fila C) -> {"tsFuente": "2026-09-20T05:21:00-05:00 (historico PDU, vuelta 1)", "potenciaKw": 5.45, "corrienteA": 24.35, "factorPotencia": 0.974, "tsDispositivo": "2026-09-26T05:35:20+00:00"}
[2026-09-26 00:37:21] TX Replay de CSV historico (PDU fila C) -> {"tsFuente": "2026-09-20T05:24:00-05:00 (historico PDU, vuelta 1)", "potenciaKw": 5.46, "corrienteA": 24.63, "factorPotencia": 0.964, "tsDispositivo": "2026-09-26T05:37:21+00:00"}
[2026-09-26 00:39:21] TX Replay de CSV historico (PDU fila C) -> {"tsFuente": "2026-09-20T05:26:00-05:00 (historico PDU, vuelta 1)", "potenciaKw": 5.54, "corrienteA": 25.04, "factorPotencia": 0.961, "tsDispositivo": "2026-09-26T05:39:21+00:00"}
[2026-09-26 00:41:21] TX Replay de CSV historico (PDU fila C) -> {"tsFuente": "2026-09-20T05:28:00-05:00 (historico PDU, vuelta 1)", "potenciaKw": 5.79, "corrienteA": 26.24, "factorPotencia": 0.96, "tsDispositivo": "2026-09-26T05:41:21+00:00"}
[2026-09-26 00:43:21] TX Replay de CSV historico (PDU fila C) -> {"tsFuente": "2026-09-20T05:30:00-05:00 (historico PDU, vuelta 1)", "potenciaKw": 5.6, "corrienteA": 25.51, "factorPotencia": 0.954, "tsDispositivo": "2026-09-26T05:43:21+00:00"}
[2026-09-26 00:45:22] TX Replay de CSV historico (PDU fila C) -> {"tsFuente": "2026-09-20T05:31:00-05:00 (historico PDU, vuelta 1)", "potenciaKw": 5.45, "corrienteA": 24.73, "factorPotencia": 0.958, "tsDispositivo": "2026-09-26T05:45:21+00:00"}
[2026-09-26 00:47:22] TX Replay de CSV historico (PDU fila C) -> {"tsFuente": "2026-09-20T05:33:00-05:00 (historico PDU, vuelta 1)", "potenciaKw": 5.53, "corrienteA": 24.96, "factorPotencia": 0.964, "tsDispositivo": "2026-09-26T05:47:22+00:00"}
[2026-09-26 00:49:22] TX Replay de CSV historico (PDU fila C) -> {"tsFuente": "2026-09-20T05:35:00-05:00 (historico PDU, vuelta 1)", "potenciaKw": 5.46, "corrienteA": 24.73, "factorPotencia": 0.959, "tsDispositivo": "2026-09-26T05:49:22+00:00"}
[2026-09-26 00:51:22] TX Replay de CSV historico (PDU fila C) -> {"tsFuente": "2026-09-20T05:38:00-05:00 (historico PDU, vuelta 1)", "potenciaKw": 5.55, "corrienteA": 25.19, "factorPotencia": 0.958, "tsDispositivo": "2026-09-26T05:51:22+00:00"}
[2026-09-26 00:53:22] TX Replay de CSV historico (PDU fila C) -> {"tsFuente": "2026-09-20T05:40:00-05:00 (historico PDU, vuelta 1)", "potenciaKw": 5.83, "corrienteA": 26.02, "factorPotencia": 0.973, "tsDispositivo": "2026-09-26T05:53:22+00:00"}
[2026-09-26 00:55:23] TX Replay de CSV historico (PDU fila C) -> {"tsFuente": "2026-09-20T05:42:00-05:00 (historico PDU, vuelta 1)", "potenciaKw": 5.5, "corrienteA": 24.49, "factorPotencia": 0.977, "tsDispositivo": "2026-09-26T05:55:22+00:00"}
[2026-09-26 00:57:23] TX Replay de CSV historico (PDU fila C) -> {"tsFuente": "2026-09-20T05:44:00-05:00 (historico PDU, vuelta 1)", "potenciaKw": 5.69, "corrienteA": 25.33, "factorPotencia": 0.976, "tsDispositivo": "2026-09-26T05:57:23+00:00"}
[2026-09-26 00:59:23] TX Replay de CSV historico (PDU fila C) -> {"tsFuente": "2026-09-20T05:46:00-05:00 (historico PDU, vuelta 1)", "potenciaKw": 5.62, "corrienteA": 25.42, "factorPotencia": 0.962, "tsDispositivo": "2026-09-26T05:59:23+00:00"}
[2026-09-26 01:01:23] TX Replay de CSV historico (PDU fila C) -> {"tsFuente": "2026-09-20T05:47:00-05:00 (historico PDU, vuelta 1)", "potenciaKw": 5.81, "corrienteA": 26.01, "factorPotencia": 0.971, "tsDispositivo": "2026-09-26T06:01:23+00:00"}
[2026-09-26 01:03:23] TX Replay de CSV historico (PDU fila C) -> {"tsFuente": "2026-09-20T05:49:00-05:00 (historico PDU, vuelta 1)", "potenciaKw": 5.51, "corrienteA": 25.07, "factorPotencia": 0.955, "tsDispositivo": "2026-09-26T06:03:23+00:00"}
[2026-09-26 01:05:24] TX Replay de CSV historico (PDU fila C) -> {"tsFuente": "2026-09-20T05:51:00-05:00 (historico PDU, vuelta 1)", "potenciaKw": 5.42, "corrienteA": 24.15, "factorPotencia": 0.975, "tsDispositivo": "2026-09-26T06:05:23+00:00"}
[2026-09-26 01:07:24] TX Replay de CSV historico (PDU fila C) -> {"tsFuente": "2026-09-20T05:54:00-05:00 (historico PDU, vuelta 1)", "potenciaKw": 5.9, "corrienteA": 26.59, "factorPotencia": 0.964, "tsDispositivo": "2026-09-26T06:07:24+00:00"}
[2026-09-26 01:09:24] TX Replay de CSV historico (PDU fila C) -> {"tsFuente": "2026-09-20T05:56:00-05:00 (historico PDU, vuelta 1)", "potenciaKw": 5.88, "corrienteA": 26.36, "factorPotencia": 0.97, "tsDispositivo": "2026-09-26T06:09:24+00:00"}
[2026-09-26 01:11:24] TX Replay de CSV historico (PDU fila C) -> {"tsFuente": "2026-09-20T05:58:00-05:00 (historico PDU, vuelta 1)", "potenciaKw": 5.61, "corrienteA": 25.32, "factorPotencia": 0.963, "tsDispositivo": "2026-09-26T06:11:24+00:00"}
[2026-09-26 01:13:24] TX Replay de CSV historico (PDU fila C) -> {"tsFuente": "2026-09-20T06:00:00-05:00 (historico PDU, vuelta 1)", "potenciaKw": 5.77, "corrienteA": 26.15, "factorPotencia": 0.96, "tsDispositivo": "2026-09-26T06:13:24+00:00"}
[2026-09-26 01:15:25] TX Replay de CSV historico (PDU fila C) -> {"tsFuente": "2026-09-20T06:01:00-05:00 (historico PDU, vuelta 1)", "potenciaKw": 5.76, "corrienteA": 25.65, "factorPotencia": 0.976, "tsDispositivo": "2026-09-26T06:15:24+00:00"}
[2026-09-26 01:17:25] TX Replay de CSV historico (PDU fila C) -> {"tsFuente": "2026-09-20T06:03:00-05:00 (historico PDU, vuelta 1)", "potenciaKw": 5.85, "corrienteA": 26.6, "factorPotencia": 0.957, "tsDispositivo": "2026-09-26T06:17:25+00:00"}
[2026-09-26 01:19:27] TX Replay de CSV historico (PDU fila C) -> {"tsFuente": "2026-09-20T06:05:00-05:00 (historico PDU, vuelta 1)", "potenciaKw": 5.93, "corrienteA": 26.9, "factorPotencia": 0.958, "tsDispositivo": "2026-09-26T06:19:25+00:00"}
[2026-09-26 01:21:28] TX Replay de CSV historico (PDU fila C) -> {"tsFuente": "2026-09-20T06:08:00-05:00 (historico PDU, vuelta 1)", "potenciaKw": 5.48, "corrienteA": 24.76, "factorPotencia": 0.963, "tsDispositivo": "2026-09-26T06:21:28+00:00"}
[2026-09-26 01:23:28] TX Replay de CSV historico (PDU fila C) -> {"tsFuente": "2026-09-20T06:10:00-05:00 (historico PDU, vuelta 1)", "potenciaKw": 5.75, "corrienteA": 25.64, "factorPotencia": 0.975, "tsDispositivo": "2026-09-26T06:23:28+00:00"}
[2026-09-26 01:25:29] TX Replay de CSV historico (PDU fila C) -> {"tsFuente": "2026-09-20T06:12:00-05:00 (historico PDU, vuelta 1)", "potenciaKw": 5.63, "corrienteA": 25.17, "factorPotencia": 0.972, "tsDispositivo": "2026-09-26T06:25:28+00:00"}
[2026-09-26 01:27:29] TX Replay de CSV historico (PDU fila C) -> {"tsFuente": "2026-09-20T06:14:00-05:00 (historico PDU, vuelta 1)", "potenciaKw": 5.46, "corrienteA": 24.69, "factorPotencia": 0.962, "tsDispositivo": "2026-09-26T06:27:29+00:00"}
[2026-09-26 01:29:29] TX Replay de CSV historico (PDU fila C) -> {"tsFuente": "2026-09-20T06:15:00-05:00 (historico PDU, vuelta 1)", "potenciaKw": 5.77, "corrienteA": 26.1, "factorPotencia": 0.961, "tsDispositivo": "2026-09-26T06:29:29+00:00"}
[2026-09-26 01:31:29] TX Replay de CSV historico (PDU fila C) -> {"tsFuente": "2026-09-20T06:17:00-05:00 (historico PDU, vuelta 1)", "potenciaKw": 5.64, "corrienteA": 25.64, "factorPotencia": 0.957, "tsDispositivo": "2026-09-26T06:31:29+00:00"}
[2026-09-26 01:33:29] TX Replay de CSV historico (PDU fila C) -> {"tsFuente": "2026-09-20T06:19:00-05:00 (historico PDU, vuelta 1)", "potenciaKw": 5.55, "corrienteA": 24.85, "factorPotencia": 0.971, "tsDispositivo": "2026-09-26T06:33:29+00:00"}
[2026-09-26 01:35:30] TX Replay de CSV historico (PDU fila C) -> {"tsFuente": "2026-09-20T06:21:00-05:00 (historico PDU, vuelta 1)", "potenciaKw": 5.93, "corrienteA": 26.77, "factorPotencia": 0.963, "tsDispositivo": "2026-09-26T06:35:29+00:00"}
[2026-09-26 01:37:30] TX Replay de CSV historico (PDU fila C) -> {"tsFuente": "2026-09-20T06:24:00-05:00 (historico PDU, vuelta 1)", "potenciaKw": 5.79, "corrienteA": 25.77, "factorPotencia": 0.976, "tsDispositivo": "2026-09-26T06:37:30+00:00"}
[2026-09-26 01:39:30] TX Replay de CSV historico (PDU fila C) -> {"tsFuente": "2026-09-20T06:26:00-05:00 (historico PDU, vuelta 1)", "potenciaKw": 5.92, "corrienteA": 26.95, "factorPotencia": 0.956, "tsDispositivo": "2026-09-26T06:39:30+00:00"}
[2026-09-26 01:41:30] TX Replay de CSV historico (PDU fila C) -> {"tsFuente": "2026-09-20T06:28:00-05:00 (historico PDU, vuelta 1)", "potenciaKw": 5.52, "corrienteA": 24.68, "factorPotencia": 0.972, "tsDispositivo": "2026-09-26T06:41:30+00:00"}
[2026-09-26 01:43:30] TX Replay de CSV historico (PDU fila C) -> {"tsFuente": "2026-09-20T06:30:00-05:00 (historico PDU, vuelta 1)", "potenciaKw": 5.67, "corrienteA": 25.83, "factorPotencia": 0.955, "tsDispositivo": "2026-09-26T06:43:30+00:00"}
[2026-09-26 01:45:31] TX Replay de CSV historico (PDU fila C) -> {"tsFuente": "2026-09-20T06:31:00-05:00 (historico PDU, vuelta 1)", "potenciaKw": 5.67, "corrienteA": 25.81, "factorPotencia": 0.956, "tsDispositivo": "2026-09-26T06:45:30+00:00"}
[2026-09-26 01:47:31] TX Replay de CSV historico (PDU fila C) -> {"tsFuente": "2026-09-20T06:33:00-05:00 (historico PDU, vuelta 1)", "potenciaKw": 5.62, "corrienteA": 25.34, "factorPotencia": 0.964, "tsDispositivo": "2026-09-26T06:47:31+00:00"}
[2026-09-26 01:49:31] TX Replay de CSV historico (PDU fila C) -> {"tsFuente": "2026-09-20T06:35:00-05:00 (historico PDU, vuelta 1)", "potenciaKw": 5.53, "corrienteA": 24.71, "factorPotencia": 0.973, "tsDispositivo": "2026-09-26T06:49:31+00:00"}
[2026-09-26 01:51:31] TX Replay de CSV historico (PDU fila C) -> {"tsFuente": "2026-09-20T06:38:00-05:00 (historico PDU, vuelta 1)", "potenciaKw": 5.71, "corrienteA": 25.62, "factorPotencia": 0.97, "tsDispositivo": "2026-09-26T06:51:31+00:00"}
[2026-09-26 01:53:31] TX Replay de CSV historico (PDU fila C) -> {"tsFuente": "2026-09-20T06:40:00-05:00 (historico PDU, vuelta 1)", "potenciaKw": 5.7, "corrienteA": 25.65, "factorPotencia": 0.966, "tsDispositivo": "2026-09-26T06:53:31+00:00"}
[2026-09-26 01:55:32] TX Replay de CSV historico (PDU fila C) -> {"tsFuente": "2026-09-20T06:42:00-05:00 (historico PDU, vuelta 1)", "potenciaKw": 5.58, "corrienteA": 24.94, "factorPotencia": 0.973, "tsDispositivo": "2026-09-26T06:55:31+00:00"}
[2026-09-26 01:57:32] TX Replay de CSV historico (PDU fila C) -> {"tsFuente": "2026-09-20T06:44:00-05:00 (historico PDU, vuelta 1)", "potenciaKw": 5.95, "corrienteA": 26.86, "factorPotencia": 0.963, "tsDispositivo": "2026-09-26T06:57:32+00:00"}
[2026-09-26 01:59:32] TX Replay de CSV historico (PDU fila C) -> {"tsFuente": "2026-09-20T06:46:00-05:00 (historico PDU, vuelta 1)", "potenciaKw": 5.82, "corrienteA": 26.38, "factorPotencia": 0.959, "tsDispositivo": "2026-09-26T06:59:32+00:00"}
[2026-09-26 02:01:32] TX Replay de CSV historico (PDU fila C) -> {"tsFuente": "2026-09-20T06:47:00-05:00 (historico PDU, vuelta 1)", "potenciaKw": 5.9, "corrienteA": 26.91, "factorPotencia": 0.954, "tsDispositivo": "2026-09-26T07:01:32+00:00"}
[2026-09-26 02:03:32] TX Replay de CSV historico (PDU fila C) -> {"tsFuente": "2026-09-20T06:49:00-05:00 (historico PDU, vuelta 1)", "potenciaKw": 5.56, "corrienteA": 25.11, "factorPotencia": 0.963, "tsDispositivo": "2026-09-26T07:03:32+00:00"}
[2026-09-26 02:05:33] TX Replay de CSV historico (PDU fila C) -> {"tsFuente": "2026-09-20T06:51:00-05:00 (historico PDU, vuelta 1)", "potenciaKw": 5.92, "corrienteA": 26.92, "factorPotencia": 0.957, "tsDispositivo": "2026-09-26T07:05:32+00:00"}
[2026-09-26 02:07:33] TX Replay de CSV historico (PDU fila C) -> {"tsFuente": "2026-09-20T06:54:00-05:00 (historico PDU, vuelta 1)", "potenciaKw": 5.77, "corrienteA": 26.2, "factorPotencia": 0.957, "tsDispositivo": "2026-09-26T07:07:33+00:00"}
[2026-09-26 02:09:33] TX Replay de CSV historico (PDU fila C) -> {"tsFuente": "2026-09-20T06:56:00-05:00 (historico PDU, vuelta 1)", "potenciaKw": 5.99, "corrienteA": 27.29, "factorPotencia": 0.954, "tsDispositivo": "2026-09-26T07:09:33+00:00"}
[2026-09-26 02:11:34] TX Replay de CSV historico (PDU fila C) -> {"tsFuente": "2026-09-20T06:58:00-05:00 (historico PDU, vuelta 1)", "potenciaKw": 5.55, "corrienteA": 25.17, "factorPotencia": 0.959, "tsDispositivo": "2026-09-26T07:11:33+00:00"}
[2026-09-26 02:13:34] TX Replay de CSV historico (PDU fila C) -> {"tsFuente": "2026-09-20T07:00:00-05:00 (historico PDU, vuelta 1)", "potenciaKw": 6.0, "corrienteA": 27.11, "factorPotencia": 0.962, "tsDispositivo": "2026-09-26T07:13:34+00:00"}
[2026-09-26 02:15:35] TX Replay de CSV historico (PDU fila C) -> {"tsFuente": "2026-09-20T07:01:00-05:00 (historico PDU, vuelta 1)", "potenciaKw": 5.64, "corrienteA": 25.42, "factorPotencia": 0.965, "tsDispositivo": "2026-09-26T07:15:34+00:00"}
[2026-09-26 02:17:35] TX Replay de CSV historico (PDU fila C) -> {"tsFuente": "2026-09-20T07:03:00-05:00 (historico PDU, vuelta 1)", "potenciaKw": 5.92, "corrienteA": 26.91, "factorPotencia": 0.957, "tsDispositivo": "2026-09-26T07:17:35+00:00"}
[2026-09-26 02:19:35] TX Replay de CSV historico (PDU fila C) -> {"tsFuente": "2026-09-20T07:05:00-05:00 (historico PDU, vuelta 1)", "potenciaKw": 5.68, "corrienteA": 25.33, "factorPotencia": 0.974, "tsDispositivo": "2026-09-26T07:19:35+00:00"}
[2026-09-26 02:21:35] TX Replay de CSV historico (PDU fila C) -> {"tsFuente": "2026-09-20T07:08:00-05:00 (historico PDU, vuelta 1)", "potenciaKw": 5.9, "corrienteA": 26.74, "factorPotencia": 0.959, "tsDispositivo": "2026-09-26T07:21:35+00:00"}
[2026-09-26 02:23:35] TX Replay de CSV historico (PDU fila C) -> {"tsFuente": "2026-09-20T07:10:00-05:00 (historico PDU, vuelta 1)", "potenciaKw": 5.72, "corrienteA": 25.69, "factorPotencia": 0.968, "tsDispositivo": "2026-09-26T07:23:35+00:00"}
[2026-09-26 02:25:36] TX Replay de CSV historico (PDU fila C) -> {"tsFuente": "2026-09-20T07:12:00-05:00 (historico PDU, vuelta 1)", "potenciaKw": 5.93, "corrienteA": 26.94, "factorPotencia": 0.958, "tsDispositivo": "2026-09-26T07:25:35+00:00"}
[2026-09-26 02:27:36] TX Replay de CSV historico (PDU fila C) -> {"tsFuente": "2026-09-20T07:14:00-05:00 (historico PDU, vuelta 1)", "potenciaKw": 5.71, "corrienteA": 25.82, "factorPotencia": 0.961, "tsDispositivo": "2026-09-26T07:27:36+00:00"}
[2026-09-26 02:29:36] TX Replay de CSV historico (PDU fila C) -> {"tsFuente": "2026-09-20T07:15:00-05:00 (historico PDU, vuelta 1)", "potenciaKw": 6.03, "corrienteA": 27.36, "factorPotencia": 0.958, "tsDispositivo": "2026-09-26T07:29:36+00:00"}
[2026-09-26 02:31:36] TX Replay de CSV historico (PDU fila C) -> {"tsFuente": "2026-09-20T07:17:00-05:00 (historico PDU, vuelta 1)", "potenciaKw": 5.85, "corrienteA": 26.03, "factorPotencia": 0.977, "tsDispositivo": "2026-09-26T07:31:36+00:00"}
[2026-09-26 02:33:36] TX Replay de CSV historico (PDU fila C) -> {"tsFuente": "2026-09-20T07:19:00-05:00 (historico PDU, vuelta 1)", "potenciaKw": 6.07, "corrienteA": 27.29, "factorPotencia": 0.967, "tsDispositivo": "2026-09-26T07:33:36+00:00"}
[2026-09-26 02:35:37] TX Replay de CSV historico (PDU fila C) -> {"tsFuente": "2026-09-20T07:21:00-05:00 (historico PDU, vuelta 1)", "potenciaKw": 5.8, "corrienteA": 25.87, "factorPotencia": 0.974, "tsDispositivo": "2026-09-26T07:35:36+00:00"}
[2026-09-26 02:37:37] TX Replay de CSV historico (PDU fila C) -> {"tsFuente": "2026-09-20T07:24:00-05:00 (historico PDU, vuelta 1)", "potenciaKw": 6.08, "corrienteA": 27.56, "factorPotencia": 0.959, "tsDispositivo": "2026-09-26T07:37:37+00:00"}
[2026-09-26 02:39:37] TX Replay de CSV historico (PDU fila C) -> {"tsFuente": "2026-09-20T07:26:00-05:00 (historico PDU, vuelta 1)", "potenciaKw": 5.75, "corrienteA": 25.69, "factorPotencia": 0.973, "tsDispositivo": "2026-09-26T07:39:37+00:00"}
[2026-09-26 02:41:37] TX Replay de CSV historico (PDU fila C) -> {"tsFuente": "2026-09-20T07:28:00-05:00 (historico PDU, vuelta 1)", "potenciaKw": 5.79, "corrienteA": 25.94, "factorPotencia": 0.97, "tsDispositivo": "2026-09-26T07:41:37+00:00"}
[2026-09-26 02:43:37] TX Replay de CSV historico (PDU fila C) -> {"tsFuente": "2026-09-20T07:30:00-05:00 (historico PDU, vuelta 1)", "potenciaKw": 6.0, "corrienteA": 26.77, "factorPotencia": 0.975, "tsDispositivo": "2026-09-26T07:43:37+00:00"}
[2026-09-26 02:45:38] TX Replay de CSV historico (PDU fila C) -> {"tsFuente": "2026-09-20T07:31:00-05:00 (historico PDU, vuelta 1)", "potenciaKw": 6.04, "corrienteA": 27.18, "factorPotencia": 0.966, "tsDispositivo": "2026-09-26T07:45:37+00:00"}
[2026-09-26 02:47:38] TX Replay de CSV historico (PDU fila C) -> {"tsFuente": "2026-09-20T07:33:00-05:00 (historico PDU, vuelta 1)", "potenciaKw": 5.77, "corrienteA": 26.29, "factorPotencia": 0.955, "tsDispositivo": "2026-09-26T07:47:38+00:00"}
[2026-09-26 02:49:38] TX Replay de CSV historico (PDU fila C) -> {"tsFuente": "2026-09-20T07:35:00-05:00 (historico PDU, vuelta 1)", "potenciaKw": 6.09, "corrienteA": 27.14, "factorPotencia": 0.975, "tsDispositivo": "2026-09-26T07:49:38+00:00"}
[2026-09-26 02:51:38] TX Replay de CSV historico (PDU fila C) -> {"tsFuente": "2026-09-20T07:38:00-05:00 (historico PDU, vuelta 1)", "potenciaKw": 5.86, "corrienteA": 26.64, "factorPotencia": 0.956, "tsDispositivo": "2026-09-26T07:51:38+00:00"}
[2026-09-26 02:53:38] TX Replay de CSV historico (PDU fila C) -> {"tsFuente": "2026-09-20T07:40:00-05:00 (historico PDU, vuelta 1)", "potenciaKw": 6.1, "corrienteA": 27.64, "factorPotencia": 0.96, "tsDispositivo": "2026-09-26T07:53:38+00:00"}
[2026-09-26 02:55:39] TX Replay de CSV historico (PDU fila C) -> {"tsFuente": "2026-09-20T07:42:00-05:00 (historico PDU, vuelta 1)", "potenciaKw": 5.82, "corrienteA": 26.46, "factorPotencia": 0.956, "tsDispositivo": "2026-09-26T07:55:38+00:00"}
[2026-09-26 02:57:39] TX Replay de CSV historico (PDU fila C) -> {"tsFuente": "2026-09-20T07:44:00-05:00 (historico PDU, vuelta 1)", "potenciaKw": 5.87, "corrienteA": 26.24, "factorPotencia": 0.972, "tsDispositivo": "2026-09-26T07:57:39+00:00"}
[2026-09-26 02:59:39] TX Replay de CSV historico (PDU fila C) -> {"tsFuente": "2026-09-20T07:46:00-05:00 (historico PDU, vuelta 1)", "potenciaKw": 5.77, "corrienteA": 25.73, "factorPotencia": 0.975, "tsDispositivo": "2026-09-26T07:59:39+00:00"}
[2026-09-26 03:01:39] TX Replay de CSV historico (PDU fila C) -> {"tsFuente": "2026-09-20T07:47:00-05:00 (historico PDU, vuelta 1)", "potenciaKw": 6.08, "corrienteA": 27.1, "factorPotencia": 0.975, "tsDispositivo": "2026-09-26T08:01:39+00:00"}
[2026-09-26 03:03:39] TX Replay de CSV historico (PDU fila C) -> {"tsFuente": "2026-09-20T07:49:00-05:00 (historico PDU, vuelta 1)", "potenciaKw": 5.79, "corrienteA": 26.3, "factorPotencia": 0.957, "tsDispositivo": "2026-09-26T08:03:39+00:00"}
[2026-09-26 03:05:40] TX Replay de CSV historico (PDU fila C) -> {"tsFuente": "2026-09-20T07:51:00-05:00 (historico PDU, vuelta 1)", "potenciaKw": 5.91, "corrienteA": 26.9, "factorPotencia": 0.955, "tsDispositivo": "2026-09-26T08:05:39+00:00"}
[2026-09-26 03:07:40] TX Replay de CSV historico (PDU fila C) -> {"tsFuente": "2026-09-20T07:54:00-05:00 (historico PDU, vuelta 1)", "potenciaKw": 5.73, "corrienteA": 25.56, "factorPotencia": 0.974, "tsDispositivo": "2026-09-26T08:07:40+00:00"}
[2026-09-26 03:09:40] TX Replay de CSV historico (PDU fila C) -> {"tsFuente": "2026-09-20T07:56:00-05:00 (historico PDU, vuelta 1)", "potenciaKw": 5.88, "corrienteA": 26.5, "factorPotencia": 0.965, "tsDispositivo": "2026-09-26T08:09:40+00:00"}
[2026-09-26 03:11:40] TX Replay de CSV historico (PDU fila C) -> {"tsFuente": "2026-09-20T07:58:00-05:00 (historico PDU, vuelta 1)", "potenciaKw": 5.89, "corrienteA": 26.83, "factorPotencia": 0.954, "tsDispositivo": "2026-09-26T08:11:40+00:00"}
[2026-09-26 03:13:40] TX Replay de CSV historico (PDU fila C) -> {"tsFuente": "2026-09-20T08:00:00-05:00 (historico PDU, vuelta 1)", "potenciaKw": 5.95, "corrienteA": 27.03, "factorPotencia": 0.956, "tsDispositivo": "2026-09-26T08:13:40+00:00"}
[2026-09-26 03:15:41] TX Replay de CSV historico (PDU fila C) -> {"tsFuente": "2026-09-20T08:01:00-05:00 (historico PDU, vuelta 1)", "potenciaKw": 5.68, "corrienteA": 25.42, "factorPotencia": 0.972, "tsDispositivo": "2026-09-26T08:15:40+00:00"}
[2026-09-26 03:17:41] TX Replay de CSV historico (PDU fila C) -> {"tsFuente": "2026-09-20T08:03:00-05:00 (historico PDU, vuelta 1)", "potenciaKw": 5.8, "corrienteA": 26.36, "factorPotencia": 0.956, "tsDispositivo": "2026-09-26T08:17:41+00:00"}
[2026-09-26 03:19:41] TX Replay de CSV historico (PDU fila C) -> {"tsFuente": "2026-09-20T08:05:00-05:00 (historico PDU, vuelta 1)", "potenciaKw": 6.01, "corrienteA": 27.0, "factorPotencia": 0.967, "tsDispositivo": "2026-09-26T08:19:41+00:00"}
[2026-09-26 03:21:41] TX Replay de CSV historico (PDU fila C) -> {"tsFuente": "2026-09-20T08:07:00-05:00 (historico PDU, vuelta 1)", "potenciaKw": 5.93, "corrienteA": 26.77, "factorPotencia": 0.964, "tsDispositivo": "2026-09-26T08:21:41+00:00"}
[2026-09-26 03:23:41] TX Replay de CSV historico (PDU fila C) -> {"tsFuente": "2026-09-20T08:09:00-05:00 (historico PDU, vuelta 1)", "potenciaKw": 5.7, "corrienteA": 25.93, "factorPotencia": 0.957, "tsDispositivo": "2026-09-26T08:23:41+00:00"}
[2026-09-26 03:25:42] TX Replay de CSV historico (PDU fila C) -> {"tsFuente": "2026-09-20T08:11:00-05:00 (historico PDU, vuelta 1)", "potenciaKw": 6.17, "corrienteA": 27.98, "factorPotencia": 0.958, "tsDispositivo": "2026-09-26T08:25:41+00:00"}
[2026-09-26 03:27:42] TX Replay de CSV historico (PDU fila C) -> {"tsFuente": "2026-09-20T08:13:00-05:00 (historico PDU, vuelta 1)", "potenciaKw": 6.06, "corrienteA": 27.55, "factorPotencia": 0.956, "tsDispositivo": "2026-09-26T08:27:42+00:00"}
[2026-09-26 03:29:42] TX Replay de CSV historico (PDU fila C) -> {"tsFuente": "2026-09-20T08:16:00-05:00 (historico PDU, vuelta 1)", "potenciaKw": 5.96, "corrienteA": 26.68, "factorPotencia": 0.971, "tsDispositivo": "2026-09-26T08:29:42+00:00"}
[2026-09-26 03:31:42] TX Replay de CSV historico (PDU fila C) -> {"tsFuente": "2026-09-20T08:18:00-05:00 (historico PDU, vuelta 1)", "potenciaKw": 6.02, "corrienteA": 26.88, "factorPotencia": 0.973, "tsDispositivo": "2026-09-26T08:31:42+00:00"}
[2026-09-26 03:33:42] TX Replay de CSV historico (PDU fila C) -> {"tsFuente": "2026-09-20T08:20:00-05:00 (historico PDU, vuelta 1)", "potenciaKw": 6.04, "corrienteA": 27.3, "factorPotencia": 0.962, "tsDispositivo": "2026-09-26T08:33:42+00:00"}
[2026-09-26 03:35:42] TX Replay de CSV historico (PDU fila C) -> {"tsFuente": "2026-09-20T08:22:00-05:00 (historico PDU, vuelta 1)", "potenciaKw": 6.05, "corrienteA": 27.19, "factorPotencia": 0.967, "tsDispositivo": "2026-09-26T08:35:42+00:00"}
[2026-09-26 03:37:43] TX Replay de CSV historico (PDU fila C) -> {"tsFuente": "2026-09-20T08:24:00-05:00 (historico PDU, vuelta 1)", "potenciaKw": 5.71, "corrienteA": 25.61, "factorPotencia": 0.97, "tsDispositivo": "2026-09-26T08:37:42+00:00"}
[2026-09-26 03:39:43] TX Replay de CSV historico (PDU fila C) -> {"tsFuente": "2026-09-20T08:26:00-05:00 (historico PDU, vuelta 1)", "potenciaKw": 5.99, "corrienteA": 27.11, "factorPotencia": 0.961, "tsDispositivo": "2026-09-26T08:39:43+00:00"}
[2026-09-26 03:41:43] TX Replay de CSV historico (PDU fila C) -> {"tsFuente": "2026-09-20T08:28:00-05:00 (historico PDU, vuelta 1)", "potenciaKw": 6.1, "corrienteA": 27.43, "factorPotencia": 0.967, "tsDispositivo": "2026-09-26T08:41:43+00:00"}
[2026-09-26 03:43:43] TX Replay de CSV historico (PDU fila C) -> {"tsFuente": "2026-09-20T08:30:00-05:00 (historico PDU, vuelta 1)", "potenciaKw": 6.01, "corrienteA": 27.1, "factorPotencia": 0.964, "tsDispositivo": "2026-09-26T08:43:43+00:00"}
[2026-09-26 03:45:43] TX Replay de CSV historico (PDU fila C) -> {"tsFuente": "2026-09-20T08:31:00-05:00 (historico PDU, vuelta 1)", "potenciaKw": 5.94, "corrienteA": 26.96, "factorPotencia": 0.959, "tsDispositivo": "2026-09-26T08:45:43+00:00"}
[2026-09-26 03:47:44] TX Replay de CSV historico (PDU fila C) -> {"tsFuente": "2026-09-20T08:33:00-05:00 (historico PDU, vuelta 1)", "potenciaKw": 6.14, "corrienteA": 27.79, "factorPotencia": 0.96, "tsDispositivo": "2026-09-26T08:47:43+00:00"}
[2026-09-26 03:49:44] TX Replay de CSV historico (PDU fila C) -> {"tsFuente": "2026-09-20T08:35:00-05:00 (historico PDU, vuelta 1)", "potenciaKw": 5.91, "corrienteA": 26.61, "factorPotencia": 0.965, "tsDispositivo": "2026-09-26T08:49:44+00:00"}
[2026-09-26 03:51:44] TX Replay de CSV historico (PDU fila C) -> {"tsFuente": "2026-09-20T08:37:00-05:00 (historico PDU, vuelta 1)", "potenciaKw": 6.07, "corrienteA": 27.56, "factorPotencia": 0.957, "tsDispositivo": "2026-09-26T08:51:44+00:00"}
[2026-09-26 03:53:44] TX Replay de CSV historico (PDU fila C) -> {"tsFuente": "2026-09-20T08:39:00-05:00 (historico PDU, vuelta 1)", "potenciaKw": 6.12, "corrienteA": 27.71, "factorPotencia": 0.96, "tsDispositivo": "2026-09-26T08:53:44+00:00"}
[2026-09-26 03:55:44] TX Replay de CSV historico (PDU fila C) -> {"tsFuente": "2026-09-20T08:41:00-05:00 (historico PDU, vuelta 1)", "potenciaKw": 5.88, "corrienteA": 26.34, "factorPotencia": 0.971, "tsDispositivo": "2026-09-26T08:55:44+00:00"}
[2026-09-26 03:57:45] TX Replay de CSV historico (PDU fila C) -> {"tsFuente": "2026-09-20T08:43:00-05:00 (historico PDU, vuelta 1)", "potenciaKw": 6.02, "corrienteA": 27.25, "factorPotencia": 0.961, "tsDispositivo": "2026-09-26T08:57:44+00:00"}
[2026-09-26 03:59:45] TX Replay de CSV historico (PDU fila C) -> {"tsFuente": "2026-09-20T08:46:00-05:00 (historico PDU, vuelta 1)", "potenciaKw": 6.0, "corrienteA": 26.72, "factorPotencia": 0.977, "tsDispositivo": "2026-09-26T08:59:45+00:00"}
[2026-09-26 04:01:45] TX Replay de CSV historico (PDU fila C) -> {"tsFuente": "2026-09-20T08:48:00-05:00 (historico PDU, vuelta 1)", "potenciaKw": 5.77, "corrienteA": 26.13, "factorPotencia": 0.959, "tsDispositivo": "2026-09-26T09:01:45+00:00"}
[2026-09-26 04:03:45] TX Replay de CSV historico (PDU fila C) -> {"tsFuente": "2026-09-20T08:50:00-05:00 (historico PDU, vuelta 1)", "potenciaKw": 5.93, "corrienteA": 27.02, "factorPotencia": 0.953, "tsDispositivo": "2026-09-26T09:03:45+00:00"}
[2026-09-26 04:05:45] TX Replay de CSV historico (PDU fila C) -> {"tsFuente": "2026-09-20T08:52:00-05:00 (historico PDU, vuelta 1)", "potenciaKw": 6.14, "corrienteA": 27.48, "factorPotencia": 0.972, "tsDispositivo": "2026-09-26T09:05:45+00:00"}
[2026-09-26 04:07:46] TX Replay de CSV historico (PDU fila C) -> {"tsFuente": "2026-09-20T08:54:00-05:00 (historico PDU, vuelta 1)", "potenciaKw": 6.05, "corrienteA": 27.01, "factorPotencia": 0.974, "tsDispositivo": "2026-09-26T09:07:45+00:00"}
[2026-09-26 04:09:46] TX Replay de CSV historico (PDU fila C) -> {"tsFuente": "2026-09-20T08:56:00-05:00 (historico PDU, vuelta 1)", "potenciaKw": 5.96, "corrienteA": 26.65, "factorPotencia": 0.972, "tsDispositivo": "2026-09-26T09:09:46+00:00"}
[2026-09-26 04:11:46] TX Replay de CSV historico (PDU fila C) -> {"tsFuente": "2026-09-20T08:58:00-05:00 (historico PDU, vuelta 1)", "potenciaKw": 5.93, "corrienteA": 26.52, "factorPotencia": 0.972, "tsDispositivo": "2026-09-26T09:11:46+00:00"}
[2026-09-26 04:13:46] TX Replay de CSV historico (PDU fila C) -> {"tsFuente": "2026-09-20T09:00:00-05:00 (historico PDU, vuelta 1)", "potenciaKw": 5.94, "corrienteA": 26.91, "factorPotencia": 0.96, "tsDispositivo": "2026-09-26T09:13:46+00:00"}
[2026-09-26 04:15:46] TX Replay de CSV historico (PDU fila C) -> {"tsFuente": "2026-09-20T09:01:00-05:00 (historico PDU, vuelta 1)", "potenciaKw": 6.11, "corrienteA": 27.8, "factorPotencia": 0.955, "tsDispositivo": "2026-09-26T09:15:46+00:00"}
[2026-09-26 04:17:47] TX Replay de CSV historico (PDU fila C) -> {"tsFuente": "2026-09-20T09:03:00-05:00 (historico PDU, vuelta 1)", "potenciaKw": 6.25, "corrienteA": 28.21, "factorPotencia": 0.963, "tsDispositivo": "2026-09-26T09:17:46+00:00"}
[2026-09-26 04:19:47] TX Replay de CSV historico (PDU fila C) -> {"tsFuente": "2026-09-20T09:05:00-05:00 (historico PDU, vuelta 1)", "potenciaKw": 6.11, "corrienteA": 27.6, "factorPotencia": 0.962, "tsDispositivo": "2026-09-26T09:19:47+00:00"}
[2026-09-26 04:21:47] TX Replay de CSV historico (PDU fila C) -> {"tsFuente": "2026-09-20T09:07:00-05:00 (historico PDU, vuelta 1)", "potenciaKw": 6.05, "corrienteA": 27.07, "factorPotencia": 0.971, "tsDispositivo": "2026-09-26T09:21:47+00:00"}
[2026-09-26 04:23:47] TX Replay de CSV historico (PDU fila C) -> {"tsFuente": "2026-09-20T09:09:00-05:00 (historico PDU, vuelta 1)", "potenciaKw": 6.16, "corrienteA": 27.67, "factorPotencia": 0.967, "tsDispositivo": "2026-09-26T09:23:47+00:00"}
[2026-09-26 04:25:47] TX Replay de CSV historico (PDU fila C) -> {"tsFuente": "2026-09-20T09:11:00-05:00 (historico PDU, vuelta 1)", "potenciaKw": 6.03, "corrienteA": 27.15, "factorPotencia": 0.966, "tsDispositivo": "2026-09-26T09:25:47+00:00"}
[2026-09-26 04:27:48] TX Replay de CSV historico (PDU fila C) -> {"tsFuente": "2026-09-20T09:13:00-05:00 (historico PDU, vuelta 1)", "potenciaKw": 6.02, "corrienteA": 27.21, "factorPotencia": 0.962, "tsDispositivo": "2026-09-26T09:27:47+00:00"}
[2026-09-26 04:29:48] TX Replay de CSV historico (PDU fila C) -> {"tsFuente": "2026-09-20T09:16:00-05:00 (historico PDU, vuelta 1)", "potenciaKw": 6.27, "corrienteA": 28.5, "factorPotencia": 0.956, "tsDispositivo": "2026-09-26T09:29:48+00:00"}
[2026-09-26 04:31:48] TX Replay de CSV historico (PDU fila C) -> {"tsFuente": "2026-09-20T09:18:00-05:00 (historico PDU, vuelta 1)", "potenciaKw": 5.94, "corrienteA": 26.95, "factorPotencia": 0.957, "tsDispositivo": "2026-09-26T09:31:48+00:00"}
[2026-09-26 04:33:48] TX Replay de CSV historico (PDU fila C) -> {"tsFuente": "2026-09-20T09:20:00-05:00 (historico PDU, vuelta 1)", "potenciaKw": 5.85, "corrienteA": 26.52, "factorPotencia": 0.959, "tsDispositivo": "2026-09-26T09:33:48+00:00"}
[2026-09-26 04:35:48] TX Replay de CSV historico (PDU fila C) -> {"tsFuente": "2026-09-20T09:22:00-05:00 (historico PDU, vuelta 1)", "potenciaKw": 6.21, "corrienteA": 27.99, "factorPotencia": 0.964, "tsDispositivo": "2026-09-26T09:35:48+00:00"}
[2026-09-26 04:37:49] TX Replay de CSV historico (PDU fila C) -> {"tsFuente": "2026-09-20T09:24:00-05:00 (historico PDU, vuelta 1)", "potenciaKw": 5.93, "corrienteA": 26.79, "factorPotencia": 0.962, "tsDispositivo": "2026-09-26T09:37:48+00:00"}
[2026-09-26 04:39:49] TX Replay de CSV historico (PDU fila C) -> {"tsFuente": "2026-09-20T09:26:00-05:00 (historico PDU, vuelta 1)", "potenciaKw": 5.87, "corrienteA": 26.73, "factorPotencia": 0.955, "tsDispositivo": "2026-09-26T09:39:49+00:00"}
[2026-09-26 04:41:49] TX Replay de CSV historico (PDU fila C) -> {"tsFuente": "2026-09-20T09:28:00-05:00 (historico PDU, vuelta 1)", "potenciaKw": 6.31, "corrienteA": 28.5, "factorPotencia": 0.963, "tsDispositivo": "2026-09-26T09:41:49+00:00"}
[2026-09-26 04:43:49] TX Replay de CSV historico (PDU fila C) -> {"tsFuente": "2026-09-20T09:30:00-05:00 (historico PDU, vuelta 1)", "potenciaKw": 6.07, "corrienteA": 27.64, "factorPotencia": 0.956, "tsDispositivo": "2026-09-26T09:43:49+00:00"}
[2026-09-26 04:45:49] TX Replay de CSV historico (PDU fila C) -> {"tsFuente": "2026-09-20T09:31:00-05:00 (historico PDU, vuelta 1)", "potenciaKw": 6.24, "corrienteA": 28.46, "factorPotencia": 0.953, "tsDispositivo": "2026-09-26T09:45:49+00:00"}
[2026-09-26 04:47:49] TX Replay de CSV historico (PDU fila C) -> {"tsFuente": "2026-09-20T09:33:00-05:00 (historico PDU, vuelta 1)", "potenciaKw": 5.88, "corrienteA": 26.45, "factorPotencia": 0.966, "tsDispositivo": "2026-09-26T09:47:49+00:00"}
[2026-09-26 04:49:50] TX Replay de CSV historico (PDU fila C) -> {"tsFuente": "2026-09-20T09:35:00-05:00 (historico PDU, vuelta 1)", "potenciaKw": 6.19, "corrienteA": 27.95, "factorPotencia": 0.962, "tsDispositivo": "2026-09-26T09:49:49+00:00"}
[2026-09-26 04:51:50] TX Replay de CSV historico (PDU fila C) -> {"tsFuente": "2026-09-20T09:37:00-05:00 (historico PDU, vuelta 1)", "potenciaKw": 5.89, "corrienteA": 26.54, "factorPotencia": 0.966, "tsDispositivo": "2026-09-26T09:51:50+00:00"}
[2026-09-26 04:53:50] TX Replay de CSV historico (PDU fila C) -> {"tsFuente": "2026-09-20T09:39:00-05:00 (historico PDU, vuelta 1)", "potenciaKw": 6.26, "corrienteA": 28.55, "factorPotencia": 0.953, "tsDispositivo": "2026-09-26T09:53:50+00:00"}
[2026-09-26 04:55:50] TX Replay de CSV historico (PDU fila C) -> {"tsFuente": "2026-09-20T09:41:00-05:00 (historico PDU, vuelta 1)", "potenciaKw": 5.99, "corrienteA": 27.03, "factorPotencia": 0.964, "tsDispositivo": "2026-09-26T09:55:50+00:00"}
[2026-09-26 04:57:50] TX Replay de CSV historico (PDU fila C) -> {"tsFuente": "2026-09-20T09:43:00-05:00 (historico PDU, vuelta 1)", "potenciaKw": 6.06, "corrienteA": 27.5, "factorPotencia": 0.958, "tsDispositivo": "2026-09-26T09:57:50+00:00"}
[2026-09-26 04:59:51] TX Replay de CSV historico (PDU fila C) -> {"tsFuente": "2026-09-20T09:46:00-05:00 (historico PDU, vuelta 1)", "potenciaKw": 5.94, "corrienteA": 26.77, "factorPotencia": 0.965, "tsDispositivo": "2026-09-26T09:59:50+00:00"}
[2026-09-26 05:01:51] TX Replay de CSV historico (PDU fila C) -> {"tsFuente": "2026-09-20T09:48:00-05:00 (historico PDU, vuelta 1)", "potenciaKw": 5.99, "corrienteA": 26.85, "factorPotencia": 0.971, "tsDispositivo": "2026-09-26T10:01:51+00:00"}
[2026-09-26 05:03:51] TX Replay de CSV historico (PDU fila C) -> {"tsFuente": "2026-09-20T09:50:00-05:00 (historico PDU, vuelta 1)", "potenciaKw": 5.99, "corrienteA": 26.77, "factorPotencia": 0.973, "tsDispositivo": "2026-09-26T10:03:51+00:00"}
[2026-09-26 05:05:51] TX Replay de CSV historico (PDU fila C) -> {"tsFuente": "2026-09-20T09:52:00-05:00 (historico PDU, vuelta 1)", "potenciaKw": 6.12, "corrienteA": 27.78, "factorPotencia": 0.957, "tsDispositivo": "2026-09-26T10:05:51+00:00"}
[2026-09-26 05:07:51] TX Replay de CSV historico (PDU fila C) -> {"tsFuente": "2026-09-20T09:54:00-05:00 (historico PDU, vuelta 1)", "potenciaKw": 5.99, "corrienteA": 26.9, "factorPotencia": 0.968, "tsDispositivo": "2026-09-26T10:07:51+00:00"}
[2026-09-26 05:09:52] TX Replay de CSV historico (PDU fila C) -> {"tsFuente": "2026-09-20T09:56:00-05:00 (historico PDU, vuelta 1)", "potenciaKw": 6.11, "corrienteA": 27.63, "factorPotencia": 0.962, "tsDispositivo": "2026-09-26T10:09:51+00:00"}
[2026-09-26 05:11:52] TX Replay de CSV historico (PDU fila C) -> {"tsFuente": "2026-09-20T09:58:00-05:00 (historico PDU, vuelta 1)", "potenciaKw": 6.02, "corrienteA": 27.18, "factorPotencia": 0.963, "tsDispositivo": "2026-09-26T10:11:52+00:00"}
[2026-09-26 05:13:52] TX Replay de CSV historico (PDU fila C) -> {"tsFuente": "2026-09-20T10:00:00-05:00 (historico PDU, vuelta 1)", "potenciaKw": 6.02, "corrienteA": 27.07, "factorPotencia": 0.967, "tsDispositivo": "2026-09-26T10:13:52+00:00"}
[2026-09-26 05:15:52] TX Replay de CSV historico (PDU fila C) -> {"tsFuente": "2026-09-20T10:01:00-05:00 (historico PDU, vuelta 1)", "potenciaKw": 6.04, "corrienteA": 27.32, "factorPotencia": 0.962, "tsDispositivo": "2026-09-26T10:15:52+00:00"}
[2026-09-26 05:17:52] TX Replay de CSV historico (PDU fila C) -> {"tsFuente": "2026-09-20T10:03:00-05:00 (historico PDU, vuelta 1)", "potenciaKw": 5.95, "corrienteA": 26.64, "factorPotencia": 0.97, "tsDispositivo": "2026-09-26T10:17:52+00:00"}
[2026-09-26 05:19:53] TX Replay de CSV historico (PDU fila C) -> {"tsFuente": "2026-09-20T10:05:00-05:00 (historico PDU, vuelta 1)", "potenciaKw": 6.3, "corrienteA": 28.46, "factorPotencia": 0.963, "tsDispositivo": "2026-09-26T10:19:52+00:00"}
[2026-09-26 05:21:53] TX Replay de CSV historico (PDU fila C) -> {"tsFuente": "2026-09-20T10:07:00-05:00 (historico PDU, vuelta 1)", "potenciaKw": 6.14, "corrienteA": 27.79, "factorPotencia": 0.96, "tsDispositivo": "2026-09-26T10:21:53+00:00"}
[2026-09-26 05:23:53] TX Replay de CSV historico (PDU fila C) -> {"tsFuente": "2026-09-20T10:09:00-05:00 (historico PDU, vuelta 1)", "potenciaKw": 6.26, "corrienteA": 28.23, "factorPotencia": 0.964, "tsDispositivo": "2026-09-26T10:23:53+00:00"}
[2026-09-26 05:25:53] TX Replay de CSV historico (PDU fila C) -> {"tsFuente": "2026-09-20T10:11:00-05:00 (historico PDU, vuelta 1)", "potenciaKw": 6.01, "corrienteA": 26.74, "factorPotencia": 0.977, "tsDispositivo": "2026-09-26T10:25:53+00:00"}
[2026-09-26 05:27:53] TX Replay de CSV historico (PDU fila C) -> {"tsFuente": "2026-09-20T10:13:00-05:00 (historico PDU, vuelta 1)", "potenciaKw": 6.24, "corrienteA": 28.25, "factorPotencia": 0.961, "tsDispositivo": "2026-09-26T10:27:53+00:00"}
[2026-09-26 05:29:54] TX Replay de CSV historico (PDU fila C) -> {"tsFuente": "2026-09-20T10:16:00-05:00 (historico PDU, vuelta 1)", "potenciaKw": 6.41, "corrienteA": 29.17, "factorPotencia": 0.956, "tsDispositivo": "2026-09-26T10:29:53+00:00"}
[2026-09-26 05:31:54] TX Replay de CSV historico (PDU fila C) -> {"tsFuente": "2026-09-20T10:18:00-05:00 (historico PDU, vuelta 1)", "potenciaKw": 6.1, "corrienteA": 27.4, "factorPotencia": 0.967, "tsDispositivo": "2026-09-26T10:31:54+00:00"}
[2026-09-26 05:33:54] TX Replay de CSV historico (PDU fila C) -> {"tsFuente": "2026-09-20T10:20:00-05:00 (historico PDU, vuelta 1)", "potenciaKw": 6.43, "corrienteA": 28.95, "factorPotencia": 0.965, "tsDispositivo": "2026-09-26T10:33:54+00:00"}
[2026-09-26 05:35:54] TX Replay de CSV historico (PDU fila C) -> {"tsFuente": "2026-09-20T10:22:00-05:00 (historico PDU, vuelta 1)", "potenciaKw": 6.26, "corrienteA": 28.21, "factorPotencia": 0.965, "tsDispositivo": "2026-09-26T10:35:54+00:00"}
[2026-09-26 05:37:54] TX Replay de CSV historico (PDU fila C) -> {"tsFuente": "2026-09-20T10:24:00-05:00 (historico PDU, vuelta 1)", "potenciaKw": 6.1, "corrienteA": 27.29, "factorPotencia": 0.972, "tsDispositivo": "2026-09-26T10:37:54+00:00"}
[2026-09-26 05:39:55] TX Replay de CSV historico (PDU fila C) -> {"tsFuente": "2026-09-20T10:26:00-05:00 (historico PDU, vuelta 1)", "potenciaKw": 6.16, "corrienteA": 27.76, "factorPotencia": 0.965, "tsDispositivo": "2026-09-26T10:39:54+00:00"}
[2026-09-26 05:41:55] TX Replay de CSV historico (PDU fila C) -> {"tsFuente": "2026-09-20T10:28:00-05:00 (historico PDU, vuelta 1)", "potenciaKw": 6.11, "corrienteA": 27.45, "factorPotencia": 0.968, "tsDispositivo": "2026-09-26T10:41:55+00:00"}
[2026-09-26 05:43:55] TX Replay de CSV historico (PDU fila C) -> {"tsFuente": "2026-09-20T10:30:00-05:00 (historico PDU, vuelta 1)", "potenciaKw": 6.06, "corrienteA": 27.01, "factorPotencia": 0.975, "tsDispositivo": "2026-09-26T10:43:55+00:00"}
[2026-09-26 05:45:55] TX Replay de CSV historico (PDU fila C) -> {"tsFuente": "2026-09-20T10:31:00-05:00 (historico PDU, vuelta 1)", "potenciaKw": 6.39, "corrienteA": 28.83, "factorPotencia": 0.964, "tsDispositivo": "2026-09-26T10:45:55+00:00"}
[2026-09-26 05:47:55] TX Replay de CSV historico (PDU fila C) -> {"tsFuente": "2026-09-20T10:33:00-05:00 (historico PDU, vuelta 1)", "potenciaKw": 6.07, "corrienteA": 27.08, "factorPotencia": 0.974, "tsDispositivo": "2026-09-26T10:47:55+00:00"}
[2026-09-26 05:49:56] TX Replay de CSV historico (PDU fila C) -> {"tsFuente": "2026-09-20T10:35:00-05:00 (historico PDU, vuelta 1)", "potenciaKw": 6.16, "corrienteA": 27.45, "factorPotencia": 0.976, "tsDispositivo": "2026-09-26T10:49:55+00:00"}
[2026-09-26 05:51:56] TX Replay de CSV historico (PDU fila C) -> {"tsFuente": "2026-09-20T10:37:00-05:00 (historico PDU, vuelta 1)", "potenciaKw": 6.44, "corrienteA": 28.87, "factorPotencia": 0.97, "tsDispositivo": "2026-09-26T10:51:56+00:00"}
[2026-09-26 05:53:56] TX Replay de CSV historico (PDU fila C) -> {"tsFuente": "2026-09-20T10:39:00-05:00 (historico PDU, vuelta 1)", "potenciaKw": 6.42, "corrienteA": 28.98, "factorPotencia": 0.963, "tsDispositivo": "2026-09-26T10:53:56+00:00"}
[2026-09-26 05:55:56] TX Replay de CSV historico (PDU fila C) -> {"tsFuente": "2026-09-20T10:41:00-05:00 (historico PDU, vuelta 1)", "potenciaKw": 6.17, "corrienteA": 27.76, "factorPotencia": 0.966, "tsDispositivo": "2026-09-26T10:55:56+00:00"}
[2026-09-26 05:57:56] TX Replay de CSV historico (PDU fila C) -> {"tsFuente": "2026-09-20T10:43:00-05:00 (historico PDU, vuelta 1)", "potenciaKw": 6.23, "corrienteA": 28.01, "factorPotencia": 0.968, "tsDispositivo": "2026-09-26T10:57:56+00:00"}
[2026-09-26 05:59:57] TX Replay de CSV historico (PDU fila C) -> {"tsFuente": "2026-09-20T10:46:00-05:00 (historico PDU, vuelta 1)", "potenciaKw": 6.29, "corrienteA": 28.32, "factorPotencia": 0.966, "tsDispositivo": "2026-09-26T10:59:56+00:00"}
[2026-09-26 06:01:57] TX Replay de CSV historico (PDU fila C) -> {"tsFuente": "2026-09-20T10:48:00-05:00 (historico PDU, vuelta 1)", "potenciaKw": 6.25, "corrienteA": 27.96, "factorPotencia": 0.973, "tsDispositivo": "2026-09-26T11:01:57+00:00"}
[2026-09-26 06:04:02] TX Replay de CSV historico (PDU fila C) -> {"tsFuente": "2026-09-20T10:50:00-05:00 (historico PDU, vuelta 1)", "potenciaKw": 6.32, "corrienteA": 28.49, "factorPotencia": 0.964, "tsDispositivo": "2026-09-26T11:03:59+00:00"}
[2026-09-26 06:06:02] TX Replay de CSV historico (PDU fila C) -> {"tsFuente": "2026-09-20T10:52:00-05:00 (historico PDU, vuelta 1)", "potenciaKw": 6.43, "corrienteA": 29.2, "factorPotencia": 0.957, "tsDispositivo": "2026-09-26T11:06:02+00:00"}
[2026-09-26 06:08:02] TX Replay de CSV historico (PDU fila C) -> {"tsFuente": "2026-09-20T10:54:00-05:00 (historico PDU, vuelta 1)", "potenciaKw": 6.41, "corrienteA": 28.64, "factorPotencia": 0.974, "tsDispositivo": "2026-09-26T11:08:02+00:00"}
[2026-09-26 06:10:03] TX Replay de CSV historico (PDU fila C) -> {"tsFuente": "2026-09-20T10:56:00-05:00 (historico PDU, vuelta 1)", "potenciaKw": 6.21, "corrienteA": 27.83, "factorPotencia": 0.971, "tsDispositivo": "2026-09-26T11:10:02+00:00"}
[2026-09-26 06:12:03] TX Replay de CSV historico (PDU fila C) -> {"tsFuente": "2026-09-20T10:58:00-05:00 (historico PDU, vuelta 1)", "potenciaKw": 6.27, "corrienteA": 28.46, "factorPotencia": 0.958, "tsDispositivo": "2026-09-26T11:12:03+00:00"}
[2026-09-26 06:14:03] TX Replay de CSV historico (PDU fila C) -> {"tsFuente": "2026-09-20T11:00:00-05:00 (historico PDU, vuelta 1)", "potenciaKw": 6.23, "corrienteA": 27.94, "factorPotencia": 0.97, "tsDispositivo": "2026-09-26T11:14:03+00:00"}
[2026-09-26 06:16:03] TX Replay de CSV historico (PDU fila C) -> {"tsFuente": "2026-09-20T11:01:00-05:00 (historico PDU, vuelta 1)", "potenciaKw": 6.13, "corrienteA": 27.56, "factorPotencia": 0.967, "tsDispositivo": "2026-09-26T11:16:03+00:00"}
[2026-09-26 06:18:04] TX Replay de CSV historico (PDU fila C) -> {"tsFuente": "2026-09-20T11:03:00-05:00 (historico PDU, vuelta 1)", "potenciaKw": 6.49, "corrienteA": 29.55, "factorPotencia": 0.954, "tsDispositivo": "2026-09-26T11:18:03+00:00"}
[2026-09-26 06:20:04] TX Replay de CSV historico (PDU fila C) -> {"tsFuente": "2026-09-20T11:05:00-05:00 (historico PDU, vuelta 1)", "potenciaKw": 6.48, "corrienteA": 29.39, "factorPotencia": 0.958, "tsDispositivo": "2026-09-26T11:20:04+00:00"}
[2026-09-26 06:22:04] TX Replay de CSV historico (PDU fila C) -> {"tsFuente": "2026-09-20T11:07:00-05:00 (historico PDU, vuelta 1)", "potenciaKw": 6.25, "corrienteA": 28.38, "factorPotencia": 0.958, "tsDispositivo": "2026-09-26T11:22:04+00:00"}
[2026-09-26 06:24:04] TX Replay de CSV historico (PDU fila C) -> {"tsFuente": "2026-09-20T11:09:00-05:00 (historico PDU, vuelta 1)", "potenciaKw": 6.24, "corrienteA": 27.97, "factorPotencia": 0.969, "tsDispositivo": "2026-09-26T11:24:04+00:00"}
[2026-09-26 06:26:04] TX Replay de CSV historico (PDU fila C) -> {"tsFuente": "2026-09-20T11:11:00-05:00 (historico PDU, vuelta 1)", "potenciaKw": 6.43, "corrienteA": 28.71, "factorPotencia": 0.974, "tsDispositivo": "2026-09-26T11:26:04+00:00"}
[2026-09-26 06:28:05] TX Replay de CSV historico (PDU fila C) -> {"tsFuente": "2026-09-20T11:13:00-05:00 (historico PDU, vuelta 1)", "potenciaKw": 6.32, "corrienteA": 28.26, "factorPotencia": 0.973, "tsDispositivo": "2026-09-26T11:28:04+00:00"}
[2026-09-26 06:30:05] TX Replay de CSV historico (PDU fila C) -> {"tsFuente": "2026-09-20T11:16:00-05:00 (historico PDU, vuelta 1)", "potenciaKw": 6.53, "corrienteA": 29.56, "factorPotencia": 0.961, "tsDispositivo": "2026-09-26T11:30:05+00:00"}
[2026-09-26 06:32:05] TX Replay de CSV historico (PDU fila C) -> {"tsFuente": "2026-09-20T11:18:00-05:00 (historico PDU, vuelta 1)", "potenciaKw": 6.38, "corrienteA": 28.79, "factorPotencia": 0.964, "tsDispositivo": "2026-09-26T11:32:05+00:00"}
[2026-09-26 06:34:05] TX Replay de CSV historico (PDU fila C) -> {"tsFuente": "2026-09-20T11:20:00-05:00 (historico PDU, vuelta 1)", "potenciaKw": 6.27, "corrienteA": 28.42, "factorPotencia": 0.959, "tsDispositivo": "2026-09-26T11:34:05+00:00"}
[2026-09-26 06:36:05] TX Replay de CSV historico (PDU fila C) -> {"tsFuente": "2026-09-20T11:22:00-05:00 (historico PDU, vuelta 1)", "potenciaKw": 6.56, "corrienteA": 29.72, "factorPotencia": 0.96, "tsDispositivo": "2026-09-26T11:36:05+00:00"}
[2026-09-26 06:38:06] TX Replay de CSV historico (PDU fila C) -> {"tsFuente": "2026-09-20T11:24:00-05:00 (historico PDU, vuelta 1)", "potenciaKw": 6.58, "corrienteA": 29.74, "factorPotencia": 0.962, "tsDispositivo": "2026-09-26T11:38:05+00:00"}
[2026-09-26 06:40:06] TX Replay de CSV historico (PDU fila C) -> {"tsFuente": "2026-09-20T11:26:00-05:00 (historico PDU, vuelta 1)", "potenciaKw": 6.34, "corrienteA": 28.22, "factorPotencia": 0.976, "tsDispositivo": "2026-09-26T11:40:06+00:00"}
[2026-09-26 06:42:06] TX Replay de CSV historico (PDU fila C) -> {"tsFuente": "2026-09-20T11:28:00-05:00 (historico PDU, vuelta 1)", "potenciaKw": 6.47, "corrienteA": 29.22, "factorPotencia": 0.963, "tsDispositivo": "2026-09-26T11:42:06+00:00"}
[2026-09-26 06:44:06] TX Replay de CSV historico (PDU fila C) -> {"tsFuente": "2026-09-20T11:30:00-05:00 (historico PDU, vuelta 1)", "potenciaKw": 6.17, "corrienteA": 27.78, "factorPotencia": 0.966, "tsDispositivo": "2026-09-26T11:44:06+00:00"}
[2026-09-26 06:46:07] TX Replay de CSV historico (PDU fila C) -> {"tsFuente": "2026-09-20T11:31:00-05:00 (historico PDU, vuelta 1)", "potenciaKw": 6.52, "corrienteA": 29.28, "factorPotencia": 0.969, "tsDispositivo": "2026-09-26T11:46:06+00:00"}
[2026-09-26 06:48:08] TX Replay de CSV historico (PDU fila C) -> {"tsFuente": "2026-09-20T11:33:00-05:00 (historico PDU, vuelta 1)", "potenciaKw": 6.15, "corrienteA": 27.75, "factorPotencia": 0.963, "tsDispositivo": "2026-09-26T11:48:08+00:00"}
[2026-09-26 06:50:08] TX Replay de CSV historico (PDU fila C) -> {"tsFuente": "2026-09-20T11:35:00-05:00 (historico PDU, vuelta 1)", "potenciaKw": 6.26, "corrienteA": 27.91, "factorPotencia": 0.975, "tsDispositivo": "2026-09-26T11:50:08+00:00"}
[2026-09-26 06:52:08] TX Replay de CSV historico (PDU fila C) -> {"tsFuente": "2026-09-20T11:37:00-05:00 (historico PDU, vuelta 1)", "potenciaKw": 6.37, "corrienteA": 28.61, "factorPotencia": 0.967, "tsDispositivo": "2026-09-26T11:52:08+00:00"}
[2026-09-26 06:54:09] TX Replay de CSV historico (PDU fila C) -> {"tsFuente": "2026-09-20T11:39:00-05:00 (historico PDU, vuelta 1)", "potenciaKw": 6.48, "corrienteA": 28.86, "factorPotencia": 0.977, "tsDispositivo": "2026-09-26T11:54:08+00:00"}
[2026-09-26 06:56:09] TX Replay de CSV historico (PDU fila C) -> {"tsFuente": "2026-09-20T11:41:00-05:00 (historico PDU, vuelta 1)", "potenciaKw": 6.14, "corrienteA": 27.91, "factorPotencia": 0.956, "tsDispositivo": "2026-09-26T11:56:09+00:00"}
[2026-09-26 06:58:10] TX Replay de CSV historico (PDU fila C) -> {"tsFuente": "2026-09-20T11:43:00-05:00 (historico PDU, vuelta 1)", "potenciaKw": 6.56, "corrienteA": 29.44, "factorPotencia": 0.968, "tsDispositivo": "2026-09-26T11:58:09+00:00"}
[2026-09-26 07:00:11] TX Replay de CSV historico (PDU fila C) -> {"tsFuente": "2026-09-20T11:46:00-05:00 (historico PDU, vuelta 1)", "potenciaKw": 6.53, "corrienteA": 29.3, "factorPotencia": 0.97, "tsDispositivo": "2026-09-26T12:00:10+00:00"}
[2026-09-26 07:02:11] TX Replay de CSV historico (PDU fila C) -> {"tsFuente": "2026-09-20T11:48:00-05:00 (historico PDU, vuelta 1)", "potenciaKw": 6.35, "corrienteA": 28.74, "factorPotencia": 0.961, "tsDispositivo": "2026-09-26T12:02:11+00:00"}
[2026-09-26 07:04:15] TX Replay de CSV historico (PDU fila C) -> {"tsFuente": "2026-09-20T11:50:00-05:00 (historico PDU, vuelta 1)", "potenciaKw": 6.36, "corrienteA": 28.51, "factorPotencia": 0.97, "tsDispositivo": "2026-09-26T12:04:15+00:00"}
[2026-09-26 07:06:15] TX Replay de CSV historico (PDU fila C) -> {"tsFuente": "2026-09-20T11:52:00-05:00 (historico PDU, vuelta 1)", "potenciaKw": 6.5, "corrienteA": 29.03, "factorPotencia": 0.973, "tsDispositivo": "2026-09-26T12:06:15+00:00"}
[2026-09-26 07:08:16] TX Replay de CSV historico (PDU fila C) -> {"tsFuente": "2026-09-20T11:54:00-05:00 (historico PDU, vuelta 1)", "potenciaKw": 6.35, "corrienteA": 28.74, "factorPotencia": 0.961, "tsDispositivo": "2026-09-26T12:08:15+00:00"}
[2026-09-26 07:10:16] TX Replay de CSV historico (PDU fila C) -> {"tsFuente": "2026-09-20T11:56:00-05:00 (historico PDU, vuelta 1)", "potenciaKw": 6.32, "corrienteA": 28.63, "factorPotencia": 0.96, "tsDispositivo": "2026-09-26T12:10:16+00:00"}
[2026-09-26 07:12:18] TX Replay de CSV historico (PDU fila C) -> {"tsFuente": "2026-09-20T11:58:00-05:00 (historico PDU, vuelta 1)", "potenciaKw": 6.17, "corrienteA": 28.05, "factorPotencia": 0.956, "tsDispositivo": "2026-09-26T12:12:16+00:00"}
[2026-09-26 07:14:22] TX Replay de CSV historico (PDU fila C) -> {"tsFuente": "2026-09-20T12:00:00-05:00 (historico PDU, vuelta 1)", "potenciaKw": 6.27, "corrienteA": 28.09, "factorPotencia": 0.97, "tsDispositivo": "2026-09-26T12:14:21+00:00"}
[2026-09-26 07:16:24] TX Replay de CSV historico (PDU fila C) -> {"tsFuente": "2026-09-20T12:01:00-05:00 (historico PDU, vuelta 1)", "potenciaKw": 6.33, "corrienteA": 28.52, "factorPotencia": 0.966, "tsDispositivo": "2026-09-26T12:16:24+00:00"}
[2026-09-26 07:18:26] TX Replay de CSV historico (PDU fila C) -> {"tsFuente": "2026-09-20T12:03:00-05:00 (historico PDU, vuelta 1)", "potenciaKw": 6.62, "corrienteA": 29.8, "factorPotencia": 0.965, "tsDispositivo": "2026-09-26T12:18:26+00:00"}
[2026-09-26 07:20:28] TX Replay de CSV historico (PDU fila C) -> {"tsFuente": "2026-09-20T12:05:00-05:00 (historico PDU, vuelta 1)", "potenciaKw": 6.16, "corrienteA": 28.03, "factorPotencia": 0.955, "tsDispositivo": "2026-09-26T12:20:27+00:00"}
[2026-09-26 07:22:29] TX Replay de CSV historico (PDU fila C) -> {"tsFuente": "2026-09-20T12:07:00-05:00 (historico PDU, vuelta 1)", "potenciaKw": 6.56, "corrienteA": 29.35, "factorPotencia": 0.972, "tsDispositivo": "2026-09-26T12:22:28+00:00"}
[2026-09-26 07:24:29] TX Replay de CSV historico (PDU fila C) -> {"tsFuente": "2026-09-20T12:09:00-05:00 (historico PDU, vuelta 1)", "potenciaKw": 6.4, "corrienteA": 29.02, "factorPotencia": 0.959, "tsDispositivo": "2026-09-26T12:24:29+00:00"}
[2026-09-26 07:26:29] TX Replay de CSV historico (PDU fila C) -> {"tsFuente": "2026-09-20T12:11:00-05:00 (historico PDU, vuelta 1)", "potenciaKw": 6.22, "corrienteA": 28.26, "factorPotencia": 0.957, "tsDispositivo": "2026-09-26T12:26:29+00:00"}
[2026-09-26 07:28:29] TX Replay de CSV historico (PDU fila C) -> {"tsFuente": "2026-09-20T12:13:00-05:00 (historico PDU, vuelta 1)", "potenciaKw": 6.25, "corrienteA": 28.28, "factorPotencia": 0.961, "tsDispositivo": "2026-09-26T12:28:29+00:00"}
[2026-09-26 07:30:29] TX Replay de CSV historico (PDU fila C) -> {"tsFuente": "2026-09-20T12:16:00-05:00 (historico PDU, vuelta 1)", "potenciaKw": 6.42, "corrienteA": 28.62, "factorPotencia": 0.975, "tsDispositivo": "2026-09-26T12:30:29+00:00"}
[2026-09-26 07:32:30] TX Replay de CSV historico (PDU fila C) -> {"tsFuente": "2026-09-20T12:18:00-05:00 (historico PDU, vuelta 1)", "potenciaKw": 6.42, "corrienteA": 29.11, "factorPotencia": 0.959, "tsDispositivo": "2026-09-26T12:32:29+00:00"}
[2026-09-26 07:34:30] TX Replay de CSV historico (PDU fila C) -> {"tsFuente": "2026-09-20T12:20:00-05:00 (historico PDU, vuelta 1)", "potenciaKw": 6.4, "corrienteA": 29.08, "factorPotencia": 0.958, "tsDispositivo": "2026-09-26T12:34:30+00:00"}
[2026-09-26 07:36:30] TX Replay de CSV historico (PDU fila C) -> {"tsFuente": "2026-09-20T12:22:00-05:00 (historico PDU, vuelta 1)", "potenciaKw": 6.36, "corrienteA": 28.74, "factorPotencia": 0.963, "tsDispositivo": "2026-09-26T12:36:30+00:00"}
[2026-09-26 07:38:30] TX Replay de CSV historico (PDU fila C) -> {"tsFuente": "2026-09-20T12:24:00-05:00 (historico PDU, vuelta 1)", "potenciaKw": 6.32, "corrienteA": 28.46, "factorPotencia": 0.966, "tsDispositivo": "2026-09-26T12:38:30+00:00"}
[2026-09-26 07:40:30] TX Replay de CSV historico (PDU fila C) -> {"tsFuente": "2026-09-20T12:26:00-05:00 (historico PDU, vuelta 1)", "potenciaKw": 6.36, "corrienteA": 28.95, "factorPotencia": 0.955, "tsDispositivo": "2026-09-26T12:40:30+00:00"}
[2026-09-26 07:42:31] TX Replay de CSV historico (PDU fila C) -> {"tsFuente": "2026-09-20T12:28:00-05:00 (historico PDU, vuelta 1)", "potenciaKw": 6.25, "corrienteA": 28.11, "factorPotencia": 0.966, "tsDispositivo": "2026-09-26T12:42:30+00:00"}
[2026-09-26 07:44:31] TX Replay de CSV historico (PDU fila C) -> {"tsFuente": "2026-09-20T12:30:00-05:00 (historico PDU, vuelta 1)", "potenciaKw": 6.42, "corrienteA": 29.11, "factorPotencia": 0.959, "tsDispositivo": "2026-09-26T12:44:31+00:00"}
[2026-09-26 07:46:31] TX Replay de CSV historico (PDU fila C) -> {"tsFuente": "2026-09-20T12:31:00-05:00 (historico PDU, vuelta 1)", "potenciaKw": 6.4, "corrienteA": 28.58, "factorPotencia": 0.973, "tsDispositivo": "2026-09-26T12:46:31+00:00"}
[2026-09-26 07:48:31] TX Replay de CSV historico (PDU fila C) -> {"tsFuente": "2026-09-20T12:33:00-05:00 (historico PDU, vuelta 1)", "potenciaKw": 6.64, "corrienteA": 29.8, "factorPotencia": 0.969, "tsDispositivo": "2026-09-26T12:48:31+00:00"}
[2026-09-26 07:50:31] TX Replay de CSV historico (PDU fila C) -> {"tsFuente": "2026-09-20T12:35:00-05:00 (historico PDU, vuelta 1)", "potenciaKw": 6.26, "corrienteA": 28.51, "factorPotencia": 0.955, "tsDispositivo": "2026-09-26T12:50:31+00:00"}
[2026-09-26 07:52:32] TX Replay de CSV historico (PDU fila C) -> {"tsFuente": "2026-09-20T12:37:00-05:00 (historico PDU, vuelta 1)", "potenciaKw": 6.68, "corrienteA": 30.11, "factorPotencia": 0.965, "tsDispositivo": "2026-09-26T12:52:31+00:00"}
[2026-09-26 07:54:32] TX Replay de CSV historico (PDU fila C) -> {"tsFuente": "2026-09-20T12:39:00-05:00 (historico PDU, vuelta 1)", "potenciaKw": 6.45, "corrienteA": 29.12, "factorPotencia": 0.963, "tsDispositivo": "2026-09-26T12:54:32+00:00"}
[2026-09-26 07:56:32] TX Replay de CSV historico (PDU fila C) -> {"tsFuente": "2026-09-20T12:41:00-05:00 (historico PDU, vuelta 1)", "potenciaKw": 6.35, "corrienteA": 28.55, "factorPotencia": 0.968, "tsDispositivo": "2026-09-26T12:56:32+00:00"}
[2026-09-26 07:58:32] TX Replay de CSV historico (PDU fila C) -> {"tsFuente": "2026-09-20T12:43:00-05:00 (historico PDU, vuelta 1)", "potenciaKw": 6.53, "corrienteA": 29.07, "factorPotencia": 0.976, "tsDispositivo": "2026-09-26T12:58:32+00:00"}
[2026-09-26 08:00:32] TX Replay de CSV historico (PDU fila C) -> {"tsFuente": "2026-09-20T12:46:00-05:00 (historico PDU, vuelta 1)", "potenciaKw": 6.45, "corrienteA": 28.89, "factorPotencia": 0.971, "tsDispositivo": "2026-09-26T13:00:32+00:00"}
[2026-09-26 08:02:33] TX Replay de CSV historico (PDU fila C) -> {"tsFuente": "2026-09-20T12:48:00-05:00 (historico PDU, vuelta 1)", "potenciaKw": 6.36, "corrienteA": 28.46, "factorPotencia": 0.971, "tsDispositivo": "2026-09-26T13:02:32+00:00"}
[2026-09-26 08:04:33] TX Replay de CSV historico (PDU fila C) -> {"tsFuente": "2026-09-20T12:50:00-05:00 (historico PDU, vuelta 1)", "potenciaKw": 6.38, "corrienteA": 28.58, "factorPotencia": 0.97, "tsDispositivo": "2026-09-26T13:04:33+00:00"}
[2026-09-26 08:06:33] TX Replay de CSV historico (PDU fila C) -> {"tsFuente": "2026-09-20T12:52:00-05:00 (historico PDU, vuelta 1)", "potenciaKw": 6.62, "corrienteA": 29.66, "factorPotencia": 0.971, "tsDispositivo": "2026-09-26T13:06:33+00:00"}
[2026-09-26 08:08:33] TX Replay de CSV historico (PDU fila C) -> {"tsFuente": "2026-09-20T12:54:00-05:00 (historico PDU, vuelta 1)", "potenciaKw": 6.6, "corrienteA": 29.89, "factorPotencia": 0.959, "tsDispositivo": "2026-09-26T13:08:33+00:00"}
[2026-09-26 08:10:34] TX Replay de CSV historico (PDU fila C) -> {"tsFuente": "2026-09-20T12:56:00-05:00 (historico PDU, vuelta 1)", "potenciaKw": 6.31, "corrienteA": 28.31, "factorPotencia": 0.97, "tsDispositivo": "2026-09-26T13:10:33+00:00"}
[2026-09-26 08:12:34] TX Replay de CSV historico (PDU fila C) -> {"tsFuente": "2026-09-20T12:58:00-05:00 (historico PDU, vuelta 1)", "potenciaKw": 6.38, "corrienteA": 28.91, "factorPotencia": 0.959, "tsDispositivo": "2026-09-26T13:12:34+00:00"}
[2026-09-26 08:14:34] TX Replay de CSV historico (PDU fila C) -> {"tsFuente": "2026-09-20T13:00:00-05:00 (historico PDU, vuelta 1)", "potenciaKw": 6.27, "corrienteA": 28.51, "factorPotencia": 0.956, "tsDispositivo": "2026-09-26T13:14:34+00:00"}
[2026-09-26 08:16:34] TX Replay de CSV historico (PDU fila C) -> {"tsFuente": "2026-09-20T13:01:00-05:00 (historico PDU, vuelta 1)", "potenciaKw": 6.5, "corrienteA": 29.61, "factorPotencia": 0.954, "tsDispositivo": "2026-09-26T13:16:34+00:00"}
[2026-09-26 08:18:34] TX Replay de CSV historico (PDU fila C) -> {"tsFuente": "2026-09-20T13:03:00-05:00 (historico PDU, vuelta 1)", "potenciaKw": 6.6, "corrienteA": 29.59, "factorPotencia": 0.97, "tsDispositivo": "2026-09-26T13:18:34+00:00"}
[2026-09-26 08:20:35] TX Replay de CSV historico (PDU fila C) -> {"tsFuente": "2026-09-20T13:05:00-05:00 (historico PDU, vuelta 1)", "potenciaKw": 6.6, "corrienteA": 29.52, "factorPotencia": 0.972, "tsDispositivo": "2026-09-26T13:20:34+00:00"}
[2026-09-26 08:22:35] TX Replay de CSV historico (PDU fila C) -> {"tsFuente": "2026-09-20T13:07:00-05:00 (historico PDU, vuelta 1)", "potenciaKw": 6.58, "corrienteA": 29.98, "factorPotencia": 0.954, "tsDispositivo": "2026-09-26T13:22:35+00:00"}
[2026-09-26 08:24:35] TX Replay de CSV historico (PDU fila C) -> {"tsFuente": "2026-09-20T13:09:00-05:00 (historico PDU, vuelta 1)", "potenciaKw": 6.62, "corrienteA": 30.08, "factorPotencia": 0.956, "tsDispositivo": "2026-09-26T13:24:35+00:00"}
[2026-09-26 08:26:35] TX Replay de CSV historico (PDU fila C) -> {"tsFuente": "2026-09-20T13:11:00-05:00 (historico PDU, vuelta 1)", "potenciaKw": 6.38, "corrienteA": 28.45, "factorPotencia": 0.975, "tsDispositivo": "2026-09-26T13:26:35+00:00"}
[2026-09-26 08:28:35] TX Replay de CSV historico (PDU fila C) -> {"tsFuente": "2026-09-20T13:13:00-05:00 (historico PDU, vuelta 1)", "potenciaKw": 6.38, "corrienteA": 28.95, "factorPotencia": 0.958, "tsDispositivo": "2026-09-26T13:28:35+00:00"}
[2026-09-26 08:30:36] TX Replay de CSV historico (PDU fila C) -> {"tsFuente": "2026-09-20T13:16:00-05:00 (historico PDU, vuelta 1)", "potenciaKw": 6.67, "corrienteA": 30.24, "factorPotencia": 0.959, "tsDispositivo": "2026-09-26T13:30:35+00:00"}
[2026-09-26 08:32:36] TX Replay de CSV historico (PDU fila C) -> {"tsFuente": "2026-09-20T13:18:00-05:00 (historico PDU, vuelta 1)", "potenciaKw": 6.5, "corrienteA": 29.48, "factorPotencia": 0.958, "tsDispositivo": "2026-09-26T13:32:36+00:00"}
[2026-09-26 08:34:36] TX Replay de CSV historico (PDU fila C) -> {"tsFuente": "2026-09-20T13:20:00-05:00 (historico PDU, vuelta 1)", "potenciaKw": 6.28, "corrienteA": 28.21, "factorPotencia": 0.968, "tsDispositivo": "2026-09-26T13:34:36+00:00"}
[2026-09-26 08:36:36] TX Replay de CSV historico (PDU fila C) -> {"tsFuente": "2026-09-20T13:22:00-05:00 (historico PDU, vuelta 1)", "potenciaKw": 6.44, "corrienteA": 29.14, "factorPotencia": 0.96, "tsDispositivo": "2026-09-26T13:36:36+00:00"}
[2026-09-26 08:38:36] TX Replay de CSV historico (PDU fila C) -> {"tsFuente": "2026-09-20T13:24:00-05:00 (historico PDU, vuelta 1)", "potenciaKw": 6.55, "corrienteA": 29.48, "factorPotencia": 0.966, "tsDispositivo": "2026-09-26T13:38:36+00:00"}
[2026-09-26 08:40:37] TX Replay de CSV historico (PDU fila C) -> {"tsFuente": "2026-09-20T13:26:00-05:00 (historico PDU, vuelta 1)", "potenciaKw": 6.51, "corrienteA": 29.27, "factorPotencia": 0.967, "tsDispositivo": "2026-09-26T13:40:36+00:00"}
[2026-09-26 08:42:37] TX Replay de CSV historico (PDU fila C) -> {"tsFuente": "2026-09-20T13:28:00-05:00 (historico PDU, vuelta 1)", "potenciaKw": 6.32, "corrienteA": 28.29, "factorPotencia": 0.972, "tsDispositivo": "2026-09-26T13:42:37+00:00"}
[2026-09-26 08:44:37] TX Replay de CSV historico (PDU fila C) -> {"tsFuente": "2026-09-20T13:30:00-05:00 (historico PDU, vuelta 1)", "potenciaKw": 6.34, "corrienteA": 28.5, "factorPotencia": 0.967, "tsDispositivo": "2026-09-26T13:44:37+00:00"}
[2026-09-26 08:46:37] TX Replay de CSV historico (PDU fila C) -> {"tsFuente": "2026-09-20T13:31:00-05:00 (historico PDU, vuelta 1)", "potenciaKw": 6.53, "corrienteA": 29.52, "factorPotencia": 0.961, "tsDispositivo": "2026-09-26T13:46:37+00:00"}
[2026-09-26 08:48:38] TX Replay de CSV historico (PDU fila C) -> {"tsFuente": "2026-09-20T13:33:00-05:00 (historico PDU, vuelta 1)", "potenciaKw": 6.66, "corrienteA": 30.34, "factorPotencia": 0.955, "tsDispositivo": "2026-09-26T13:48:37+00:00"}
[2026-09-26 08:50:38] TX Replay de CSV historico (PDU fila C) -> {"tsFuente": "2026-09-20T13:35:00-05:00 (historico PDU, vuelta 1)", "potenciaKw": 6.52, "corrienteA": 29.61, "factorPotencia": 0.957, "tsDispositivo": "2026-09-26T13:50:38+00:00"}
[2026-09-26 08:52:39] TX Replay de CSV historico (PDU fila C) -> {"tsFuente": "2026-09-20T13:37:00-05:00 (historico PDU, vuelta 1)", "potenciaKw": 6.54, "corrienteA": 29.78, "factorPotencia": 0.955, "tsDispositivo": "2026-09-26T13:52:38+00:00"}
[2026-09-26 08:54:39] TX Replay de CSV historico (PDU fila C) -> {"tsFuente": "2026-09-20T13:39:00-05:00 (historico PDU, vuelta 1)", "potenciaKw": 6.46, "corrienteA": 29.39, "factorPotencia": 0.955, "tsDispositivo": "2026-09-26T13:54:39+00:00"}
[2026-09-26 08:56:41] TX Replay de CSV historico (PDU fila C) -> {"tsFuente": "2026-09-20T13:41:00-05:00 (historico PDU, vuelta 1)", "potenciaKw": 6.33, "corrienteA": 28.3, "factorPotencia": 0.973, "tsDispositivo": "2026-09-26T13:56:39+00:00"}
[2026-09-26 08:58:42] TX Replay de CSV historico (PDU fila C) -> {"tsFuente": "2026-09-20T13:43:00-05:00 (historico PDU, vuelta 1)", "potenciaKw": 6.72, "corrienteA": 30.44, "factorPotencia": 0.96, "tsDispositivo": "2026-09-26T13:58:42+00:00"}
[2026-09-26 09:00:42] TX Replay de CSV historico (PDU fila C) -> {"tsFuente": "2026-09-20T13:46:00-05:00 (historico PDU, vuelta 1)", "potenciaKw": 6.53, "corrienteA": 29.2, "factorPotencia": 0.973, "tsDispositivo": "2026-09-26T14:00:42+00:00"}
[2026-09-26 09:02:42] TX Replay de CSV historico (PDU fila C) -> {"tsFuente": "2026-09-20T13:48:00-05:00 (historico PDU, vuelta 1)", "potenciaKw": 6.69, "corrienteA": 29.91, "factorPotencia": 0.973, "tsDispositivo": "2026-09-26T14:02:42+00:00"}
[2026-09-26 09:04:43] TX Replay de CSV historico (PDU fila C) -> {"tsFuente": "2026-09-20T13:50:00-05:00 (historico PDU, vuelta 1)", "potenciaKw": 6.56, "corrienteA": 29.39, "factorPotencia": 0.971, "tsDispositivo": "2026-09-26T14:04:42+00:00"}
[2026-09-26 09:06:43] TX Replay de CSV historico (PDU fila C) -> {"tsFuente": "2026-09-20T13:52:00-05:00 (historico PDU, vuelta 1)", "potenciaKw": 6.36, "corrienteA": 28.36, "factorPotencia": 0.975, "tsDispositivo": "2026-09-26T14:06:43+00:00"}
[2026-09-26 09:08:43] TX Replay de CSV historico (PDU fila C) -> {"tsFuente": "2026-09-20T13:54:00-05:00 (historico PDU, vuelta 1)", "potenciaKw": 6.34, "corrienteA": 28.72, "factorPotencia": 0.96, "tsDispositivo": "2026-09-26T14:08:43+00:00"}
[2026-09-26 09:10:43] TX Replay de CSV historico (PDU fila C) -> {"tsFuente": "2026-09-20T13:56:00-05:00 (historico PDU, vuelta 1)", "potenciaKw": 6.38, "corrienteA": 28.64, "factorPotencia": 0.968, "tsDispositivo": "2026-09-26T14:10:43+00:00"}
[2026-09-26 09:12:43] TX Replay de CSV historico (PDU fila C) -> {"tsFuente": "2026-09-20T13:58:00-05:00 (historico PDU, vuelta 1)", "potenciaKw": 6.41, "corrienteA": 29.19, "factorPotencia": 0.954, "tsDispositivo": "2026-09-26T14:12:43+00:00"}
[2026-09-26 09:14:44] TX Replay de CSV historico (PDU fila C) -> {"tsFuente": "2026-09-20T14:00:00-05:00 (historico PDU, vuelta 1)", "potenciaKw": 6.45, "corrienteA": 29.27, "factorPotencia": 0.958, "tsDispositivo": "2026-09-26T14:14:43+00:00"}
[2026-09-26 09:16:44] TX Replay de CSV historico (PDU fila C) -> {"tsFuente": "2026-09-20T14:01:00-05:00 (historico PDU, vuelta 1)", "potenciaKw": 6.54, "corrienteA": 29.74, "factorPotencia": 0.957, "tsDispositivo": "2026-09-26T14:16:44+00:00"}
[2026-09-26 09:18:44] TX Replay de CSV historico (PDU fila C) -> {"tsFuente": "2026-09-20T14:03:00-05:00 (historico PDU, vuelta 1)", "potenciaKw": 6.76, "corrienteA": 30.74, "factorPotencia": 0.957, "tsDispositivo": "2026-09-26T14:18:44+00:00"}
[2026-09-26 09:20:44] TX Replay de CSV historico (PDU fila C) -> {"tsFuente": "2026-09-20T14:05:00-05:00 (historico PDU, vuelta 1)", "potenciaKw": 6.55, "corrienteA": 29.14, "factorPotencia": 0.977, "tsDispositivo": "2026-09-26T14:20:44+00:00"}
[2026-09-26 09:22:44] TX Replay de CSV historico (PDU fila C) -> {"tsFuente": "2026-09-20T14:07:00-05:00 (historico PDU, vuelta 1)", "potenciaKw": 6.77, "corrienteA": 30.16, "factorPotencia": 0.975, "tsDispositivo": "2026-09-26T14:22:44+00:00"}
[2026-09-26 09:24:45] TX Replay de CSV historico (PDU fila C) -> {"tsFuente": "2026-09-20T14:09:00-05:00 (historico PDU, vuelta 1)", "potenciaKw": 6.69, "corrienteA": 30.22, "factorPotencia": 0.963, "tsDispositivo": "2026-09-26T14:24:44+00:00"}
[2026-09-26 09:26:45] TX Replay de CSV historico (PDU fila C) -> {"tsFuente": "2026-09-20T14:11:00-05:00 (historico PDU, vuelta 1)", "potenciaKw": 6.64, "corrienteA": 29.98, "factorPotencia": 0.964, "tsDispositivo": "2026-09-26T14:26:45+00:00"}
[2026-09-26 09:28:47] TX Replay de CSV historico (PDU fila C) -> {"tsFuente": "2026-09-20T14:13:00-05:00 (historico PDU, vuelta 1)", "potenciaKw": 6.46, "corrienteA": 29.49, "factorPotencia": 0.953, "tsDispositivo": "2026-09-26T14:28:46+00:00"}
[2026-09-26 09:30:47] TX Replay de CSV historico (PDU fila C) -> {"tsFuente": "2026-09-20T14:16:00-05:00 (historico PDU, vuelta 1)", "potenciaKw": 6.48, "corrienteA": 28.95, "factorPotencia": 0.973, "tsDispositivo": "2026-09-26T14:30:47+00:00"}
[2026-09-26 09:32:47] TX Replay de CSV historico (PDU fila C) -> {"tsFuente": "2026-09-20T14:18:00-05:00 (historico PDU, vuelta 1)", "potenciaKw": 6.59, "corrienteA": 30.03, "factorPotencia": 0.955, "tsDispositivo": "2026-09-26T14:32:47+00:00"}
[2026-09-26 09:34:47] TX Replay de CSV historico (PDU fila C) -> {"tsFuente": "2026-09-20T14:20:00-05:00 (historico PDU, vuelta 1)", "potenciaKw": 6.49, "corrienteA": 29.01, "factorPotencia": 0.973, "tsDispositivo": "2026-09-26T14:34:47+00:00"}
[2026-09-26 09:36:48] TX Replay de CSV historico (PDU fila C) -> {"tsFuente": "2026-09-20T14:22:00-05:00 (historico PDU, vuelta 1)", "potenciaKw": 6.49, "corrienteA": 29.55, "factorPotencia": 0.955, "tsDispositivo": "2026-09-26T14:36:48+00:00"}
[2026-09-26 09:38:48] TX Replay de CSV historico (PDU fila C) -> {"tsFuente": "2026-09-20T14:24:00-05:00 (historico PDU, vuelta 1)", "potenciaKw": 6.57, "corrienteA": 29.31, "factorPotencia": 0.974, "tsDispositivo": "2026-09-26T14:38:48+00:00"}
[2026-09-26 09:40:48] TX Replay de CSV historico (PDU fila C) -> {"tsFuente": "2026-09-20T14:26:00-05:00 (historico PDU, vuelta 1)", "potenciaKw": 6.57, "corrienteA": 29.48, "factorPotencia": 0.969, "tsDispositivo": "2026-09-26T14:40:48+00:00"}
[2026-09-26 09:42:49] TX Replay de CSV historico (PDU fila C) -> {"tsFuente": "2026-09-20T14:28:00-05:00 (historico PDU, vuelta 1)", "potenciaKw": 6.79, "corrienteA": 30.64, "factorPotencia": 0.964, "tsDispositivo": "2026-09-26T14:42:48+00:00"}
[2026-09-26 09:44:49] TX Replay de CSV historico (PDU fila C) -> {"tsFuente": "2026-09-20T14:30:00-05:00 (historico PDU, vuelta 1)", "potenciaKw": 6.55, "corrienteA": 29.45, "factorPotencia": 0.967, "tsDispositivo": "2026-09-26T14:44:49+00:00"}
[2026-09-26 09:46:49] TX Replay de CSV historico (PDU fila C) -> {"tsFuente": "2026-09-20T14:31:00-05:00 (historico PDU, vuelta 1)", "potenciaKw": 6.4, "corrienteA": 28.64, "factorPotencia": 0.972, "tsDispositivo": "2026-09-26T14:46:49+00:00"}
[2026-09-26 09:48:49] TX Replay de CSV historico (PDU fila C) -> {"tsFuente": "2026-09-20T14:33:00-05:00 (historico PDU, vuelta 1)", "potenciaKw": 6.39, "corrienteA": 28.54, "factorPotencia": 0.973, "tsDispositivo": "2026-09-26T14:48:49+00:00"}
[2026-09-26 09:50:49] TX Replay de CSV historico (PDU fila C) -> {"tsFuente": "2026-09-20T14:35:00-05:00 (historico PDU, vuelta 1)", "potenciaKw": 6.48, "corrienteA": 29.31, "factorPotencia": 0.961, "tsDispositivo": "2026-09-26T14:50:49+00:00"}
[2026-09-26 09:52:50] TX Replay de CSV historico (PDU fila C) -> {"tsFuente": "2026-09-20T14:37:00-05:00 (historico PDU, vuelta 1)", "potenciaKw": 6.5, "corrienteA": 29.65, "factorPotencia": 0.954, "tsDispositivo": "2026-09-26T14:52:49+00:00"}
[2026-09-26 09:54:50] TX Replay de CSV historico (PDU fila C) -> {"tsFuente": "2026-09-20T14:39:00-05:00 (historico PDU, vuelta 1)", "potenciaKw": 6.37, "corrienteA": 28.88, "factorPotencia": 0.959, "tsDispositivo": "2026-09-26T14:54:50+00:00"}
[2026-09-26 09:56:50] TX Replay de CSV historico (PDU fila C) -> {"tsFuente": "2026-09-20T14:41:00-05:00 (historico PDU, vuelta 1)", "potenciaKw": 6.4, "corrienteA": 28.48, "factorPotencia": 0.977, "tsDispositivo": "2026-09-26T14:56:50+00:00"}
[2026-09-26 09:58:50] TX Replay de CSV historico (PDU fila C) -> {"tsFuente": "2026-09-20T14:43:00-05:00 (historico PDU, vuelta 1)", "potenciaKw": 6.44, "corrienteA": 29.04, "factorPotencia": 0.964, "tsDispositivo": "2026-09-26T14:58:50+00:00"}
[2026-09-26 10:00:51] TX Replay de CSV historico (PDU fila C) -> {"tsFuente": "2026-09-20T14:46:00-05:00 (historico PDU, vuelta 1)", "potenciaKw": 6.35, "corrienteA": 28.53, "factorPotencia": 0.968, "tsDispositivo": "2026-09-26T15:00:50+00:00"}
[2026-09-26 10:02:51] TX Replay de CSV historico (PDU fila C) -> {"tsFuente": "2026-09-20T14:48:00-05:00 (historico PDU, vuelta 1)", "potenciaKw": 6.77, "corrienteA": 30.79, "factorPotencia": 0.956, "tsDispositivo": "2026-09-26T15:02:51+00:00"}
[2026-09-26 10:04:51] TX Replay de CSV historico (PDU fila C) -> {"tsFuente": "2026-09-20T14:50:00-05:00 (historico PDU, vuelta 1)", "potenciaKw": 6.5, "corrienteA": 29.04, "factorPotencia": 0.973, "tsDispositivo": "2026-09-26T15:04:51+00:00"}
[2026-09-26 10:06:51] TX Replay de CSV historico (PDU fila C) -> {"tsFuente": "2026-09-20T14:52:00-05:00 (historico PDU, vuelta 1)", "potenciaKw": 6.64, "corrienteA": 30.03, "factorPotencia": 0.961, "tsDispositivo": "2026-09-26T15:06:51+00:00"}
[2026-09-26 10:08:51] TX Replay de CSV historico (PDU fila C) -> {"tsFuente": "2026-09-20T14:54:00-05:00 (historico PDU, vuelta 1)", "potenciaKw": 6.51, "corrienteA": 29.13, "factorPotencia": 0.972, "tsDispositivo": "2026-09-26T15:08:51+00:00"}
[2026-09-26 10:10:52] TX Replay de CSV historico (PDU fila C) -> {"tsFuente": "2026-09-20T14:56:00-05:00 (historico PDU, vuelta 1)", "potenciaKw": 6.32, "corrienteA": 28.67, "factorPotencia": 0.958, "tsDispositivo": "2026-09-26T15:10:51+00:00"}
[2026-09-26 10:12:52] TX Replay de CSV historico (PDU fila C) -> {"tsFuente": "2026-09-20T14:58:00-05:00 (historico PDU, vuelta 1)", "potenciaKw": 6.76, "corrienteA": 30.58, "factorPotencia": 0.962, "tsDispositivo": "2026-09-26T15:12:52+00:00"}
[2026-09-26 10:14:52] TX Replay de CSV historico (PDU fila C) -> {"tsFuente": "2026-09-20T15:00:00-05:00 (historico PDU, vuelta 1)", "potenciaKw": 6.72, "corrienteA": 30.11, "factorPotencia": 0.971, "tsDispositivo": "2026-09-26T15:14:52+00:00"}
[2026-09-26 10:16:52] TX Replay de CSV historico (PDU fila C) -> {"tsFuente": "2026-09-20T15:01:00-05:00 (historico PDU, vuelta 1)", "potenciaKw": 6.64, "corrienteA": 29.61, "factorPotencia": 0.975, "tsDispositivo": "2026-09-26T15:16:52+00:00"}
[2026-09-26 10:18:52] TX Replay de CSV historico (PDU fila C) -> {"tsFuente": "2026-09-20T15:03:00-05:00 (historico PDU, vuelta 1)", "potenciaKw": 6.63, "corrienteA": 29.98, "factorPotencia": 0.962, "tsDispositivo": "2026-09-26T15:18:52+00:00"}
[2026-09-26 10:20:53] TX Replay de CSV historico (PDU fila C) -> {"tsFuente": "2026-09-20T15:05:00-05:00 (historico PDU, vuelta 1)", "potenciaKw": 6.39, "corrienteA": 28.8, "factorPotencia": 0.965, "tsDispositivo": "2026-09-26T15:20:52+00:00"}
[2026-09-26 10:22:53] TX Replay de CSV historico (PDU fila C) -> {"tsFuente": "2026-09-20T15:07:00-05:00 (historico PDU, vuelta 1)", "potenciaKw": 6.69, "corrienteA": 30.24, "factorPotencia": 0.962, "tsDispositivo": "2026-09-26T15:22:53+00:00"}
[2026-09-26 10:24:53] TX Replay de CSV historico (PDU fila C) -> {"tsFuente": "2026-09-20T15:09:00-05:00 (historico PDU, vuelta 1)", "potenciaKw": 6.32, "corrienteA": 28.45, "factorPotencia": 0.965, "tsDispositivo": "2026-09-26T15:24:53+00:00"}
[2026-09-26 10:26:53] TX Replay de CSV historico (PDU fila C) -> {"tsFuente": "2026-09-20T15:11:00-05:00 (historico PDU, vuelta 1)", "potenciaKw": 6.41, "corrienteA": 28.52, "factorPotencia": 0.977, "tsDispositivo": "2026-09-26T15:26:53+00:00"}
[2026-09-26 10:28:54] TX Replay de CSV historico (PDU fila C) -> {"tsFuente": "2026-09-20T15:13:00-05:00 (historico PDU, vuelta 1)", "potenciaKw": 6.54, "corrienteA": 29.22, "factorPotencia": 0.973, "tsDispositivo": "2026-09-26T15:28:53+00:00"}
[2026-09-26 10:30:54] TX Replay de CSV historico (PDU fila C) -> {"tsFuente": "2026-09-20T15:16:00-05:00 (historico PDU, vuelta 1)", "potenciaKw": 6.7, "corrienteA": 30.05, "factorPotencia": 0.969, "tsDispositivo": "2026-09-26T15:30:54+00:00"}
[2026-09-26 10:32:54] TX Replay de CSV historico (PDU fila C) -> {"tsFuente": "2026-09-20T15:18:00-05:00 (historico PDU, vuelta 1)", "potenciaKw": 6.48, "corrienteA": 28.91, "factorPotencia": 0.975, "tsDispositivo": "2026-09-26T15:32:54+00:00"}
[2026-09-26 10:34:54] TX Replay de CSV historico (PDU fila C) -> {"tsFuente": "2026-09-20T15:20:00-05:00 (historico PDU, vuelta 1)", "potenciaKw": 6.62, "corrienteA": 29.55, "factorPotencia": 0.975, "tsDispositivo": "2026-09-26T15:34:54+00:00"}
[2026-09-26 10:36:54] TX Replay de CSV historico (PDU fila C) -> {"tsFuente": "2026-09-20T15:22:00-05:00 (historico PDU, vuelta 1)", "potenciaKw": 6.55, "corrienteA": 29.49, "factorPotencia": 0.966, "tsDispositivo": "2026-09-26T15:36:54+00:00"}
[2026-09-26 10:38:55] TX Replay de CSV historico (PDU fila C) -> {"tsFuente": "2026-09-20T15:24:00-05:00 (historico PDU, vuelta 1)", "potenciaKw": 6.42, "corrienteA": 29.3, "factorPotencia": 0.953, "tsDispositivo": "2026-09-26T15:38:54+00:00"}
[2026-09-26 10:40:55] TX Replay de CSV historico (PDU fila C) -> {"tsFuente": "2026-09-20T15:26:00-05:00 (historico PDU, vuelta 1)", "potenciaKw": 6.57, "corrienteA": 29.58, "factorPotencia": 0.966, "tsDispositivo": "2026-09-26T15:40:55+00:00"}
[2026-09-26 10:42:55] TX Replay de CSV historico (PDU fila C) -> {"tsFuente": "2026-09-20T15:28:00-05:00 (historico PDU, vuelta 1)", "potenciaKw": 6.32, "corrienteA": 28.38, "factorPotencia": 0.967, "tsDispositivo": "2026-09-26T15:42:55+00:00"}
[2026-09-26 10:44:55] TX Replay de CSV historico (PDU fila C) -> {"tsFuente": "2026-09-20T15:30:00-05:00 (historico PDU, vuelta 1)", "potenciaKw": 6.35, "corrienteA": 28.74, "factorPotencia": 0.961, "tsDispositivo": "2026-09-26T15:44:55+00:00"}
[2026-09-26 10:46:55] TX Replay de CSV historico (PDU fila C) -> {"tsFuente": "2026-09-20T15:31:00-05:00 (historico PDU, vuelta 1)", "potenciaKw": 6.75, "corrienteA": 30.1, "factorPotencia": 0.974, "tsDispositivo": "2026-09-26T15:46:55+00:00"}
[2026-09-26 10:48:56] TX Replay de CSV historico (PDU fila C) -> {"tsFuente": "2026-09-20T15:33:00-05:00 (historico PDU, vuelta 1)", "potenciaKw": 6.46, "corrienteA": 28.87, "factorPotencia": 0.973, "tsDispositivo": "2026-09-26T15:48:55+00:00"}
[2026-09-26 10:50:56] TX Replay de CSV historico (PDU fila C) -> {"tsFuente": "2026-09-20T15:35:00-05:00 (historico PDU, vuelta 1)", "potenciaKw": 6.52, "corrienteA": 29.17, "factorPotencia": 0.972, "tsDispositivo": "2026-09-26T15:50:56+00:00"}
[2026-09-26 10:52:57] TX Replay de CSV historico (PDU fila C) -> {"tsFuente": "2026-09-20T15:37:00-05:00 (historico PDU, vuelta 1)", "potenciaKw": 6.48, "corrienteA": 29.2, "factorPotencia": 0.965, "tsDispositivo": "2026-09-26T15:52:57+00:00"}
[2026-09-26 10:54:58] TX Replay de CSV historico (PDU fila C) -> {"tsFuente": "2026-09-20T15:39:00-05:00 (historico PDU, vuelta 1)", "potenciaKw": 6.59, "corrienteA": 29.38, "factorPotencia": 0.976, "tsDispositivo": "2026-09-26T15:54:57+00:00"}
[2026-09-26 10:57:00] TX Replay de CSV historico (PDU fila C) -> {"tsFuente": "2026-09-20T15:41:00-05:00 (historico PDU, vuelta 1)", "potenciaKw": 6.31, "corrienteA": 28.62, "factorPotencia": 0.959, "tsDispositivo": "2026-09-26T15:56:59+00:00"}
[2026-09-26 10:59:02] TX Replay de CSV historico (PDU fila C) -> {"tsFuente": "2026-09-20T15:43:00-05:00 (historico PDU, vuelta 1)", "potenciaKw": 6.54, "corrienteA": 29.75, "factorPotencia": 0.956, "tsDispositivo": "2026-09-26T15:59:02+00:00"}
[2026-09-26 11:01:03] TX Replay de CSV historico (PDU fila C) -> {"tsFuente": "2026-09-20T15:46:00-05:00 (historico PDU, vuelta 1)", "potenciaKw": 6.41, "corrienteA": 28.61, "factorPotencia": 0.974, "tsDispositivo": "2026-09-26T16:01:02+00:00"}
[2026-09-26 11:03:03] TX Replay de CSV historico (PDU fila C) -> {"tsFuente": "2026-09-20T15:48:00-05:00 (historico PDU, vuelta 1)", "potenciaKw": 6.5, "corrienteA": 29.56, "factorPotencia": 0.956, "tsDispositivo": "2026-09-26T16:03:03+00:00"}
[2026-09-26 11:05:03] TX Replay de CSV historico (PDU fila C) -> {"tsFuente": "2026-09-20T15:50:00-05:00 (historico PDU, vuelta 1)", "potenciaKw": 6.78, "corrienteA": 30.82, "factorPotencia": 0.956, "tsDispositivo": "2026-09-26T16:05:03+00:00"}
[2026-09-26 11:07:03] TX Replay de CSV historico (PDU fila C) -> {"tsFuente": "2026-09-20T15:52:00-05:00 (historico PDU, vuelta 1)", "potenciaKw": 6.41, "corrienteA": 28.75, "factorPotencia": 0.97, "tsDispositivo": "2026-09-26T16:07:03+00:00"}
[2026-09-26 11:09:08] TX Replay de CSV historico (PDU fila C) -> {"tsFuente": "2026-09-20T15:54:00-05:00 (historico PDU, vuelta 1)", "potenciaKw": 6.35, "corrienteA": 28.55, "factorPotencia": 0.967, "tsDispositivo": "2026-09-26T16:09:06+00:00"}
[2026-09-26 11:11:10] TX Replay de CSV historico (PDU fila C) -> {"tsFuente": "2026-09-20T15:56:00-05:00 (historico PDU, vuelta 1)", "potenciaKw": 6.62, "corrienteA": 30.19, "factorPotencia": 0.954, "tsDispositivo": "2026-09-26T16:11:10+00:00"}
[2026-09-26 11:13:10] TX Replay de CSV historico (PDU fila C) -> {"tsFuente": "2026-09-20T15:58:00-05:00 (historico PDU, vuelta 1)", "potenciaKw": 6.3, "corrienteA": 28.37, "factorPotencia": 0.966, "tsDispositivo": "2026-09-26T16:13:10+00:00"}
[2026-09-26 11:15:10] TX Replay de CSV historico (PDU fila C) -> {"tsFuente": "2026-09-20T16:00:00-05:00 (historico PDU, vuelta 1)", "potenciaKw": 6.31, "corrienteA": 28.61, "factorPotencia": 0.959, "tsDispositivo": "2026-09-26T16:15:10+00:00"}
[2026-09-26 11:17:11] TX Replay de CSV historico (PDU fila C) -> {"tsFuente": "2026-09-20T16:02:00-05:00 (historico PDU, vuelta 1)", "potenciaKw": 6.35, "corrienteA": 28.29, "factorPotencia": 0.976, "tsDispositivo": "2026-09-26T16:17:10+00:00"}
[2026-09-26 11:19:11] TX Replay de CSV historico (PDU fila C) -> {"tsFuente": "2026-09-20T16:03:00-05:00 (historico PDU, vuelta 1)", "potenciaKw": 6.45, "corrienteA": 29.38, "factorPotencia": 0.954, "tsDispositivo": "2026-09-26T16:19:11+00:00"}
[2026-09-26 11:21:11] TX Replay de CSV historico (PDU fila C) -> {"tsFuente": "2026-09-20T16:06:00-05:00 (historico PDU, vuelta 1)", "potenciaKw": 6.52, "corrienteA": 29.51, "factorPotencia": 0.961, "tsDispositivo": "2026-09-26T16:21:11+00:00"}
[2026-09-26 11:23:11] TX Replay de CSV historico (PDU fila C) -> {"tsFuente": "2026-09-20T16:07:00-05:00 (historico PDU, vuelta 1)", "potenciaKw": 6.33, "corrienteA": 28.29, "factorPotencia": 0.973, "tsDispositivo": "2026-09-26T16:23:11+00:00"}
[2026-09-26 11:25:12] TX Replay de CSV historico (PDU fila C) -> {"tsFuente": "2026-09-20T16:10:00-05:00 (historico PDU, vuelta 1)", "potenciaKw": 6.54, "corrienteA": 29.71, "factorPotencia": 0.957, "tsDispositivo": "2026-09-26T16:25:11+00:00"}
[2026-09-26 11:27:12] TX Replay de CSV historico (PDU fila C) -> {"tsFuente": "2026-09-20T16:11:00-05:00 (historico PDU, vuelta 1)", "potenciaKw": 6.66, "corrienteA": 29.95, "factorPotencia": 0.966, "tsDispositivo": "2026-09-26T16:27:12+00:00"}
[2026-09-26 11:29:12] TX Replay de CSV historico (PDU fila C) -> {"tsFuente": "2026-09-20T16:14:00-05:00 (historico PDU, vuelta 1)", "potenciaKw": 6.61, "corrienteA": 29.45, "factorPotencia": 0.976, "tsDispositivo": "2026-09-26T16:29:12+00:00"}
[2026-09-26 11:31:12] TX Replay de CSV historico (PDU fila C) -> {"tsFuente": "2026-09-20T16:15:00-05:00 (historico PDU, vuelta 1)", "potenciaKw": 6.55, "corrienteA": 29.66, "factorPotencia": 0.96, "tsDispositivo": "2026-09-26T16:31:12+00:00"}
[2026-09-26 11:33:12] TX Replay de CSV historico (PDU fila C) -> {"tsFuente": "2026-09-20T16:18:00-05:00 (historico PDU, vuelta 1)", "potenciaKw": 6.62, "corrienteA": 30.09, "factorPotencia": 0.957, "tsDispositivo": "2026-09-26T16:33:12+00:00"}
[2026-09-26 11:35:13] TX Replay de CSV historico (PDU fila C) -> {"tsFuente": "2026-09-20T16:19:00-05:00 (historico PDU, vuelta 1)", "potenciaKw": 6.46, "corrienteA": 29.09, "factorPotencia": 0.965, "tsDispositivo": "2026-09-26T16:35:12+00:00"}
[2026-09-26 11:37:13] TX Replay de CSV historico (PDU fila C) -> {"tsFuente": "2026-09-20T16:22:00-05:00 (historico PDU, vuelta 1)", "potenciaKw": 6.46, "corrienteA": 28.97, "factorPotencia": 0.97, "tsDispositivo": "2026-09-26T16:37:13+00:00"}
[2026-09-26 11:39:13] TX Replay de CSV historico (PDU fila C) -> {"tsFuente": "2026-09-20T16:23:00-05:00 (historico PDU, vuelta 1)", "potenciaKw": 6.49, "corrienteA": 29.42, "factorPotencia": 0.959, "tsDispositivo": "2026-09-26T16:39:13+00:00"}
[2026-09-26 11:41:13] TX Replay de CSV historico (PDU fila C) -> {"tsFuente": "2026-09-20T16:26:00-05:00 (historico PDU, vuelta 1)", "potenciaKw": 6.35, "corrienteA": 28.77, "factorPotencia": 0.959, "tsDispositivo": "2026-09-26T16:41:13+00:00"}
[2026-09-26 11:43:13] TX Replay de CSV historico (PDU fila C) -> {"tsFuente": "2026-09-20T16:27:00-05:00 (historico PDU, vuelta 1)", "potenciaKw": 6.53, "corrienteA": 29.48, "factorPotencia": 0.963, "tsDispositivo": "2026-09-26T16:43:13+00:00"}
[2026-09-26 11:45:14] TX Replay de CSV historico (PDU fila C) -> {"tsFuente": "2026-09-20T16:30:00-05:00 (historico PDU, vuelta 1)", "potenciaKw": 6.7, "corrienteA": 30.03, "factorPotencia": 0.97, "tsDispositivo": "2026-09-26T16:45:13+00:00"}
[2026-09-26 11:47:14] TX Replay de CSV historico (PDU fila C) -> {"tsFuente": "2026-09-20T16:32:00-05:00 (historico PDU, vuelta 1)", "potenciaKw": 6.61, "corrienteA": 29.44, "factorPotencia": 0.977, "tsDispositivo": "2026-09-26T16:47:14+00:00"}
[2026-09-26 11:49:14] TX Replay de CSV historico (PDU fila C) -> {"tsFuente": "2026-09-20T16:33:00-05:00 (historico PDU, vuelta 1)", "potenciaKw": 6.54, "corrienteA": 29.38, "factorPotencia": 0.968, "tsDispositivo": "2026-09-26T16:49:14+00:00"}
[2026-09-26 11:51:14] TX Replay de CSV historico (PDU fila C) -> {"tsFuente": "2026-09-20T16:36:00-05:00 (historico PDU, vuelta 1)", "potenciaKw": 6.49, "corrienteA": 29.27, "factorPotencia": 0.964, "tsDispositivo": "2026-09-26T16:51:14+00:00"}
[2026-09-26 11:53:14] TX Replay de CSV historico (PDU fila C) -> {"tsFuente": "2026-09-20T16:37:00-05:00 (historico PDU, vuelta 1)", "potenciaKw": 6.59, "corrienteA": 29.68, "factorPotencia": 0.966, "tsDispositivo": "2026-09-26T16:53:14+00:00"}
[2026-09-26 11:55:15] TX Replay de CSV historico (PDU fila C) -> {"tsFuente": "2026-09-20T16:40:00-05:00 (historico PDU, vuelta 1)", "potenciaKw": 6.49, "corrienteA": 29.41, "factorPotencia": 0.959, "tsDispositivo": "2026-09-26T16:55:14+00:00"}
[2026-09-26 11:57:15] TX Replay de CSV historico (PDU fila C) -> {"tsFuente": "2026-09-20T16:41:00-05:00 (historico PDU, vuelta 1)", "potenciaKw": 6.29, "corrienteA": 28.68, "factorPotencia": 0.953, "tsDispositivo": "2026-09-26T16:57:15+00:00"}
[2026-09-26 11:59:15] TX Replay de CSV historico (PDU fila C) -> {"tsFuente": "2026-09-20T16:44:00-05:00 (historico PDU, vuelta 1)", "potenciaKw": 6.43, "corrienteA": 28.98, "factorPotencia": 0.965, "tsDispositivo": "2026-09-26T16:59:15+00:00"}
[2026-09-26 12:01:15] TX Replay de CSV historico (PDU fila C) -> {"tsFuente": "2026-09-20T16:45:00-05:00 (historico PDU, vuelta 1)", "potenciaKw": 6.64, "corrienteA": 29.73, "factorPotencia": 0.971, "tsDispositivo": "2026-09-26T17:01:15+00:00"}
[2026-09-26 12:03:15] TX Replay de CSV historico (PDU fila C) -> {"tsFuente": "2026-09-20T16:48:00-05:00 (historico PDU, vuelta 1)", "potenciaKw": 6.27, "corrienteA": 28.4, "factorPotencia": 0.96, "tsDispositivo": "2026-09-26T17:03:15+00:00"}
[2026-09-26 12:05:16] TX Replay de CSV historico (PDU fila C) -> {"tsFuente": "2026-09-20T16:49:00-05:00 (historico PDU, vuelta 1)", "potenciaKw": 6.51, "corrienteA": 29.46, "factorPotencia": 0.961, "tsDispositivo": "2026-09-26T17:05:15+00:00"}
[2026-09-26 12:07:16] TX Replay de CSV historico (PDU fila C) -> {"tsFuente": "2026-09-20T16:52:00-05:00 (historico PDU, vuelta 1)", "potenciaKw": 6.4, "corrienteA": 28.67, "factorPotencia": 0.97, "tsDispositivo": "2026-09-26T17:07:16+00:00"}
[2026-09-26 12:09:16] TX Replay de CSV historico (PDU fila C) -> {"tsFuente": "2026-09-20T16:53:00-05:00 (historico PDU, vuelta 1)", "potenciaKw": 6.65, "corrienteA": 29.99, "factorPotencia": 0.963, "tsDispositivo": "2026-09-26T17:09:16+00:00"}
[2026-09-26 12:11:16] TX Replay de CSV historico (PDU fila C) -> {"tsFuente": "2026-09-20T16:56:00-05:00 (historico PDU, vuelta 1)", "potenciaKw": 6.58, "corrienteA": 29.89, "factorPotencia": 0.957, "tsDispositivo": "2026-09-26T17:11:16+00:00"}
[2026-09-26 12:13:16] TX Replay de CSV historico (PDU fila C) -> {"tsFuente": "2026-09-20T16:57:00-05:00 (historico PDU, vuelta 1)", "potenciaKw": 6.67, "corrienteA": 30.02, "factorPotencia": 0.966, "tsDispositivo": "2026-09-26T17:13:16+00:00"}
[2026-09-26 12:15:17] TX Replay de CSV historico (PDU fila C) -> {"tsFuente": "2026-09-20T17:00:00-05:00 (historico PDU, vuelta 1)", "potenciaKw": 6.73, "corrienteA": 30.69, "factorPotencia": 0.953, "tsDispositivo": "2026-09-26T17:15:16+00:00"}
[2026-09-26 12:17:17] TX Replay de CSV historico (PDU fila C) -> {"tsFuente": "2026-09-20T17:02:00-05:00 (historico PDU, vuelta 1)", "potenciaKw": 6.5, "corrienteA": 28.97, "factorPotencia": 0.976, "tsDispositivo": "2026-09-26T17:17:17+00:00"}
[2026-09-26 12:19:17] TX Replay de CSV historico (PDU fila C) -> {"tsFuente": "2026-09-20T17:03:00-05:00 (historico PDU, vuelta 1)", "potenciaKw": 6.67, "corrienteA": 30.32, "factorPotencia": 0.956, "tsDispositivo": "2026-09-26T17:19:17+00:00"}
[2026-09-26 12:21:17] TX Replay de CSV historico (PDU fila C) -> {"tsFuente": "2026-09-20T17:06:00-05:00 (historico PDU, vuelta 1)", "potenciaKw": 6.44, "corrienteA": 28.7, "factorPotencia": 0.976, "tsDispositivo": "2026-09-26T17:21:17+00:00"}
[2026-09-26 12:23:17] TX Replay de CSV historico (PDU fila C) -> {"tsFuente": "2026-09-20T17:07:00-05:00 (historico PDU, vuelta 1)", "potenciaKw": 6.3, "corrienteA": 28.66, "factorPotencia": 0.955, "tsDispositivo": "2026-09-26T17:23:17+00:00"}
[2026-09-26 12:25:18] TX Replay de CSV historico (PDU fila C) -> {"tsFuente": "2026-09-20T17:10:00-05:00 (historico PDU, vuelta 1)", "potenciaKw": 6.53, "corrienteA": 29.24, "factorPotencia": 0.971, "tsDispositivo": "2026-09-26T17:25:17+00:00"}
[2026-09-26 12:27:18] TX Replay de CSV historico (PDU fila C) -> {"tsFuente": "2026-09-20T17:11:00-05:00 (historico PDU, vuelta 1)", "potenciaKw": 6.29, "corrienteA": 28.15, "factorPotencia": 0.971, "tsDispositivo": "2026-09-26T17:27:18+00:00"}
[2026-09-26 12:29:18] TX Replay de CSV historico (PDU fila C) -> {"tsFuente": "2026-09-20T17:14:00-05:00 (historico PDU, vuelta 1)", "potenciaKw": 6.53, "corrienteA": 29.23, "factorPotencia": 0.972, "tsDispositivo": "2026-09-26T17:29:18+00:00"}
[2026-09-26 12:31:18] TX Replay de CSV historico (PDU fila C) -> {"tsFuente": "2026-09-20T17:15:00-05:00 (historico PDU, vuelta 1)", "potenciaKw": 6.57, "corrienteA": 29.62, "factorPotencia": 0.964, "tsDispositivo": "2026-09-26T17:31:18+00:00"}
[2026-09-26 12:33:18] TX Replay de CSV historico (PDU fila C) -> {"tsFuente": "2026-09-20T17:18:00-05:00 (historico PDU, vuelta 1)", "potenciaKw": 6.29, "corrienteA": 28.39, "factorPotencia": 0.963, "tsDispositivo": "2026-09-26T17:33:18+00:00"}
[2026-09-26 12:35:19] TX Replay de CSV historico (PDU fila C) -> {"tsFuente": "2026-09-20T17:19:00-05:00 (historico PDU, vuelta 1)", "potenciaKw": 6.24, "corrienteA": 28.04, "factorPotencia": 0.967, "tsDispositivo": "2026-09-26T17:35:18+00:00"}
[2026-09-26 12:37:19] TX Replay de CSV historico (PDU fila C) -> {"tsFuente": "2026-09-20T17:22:00-05:00 (historico PDU, vuelta 1)", "potenciaKw": 6.46, "corrienteA": 29.23, "factorPotencia": 0.961, "tsDispositivo": "2026-09-26T17:37:19+00:00"}
[2026-09-26 12:39:19] TX Replay de CSV historico (PDU fila C) -> {"tsFuente": "2026-09-20T17:23:00-05:00 (historico PDU, vuelta 1)", "potenciaKw": 6.42, "corrienteA": 29.07, "factorPotencia": 0.96, "tsDispositivo": "2026-09-26T17:39:19+00:00"}
[2026-09-26 12:41:19] TX Replay de CSV historico (PDU fila C) -> {"tsFuente": "2026-09-20T17:26:00-05:00 (historico PDU, vuelta 1)", "potenciaKw": 6.26, "corrienteA": 28.45, "factorPotencia": 0.956, "tsDispositivo": "2026-09-26T17:41:19+00:00"}
[2026-09-26 12:43:20] TX Replay de CSV historico (PDU fila C) -> {"tsFuente": "2026-09-20T17:27:00-05:00 (historico PDU, vuelta 1)", "potenciaKw": 6.33, "corrienteA": 28.43, "factorPotencia": 0.968, "tsDispositivo": "2026-09-26T17:43:19+00:00"}
[2026-09-26 12:45:20] TX Replay de CSV historico (PDU fila C) -> {"tsFuente": "2026-09-20T17:30:00-05:00 (historico PDU, vuelta 1)", "potenciaKw": 6.54, "corrienteA": 29.32, "factorPotencia": 0.97, "tsDispositivo": "2026-09-26T17:45:20+00:00"}
[2026-09-26 12:47:20] TX Replay de CSV historico (PDU fila C) -> {"tsFuente": "2026-09-20T17:32:00-05:00 (historico PDU, vuelta 1)", "potenciaKw": 6.55, "corrienteA": 29.28, "factorPotencia": 0.973, "tsDispositivo": "2026-09-26T17:47:20+00:00"}
[2026-09-26 12:49:21] TX Replay de CSV historico (PDU fila C) -> {"tsFuente": "2026-09-20T17:33:00-05:00 (historico PDU, vuelta 1)", "potenciaKw": 6.32, "corrienteA": 28.19, "factorPotencia": 0.975, "tsDispositivo": "2026-09-26T17:49:20+00:00"}
[2026-09-26 12:51:21] TX Replay de CSV historico (PDU fila C) -> {"tsFuente": "2026-09-20T17:36:00-05:00 (historico PDU, vuelta 1)", "potenciaKw": 6.27, "corrienteA": 28.46, "factorPotencia": 0.958, "tsDispositivo": "2026-09-26T17:51:21+00:00"}
[2026-09-26 12:53:21] TX Replay de CSV historico (PDU fila C) -> {"tsFuente": "2026-09-20T17:37:00-05:00 (historico PDU, vuelta 1)", "potenciaKw": 6.55, "corrienteA": 29.87, "factorPotencia": 0.954, "tsDispositivo": "2026-09-26T17:53:21+00:00"}
[2026-09-26 12:55:21] TX Replay de CSV historico (PDU fila C) -> {"tsFuente": "2026-09-20T17:40:00-05:00 (historico PDU, vuelta 1)", "potenciaKw": 6.63, "corrienteA": 30.18, "factorPotencia": 0.955, "tsDispositivo": "2026-09-26T17:55:21+00:00"}
[2026-09-26 12:57:21] TX Replay de CSV historico (PDU fila C) -> {"tsFuente": "2026-09-20T17:41:00-05:00 (historico PDU, vuelta 1)", "potenciaKw": 6.32, "corrienteA": 28.48, "factorPotencia": 0.964, "tsDispositivo": "2026-09-26T17:57:21+00:00"}
[2026-09-26 12:59:22] TX Replay de CSV historico (PDU fila C) -> {"tsFuente": "2026-09-20T17:44:00-05:00 (historico PDU, vuelta 1)", "potenciaKw": 6.19, "corrienteA": 28.08, "factorPotencia": 0.959, "tsDispositivo": "2026-09-26T17:59:21+00:00"}
[2026-09-26 13:01:27] TX Replay de CSV historico (PDU fila C) -> {"tsFuente": "2026-09-20T17:45:00-05:00 (historico PDU, vuelta 1)", "potenciaKw": 6.29, "corrienteA": 28.4, "factorPotencia": 0.963, "tsDispositivo": "2026-09-26T18:01:27+00:00"}
[2026-09-26 13:03:27] TX Replay de CSV historico (PDU fila C) -> {"tsFuente": "2026-09-20T17:48:00-05:00 (historico PDU, vuelta 1)", "potenciaKw": 6.37, "corrienteA": 28.47, "factorPotencia": 0.973, "tsDispositivo": "2026-09-26T18:03:27+00:00"}
[2026-09-26 13:05:27] TX Replay de CSV historico (PDU fila C) -> {"tsFuente": "2026-09-20T17:49:00-05:00 (historico PDU, vuelta 1)", "potenciaKw": 6.53, "corrienteA": 29.18, "factorPotencia": 0.973, "tsDispositivo": "2026-09-26T18:05:27+00:00"}
[2026-09-26 13:07:28] TX Replay de CSV historico (PDU fila C) -> {"tsFuente": "2026-09-20T17:52:00-05:00 (historico PDU, vuelta 1)", "potenciaKw": 6.48, "corrienteA": 28.95, "factorPotencia": 0.972, "tsDispositivo": "2026-09-26T18:07:27+00:00"}
[2026-09-26 13:09:28] TX Replay de CSV historico (PDU fila C) -> {"tsFuente": "2026-09-20T17:53:00-05:00 (historico PDU, vuelta 1)", "potenciaKw": 6.4, "corrienteA": 28.83, "factorPotencia": 0.966, "tsDispositivo": "2026-09-26T18:09:28+00:00"}
[2026-09-26 13:11:28] TX Replay de CSV historico (PDU fila C) -> {"tsFuente": "2026-09-20T17:56:00-05:00 (historico PDU, vuelta 1)", "potenciaKw": 6.52, "corrienteA": 29.26, "factorPotencia": 0.969, "tsDispositivo": "2026-09-26T18:11:28+00:00"}
[2026-09-26 13:13:28] TX Replay de CSV historico (PDU fila C) -> {"tsFuente": "2026-09-20T17:57:00-05:00 (historico PDU, vuelta 1)", "potenciaKw": 6.19, "corrienteA": 28.09, "factorPotencia": 0.958, "tsDispositivo": "2026-09-26T18:13:28+00:00"}
[2026-09-26 13:15:29] TX Replay de CSV historico (PDU fila C) -> {"tsFuente": "2026-09-20T18:00:00-05:00 (historico PDU, vuelta 1)", "potenciaKw": 6.16, "corrienteA": 27.95, "factorPotencia": 0.958, "tsDispositivo": "2026-09-26T18:15:28+00:00"}
[2026-09-26 13:17:29] TX Replay de CSV historico (PDU fila C) -> {"tsFuente": "2026-09-20T18:02:00-05:00 (historico PDU, vuelta 1)", "potenciaKw": 6.23, "corrienteA": 27.95, "factorPotencia": 0.969, "tsDispositivo": "2026-09-26T18:17:29+00:00"}
[2026-09-26 13:19:29] TX Replay de CSV historico (PDU fila C) -> {"tsFuente": "2026-09-20T18:03:00-05:00 (historico PDU, vuelta 1)", "potenciaKw": 6.2, "corrienteA": 27.62, "factorPotencia": 0.976, "tsDispositivo": "2026-09-26T18:19:29+00:00"}
[2026-09-26 13:21:29] TX Replay de CSV historico (PDU fila C) -> {"tsFuente": "2026-09-20T18:06:00-05:00 (historico PDU, vuelta 1)", "potenciaKw": 6.32, "corrienteA": 28.8, "factorPotencia": 0.953, "tsDispositivo": "2026-09-26T18:21:29+00:00"}
[2026-09-26 13:23:29] TX Replay de CSV historico (PDU fila C) -> {"tsFuente": "2026-09-20T18:07:00-05:00 (historico PDU, vuelta 1)", "potenciaKw": 6.22, "corrienteA": 28.25, "factorPotencia": 0.957, "tsDispositivo": "2026-09-26T18:23:29+00:00"}
[2026-09-26 13:25:30] TX Replay de CSV historico (PDU fila C) -> {"tsFuente": "2026-09-20T18:10:00-05:00 (historico PDU, vuelta 1)", "potenciaKw": 6.31, "corrienteA": 28.23, "factorPotencia": 0.972, "tsDispositivo": "2026-09-26T18:25:29+00:00"}
[2026-09-26 13:27:30] TX Replay de CSV historico (PDU fila C) -> {"tsFuente": "2026-09-20T18:11:00-05:00 (historico PDU, vuelta 1)", "potenciaKw": 6.57, "corrienteA": 29.86, "factorPotencia": 0.957, "tsDispositivo": "2026-09-26T18:27:30+00:00"}
[2026-09-26 13:29:30] TX Replay de CSV historico (PDU fila C) -> {"tsFuente": "2026-09-20T18:14:00-05:00 (historico PDU, vuelta 1)", "potenciaKw": 6.51, "corrienteA": 29.66, "factorPotencia": 0.954, "tsDispositivo": "2026-09-26T18:29:30+00:00"}
[2026-09-26 13:31:30] TX Replay de CSV historico (PDU fila C) -> {"tsFuente": "2026-09-20T18:15:00-05:00 (historico PDU, vuelta 1)", "potenciaKw": 6.58, "corrienteA": 29.29, "factorPotencia": 0.977, "tsDispositivo": "2026-09-26T18:31:30+00:00"}
[2026-09-26 13:33:32] TX Replay de CSV historico (PDU fila C) -> {"tsFuente": "2026-09-20T18:18:00-05:00 (historico PDU, vuelta 1)", "potenciaKw": 6.25, "corrienteA": 27.81, "factorPotencia": 0.977, "tsDispositivo": "2026-09-26T18:33:31+00:00"}
[2026-09-26 13:35:32] TX Replay de CSV historico (PDU fila C) -> {"tsFuente": "2026-09-20T18:19:00-05:00 (historico PDU, vuelta 1)", "potenciaKw": 6.14, "corrienteA": 27.89, "factorPotencia": 0.957, "tsDispositivo": "2026-09-26T18:35:32+00:00"}
[2026-09-26 13:37:33] TX Replay de CSV historico (PDU fila C) -> {"tsFuente": "2026-09-20T18:22:00-05:00 (historico PDU, vuelta 1)", "potenciaKw": 6.27, "corrienteA": 28.39, "factorPotencia": 0.961, "tsDispositivo": "2026-09-26T18:37:32+00:00"}
[2026-09-26 13:39:33] TX Replay de CSV historico (PDU fila C) -> {"tsFuente": "2026-09-20T18:23:00-05:00 (historico PDU, vuelta 1)", "potenciaKw": 6.49, "corrienteA": 29.06, "factorPotencia": 0.971, "tsDispositivo": "2026-09-26T18:39:33+00:00"}
[2026-09-26 13:41:33] TX Replay de CSV historico (PDU fila C) -> {"tsFuente": "2026-09-20T18:26:00-05:00 (historico PDU, vuelta 1)", "potenciaKw": 6.39, "corrienteA": 29.1, "factorPotencia": 0.954, "tsDispositivo": "2026-09-26T18:41:33+00:00"}
[2026-09-26 13:43:33] TX Replay de CSV historico (PDU fila C) -> {"tsFuente": "2026-09-20T18:27:00-05:00 (historico PDU, vuelta 1)", "potenciaKw": 6.39, "corrienteA": 28.78, "factorPotencia": 0.965, "tsDispositivo": "2026-09-26T18:43:33+00:00"}
[2026-09-26 13:45:33] TX Replay de CSV historico (PDU fila C) -> {"tsFuente": "2026-09-20T18:30:00-05:00 (historico PDU, vuelta 1)", "potenciaKw": 6.54, "corrienteA": 29.73, "factorPotencia": 0.956, "tsDispositivo": "2026-09-26T18:45:33+00:00"}
[2026-09-26 13:47:34] TX Replay de CSV historico (PDU fila C) -> {"tsFuente": "2026-09-20T18:32:00-05:00 (historico PDU, vuelta 1)", "potenciaKw": 6.44, "corrienteA": 28.67, "factorPotencia": 0.976, "tsDispositivo": "2026-09-26T18:47:33+00:00"}
[2026-09-26 13:49:34] TX Replay de CSV historico (PDU fila C) -> {"tsFuente": "2026-09-20T18:33:00-05:00 (historico PDU, vuelta 1)", "potenciaKw": 6.22, "corrienteA": 28.11, "factorPotencia": 0.963, "tsDispositivo": "2026-09-26T18:49:34+00:00"}
[2026-09-26 13:51:34] TX Replay de CSV historico (PDU fila C) -> {"tsFuente": "2026-09-20T18:36:00-05:00 (historico PDU, vuelta 1)", "potenciaKw": 6.55, "corrienteA": 29.39, "factorPotencia": 0.969, "tsDispositivo": "2026-09-26T18:51:34+00:00"}
[2026-09-26 13:53:34] TX Replay de CSV historico (PDU fila C) -> {"tsFuente": "2026-09-20T18:37:00-05:00 (historico PDU, vuelta 1)", "potenciaKw": 6.29, "corrienteA": 28.35, "factorPotencia": 0.965, "tsDispositivo": "2026-09-26T18:53:34+00:00"}
[2026-09-26 13:55:34] TX Replay de CSV historico (PDU fila C) -> {"tsFuente": "2026-09-20T18:40:00-05:00 (historico PDU, vuelta 1)", "potenciaKw": 6.18, "corrienteA": 27.79, "factorPotencia": 0.967, "tsDispositivo": "2026-09-26T18:55:34+00:00"}
[2026-09-26 13:57:35] TX Replay de CSV historico (PDU fila C) -> {"tsFuente": "2026-09-20T18:41:00-05:00 (historico PDU, vuelta 1)", "potenciaKw": 6.29, "corrienteA": 28.47, "factorPotencia": 0.96, "tsDispositivo": "2026-09-26T18:57:34+00:00"}
[2026-09-26 13:59:35] TX Replay de CSV historico (PDU fila C) -> {"tsFuente": "2026-09-20T18:44:00-05:00 (historico PDU, vuelta 1)", "potenciaKw": 6.45, "corrienteA": 29.04, "factorPotencia": 0.966, "tsDispositivo": "2026-09-26T18:59:35+00:00"}
[2026-09-26 14:01:35] TX Replay de CSV historico (PDU fila C) -> {"tsFuente": "2026-09-20T18:45:00-05:00 (historico PDU, vuelta 1)", "potenciaKw": 6.14, "corrienteA": 27.55, "factorPotencia": 0.969, "tsDispositivo": "2026-09-26T19:01:35+00:00"}
[2026-09-26 14:03:35] TX Replay de CSV historico (PDU fila C) -> {"tsFuente": "2026-09-20T18:48:00-05:00 (historico PDU, vuelta 1)", "potenciaKw": 6.45, "corrienteA": 28.86, "factorPotencia": 0.972, "tsDispositivo": "2026-09-26T19:03:35+00:00"}
[2026-09-26 14:05:35] TX Replay de CSV historico (PDU fila C) -> {"tsFuente": "2026-09-20T18:49:00-05:00 (historico PDU, vuelta 1)", "potenciaKw": 6.26, "corrienteA": 28.19, "factorPotencia": 0.966, "tsDispositivo": "2026-09-26T19:05:35+00:00"}
[2026-09-26 14:07:36] TX Replay de CSV historico (PDU fila C) -> {"tsFuente": "2026-09-20T18:52:00-05:00 (historico PDU, vuelta 1)", "potenciaKw": 6.3, "corrienteA": 28.25, "factorPotencia": 0.97, "tsDispositivo": "2026-09-26T19:07:35+00:00"}
[2026-09-26 14:09:36] TX Replay de CSV historico (PDU fila C) -> {"tsFuente": "2026-09-20T18:53:00-05:00 (historico PDU, vuelta 1)", "potenciaKw": 6.17, "corrienteA": 28.07, "factorPotencia": 0.955, "tsDispositivo": "2026-09-26T19:09:36+00:00"}
[2026-09-26 14:11:36] TX Replay de CSV historico (PDU fila C) -> {"tsFuente": "2026-09-20T18:56:00-05:00 (historico PDU, vuelta 1)", "potenciaKw": 6.45, "corrienteA": 29.32, "factorPotencia": 0.956, "tsDispositivo": "2026-09-26T19:11:36+00:00"}
[2026-09-26 14:13:36] TX Replay de CSV historico (PDU fila C) -> {"tsFuente": "2026-09-20T18:57:00-05:00 (historico PDU, vuelta 1)", "potenciaKw": 6.39, "corrienteA": 28.47, "factorPotencia": 0.977, "tsDispositivo": "2026-09-26T19:13:36+00:00"}
[2026-09-26 14:15:37] TX Replay de CSV historico (PDU fila C) -> {"tsFuente": "2026-09-20T19:00:00-05:00 (historico PDU, vuelta 1)", "potenciaKw": 6.28, "corrienteA": 28.27, "factorPotencia": 0.965, "tsDispositivo": "2026-09-26T19:15:36+00:00"}
[2026-09-26 14:17:37] TX Replay de CSV historico (PDU fila C) -> {"tsFuente": "2026-09-20T19:02:00-05:00 (historico PDU, vuelta 1)", "potenciaKw": 6.24, "corrienteA": 27.8, "factorPotencia": 0.976, "tsDispositivo": "2026-09-26T19:17:37+00:00"}
[2026-09-26 14:19:37] TX Replay de CSV historico (PDU fila C) -> {"tsFuente": "2026-09-20T19:03:00-05:00 (historico PDU, vuelta 1)", "potenciaKw": 6.18, "corrienteA": 27.85, "factorPotencia": 0.966, "tsDispositivo": "2026-09-26T19:19:37+00:00"}
[2026-09-26 14:21:37] TX Replay de CSV historico (PDU fila C) -> {"tsFuente": "2026-09-20T19:06:00-05:00 (historico PDU, vuelta 1)", "potenciaKw": 6.27, "corrienteA": 28.21, "factorPotencia": 0.966, "tsDispositivo": "2026-09-26T19:21:37+00:00"}
[2026-09-26 14:23:38] TX Replay de CSV historico (PDU fila C) -> {"tsFuente": "2026-09-20T19:07:00-05:00 (historico PDU, vuelta 1)", "potenciaKw": 6.16, "corrienteA": 27.75, "factorPotencia": 0.964, "tsDispositivo": "2026-09-26T19:23:37+00:00"}
[2026-09-26 14:25:38] TX Replay de CSV historico (PDU fila C) -> {"tsFuente": "2026-09-20T19:10:00-05:00 (historico PDU, vuelta 1)", "potenciaKw": 6.41, "corrienteA": 29.02, "factorPotencia": 0.96, "tsDispositivo": "2026-09-26T19:25:38+00:00"}
[2026-09-26 14:27:39] TX Replay de CSV historico (PDU fila C) -> {"tsFuente": "2026-09-20T19:11:00-05:00 (historico PDU, vuelta 1)", "potenciaKw": 6.08, "corrienteA": 27.12, "factorPotencia": 0.975, "tsDispositivo": "2026-09-26T19:27:38+00:00"}
[2026-09-26 14:29:39] TX Replay de CSV historico (PDU fila C) -> {"tsFuente": "2026-09-20T19:14:00-05:00 (historico PDU, vuelta 1)", "potenciaKw": 6.49, "corrienteA": 29.25, "factorPotencia": 0.964, "tsDispositivo": "2026-09-26T19:29:39+00:00"}
[2026-09-26 14:31:39] TX Replay de CSV historico (PDU fila C) -> {"tsFuente": "2026-09-20T19:15:00-05:00 (historico PDU, vuelta 1)", "potenciaKw": 6.2, "corrienteA": 27.9, "factorPotencia": 0.967, "tsDispositivo": "2026-09-26T19:31:39+00:00"}
[2026-09-26 14:33:40] TX Replay de CSV historico (PDU fila C) -> {"tsFuente": "2026-09-20T19:18:00-05:00 (historico PDU, vuelta 1)", "potenciaKw": 6.04, "corrienteA": 27.23, "factorPotencia": 0.965, "tsDispositivo": "2026-09-26T19:33:39+00:00"}
[2026-09-26 14:35:42] TX Replay de CSV historico (PDU fila C) -> {"tsFuente": "2026-09-20T19:19:00-05:00 (historico PDU, vuelta 1)", "potenciaKw": 6.11, "corrienteA": 27.58, "factorPotencia": 0.963, "tsDispositivo": "2026-09-26T19:35:40+00:00"}
[2026-09-26 14:37:42] TX Replay de CSV historico (PDU fila C) -> {"tsFuente": "2026-09-20T19:22:00-05:00 (historico PDU, vuelta 1)", "potenciaKw": 6.06, "corrienteA": 27.19, "factorPotencia": 0.969, "tsDispositivo": "2026-09-26T19:37:42+00:00"}
[2026-09-26 14:39:42] TX Replay de CSV historico (PDU fila C) -> {"tsFuente": "2026-09-20T19:23:00-05:00 (historico PDU, vuelta 1)", "potenciaKw": 6.45, "corrienteA": 28.79, "factorPotencia": 0.975, "tsDispositivo": "2026-09-26T19:39:42+00:00"}
[2026-09-26 14:41:42] TX Replay de CSV historico (PDU fila C) -> {"tsFuente": "2026-09-20T19:26:00-05:00 (historico PDU, vuelta 1)", "potenciaKw": 6.38, "corrienteA": 28.42, "factorPotencia": 0.975, "tsDispositivo": "2026-09-26T19:41:42+00:00"}
[2026-09-26 14:43:42] TX Replay de CSV historico (PDU fila C) -> {"tsFuente": "2026-09-20T19:27:00-05:00 (historico PDU, vuelta 1)", "potenciaKw": 6.12, "corrienteA": 27.38, "factorPotencia": 0.972, "tsDispositivo": "2026-09-26T19:43:42+00:00"}
[2026-09-26 14:45:43] TX Replay de CSV historico (PDU fila C) -> {"tsFuente": "2026-09-20T19:30:00-05:00 (historico PDU, vuelta 1)", "potenciaKw": 6.09, "corrienteA": 27.55, "factorPotencia": 0.961, "tsDispositivo": "2026-09-26T19:45:42+00:00"}
[2026-09-26 14:47:43] TX Replay de CSV historico (PDU fila C) -> {"tsFuente": "2026-09-20T19:32:00-05:00 (historico PDU, vuelta 1)", "potenciaKw": 6.34, "corrienteA": 28.87, "factorPotencia": 0.956, "tsDispositivo": "2026-09-26T19:47:43+00:00"}
[2026-09-26 14:49:43] TX Replay de CSV historico (PDU fila C) -> {"tsFuente": "2026-09-20T19:33:00-05:00 (historico PDU, vuelta 1)", "potenciaKw": 6.07, "corrienteA": 27.41, "factorPotencia": 0.963, "tsDispositivo": "2026-09-26T19:49:43+00:00"}
[2026-09-26 14:51:44] TX Replay de CSV historico (PDU fila C) -> {"tsFuente": "2026-09-20T19:36:00-05:00 (historico PDU, vuelta 1)", "potenciaKw": 6.3, "corrienteA": 28.06, "factorPotencia": 0.976, "tsDispositivo": "2026-09-26T19:51:43+00:00"}
[2026-09-26 14:53:44] TX Replay de CSV historico (PDU fila C) -> {"tsFuente": "2026-09-20T19:37:00-05:00 (historico PDU, vuelta 1)", "potenciaKw": 5.99, "corrienteA": 27.33, "factorPotencia": 0.953, "tsDispositivo": "2026-09-26T19:53:44+00:00"}
[2026-09-26 14:55:45] TX Replay de CSV historico (PDU fila C) -> {"tsFuente": "2026-09-20T19:40:00-05:00 (historico PDU, vuelta 1)", "potenciaKw": 6.44, "corrienteA": 29.14, "factorPotencia": 0.961, "tsDispositivo": "2026-09-26T19:55:44+00:00"}
[2026-09-26 14:57:45] TX Replay de CSV historico (PDU fila C) -> {"tsFuente": "2026-09-20T19:41:00-05:00 (historico PDU, vuelta 1)", "potenciaKw": 6.4, "corrienteA": 29.17, "factorPotencia": 0.954, "tsDispositivo": "2026-09-26T19:57:45+00:00"}
[2026-09-26 14:59:45] TX Replay de CSV historico (PDU fila C) -> {"tsFuente": "2026-09-20T19:44:00-05:00 (historico PDU, vuelta 1)", "potenciaKw": 5.98, "corrienteA": 26.99, "factorPotencia": 0.963, "tsDispositivo": "2026-09-26T19:59:45+00:00"}
[2026-09-26 15:01:45] TX Replay de CSV historico (PDU fila C) -> {"tsFuente": "2026-09-20T19:45:00-05:00 (historico PDU, vuelta 1)", "potenciaKw": 6.29, "corrienteA": 28.26, "factorPotencia": 0.969, "tsDispositivo": "2026-09-26T20:01:45+00:00"}
[2026-09-26 15:03:45] TX Replay de CSV historico (PDU fila C) -> {"tsFuente": "2026-09-20T19:48:00-05:00 (historico PDU, vuelta 1)", "potenciaKw": 6.0, "corrienteA": 26.82, "factorPotencia": 0.972, "tsDispositivo": "2026-09-26T20:03:45+00:00"}
[2026-09-26 15:05:46] TX Replay de CSV historico (PDU fila C) -> {"tsFuente": "2026-09-20T19:49:00-05:00 (historico PDU, vuelta 1)", "potenciaKw": 6.05, "corrienteA": 27.51, "factorPotencia": 0.956, "tsDispositivo": "2026-09-26T20:05:45+00:00"}
[2026-09-26 15:07:46] TX Replay de CSV historico (PDU fila C) -> {"tsFuente": "2026-09-20T19:52:00-05:00 (historico PDU, vuelta 1)", "potenciaKw": 5.96, "corrienteA": 26.87, "factorPotencia": 0.964, "tsDispositivo": "2026-09-26T20:07:46+00:00"}
[2026-09-26 15:09:46] TX Replay de CSV historico (PDU fila C) -> {"tsFuente": "2026-09-20T19:53:00-05:00 (historico PDU, vuelta 1)", "potenciaKw": 5.98, "corrienteA": 26.83, "factorPotencia": 0.969, "tsDispositivo": "2026-09-26T20:09:46+00:00"}
[2026-09-26 15:11:46] TX Replay de CSV historico (PDU fila C) -> {"tsFuente": "2026-09-20T19:56:00-05:00 (historico PDU, vuelta 1)", "potenciaKw": 6.03, "corrienteA": 27.43, "factorPotencia": 0.956, "tsDispositivo": "2026-09-26T20:11:46+00:00"}
[2026-09-26 15:13:46] TX Replay de CSV historico (PDU fila C) -> {"tsFuente": "2026-09-20T19:57:00-05:00 (historico PDU, vuelta 1)", "potenciaKw": 6.17, "corrienteA": 27.63, "factorPotencia": 0.971, "tsDispositivo": "2026-09-26T20:13:46+00:00"}
[2026-09-26 15:15:47] TX Replay de CSV historico (PDU fila C) -> {"tsFuente": "2026-09-20T20:00:00-05:00 (historico PDU, vuelta 1)", "potenciaKw": 6.09, "corrienteA": 27.54, "factorPotencia": 0.962, "tsDispositivo": "2026-09-26T20:15:46+00:00"}
[2026-09-26 15:17:47] TX Replay de CSV historico (PDU fila C) -> {"tsFuente": "2026-09-20T20:02:00-05:00 (historico PDU, vuelta 1)", "potenciaKw": 6.01, "corrienteA": 27.05, "factorPotencia": 0.967, "tsDispositivo": "2026-09-26T20:17:47+00:00"}
[2026-09-26 15:19:47] TX Replay de CSV historico (PDU fila C) -> {"tsFuente": "2026-09-20T20:03:00-05:00 (historico PDU, vuelta 1)", "potenciaKw": 6.1, "corrienteA": 27.81, "factorPotencia": 0.954, "tsDispositivo": "2026-09-26T20:19:47+00:00"}
[2026-09-26 15:21:47] TX Replay de CSV historico (PDU fila C) -> {"tsFuente": "2026-09-20T20:06:00-05:00 (historico PDU, vuelta 1)", "potenciaKw": 6.4, "corrienteA": 29.03, "factorPotencia": 0.958, "tsDispositivo": "2026-09-26T20:21:47+00:00"}
