[2026-09-24 14:27:17] INFO  DPS (MQTT) id_scope=0ne00FE1F90 registration_id=DC-PASILLO-04 | hub por MQTT/WebSockets=True
[2026-09-24 14:27:27] INFO  DPS OK en 3.2 s -> hub iotc-ce764639-456d-4e61-9e9c-e64c9a818624.azure-devices.net | estado=assigned | DC-PASILLO-04
iotc-ce764639-456d-4e61-9e9c-e64c9a818624.azure-devices.net
initialAssignment
null
[2026-09-24 14:27:29] INFO  MQTT sobre WebSockets (443) conectado a IoT Central
[2026-09-24 14:27:29] INFO  propiedades reportadas: {'zona': 'Pasillo frio / contencion', 'ubicacion': 'Sala blanca - pasillo entre filas A y C', 'origenEnvio': 'Python SDK azure-iot-device (MQTT sobre WebSockets 443)', 'fabricante': 'Dell Edge Gateway 3200 + Sensirion SDP810', 'modelo': 'Nodo-Py-WS/1.0', 'versionFirmware': '1.2.0', 'intervaloMuestreo': 60}
[2026-09-24 14:27:29] TX Python SDK azure-iot-device (MQTT sobre WebSockets 443) -> {"tempPasillo": 20.02, "humedadPasillo": 51.54, "deltaPresionPa": 20.2, "tsDispositivo": "2026-09-24T19:27:29+00:00"}
[2026-09-24 14:28:30] TX Python SDK azure-iot-device (MQTT sobre WebSockets 443) -> {"tempPasillo": 20.04, "humedadPasillo": 52.49, "deltaPresionPa": 21.4, "tsDispositivo": "2026-09-24T19:28:29+00:00"}
[2026-09-24 14:29:35] TX Python SDK azure-iot-device (MQTT sobre WebSockets 443) -> {"tempPasillo": 20.29, "humedadPasillo": 52.19, "deltaPresionPa": 20.6, "tsDispositivo": "2026-09-24T19:29:30+00:00"}
[2026-09-24 14:30:38] TX Python SDK azure-iot-device (MQTT sobre WebSockets 443) -> {"tempPasillo": 20.23, "humedadPasillo": 52.07, "deltaPresionPa": 20.4, "tsDispositivo": "2026-09-24T19:30:35+00:00"}
[2026-09-24 14:31:38] TX Python SDK azure-iot-device (MQTT sobre WebSockets 443) -> {"tempPasillo": 20.14, "humedadPasillo": 51.91, "deltaPresionPa": 21.1, "tsDispositivo": "2026-09-24T19:31:38+00:00"}
[2026-09-24 14:32:38] TX Python SDK azure-iot-device (MQTT sobre WebSockets 443) -> {"tempPasillo": 20.3, "humedadPasillo": 52.89, "deltaPresionPa": 21.7, "tsDispositivo": "2026-09-24T19:32:38+00:00"}
[2026-09-24 14:33:39] TX Python SDK azure-iot-device (MQTT sobre WebSockets 443) -> {"tempPasillo": 20.55, "humedadPasillo": 52.58, "deltaPresionPa": 21.0, "tsDispositivo": "2026-09-24T19:33:38+00:00"}
[2026-09-24 14:34:46] TX Python SDK azure-iot-device (MQTT sobre WebSockets 443) -> {"tempPasillo": 20.27, "humedadPasillo": 51.58, "deltaPresionPa": 18.8, "tsDispositivo": "2026-09-24T19:34:39+00:00"}
[2026-09-24 14:35:47] TX Python SDK azure-iot-device (MQTT sobre WebSockets 443) -> {"tempPasillo": 20.02, "humedadPasillo": 52.45, "deltaPresionPa": 21.2, "tsDispositivo": "2026-09-24T19:35:47+00:00"}
[2026-09-24 14:36:52] TX Python SDK azure-iot-device (MQTT sobre WebSockets 443) -> {"tempPasillo": 20.32, "humedadPasillo": 51.43, "deltaPresionPa": 18.6, "tsDispositivo": "2026-09-24T19:36:47+00:00"}
[2026-09-24 14:37:57] TX Python SDK azure-iot-device (MQTT sobre WebSockets 443) -> {"tempPasillo": 20.37, "humedadPasillo": 52.1, "deltaPresionPa": 20.3, "tsDispositivo": "2026-09-24T19:37:52+00:00"}
[2026-09-24 14:39:06] TX Python SDK azure-iot-device (MQTT sobre WebSockets 443) -> {"tempPasillo": 20.24, "humedadPasillo": 52.11, "deltaPresionPa": 19.0, "tsDispositivo": "2026-09-24T19:39:06+00:00"}
[2026-09-24 14:40:10] TX Python SDK azure-iot-device (MQTT sobre WebSockets 443) -> {"tempPasillo": 20.31, "humedadPasillo": 52.02, "deltaPresionPa": 19.2, "tsDispositivo": "2026-09-24T19:40:06+00:00"}
[2026-09-24 14:41:11] TX Python SDK azure-iot-device (MQTT sobre WebSockets 443) -> {"tempPasillo": 20.49, "humedadPasillo": 52.59, "deltaPresionPa": 18.5, "tsDispositivo": "2026-09-24T19:41:10+00:00"}
[2026-09-24 14:42:11] TX Python SDK azure-iot-device (MQTT sobre WebSockets 443) -> {"tempPasillo": 20.11, "humedadPasillo": 53.05, "deltaPresionPa": 20.7, "tsDispositivo": "2026-09-24T19:42:11+00:00"}
[2026-09-24 14:43:14] TX Python SDK azure-iot-device (MQTT sobre WebSockets 443) -> {"tempPasillo": 20.02, "humedadPasillo": 51.76, "deltaPresionPa": 21.9, "tsDispositivo": "2026-09-24T19:43:11+00:00"}
[2026-09-24 14:44:14] TX Python SDK azure-iot-device (MQTT sobre WebSockets 443) -> {"tempPasillo": 20.26, "humedadPasillo": 53.23, "deltaPresionPa": 17.9, "tsDispositivo": "2026-09-24T19:44:14+00:00"}
[2026-09-24 14:45:35] TX Python SDK azure-iot-device (MQTT sobre WebSockets 443) -> {"tempPasillo": 20.49, "humedadPasillo": 51.51, "deltaPresionPa": 20.3, "tsDispositivo": "2026-09-24T19:45:14+00:00"}
[2026-09-24 14:46:40] TX Python SDK azure-iot-device (MQTT sobre WebSockets 443) -> {"tempPasillo": 20.07, "humedadPasillo": 52.6, "deltaPresionPa": 19.2, "tsDispositivo": "2026-09-24T19:46:35+00:00"}
[2026-09-24 14:48:03] TX Python SDK azure-iot-device (MQTT sobre WebSockets 443) -> {"tempPasillo": 20.07, "humedadPasillo": 51.53, "deltaPresionPa": 21.6, "tsDispositivo": "2026-09-24T19:47:40+00:00"}
[2026-09-24 14:49:11] TX Python SDK azure-iot-device (MQTT sobre WebSockets 443) -> {"tempPasillo": 20.33, "humedadPasillo": 52.43, "deltaPresionPa": 18.0, "tsDispositivo": "2026-09-24T19:49:03+00:00"}
[2026-09-24 14:50:11] TX Python SDK azure-iot-device (MQTT sobre WebSockets 443) -> {"tempPasillo": 20.02, "humedadPasillo": 51.5, "deltaPresionPa": 20.7, "tsDispositivo": "2026-09-24T19:50:11+00:00"}
[2026-09-24 14:51:11] TX Python SDK azure-iot-device (MQTT sobre WebSockets 443) -> {"tempPasillo": 20.43, "humedadPasillo": 52.05, "deltaPresionPa": 20.2, "tsDispositivo": "2026-09-24T19:51:11+00:00"}
[2026-09-24 14:52:11] TX Python SDK azure-iot-device (MQTT sobre WebSockets 443) -> {"tempPasillo": 20.15, "humedadPasillo": 52.37, "deltaPresionPa": 19.0, "tsDispositivo": "2026-09-24T19:52:11+00:00"}
[2026-09-24 14:53:39] TX Python SDK azure-iot-device (MQTT sobre WebSockets 443) -> {"tempPasillo": 20.14, "humedadPasillo": 51.88, "deltaPresionPa": 19.9, "tsDispositivo": "2026-09-24T19:53:11+00:00"}
[2026-09-24 14:54:42] TX Python SDK azure-iot-device (MQTT sobre WebSockets 443) -> {"tempPasillo": 20.41, "humedadPasillo": 51.46, "deltaPresionPa": 19.1, "tsDispositivo": "2026-09-24T19:54:39+00:00"}
[2026-09-24 14:55:48] TX Python SDK azure-iot-device (MQTT sobre WebSockets 443) -> {"tempPasillo": 20.47, "humedadPasillo": 52.98, "deltaPresionPa": 22.0, "tsDispositivo": "2026-09-24T19:55:42+00:00"}
[2026-09-24 14:57:05] TX Python SDK azure-iot-device (MQTT sobre WebSockets 443) -> {"tempPasillo": 20.57, "humedadPasillo": 51.84, "deltaPresionPa": 20.7, "tsDispositivo": "2026-09-24T19:56:48+00:00"}
[2026-09-24 14:58:05] TX Python SDK azure-iot-device (MQTT sobre WebSockets 443) -> {"tempPasillo": 20.22, "humedadPasillo": 52.78, "deltaPresionPa": 18.7, "tsDispositivo": "2026-09-24T19:58:05+00:00"}
[2026-09-24 14:59:32] TX Python SDK azure-iot-device (MQTT sobre WebSockets 443) -> {"tempPasillo": 20.21, "humedadPasillo": 52.32, "deltaPresionPa": 18.4, "tsDispositivo": "2026-09-24T19:59:32+00:00"}
[2026-09-24 15:00:43] TX Python SDK azure-iot-device (MQTT sobre WebSockets 443) -> {"tempPasillo": 20.18, "humedadPasillo": 51.86, "deltaPresionPa": 20.6, "tsDispositivo": "2026-09-24T20:00:42+00:00"}
[2026-09-24 15:01:43] TX Python SDK azure-iot-device (MQTT sobre WebSockets 443) -> {"tempPasillo": 20.21, "humedadPasillo": 51.56, "deltaPresionPa": 22.0, "tsDispositivo": "2026-09-24T20:01:43+00:00"}
[2026-09-24 15:02:43] TX Python SDK azure-iot-device (MQTT sobre WebSockets 443) -> {"tempPasillo": 20.33, "humedadPasillo": 51.58, "deltaPresionPa": 17.6, "tsDispositivo": "2026-09-24T20:02:43+00:00"}
[2026-09-24 15:03:43] TX Python SDK azure-iot-device (MQTT sobre WebSockets 443) -> {"tempPasillo": 20.15, "humedadPasillo": 52.68, "deltaPresionPa": 21.7, "tsDispositivo": "2026-09-24T20:03:43+00:00"}
[2026-09-24 15:04:44] TX Python SDK azure-iot-device (MQTT sobre WebSockets 443) -> {"tempPasillo": 20.16, "humedadPasillo": 51.15, "deltaPresionPa": 19.5, "tsDispositivo": "2026-09-24T20:04:43+00:00"}
[2026-09-24 15:05:44] TX Python SDK azure-iot-device (MQTT sobre WebSockets 443) -> {"tempPasillo": 20.36, "humedadPasillo": 51.34, "deltaPresionPa": 17.8, "tsDispositivo": "2026-09-24T20:05:44+00:00"}
[2026-09-24 15:06:44] TX Python SDK azure-iot-device (MQTT sobre WebSockets 443) -> {"tempPasillo": 20.16, "humedadPasillo": 50.97, "deltaPresionPa": 21.2, "tsDispositivo": "2026-09-24T20:06:44+00:00"}
[2026-09-24 15:07:44] TX Python SDK azure-iot-device (MQTT sobre WebSockets 443) -> {"tempPasillo": 20.4, "humedadPasillo": 51.7, "deltaPresionPa": 21.6, "tsDispositivo": "2026-09-24T20:07:44+00:00"}
[2026-09-24 15:08:45] TX Python SDK azure-iot-device (MQTT sobre WebSockets 443) -> {"tempPasillo": 20.51, "humedadPasillo": 52.33, "deltaPresionPa": 17.4, "tsDispositivo": "2026-09-24T20:08:44+00:00"}
[2026-09-24 15:09:45] TX Python SDK azure-iot-device (MQTT sobre WebSockets 443) -> {"tempPasillo": 20.02, "humedadPasillo": 52.79, "deltaPresionPa": 20.0, "tsDispositivo": "2026-09-24T20:09:45+00:00"}
[2026-09-24 15:10:45] TX Python SDK azure-iot-device (MQTT sobre WebSockets 443) -> {"tempPasillo": 20.42, "humedadPasillo": 51.52, "deltaPresionPa": 17.5, "tsDispositivo": "2026-09-24T20:10:45+00:00"}
[2026-09-24 15:11:45] TX Python SDK azure-iot-device (MQTT sobre WebSockets 443) -> {"tempPasillo": 20.1, "humedadPasillo": 51.67, "deltaPresionPa": 21.1, "tsDispositivo": "2026-09-24T20:11:45+00:00"}
[2026-09-24 15:12:46] TX Python SDK azure-iot-device (MQTT sobre WebSockets 443) -> {"tempPasillo": 20.26, "humedadPasillo": 52.63, "deltaPresionPa": 17.7, "tsDispositivo": "2026-09-24T20:12:45+00:00"}
[2026-09-24 15:13:46] TX Python SDK azure-iot-device (MQTT sobre WebSockets 443) -> {"tempPasillo": 20.11, "humedadPasillo": 52.63, "deltaPresionPa": 17.9, "tsDispositivo": "2026-09-24T20:13:46+00:00"}
[2026-09-24 15:14:46] TX Python SDK azure-iot-device (MQTT sobre WebSockets 443) -> {"tempPasillo": 20.08, "humedadPasillo": 51.35, "deltaPresionPa": 20.1, "tsDispositivo": "2026-09-24T20:14:46+00:00"}
[2026-09-24 15:15:46] TX Python SDK azure-iot-device (MQTT sobre WebSockets 443) -> {"tempPasillo": 20.1, "humedadPasillo": 51.54, "deltaPresionPa": 21.1, "tsDispositivo": "2026-09-24T20:15:46+00:00"}
[2026-09-24 15:16:47] TX Python SDK azure-iot-device (MQTT sobre WebSockets 443) -> {"tempPasillo": 20.41, "humedadPasillo": 51.13, "deltaPresionPa": 19.6, "tsDispositivo": "2026-09-24T20:16:47+00:00"}
[2026-09-24 15:17:47] TX Python SDK azure-iot-device (MQTT sobre WebSockets 443) -> {"tempPasillo": 20.12, "humedadPasillo": 52.37, "deltaPresionPa": 18.2, "tsDispositivo": "2026-09-24T20:17:47+00:00"}
[2026-09-24 15:18:47] TX Python SDK azure-iot-device (MQTT sobre WebSockets 443) -> {"tempPasillo": 20.56, "humedadPasillo": 51.89, "deltaPresionPa": 20.7, "tsDispositivo": "2026-09-24T20:18:47+00:00"}
[2026-09-24 15:19:48] TX Python SDK azure-iot-device (MQTT sobre WebSockets 443) -> {"tempPasillo": 20.26, "humedadPasillo": 52.21, "deltaPresionPa": 20.6, "tsDispositivo": "2026-09-24T20:19:47+00:00"}
[2026-09-24 15:20:48] TX Python SDK azure-iot-device (MQTT sobre WebSockets 443) -> {"tempPasillo": 20.51, "humedadPasillo": 51.87, "deltaPresionPa": 21.7, "tsDispositivo": "2026-09-24T20:20:48+00:00"}
[2026-09-24 15:21:48] TX Python SDK azure-iot-device (MQTT sobre WebSockets 443) -> {"tempPasillo": 20.04, "humedadPasillo": 51.68, "deltaPresionPa": 20.3, "tsDispositivo": "2026-09-24T20:21:48+00:00"}
[2026-09-24 15:22:48] TX Python SDK azure-iot-device (MQTT sobre WebSockets 443) -> {"tempPasillo": 20.14, "humedadPasillo": 50.7, "deltaPresionPa": 19.9, "tsDispositivo": "2026-09-24T20:22:48+00:00"}
[2026-09-24 15:23:49] TX Python SDK azure-iot-device (MQTT sobre WebSockets 443) -> {"tempPasillo": 20.24, "humedadPasillo": 51.62, "deltaPresionPa": 21.0, "tsDispositivo": "2026-09-24T20:23:48+00:00"}
[2026-09-24 15:24:49] TX Python SDK azure-iot-device (MQTT sobre WebSockets 443) -> {"tempPasillo": 20.1, "humedadPasillo": 52.21, "deltaPresionPa": 17.4, "tsDispositivo": "2026-09-24T20:24:49+00:00"}
[2026-09-24 15:25:29] INFO  TWIN desired: {'$version': 2, 'modoOperacion': 'Normal', 'umbralHumedad': 60, 'umbralPM25': 35, 'umbralTemperatura': 27}
[2026-09-24 15:25:49] TX Python SDK azure-iot-device (MQTT sobre WebSockets 443) -> {"tempPasillo": 20.47, "humedadPasillo": 51.35, "deltaPresionPa": 18.3, "tsDispositivo": "2026-09-24T20:25:49+00:00"}
[2026-09-24 15:26:49] TX Python SDK azure-iot-device (MQTT sobre WebSockets 443) -> {"tempPasillo": 20.42, "humedadPasillo": 51.88, "deltaPresionPa": 18.7, "tsDispositivo": "2026-09-24T20:26:49+00:00"}
[2026-09-24 15:27:50] TX Python SDK azure-iot-device (MQTT sobre WebSockets 443) -> {"tempPasillo": 20.12, "humedadPasillo": 51.28, "deltaPresionPa": 17.4, "tsDispositivo": "2026-09-24T20:27:49+00:00"}
[2026-09-24 15:28:50] TX Python SDK azure-iot-device (MQTT sobre WebSockets 443) -> {"tempPasillo": 20.04, "humedadPasillo": 51.75, "deltaPresionPa": 21.5, "tsDispositivo": "2026-09-24T20:28:50+00:00"}
[2026-09-24 15:29:50] TX Python SDK azure-iot-device (MQTT sobre WebSockets 443) -> {"tempPasillo": 20.21, "humedadPasillo": 51.37, "deltaPresionPa": 20.7, "tsDispositivo": "2026-09-24T20:29:50+00:00"}
[2026-09-24 15:30:50] TX Python SDK azure-iot-device (MQTT sobre WebSockets 443) -> {"tempPasillo": 19.96, "humedadPasillo": 50.96, "deltaPresionPa": 21.5, "tsDispositivo": "2026-09-24T20:30:50+00:00"}
[2026-09-24 15:31:51] TX Python SDK azure-iot-device (MQTT sobre WebSockets 443) -> {"tempPasillo": 20.38, "humedadPasillo": 50.83, "deltaPresionPa": 18.0, "tsDispositivo": "2026-09-24T20:31:50+00:00"}
[2026-09-24 15:32:51] TX Python SDK azure-iot-device (MQTT sobre WebSockets 443) -> {"tempPasillo": 20.05, "humedadPasillo": 51.12, "deltaPresionPa": 19.6, "tsDispositivo": "2026-09-24T20:32:51+00:00"}
[2026-09-24 15:33:51] TX Python SDK azure-iot-device (MQTT sobre WebSockets 443) -> {"tempPasillo": 20.17, "humedadPasillo": 52.24, "deltaPresionPa": 17.6, "tsDispositivo": "2026-09-24T20:33:51+00:00"}
[2026-09-24 15:34:51] TX Python SDK azure-iot-device (MQTT sobre WebSockets 443) -> {"tempPasillo": 19.98, "humedadPasillo": 51.54, "deltaPresionPa": 20.9, "tsDispositivo": "2026-09-24T20:34:51+00:00"}
[2026-09-24 15:35:52] TX Python SDK azure-iot-device (MQTT sobre WebSockets 443) -> {"tempPasillo": 20.33, "humedadPasillo": 51.52, "deltaPresionPa": 20.7, "tsDispositivo": "2026-09-24T20:35:51+00:00"}
[2026-09-24 15:36:52] TX Python SDK azure-iot-device (MQTT sobre WebSockets 443) -> {"tempPasillo": 20.3, "humedadPasillo": 51.1, "deltaPresionPa": 18.3, "tsDispositivo": "2026-09-24T20:36:52+00:00"}
[2026-09-24 15:37:52] TX Python SDK azure-iot-device (MQTT sobre WebSockets 443) -> {"tempPasillo": 20.45, "humedadPasillo": 50.58, "deltaPresionPa": 17.7, "tsDispositivo": "2026-09-24T20:37:52+00:00"}
[2026-09-24 15:38:52] TX Python SDK azure-iot-device (MQTT sobre WebSockets 443) -> {"tempPasillo": 20.53, "humedadPasillo": 51.02, "deltaPresionPa": 22.1, "tsDispositivo": "2026-09-24T20:38:52+00:00"}
[2026-09-24 15:39:53] TX Python SDK azure-iot-device (MQTT sobre WebSockets 443) -> {"tempPasillo": 20.01, "humedadPasillo": 51.85, "deltaPresionPa": 19.4, "tsDispositivo": "2026-09-24T20:39:52+00:00"}
[2026-09-24 15:40:53] TX Python SDK azure-iot-device (MQTT sobre WebSockets 443) -> {"tempPasillo": 19.97, "humedadPasillo": 50.43, "deltaPresionPa": 22.1, "tsDispositivo": "2026-09-24T20:40:53+00:00"}
[2026-09-24 15:41:53] TX Python SDK azure-iot-device (MQTT sobre WebSockets 443) -> {"tempPasillo": 20.08, "humedadPasillo": 50.88, "deltaPresionPa": 22.0, "tsDispositivo": "2026-09-24T20:41:53+00:00"}
[2026-09-24 15:42:54] TX Python SDK azure-iot-device (MQTT sobre WebSockets 443) -> {"tempPasillo": 20.07, "humedadPasillo": 50.92, "deltaPresionPa": 18.0, "tsDispositivo": "2026-09-24T20:42:53+00:00"}
[2026-09-24 15:43:54] TX Python SDK azure-iot-device (MQTT sobre WebSockets 443) -> {"tempPasillo": 20.12, "humedadPasillo": 51.68, "deltaPresionPa": 22.3, "tsDispositivo": "2026-09-24T20:43:54+00:00"}
[2026-09-24 15:44:54] TX Python SDK azure-iot-device (MQTT sobre WebSockets 443) -> {"tempPasillo": 20.56, "humedadPasillo": 51.59, "deltaPresionPa": 18.2, "tsDispositivo": "2026-09-24T20:44:54+00:00"}
[2026-09-24 15:45:54] TX Python SDK azure-iot-device (MQTT sobre WebSockets 443) -> {"tempPasillo": 20.26, "humedadPasillo": 51.22, "deltaPresionPa": 20.9, "tsDispositivo": "2026-09-24T20:45:54+00:00"}
[2026-09-24 15:46:54] TX Python SDK azure-iot-device (MQTT sobre WebSockets 443) -> {"tempPasillo": 20.06, "humedadPasillo": 50.6, "deltaPresionPa": 20.2, "tsDispositivo": "2026-09-24T20:46:54+00:00"}
[2026-09-24 15:47:55] TX Python SDK azure-iot-device (MQTT sobre WebSockets 443) -> {"tempPasillo": 20.51, "humedadPasillo": 51.27, "deltaPresionPa": 21.9, "tsDispositivo": "2026-09-24T20:47:54+00:00"}
[2026-09-24 15:48:55] TX Python SDK azure-iot-device (MQTT sobre WebSockets 443) -> {"tempPasillo": 20.04, "humedadPasillo": 50.25, "deltaPresionPa": 21.6, "tsDispositivo": "2026-09-24T20:48:55+00:00"}
[2026-09-24 15:49:55] TX Python SDK azure-iot-device (MQTT sobre WebSockets 443) -> {"tempPasillo": 20.37, "humedadPasillo": 51.76, "deltaPresionPa": 19.9, "tsDispositivo": "2026-09-24T20:49:55+00:00"}
[2026-09-24 15:50:55] TX Python SDK azure-iot-device (MQTT sobre WebSockets 443) -> {"tempPasillo": 20.32, "humedadPasillo": 51.67, "deltaPresionPa": 20.7, "tsDispositivo": "2026-09-24T20:50:55+00:00"}
[2026-09-24 15:51:56] TX Python SDK azure-iot-device (MQTT sobre WebSockets 443) -> {"tempPasillo": 20.42, "humedadPasillo": 51.61, "deltaPresionPa": 17.9, "tsDispositivo": "2026-09-24T20:51:55+00:00"}
[2026-09-24 15:52:56] TX Python SDK azure-iot-device (MQTT sobre WebSockets 443) -> {"tempPasillo": 20.01, "humedadPasillo": 51.9, "deltaPresionPa": 17.5, "tsDispositivo": "2026-09-24T20:52:56+00:00"}
[2026-09-24 15:53:56] TX Python SDK azure-iot-device (MQTT sobre WebSockets 443) -> {"tempPasillo": 20.5, "humedadPasillo": 51.16, "deltaPresionPa": 19.6, "tsDispositivo": "2026-09-24T20:53:56+00:00"}
[2026-09-24 15:54:56] TX Python SDK azure-iot-device (MQTT sobre WebSockets 443) -> {"tempPasillo": 20.46, "humedadPasillo": 51.32, "deltaPresionPa": 19.3, "tsDispositivo": "2026-09-24T20:54:56+00:00"}
[2026-09-24 15:55:57] TX Python SDK azure-iot-device (MQTT sobre WebSockets 443) -> {"tempPasillo": 20.49, "humedadPasillo": 51.95, "deltaPresionPa": 19.0, "tsDispositivo": "2026-09-24T20:55:56+00:00"}
[2026-09-24 15:56:57] TX Python SDK azure-iot-device (MQTT sobre WebSockets 443) -> {"tempPasillo": 20.02, "humedadPasillo": 51.75, "deltaPresionPa": 22.2, "tsDispositivo": "2026-09-24T20:56:57+00:00"}
[2026-09-24 15:57:57] TX Python SDK azure-iot-device (MQTT sobre WebSockets 443) -> {"tempPasillo": 20.22, "humedadPasillo": 51.59, "deltaPresionPa": 19.0, "tsDispositivo": "2026-09-24T20:57:57+00:00"}
[2026-09-24 15:58:57] TX Python SDK azure-iot-device (MQTT sobre WebSockets 443) -> {"tempPasillo": 20.17, "humedadPasillo": 51.29, "deltaPresionPa": 19.2, "tsDispositivo": "2026-09-24T20:58:57+00:00"}
[2026-09-24 15:59:58] TX Python SDK azure-iot-device (MQTT sobre WebSockets 443) -> {"tempPasillo": 20.5, "humedadPasillo": 51.34, "deltaPresionPa": 19.0, "tsDispositivo": "2026-09-24T20:59:57+00:00"}
[2026-09-24 16:00:58] TX Python SDK azure-iot-device (MQTT sobre WebSockets 443) -> {"tempPasillo": 20.28, "humedadPasillo": 51.41, "deltaPresionPa": 19.8, "tsDispositivo": "2026-09-24T21:00:58+00:00"}
[2026-09-24 16:01:58] TX Python SDK azure-iot-device (MQTT sobre WebSockets 443) -> {"tempPasillo": 20.38, "humedadPasillo": 51.77, "deltaPresionPa": 19.5, "tsDispositivo": "2026-09-24T21:01:58+00:00"}
[2026-09-24 16:02:58] TX Python SDK azure-iot-device (MQTT sobre WebSockets 443) -> {"tempPasillo": 20.26, "humedadPasillo": 51.76, "deltaPresionPa": 20.1, "tsDispositivo": "2026-09-24T21:02:58+00:00"}
[2026-09-24 16:03:58] TX Python SDK azure-iot-device (MQTT sobre WebSockets 443) -> {"tempPasillo": 20.38, "humedadPasillo": 50.53, "deltaPresionPa": 21.9, "tsDispositivo": "2026-09-24T21:03:58+00:00"}
[2026-09-24 16:04:59] TX Python SDK azure-iot-device (MQTT sobre WebSockets 443) -> {"tempPasillo": 19.99, "humedadPasillo": 50.69, "deltaPresionPa": 21.8, "tsDispositivo": "2026-09-24T21:04:58+00:00"}
[2026-09-24 16:05:59] TX Python SDK azure-iot-device (MQTT sobre WebSockets 443) -> {"tempPasillo": 20.15, "humedadPasillo": 50.83, "deltaPresionPa": 19.6, "tsDispositivo": "2026-09-24T21:05:59+00:00"}
[2026-09-24 16:06:59] TX Python SDK azure-iot-device (MQTT sobre WebSockets 443) -> {"tempPasillo": 20.23, "humedadPasillo": 50.0, "deltaPresionPa": 21.8, "tsDispositivo": "2026-09-24T21:06:59+00:00"}
[2026-09-24 16:07:59] TX Python SDK azure-iot-device (MQTT sobre WebSockets 443) -> {"tempPasillo": 20.14, "humedadPasillo": 50.78, "deltaPresionPa": 20.5, "tsDispositivo": "2026-09-24T21:07:59+00:00"}
[2026-09-24 16:09:00] TX Python SDK azure-iot-device (MQTT sobre WebSockets 443) -> {"tempPasillo": 20.53, "humedadPasillo": 51.23, "deltaPresionPa": 17.8, "tsDispositivo": "2026-09-24T21:08:59+00:00"}
[2026-09-24 16:10:00] TX Python SDK azure-iot-device (MQTT sobre WebSockets 443) -> {"tempPasillo": 20.51, "humedadPasillo": 51.15, "deltaPresionPa": 20.6, "tsDispositivo": "2026-09-24T21:10:00+00:00"}
[2026-09-24 16:11:00] TX Python SDK azure-iot-device (MQTT sobre WebSockets 443) -> {"tempPasillo": 20.09, "humedadPasillo": 50.98, "deltaPresionPa": 21.8, "tsDispositivo": "2026-09-24T21:11:00+00:00"}
[2026-09-24 16:12:00] TX Python SDK azure-iot-device (MQTT sobre WebSockets 443) -> {"tempPasillo": 19.98, "humedadPasillo": 51.03, "deltaPresionPa": 20.5, "tsDispositivo": "2026-09-24T21:12:00+00:00"}
[2026-09-24 16:13:01] TX Python SDK azure-iot-device (MQTT sobre WebSockets 443) -> {"tempPasillo": 20.22, "humedadPasillo": 50.15, "deltaPresionPa": 20.7, "tsDispositivo": "2026-09-24T21:13:00+00:00"}
[2026-09-24 16:14:01] TX Python SDK azure-iot-device (MQTT sobre WebSockets 443) -> {"tempPasillo": 20.29, "humedadPasillo": 51.27, "deltaPresionPa": 21.9, "tsDispositivo": "2026-09-24T21:14:01+00:00"}
[2026-09-24 16:15:01] TX Python SDK azure-iot-device (MQTT sobre WebSockets 443) -> {"tempPasillo": 20.48, "humedadPasillo": 50.51, "deltaPresionPa": 17.7, "tsDispositivo": "2026-09-24T21:15:01+00:00"}
[2026-09-24 16:16:01] TX Python SDK azure-iot-device (MQTT sobre WebSockets 443) -> {"tempPasillo": 20.55, "humedadPasillo": 50.62, "deltaPresionPa": 20.0, "tsDispositivo": "2026-09-24T21:16:01+00:00"}
[2026-09-24 16:17:01] TX Python SDK azure-iot-device (MQTT sobre WebSockets 443) -> {"tempPasillo": 20.35, "humedadPasillo": 51.4, "deltaPresionPa": 22.1, "tsDispositivo": "2026-09-24T21:17:01+00:00"}
[2026-09-24 16:18:02] TX Python SDK azure-iot-device (MQTT sobre WebSockets 443) -> {"tempPasillo": 20.01, "humedadPasillo": 51.09, "deltaPresionPa": 17.6, "tsDispositivo": "2026-09-24T21:18:01+00:00"}
[2026-09-24 16:19:02] TX Python SDK azure-iot-device (MQTT sobre WebSockets 443) -> {"tempPasillo": 20.51, "humedadPasillo": 50.39, "deltaPresionPa": 19.1, "tsDispositivo": "2026-09-24T21:19:02+00:00"}
[2026-09-24 16:20:02] TX Python SDK azure-iot-device (MQTT sobre WebSockets 443) -> {"tempPasillo": 20.37, "humedadPasillo": 50.52, "deltaPresionPa": 20.0, "tsDispositivo": "2026-09-24T21:20:02+00:00"}
[2026-09-24 16:21:02] TX Python SDK azure-iot-device (MQTT sobre WebSockets 443) -> {"tempPasillo": 19.98, "humedadPasillo": 50.22, "deltaPresionPa": 21.9, "tsDispositivo": "2026-09-24T21:21:02+00:00"}
[2026-09-24 16:22:02] TX Python SDK azure-iot-device (MQTT sobre WebSockets 443) -> {"tempPasillo": 20.45, "humedadPasillo": 49.85, "deltaPresionPa": 20.7, "tsDispositivo": "2026-09-24T21:22:02+00:00"}
[2026-09-24 16:23:03] TX Python SDK azure-iot-device (MQTT sobre WebSockets 443) -> {"tempPasillo": 20.04, "humedadPasillo": 50.1, "deltaPresionPa": 19.5, "tsDispositivo": "2026-09-24T21:23:02+00:00"}
[2026-09-24 16:24:03] TX Python SDK azure-iot-device (MQTT sobre WebSockets 443) -> {"tempPasillo": 20.48, "humedadPasillo": 50.51, "deltaPresionPa": 18.1, "tsDispositivo": "2026-09-24T21:24:03+00:00"}
[2026-09-24 16:25:03] TX Python SDK azure-iot-device (MQTT sobre WebSockets 443) -> {"tempPasillo": 20.2, "humedadPasillo": 51.49, "deltaPresionPa": 21.5, "tsDispositivo": "2026-09-24T21:25:03+00:00"}
[2026-09-24 16:29:30] INFO  DPS (MQTT) id_scope=0ne00FE1F90 registration_id=DC-PASILLO-04 | hub por MQTT/WebSockets=True
[2026-09-24 16:29:33] INFO  DPS OK en 2.9 s -> hub iotc-ce764639-456d-4e61-9e9c-e64c9a818624.azure-devices.net | estado=assigned | DC-PASILLO-04
iotc-ce764639-456d-4e61-9e9c-e64c9a818624.azure-devices.net
initialAssignment
null
[2026-09-24 16:29:34] INFO  MQTT sobre WebSockets (443) conectado a IoT Central
[2026-09-24 16:29:34] INFO  propiedades reportadas: {'zona': 'Pasillo frio / contencion', 'ubicacion': 'Sala blanca - pasillo entre filas A y C', 'origenEnvio': 'Python SDK azure-iot-device (MQTT sobre WebSockets 443)', 'fabricante': 'Dell Edge Gateway 3200 + Sensirion SDP810', 'modelo': 'Nodo-Py-WS/1.0', 'versionFirmware': '1.2.0', 'intervaloMuestreo': 60}
[2026-09-24 16:29:34] TX Python SDK azure-iot-device (MQTT sobre WebSockets 443) -> {"tempPasillo": 20.34, "humedadPasillo": 51.35, "deltaPresionPa": 20.8, "tsDispositivo": "2026-09-24T21:29:34+00:00"}
[2026-09-24 16:30:35] TX Python SDK azure-iot-device (MQTT sobre WebSockets 443) -> {"tempPasillo": 20.15, "humedadPasillo": 51.07, "deltaPresionPa": 20.0, "tsDispositivo": "2026-09-24T21:30:34+00:00"}
[2026-09-24 16:31:35] TX Python SDK azure-iot-device (MQTT sobre WebSockets 443) -> {"tempPasillo": 20.17, "humedadPasillo": 51.17, "deltaPresionPa": 20.9, "tsDispositivo": "2026-09-24T21:31:35+00:00"}
[2026-09-24 16:32:35] TX Python SDK azure-iot-device (MQTT sobre WebSockets 443) -> {"tempPasillo": 20.44, "humedadPasillo": 49.94, "deltaPresionPa": 22.0, "tsDispositivo": "2026-09-24T21:32:35+00:00"}
[2026-09-24 16:33:35] TX Python SDK azure-iot-device (MQTT sobre WebSockets 443) -> {"tempPasillo": 20.25, "humedadPasillo": 50.45, "deltaPresionPa": 18.7, "tsDispositivo": "2026-09-24T21:33:35+00:00"}
[2026-09-24 16:34:35] TX Python SDK azure-iot-device (MQTT sobre WebSockets 443) -> {"tempPasillo": 20.37, "humedadPasillo": 51.31, "deltaPresionPa": 22.0, "tsDispositivo": "2026-09-24T21:34:35+00:00"}
[2026-09-24 16:35:36] TX Python SDK azure-iot-device (MQTT sobre WebSockets 443) -> {"tempPasillo": 20.44, "humedadPasillo": 50.41, "deltaPresionPa": 17.1, "tsDispositivo": "2026-09-24T21:35:35+00:00"}
[2026-09-24 16:36:36] TX Python SDK azure-iot-device (MQTT sobre WebSockets 443) -> {"tempPasillo": 20.09, "humedadPasillo": 49.54, "deltaPresionPa": 21.2, "tsDispositivo": "2026-09-24T21:36:36+00:00"}
[2026-09-24 16:37:36] TX Python SDK azure-iot-device (MQTT sobre WebSockets 443) -> {"tempPasillo": 20.13, "humedadPasillo": 50.03, "deltaPresionPa": 18.5, "tsDispositivo": "2026-09-24T21:37:36+00:00"}
[2026-09-24 16:38:36] TX Python SDK azure-iot-device (MQTT sobre WebSockets 443) -> {"tempPasillo": 20.23, "humedadPasillo": 49.52, "deltaPresionPa": 19.1, "tsDispositivo": "2026-09-24T21:38:36+00:00"}
[2026-09-24 16:39:37] TX Python SDK azure-iot-device (MQTT sobre WebSockets 443) -> {"tempPasillo": 20.02, "humedadPasillo": 49.39, "deltaPresionPa": 20.0, "tsDispositivo": "2026-09-24T21:39:36+00:00"}
[2026-09-24 16:40:37] TX Python SDK azure-iot-device (MQTT sobre WebSockets 443) -> {"tempPasillo": 20.2, "humedadPasillo": 50.1, "deltaPresionPa": 19.6, "tsDispositivo": "2026-09-24T21:40:37+00:00"}
[2026-09-24 16:41:37] TX Python SDK azure-iot-device (MQTT sobre WebSockets 443) -> {"tempPasillo": 20.19, "humedadPasillo": 51.26, "deltaPresionPa": 18.8, "tsDispositivo": "2026-09-24T21:41:37+00:00"}
[2026-09-24 16:42:37] TX Python SDK azure-iot-device (MQTT sobre WebSockets 443) -> {"tempPasillo": 20.44, "humedadPasillo": 50.01, "deltaPresionPa": 18.2, "tsDispositivo": "2026-09-24T21:42:37+00:00"}
[2026-09-24 16:43:37] TX Python SDK azure-iot-device (MQTT sobre WebSockets 443) -> {"tempPasillo": 20.34, "humedadPasillo": 50.61, "deltaPresionPa": 17.5, "tsDispositivo": "2026-09-24T21:43:37+00:00"}
[2026-09-24 16:44:38] TX Python SDK azure-iot-device (MQTT sobre WebSockets 443) -> {"tempPasillo": 20.03, "humedadPasillo": 50.97, "deltaPresionPa": 20.1, "tsDispositivo": "2026-09-24T21:44:37+00:00"}
[2026-09-24 16:45:38] TX Python SDK azure-iot-device (MQTT sobre WebSockets 443) -> {"tempPasillo": 20.5, "humedadPasillo": 49.98, "deltaPresionPa": 21.3, "tsDispositivo": "2026-09-24T21:45:38+00:00"}
[2026-09-24 16:46:38] TX Python SDK azure-iot-device (MQTT sobre WebSockets 443) -> {"tempPasillo": 20.46, "humedadPasillo": 51.19, "deltaPresionPa": 19.2, "tsDispositivo": "2026-09-24T21:46:38+00:00"}
[2026-09-24 16:47:38] TX Python SDK azure-iot-device (MQTT sobre WebSockets 443) -> {"tempPasillo": 20.11, "humedadPasillo": 49.38, "deltaPresionPa": 18.2, "tsDispositivo": "2026-09-24T21:47:38+00:00"}
[2026-09-24 16:48:39] TX Python SDK azure-iot-device (MQTT sobre WebSockets 443) -> {"tempPasillo": 20.17, "humedadPasillo": 50.03, "deltaPresionPa": 17.3, "tsDispositivo": "2026-09-24T21:48:38+00:00"}
[2026-09-24 16:49:39] TX Python SDK azure-iot-device (MQTT sobre WebSockets 443) -> {"tempPasillo": 20.27, "humedadPasillo": 51.02, "deltaPresionPa": 18.2, "tsDispositivo": "2026-09-24T21:49:39+00:00"}
[2026-09-24 16:50:39] TX Python SDK azure-iot-device (MQTT sobre WebSockets 443) -> {"tempPasillo": 20.25, "humedadPasillo": 50.36, "deltaPresionPa": 21.8, "tsDispositivo": "2026-09-24T21:50:39+00:00"}
[2026-09-24 16:51:39] TX Python SDK azure-iot-device (MQTT sobre WebSockets 443) -> {"tempPasillo": 19.95, "humedadPasillo": 49.21, "deltaPresionPa": 18.9, "tsDispositivo": "2026-09-24T21:51:39+00:00"}
[2026-09-24 16:52:39] TX Python SDK azure-iot-device (MQTT sobre WebSockets 443) -> {"tempPasillo": 20.42, "humedadPasillo": 49.78, "deltaPresionPa": 20.4, "tsDispositivo": "2026-09-24T21:52:39+00:00"}
[2026-09-24 16:53:40] TX Python SDK azure-iot-device (MQTT sobre WebSockets 443) -> {"tempPasillo": 20.15, "humedadPasillo": 51.01, "deltaPresionPa": 18.2, "tsDispositivo": "2026-09-24T21:53:39+00:00"}
[2026-09-24 16:54:40] TX Python SDK azure-iot-device (MQTT sobre WebSockets 443) -> {"tempPasillo": 19.95, "humedadPasillo": 49.1, "deltaPresionPa": 18.9, "tsDispositivo": "2026-09-24T21:54:40+00:00"}
[2026-09-24 16:55:40] TX Python SDK azure-iot-device (MQTT sobre WebSockets 443) -> {"tempPasillo": 20.24, "humedadPasillo": 49.25, "deltaPresionPa": 17.3, "tsDispositivo": "2026-09-24T21:55:40+00:00"}
[2026-09-24 16:56:40] TX Python SDK azure-iot-device (MQTT sobre WebSockets 443) -> {"tempPasillo": 20.08, "humedadPasillo": 49.11, "deltaPresionPa": 17.3, "tsDispositivo": "2026-09-24T21:56:40+00:00"}
[2026-09-24 16:57:40] TX Python SDK azure-iot-device (MQTT sobre WebSockets 443) -> {"tempPasillo": 20.56, "humedadPasillo": 49.96, "deltaPresionPa": 18.0, "tsDispositivo": "2026-09-24T21:57:40+00:00"}
[2026-09-24 16:58:41] TX Python SDK azure-iot-device (MQTT sobre WebSockets 443) -> {"tempPasillo": 20.12, "humedadPasillo": 50.78, "deltaPresionPa": 18.8, "tsDispositivo": "2026-09-24T21:58:40+00:00"}
[2026-09-24 16:59:41] TX Python SDK azure-iot-device (MQTT sobre WebSockets 443) -> {"tempPasillo": 20.05, "humedadPasillo": 49.81, "deltaPresionPa": 17.7, "tsDispositivo": "2026-09-24T21:59:41+00:00"}
[2026-09-24 17:00:41] TX Python SDK azure-iot-device (MQTT sobre WebSockets 443) -> {"tempPasillo": 20.17, "humedadPasillo": 50.95, "deltaPresionPa": 18.4, "tsDispositivo": "2026-09-24T22:00:41+00:00"}
[2026-09-24 17:01:41] TX Python SDK azure-iot-device (MQTT sobre WebSockets 443) -> {"tempPasillo": 20.24, "humedadPasillo": 50.49, "deltaPresionPa": 17.5, "tsDispositivo": "2026-09-24T22:01:41+00:00"}
[2026-09-24 17:02:42] TX Python SDK azure-iot-device (MQTT sobre WebSockets 443) -> {"tempPasillo": 20.47, "humedadPasillo": 50.29, "deltaPresionPa": 19.9, "tsDispositivo": "2026-09-24T22:02:41+00:00"}
[2026-09-24 17:03:42] TX Python SDK azure-iot-device (MQTT sobre WebSockets 443) -> {"tempPasillo": 20.08, "humedadPasillo": 50.82, "deltaPresionPa": 19.6, "tsDispositivo": "2026-09-24T22:03:42+00:00"}
[2026-09-24 17:04:42] TX Python SDK azure-iot-device (MQTT sobre WebSockets 443) -> {"tempPasillo": 20.23, "humedadPasillo": 50.31, "deltaPresionPa": 19.6, "tsDispositivo": "2026-09-24T22:04:42+00:00"}
[2026-09-24 17:05:42] TX Python SDK azure-iot-device (MQTT sobre WebSockets 443) -> {"tempPasillo": 20.1, "humedadPasillo": 49.27, "deltaPresionPa": 21.8, "tsDispositivo": "2026-09-24T22:05:42+00:00"}
[2026-09-24 17:06:42] TX Python SDK azure-iot-device (MQTT sobre WebSockets 443) -> {"tempPasillo": 20.34, "humedadPasillo": 49.8, "deltaPresionPa": 18.4, "tsDispositivo": "2026-09-24T22:06:42+00:00"}
[2026-09-24 17:07:43] TX Python SDK azure-iot-device (MQTT sobre WebSockets 443) -> {"tempPasillo": 20.07, "humedadPasillo": 49.35, "deltaPresionPa": 18.1, "tsDispositivo": "2026-09-24T22:07:42+00:00"}
[2026-09-24 17:08:43] TX Python SDK azure-iot-device (MQTT sobre WebSockets 443) -> {"tempPasillo": 20.34, "humedadPasillo": 50.53, "deltaPresionPa": 17.9, "tsDispositivo": "2026-09-24T22:08:43+00:00"}
[2026-09-24 17:09:43] TX Python SDK azure-iot-device (MQTT sobre WebSockets 443) -> {"tempPasillo": 20.33, "humedadPasillo": 50.09, "deltaPresionPa": 20.8, "tsDispositivo": "2026-09-24T22:09:43+00:00"}
[2026-09-24 17:10:43] TX Python SDK azure-iot-device (MQTT sobre WebSockets 443) -> {"tempPasillo": 20.14, "humedadPasillo": 49.71, "deltaPresionPa": 18.1, "tsDispositivo": "2026-09-24T22:10:43+00:00"}
[2026-09-24 17:11:43] TX Python SDK azure-iot-device (MQTT sobre WebSockets 443) -> {"tempPasillo": 20.46, "humedadPasillo": 49.98, "deltaPresionPa": 19.8, "tsDispositivo": "2026-09-24T22:11:43+00:00"}
[2026-09-24 17:12:44] TX Python SDK azure-iot-device (MQTT sobre WebSockets 443) -> {"tempPasillo": 20.2, "humedadPasillo": 49.1, "deltaPresionPa": 19.7, "tsDispositivo": "2026-09-24T22:12:43+00:00"}
[2026-09-24 17:13:44] TX Python SDK azure-iot-device (MQTT sobre WebSockets 443) -> {"tempPasillo": 20.48, "humedadPasillo": 48.89, "deltaPresionPa": 22.1, "tsDispositivo": "2026-09-24T22:13:44+00:00"}
[2026-09-24 17:14:44] TX Python SDK azure-iot-device (MQTT sobre WebSockets 443) -> {"tempPasillo": 20.46, "humedadPasillo": 50.57, "deltaPresionPa": 20.0, "tsDispositivo": "2026-09-24T22:14:44+00:00"}
[2026-09-24 17:15:44] TX Python SDK azure-iot-device (MQTT sobre WebSockets 443) -> {"tempPasillo": 20.03, "humedadPasillo": 48.82, "deltaPresionPa": 21.3, "tsDispositivo": "2026-09-24T22:15:44+00:00"}
[2026-09-24 17:16:45] TX Python SDK azure-iot-device (MQTT sobre WebSockets 443) -> {"tempPasillo": 20.38, "humedadPasillo": 48.88, "deltaPresionPa": 21.6, "tsDispositivo": "2026-09-24T22:16:44+00:00"}
[2026-09-24 17:17:45] TX Python SDK azure-iot-device (MQTT sobre WebSockets 443) -> {"tempPasillo": 20.5, "humedadPasillo": 50.3, "deltaPresionPa": 18.0, "tsDispositivo": "2026-09-24T22:17:45+00:00"}
[2026-09-24 17:18:45] TX Python SDK azure-iot-device (MQTT sobre WebSockets 443) -> {"tempPasillo": 20.48, "humedadPasillo": 50.61, "deltaPresionPa": 17.2, "tsDispositivo": "2026-09-24T22:18:45+00:00"}
[2026-09-24 17:19:45] TX Python SDK azure-iot-device (MQTT sobre WebSockets 443) -> {"tempPasillo": 20.16, "humedadPasillo": 49.86, "deltaPresionPa": 21.3, "tsDispositivo": "2026-09-24T22:19:45+00:00"}
[2026-09-24 17:20:45] TX Python SDK azure-iot-device (MQTT sobre WebSockets 443) -> {"tempPasillo": 20.55, "humedadPasillo": 50.5, "deltaPresionPa": 18.3, "tsDispositivo": "2026-09-24T22:20:45+00:00"}
[2026-09-24 17:21:46] TX Python SDK azure-iot-device (MQTT sobre WebSockets 443) -> {"tempPasillo": 20.46, "humedadPasillo": 50.24, "deltaPresionPa": 17.8, "tsDispositivo": "2026-09-24T22:21:45+00:00"}
[2026-09-24 17:22:46] TX Python SDK azure-iot-device (MQTT sobre WebSockets 443) -> {"tempPasillo": 20.12, "humedadPasillo": 50.35, "deltaPresionPa": 21.7, "tsDispositivo": "2026-09-24T22:22:46+00:00"}
[2026-09-24 17:23:46] TX Python SDK azure-iot-device (MQTT sobre WebSockets 443) -> {"tempPasillo": 20.05, "humedadPasillo": 49.25, "deltaPresionPa": 17.6, "tsDispositivo": "2026-09-24T22:23:46+00:00"}
[2026-09-24 17:24:46] TX Python SDK azure-iot-device (MQTT sobre WebSockets 443) -> {"tempPasillo": 20.4, "humedadPasillo": 48.64, "deltaPresionPa": 20.5, "tsDispositivo": "2026-09-24T22:24:46+00:00"}
[2026-09-24 17:25:47] TX Python SDK azure-iot-device (MQTT sobre WebSockets 443) -> {"tempPasillo": 20.2, "humedadPasillo": 49.42, "deltaPresionPa": 21.6, "tsDispositivo": "2026-09-24T22:25:46+00:00"}
[2026-09-24 17:26:47] TX Python SDK azure-iot-device (MQTT sobre WebSockets 443) -> {"tempPasillo": 20.24, "humedadPasillo": 48.71, "deltaPresionPa": 17.7, "tsDispositivo": "2026-09-24T22:26:47+00:00"}
[2026-09-24 17:27:34] INFO  TWIN desired: {'$version': 2, 'modoOperacion': 'Normal', 'umbralHumedad': 60, 'umbralPM25': 35, 'umbralTemperatura': 27}
[2026-09-24 17:27:47] TX Python SDK azure-iot-device (MQTT sobre WebSockets 443) -> {"tempPasillo": 20.45, "humedadPasillo": 49.74, "deltaPresionPa": 18.2, "tsDispositivo": "2026-09-24T22:27:47+00:00"}
[2026-09-24 17:28:47] TX Python SDK azure-iot-device (MQTT sobre WebSockets 443) -> {"tempPasillo": 19.98, "humedadPasillo": 49.15, "deltaPresionPa": 21.7, "tsDispositivo": "2026-09-24T22:28:47+00:00"}
[2026-09-24 17:29:47] TX Python SDK azure-iot-device (MQTT sobre WebSockets 443) -> {"tempPasillo": 20.36, "humedadPasillo": 50.08, "deltaPresionPa": 21.9, "tsDispositivo": "2026-09-24T22:29:47+00:00"}
[2026-09-24 17:30:48] TX Python SDK azure-iot-device (MQTT sobre WebSockets 443) -> {"tempPasillo": 19.95, "humedadPasillo": 50.13, "deltaPresionPa": 18.1, "tsDispositivo": "2026-09-24T22:30:47+00:00"}
[2026-09-24 17:31:48] TX Python SDK azure-iot-device (MQTT sobre WebSockets 443) -> {"tempPasillo": 20.02, "humedadPasillo": 48.7, "deltaPresionPa": 17.5, "tsDispositivo": "2026-09-24T22:31:48+00:00"}
[2026-09-24 17:32:48] TX Python SDK azure-iot-device (MQTT sobre WebSockets 443) -> {"tempPasillo": 20.13, "humedadPasillo": 48.95, "deltaPresionPa": 21.1, "tsDispositivo": "2026-09-24T22:32:48+00:00"}
[2026-09-24 17:33:48] TX Python SDK azure-iot-device (MQTT sobre WebSockets 443) -> {"tempPasillo": 20.5, "humedadPasillo": 50.12, "deltaPresionPa": 21.6, "tsDispositivo": "2026-09-24T22:33:48+00:00"}
[2026-09-24 17:34:48] TX Python SDK azure-iot-device (MQTT sobre WebSockets 443) -> {"tempPasillo": 20.49, "humedadPasillo": 48.78, "deltaPresionPa": 20.0, "tsDispositivo": "2026-09-24T22:34:48+00:00"}
[2026-09-24 17:35:49] TX Python SDK azure-iot-device (MQTT sobre WebSockets 443) -> {"tempPasillo": 20.36, "humedadPasillo": 49.03, "deltaPresionPa": 20.1, "tsDispositivo": "2026-09-24T22:35:48+00:00"}
[2026-09-24 17:36:49] TX Python SDK azure-iot-device (MQTT sobre WebSockets 443) -> {"tempPasillo": 20.28, "humedadPasillo": 49.22, "deltaPresionPa": 18.5, "tsDispositivo": "2026-09-24T22:36:49+00:00"}
[2026-09-24 17:37:49] TX Python SDK azure-iot-device (MQTT sobre WebSockets 443) -> {"tempPasillo": 20.13, "humedadPasillo": 49.63, "deltaPresionPa": 18.4, "tsDispositivo": "2026-09-24T22:37:49+00:00"}
[2026-09-24 17:38:49] TX Python SDK azure-iot-device (MQTT sobre WebSockets 443) -> {"tempPasillo": 19.98, "humedadPasillo": 49.48, "deltaPresionPa": 17.2, "tsDispositivo": "2026-09-24T22:38:49+00:00"}
[2026-09-24 17:39:49] TX Python SDK azure-iot-device (MQTT sobre WebSockets 443) -> {"tempPasillo": 20.22, "humedadPasillo": 48.61, "deltaPresionPa": 18.3, "tsDispositivo": "2026-09-24T22:39:49+00:00"}
[2026-09-24 17:40:52] TX Python SDK azure-iot-device (MQTT sobre WebSockets 443) -> {"tempPasillo": 20.33, "humedadPasillo": 49.27, "deltaPresionPa": 20.3, "tsDispositivo": "2026-09-24T22:40:49+00:00"}
[2026-09-24 17:41:52] TX Python SDK azure-iot-device (MQTT sobre WebSockets 443) -> {"tempPasillo": 19.95, "humedadPasillo": 49.96, "deltaPresionPa": 17.4, "tsDispositivo": "2026-09-24T22:41:52+00:00"}
[2026-09-24 17:42:52] TX Python SDK azure-iot-device (MQTT sobre WebSockets 443) -> {"tempPasillo": 20.08, "humedadPasillo": 49.77, "deltaPresionPa": 20.8, "tsDispositivo": "2026-09-24T22:42:52+00:00"}
[2026-09-24 17:43:52] TX Python SDK azure-iot-device (MQTT sobre WebSockets 443) -> {"tempPasillo": 20.51, "humedadPasillo": 48.47, "deltaPresionPa": 17.1, "tsDispositivo": "2026-09-24T22:43:52+00:00"}
[2026-09-24 17:44:52] TX Python SDK azure-iot-device (MQTT sobre WebSockets 443) -> {"tempPasillo": 20.49, "humedadPasillo": 48.87, "deltaPresionPa": 20.5, "tsDispositivo": "2026-09-24T22:44:52+00:00"}
[2026-09-24 17:45:53] TX Python SDK azure-iot-device (MQTT sobre WebSockets 443) -> {"tempPasillo": 20.42, "humedadPasillo": 49.29, "deltaPresionPa": 20.3, "tsDispositivo": "2026-09-24T22:45:52+00:00"}
[2026-09-24 17:46:53] TX Python SDK azure-iot-device (MQTT sobre WebSockets 443) -> {"tempPasillo": 20.1, "humedadPasillo": 49.54, "deltaPresionPa": 17.2, "tsDispositivo": "2026-09-24T22:46:53+00:00"}
[2026-09-24 17:47:53] TX Python SDK azure-iot-device (MQTT sobre WebSockets 443) -> {"tempPasillo": 20.49, "humedadPasillo": 48.34, "deltaPresionPa": 22.0, "tsDispositivo": "2026-09-24T22:47:53+00:00"}
[2026-09-24 17:48:53] TX Python SDK azure-iot-device (MQTT sobre WebSockets 443) -> {"tempPasillo": 20.47, "humedadPasillo": 49.82, "deltaPresionPa": 20.7, "tsDispositivo": "2026-09-24T22:48:53+00:00"}
[2026-09-24 17:49:53] TX Python SDK azure-iot-device (MQTT sobre WebSockets 443) -> {"tempPasillo": 19.92, "humedadPasillo": 48.97, "deltaPresionPa": 18.6, "tsDispositivo": "2026-09-24T22:49:53+00:00"}
[2026-09-24 17:50:54] TX Python SDK azure-iot-device (MQTT sobre WebSockets 443) -> {"tempPasillo": 20.18, "humedadPasillo": 48.83, "deltaPresionPa": 18.8, "tsDispositivo": "2026-09-24T22:50:53+00:00"}
[2026-09-24 17:51:54] TX Python SDK azure-iot-device (MQTT sobre WebSockets 443) -> {"tempPasillo": 20.01, "humedadPasillo": 49.73, "deltaPresionPa": 19.1, "tsDispositivo": "2026-09-24T22:51:54+00:00"}
[2026-09-24 17:52:54] TX Python SDK azure-iot-device (MQTT sobre WebSockets 443) -> {"tempPasillo": 20.36, "humedadPasillo": 48.6, "deltaPresionPa": 17.7, "tsDispositivo": "2026-09-24T22:52:54+00:00"}
[2026-09-24 17:53:54] TX Python SDK azure-iot-device (MQTT sobre WebSockets 443) -> {"tempPasillo": 20.5, "humedadPasillo": 49.41, "deltaPresionPa": 17.8, "tsDispositivo": "2026-09-24T22:53:54+00:00"}
[2026-09-24 17:54:54] TX Python SDK azure-iot-device (MQTT sobre WebSockets 443) -> {"tempPasillo": 20.24, "humedadPasillo": 48.33, "deltaPresionPa": 18.7, "tsDispositivo": "2026-09-24T22:54:54+00:00"}
[2026-09-24 17:55:55] TX Python SDK azure-iot-device (MQTT sobre WebSockets 443) -> {"tempPasillo": 20.0, "humedadPasillo": 48.08, "deltaPresionPa": 17.7, "tsDispositivo": "2026-09-24T22:55:54+00:00"}
[2026-09-24 17:56:55] TX Python SDK azure-iot-device (MQTT sobre WebSockets 443) -> {"tempPasillo": 20.09, "humedadPasillo": 48.25, "deltaPresionPa": 19.2, "tsDispositivo": "2026-09-24T22:56:55+00:00"}
[2026-09-24 17:57:55] TX Python SDK azure-iot-device (MQTT sobre WebSockets 443) -> {"tempPasillo": 19.95, "humedadPasillo": 48.47, "deltaPresionPa": 20.3, "tsDispositivo": "2026-09-24T22:57:55+00:00"}
[2026-09-24 17:58:55] TX Python SDK azure-iot-device (MQTT sobre WebSockets 443) -> {"tempPasillo": 20.39, "humedadPasillo": 49.84, "deltaPresionPa": 19.0, "tsDispositivo": "2026-09-24T22:58:55+00:00"}
[2026-09-24 17:59:55] TX Python SDK azure-iot-device (MQTT sobre WebSockets 443) -> {"tempPasillo": 19.92, "humedadPasillo": 49.65, "deltaPresionPa": 18.8, "tsDispositivo": "2026-09-24T22:59:55+00:00"}
[2026-09-24 18:00:56] TX Python SDK azure-iot-device (MQTT sobre WebSockets 443) -> {"tempPasillo": 19.93, "humedadPasillo": 48.39, "deltaPresionPa": 17.3, "tsDispositivo": "2026-09-24T23:00:55+00:00"}
[2026-09-24 18:01:56] TX Python SDK azure-iot-device (MQTT sobre WebSockets 443) -> {"tempPasillo": 20.16, "humedadPasillo": 48.62, "deltaPresionPa": 21.1, "tsDispositivo": "2026-09-24T23:01:56+00:00"}
[2026-09-24 18:02:56] TX Python SDK azure-iot-device (MQTT sobre WebSockets 443) -> {"tempPasillo": 20.13, "humedadPasillo": 49.32, "deltaPresionPa": 19.2, "tsDispositivo": "2026-09-24T23:02:56+00:00"}
[2026-09-24 18:03:56] TX Python SDK azure-iot-device (MQTT sobre WebSockets 443) -> {"tempPasillo": 20.36, "humedadPasillo": 48.86, "deltaPresionPa": 21.6, "tsDispositivo": "2026-09-24T23:03:56+00:00"}
[2026-09-24 18:04:56] TX Python SDK azure-iot-device (MQTT sobre WebSockets 443) -> {"tempPasillo": 20.05, "humedadPasillo": 48.97, "deltaPresionPa": 18.9, "tsDispositivo": "2026-09-24T23:04:56+00:00"}
[2026-09-24 18:05:57] TX Python SDK azure-iot-device (MQTT sobre WebSockets 443) -> {"tempPasillo": 19.98, "humedadPasillo": 48.58, "deltaPresionPa": 18.3, "tsDispositivo": "2026-09-24T23:05:56+00:00"}
[2026-09-24 18:06:57] TX Python SDK azure-iot-device (MQTT sobre WebSockets 443) -> {"tempPasillo": 19.99, "humedadPasillo": 49.66, "deltaPresionPa": 18.5, "tsDispositivo": "2026-09-24T23:06:57+00:00"}
[2026-09-24 18:07:57] TX Python SDK azure-iot-device (MQTT sobre WebSockets 443) -> {"tempPasillo": 20.45, "humedadPasillo": 49.47, "deltaPresionPa": 17.9, "tsDispositivo": "2026-09-24T23:07:57+00:00"}
[2026-09-24 18:08:57] TX Python SDK azure-iot-device (MQTT sobre WebSockets 443) -> {"tempPasillo": 20.05, "humedadPasillo": 48.82, "deltaPresionPa": 19.6, "tsDispositivo": "2026-09-24T23:08:57+00:00"}
[2026-09-24 18:09:58] TX Python SDK azure-iot-device (MQTT sobre WebSockets 443) -> {"tempPasillo": 20.09, "humedadPasillo": 48.78, "deltaPresionPa": 17.6, "tsDispositivo": "2026-09-24T23:09:57+00:00"}
[2026-09-24 18:10:58] TX Python SDK azure-iot-device (MQTT sobre WebSockets 443) -> {"tempPasillo": 20.33, "humedadPasillo": 48.68, "deltaPresionPa": 16.9, "tsDispositivo": "2026-09-24T23:10:58+00:00"}
[2026-09-24 18:11:58] TX Python SDK azure-iot-device (MQTT sobre WebSockets 443) -> {"tempPasillo": 20.15, "humedadPasillo": 49.03, "deltaPresionPa": 17.4, "tsDispositivo": "2026-09-24T23:11:58+00:00"}
[2026-09-24 18:12:58] TX Python SDK azure-iot-device (MQTT sobre WebSockets 443) -> {"tempPasillo": 19.96, "humedadPasillo": 48.79, "deltaPresionPa": 18.4, "tsDispositivo": "2026-09-24T23:12:58+00:00"}
[2026-09-24 18:13:58] TX Python SDK azure-iot-device (MQTT sobre WebSockets 443) -> {"tempPasillo": 20.32, "humedadPasillo": 48.86, "deltaPresionPa": 18.7, "tsDispositivo": "2026-09-24T23:13:58+00:00"}
[2026-09-24 18:14:59] TX Python SDK azure-iot-device (MQTT sobre WebSockets 443) -> {"tempPasillo": 20.38, "humedadPasillo": 48.12, "deltaPresionPa": 18.1, "tsDispositivo": "2026-09-24T23:14:58+00:00"}
[2026-09-24 18:15:59] TX Python SDK azure-iot-device (MQTT sobre WebSockets 443) -> {"tempPasillo": 19.92, "humedadPasillo": 48.72, "deltaPresionPa": 17.7, "tsDispositivo": "2026-09-24T23:15:59+00:00"}
[2026-09-24 18:16:59] TX Python SDK azure-iot-device (MQTT sobre WebSockets 443) -> {"tempPasillo": 20.11, "humedadPasillo": 49.07, "deltaPresionPa": 19.1, "tsDispositivo": "2026-09-24T23:16:59+00:00"}
[2026-09-24 18:17:59] TX Python SDK azure-iot-device (MQTT sobre WebSockets 443) -> {"tempPasillo": 20.13, "humedadPasillo": 47.71, "deltaPresionPa": 19.2, "tsDispositivo": "2026-09-24T23:17:59+00:00"}
[2026-09-24 18:18:59] TX Python SDK azure-iot-device (MQTT sobre WebSockets 443) -> {"tempPasillo": 20.41, "humedadPasillo": 48.73, "deltaPresionPa": 20.3, "tsDispositivo": "2026-09-24T23:18:59+00:00"}
[2026-09-24 18:20:00] TX Python SDK azure-iot-device (MQTT sobre WebSockets 443) -> {"tempPasillo": 20.32, "humedadPasillo": 48.37, "deltaPresionPa": 18.6, "tsDispositivo": "2026-09-24T23:19:59+00:00"}
[2026-09-24 18:21:00] TX Python SDK azure-iot-device (MQTT sobre WebSockets 443) -> {"tempPasillo": 20.01, "humedadPasillo": 47.66, "deltaPresionPa": 18.6, "tsDispositivo": "2026-09-24T23:21:00+00:00"}
[2026-09-24 18:22:00] TX Python SDK azure-iot-device (MQTT sobre WebSockets 443) -> {"tempPasillo": 20.14, "humedadPasillo": 48.26, "deltaPresionPa": 17.2, "tsDispositivo": "2026-09-24T23:22:00+00:00"}
[2026-09-24 18:23:00] TX Python SDK azure-iot-device (MQTT sobre WebSockets 443) -> {"tempPasillo": 20.01, "humedadPasillo": 48.2, "deltaPresionPa": 17.8, "tsDispositivo": "2026-09-24T23:23:00+00:00"}
[2026-09-24 18:24:00] TX Python SDK azure-iot-device (MQTT sobre WebSockets 443) -> {"tempPasillo": 20.22, "humedadPasillo": 49.1, "deltaPresionPa": 18.8, "tsDispositivo": "2026-09-24T23:24:00+00:00"}
[2026-09-24 18:25:01] TX Python SDK azure-iot-device (MQTT sobre WebSockets 443) -> {"tempPasillo": 20.38, "humedadPasillo": 48.97, "deltaPresionPa": 18.3, "tsDispositivo": "2026-09-24T23:25:00+00:00"}
[2026-09-24 18:26:01] TX Python SDK azure-iot-device (MQTT sobre WebSockets 443) -> {"tempPasillo": 19.94, "humedadPasillo": 48.21, "deltaPresionPa": 18.6, "tsDispositivo": "2026-09-24T23:26:01+00:00"}
[2026-09-24 18:27:01] TX Python SDK azure-iot-device (MQTT sobre WebSockets 443) -> {"tempPasillo": 20.26, "humedadPasillo": 47.89, "deltaPresionPa": 18.2, "tsDispositivo": "2026-09-24T23:27:01+00:00"}
[2026-09-24 18:28:01] TX Python SDK azure-iot-device (MQTT sobre WebSockets 443) -> {"tempPasillo": 20.23, "humedadPasillo": 48.6, "deltaPresionPa": 17.1, "tsDispositivo": "2026-09-24T23:28:01+00:00"}
[2026-09-24 18:29:02] TX Python SDK azure-iot-device (MQTT sobre WebSockets 443) -> {"tempPasillo": 19.92, "humedadPasillo": 48.1, "deltaPresionPa": 18.9, "tsDispositivo": "2026-09-24T23:29:01+00:00"}
[2026-09-24 18:30:02] TX Python SDK azure-iot-device (MQTT sobre WebSockets 443) -> {"tempPasillo": 19.94, "humedadPasillo": 48.38, "deltaPresionPa": 20.4, "tsDispositivo": "2026-09-24T23:30:02+00:00"}
[2026-09-24 18:31:02] TX Python SDK azure-iot-device (MQTT sobre WebSockets 443) -> {"tempPasillo": 20.41, "humedadPasillo": 47.69, "deltaPresionPa": 21.6, "tsDispositivo": "2026-09-24T23:31:02+00:00"}
[2026-09-24 18:32:02] TX Python SDK azure-iot-device (MQTT sobre WebSockets 443) -> {"tempPasillo": 20.23, "humedadPasillo": 48.08, "deltaPresionPa": 21.5, "tsDispositivo": "2026-09-24T23:32:02+00:00"}
[2026-09-24 18:33:03] TX Python SDK azure-iot-device (MQTT sobre WebSockets 443) -> {"tempPasillo": 20.21, "humedadPasillo": 48.19, "deltaPresionPa": 17.4, "tsDispositivo": "2026-09-24T23:33:02+00:00"}
[2026-09-24 18:34:03] TX Python SDK azure-iot-device (MQTT sobre WebSockets 443) -> {"tempPasillo": 19.94, "humedadPasillo": 48.88, "deltaPresionPa": 18.2, "tsDispositivo": "2026-09-24T23:34:03+00:00"}
[2026-09-24 18:35:03] TX Python SDK azure-iot-device (MQTT sobre WebSockets 443) -> {"tempPasillo": 20.43, "humedadPasillo": 48.54, "deltaPresionPa": 19.3, "tsDispositivo": "2026-09-24T23:35:03+00:00"}
[2026-09-24 18:36:03] TX Python SDK azure-iot-device (MQTT sobre WebSockets 443) -> {"tempPasillo": 20.15, "humedadPasillo": 48.97, "deltaPresionPa": 17.4, "tsDispositivo": "2026-09-24T23:36:03+00:00"}
[2026-09-24 18:37:03] TX Python SDK azure-iot-device (MQTT sobre WebSockets 443) -> {"tempPasillo": 19.88, "humedadPasillo": 48.03, "deltaPresionPa": 21.0, "tsDispositivo": "2026-09-24T23:37:03+00:00"}
[2026-09-24 18:38:04] TX Python SDK azure-iot-device (MQTT sobre WebSockets 443) -> {"tempPasillo": 20.35, "humedadPasillo": 49.06, "deltaPresionPa": 18.5, "tsDispositivo": "2026-09-24T23:38:03+00:00"}
[2026-09-24 18:39:04] TX Python SDK azure-iot-device (MQTT sobre WebSockets 443) -> {"tempPasillo": 20.21, "humedadPasillo": 48.9, "deltaPresionPa": 19.8, "tsDispositivo": "2026-09-24T23:39:04+00:00"}
[2026-09-24 18:40:04] TX Python SDK azure-iot-device (MQTT sobre WebSockets 443) -> {"tempPasillo": 20.24, "humedadPasillo": 48.99, "deltaPresionPa": 17.8, "tsDispositivo": "2026-09-24T23:40:04+00:00"}
[2026-09-24 18:41:04] TX Python SDK azure-iot-device (MQTT sobre WebSockets 443) -> {"tempPasillo": 20.2, "humedadPasillo": 47.73, "deltaPresionPa": 20.4, "tsDispositivo": "2026-09-24T23:41:04+00:00"}
[2026-09-24 18:42:05] TX Python SDK azure-iot-device (MQTT sobre WebSockets 443) -> {"tempPasillo": 20.29, "humedadPasillo": 49.22, "deltaPresionPa": 18.5, "tsDispositivo": "2026-09-24T23:42:04+00:00"}
[2026-09-24 18:43:05] TX Python SDK azure-iot-device (MQTT sobre WebSockets 443) -> {"tempPasillo": 20.03, "humedadPasillo": 48.87, "deltaPresionPa": 20.6, "tsDispositivo": "2026-09-24T23:43:05+00:00"}
[2026-09-24 18:44:05] TX Python SDK azure-iot-device (MQTT sobre WebSockets 443) -> {"tempPasillo": 20.2, "humedadPasillo": 49.05, "deltaPresionPa": 21.3, "tsDispositivo": "2026-09-24T23:44:05+00:00"}
[2026-09-24 18:45:05] TX Python SDK azure-iot-device (MQTT sobre WebSockets 443) -> {"tempPasillo": 20.22, "humedadPasillo": 48.01, "deltaPresionPa": 20.7, "tsDispositivo": "2026-09-24T23:45:05+00:00"}
[2026-09-24 18:46:05] TX Python SDK azure-iot-device (MQTT sobre WebSockets 443) -> {"tempPasillo": 20.43, "humedadPasillo": 47.39, "deltaPresionPa": 19.3, "tsDispositivo": "2026-09-24T23:46:05+00:00"}
[2026-09-24 18:47:06] TX Python SDK azure-iot-device (MQTT sobre WebSockets 443) -> {"tempPasillo": 20.01, "humedadPasillo": 48.38, "deltaPresionPa": 17.5, "tsDispositivo": "2026-09-24T23:47:05+00:00"}
[2026-09-24 18:48:06] TX Python SDK azure-iot-device (MQTT sobre WebSockets 443) -> {"tempPasillo": 20.08, "humedadPasillo": 48.52, "deltaPresionPa": 21.0, "tsDispositivo": "2026-09-24T23:48:06+00:00"}
[2026-09-24 18:49:06] TX Python SDK azure-iot-device (MQTT sobre WebSockets 443) -> {"tempPasillo": 20.12, "humedadPasillo": 48.2, "deltaPresionPa": 21.4, "tsDispositivo": "2026-09-24T23:49:06+00:00"}
[2026-09-24 18:50:06] TX Python SDK azure-iot-device (MQTT sobre WebSockets 443) -> {"tempPasillo": 20.01, "humedadPasillo": 48.59, "deltaPresionPa": 20.3, "tsDispositivo": "2026-09-24T23:50:06+00:00"}
[2026-09-24 18:51:06] TX Python SDK azure-iot-device (MQTT sobre WebSockets 443) -> {"tempPasillo": 19.91, "humedadPasillo": 47.67, "deltaPresionPa": 18.3, "tsDispositivo": "2026-09-24T23:51:06+00:00"}
[2026-09-24 18:52:07] TX Python SDK azure-iot-device (MQTT sobre WebSockets 443) -> {"tempPasillo": 19.93, "humedadPasillo": 48.55, "deltaPresionPa": 18.4, "tsDispositivo": "2026-09-24T23:52:06+00:00"}
[2026-09-24 18:53:07] TX Python SDK azure-iot-device (MQTT sobre WebSockets 443) -> {"tempPasillo": 19.98, "humedadPasillo": 48.98, "deltaPresionPa": 19.1, "tsDispositivo": "2026-09-24T23:53:07+00:00"}
[2026-09-24 18:54:07] TX Python SDK azure-iot-device (MQTT sobre WebSockets 443) -> {"tempPasillo": 20.14, "humedadPasillo": 49.03, "deltaPresionPa": 16.8, "tsDispositivo": "2026-09-24T23:54:07+00:00"}
[2026-09-24 18:55:07] TX Python SDK azure-iot-device (MQTT sobre WebSockets 443) -> {"tempPasillo": 20.21, "humedadPasillo": 48.71, "deltaPresionPa": 20.7, "tsDispositivo": "2026-09-24T23:55:07+00:00"}
[2026-09-24 18:56:07] TX Python SDK azure-iot-device (MQTT sobre WebSockets 443) -> {"tempPasillo": 20.11, "humedadPasillo": 47.59, "deltaPresionPa": 17.1, "tsDispositivo": "2026-09-24T23:56:07+00:00"}
[2026-09-24 18:57:08] TX Python SDK azure-iot-device (MQTT sobre WebSockets 443) -> {"tempPasillo": 19.92, "humedadPasillo": 47.33, "deltaPresionPa": 20.3, "tsDispositivo": "2026-09-24T23:57:07+00:00"}
[2026-09-24 18:58:08] TX Python SDK azure-iot-device (MQTT sobre WebSockets 443) -> {"tempPasillo": 19.93, "humedadPasillo": 47.14, "deltaPresionPa": 19.7, "tsDispositivo": "2026-09-24T23:58:08+00:00"}
[2026-09-24 18:59:08] TX Python SDK azure-iot-device (MQTT sobre WebSockets 443) -> {"tempPasillo": 20.08, "humedadPasillo": 48.09, "deltaPresionPa": 16.7, "tsDispositivo": "2026-09-24T23:59:08+00:00"}
[2026-09-24 19:00:09] TX Python SDK azure-iot-device (MQTT sobre WebSockets 443) -> {"tempPasillo": 20.45, "humedadPasillo": 47.83, "deltaPresionPa": 21.6, "tsDispositivo": "2026-09-25T00:00:08+00:00"}
[2026-09-24 19:01:09] TX Python SDK azure-iot-device (MQTT sobre WebSockets 443) -> {"tempPasillo": 20.1, "humedadPasillo": 47.56, "deltaPresionPa": 17.3, "tsDispositivo": "2026-09-25T00:01:09+00:00"}
[2026-09-24 19:02:09] TX Python SDK azure-iot-device (MQTT sobre WebSockets 443) -> {"tempPasillo": 20.19, "humedadPasillo": 47.87, "deltaPresionPa": 20.9, "tsDispositivo": "2026-09-25T00:02:09+00:00"}
[2026-09-24 19:03:09] TX Python SDK azure-iot-device (MQTT sobre WebSockets 443) -> {"tempPasillo": 19.89, "humedadPasillo": 48.55, "deltaPresionPa": 21.4, "tsDispositivo": "2026-09-25T00:03:09+00:00"}
[2026-09-24 19:04:09] TX Python SDK azure-iot-device (MQTT sobre WebSockets 443) -> {"tempPasillo": 19.97, "humedadPasillo": 47.55, "deltaPresionPa": 21.2, "tsDispositivo": "2026-09-25T00:04:09+00:00"}
[2026-09-24 19:05:10] TX Python SDK azure-iot-device (MQTT sobre WebSockets 443) -> {"tempPasillo": 20.27, "humedadPasillo": 48.81, "deltaPresionPa": 20.4, "tsDispositivo": "2026-09-25T00:05:09+00:00"}
[2026-09-24 19:06:10] TX Python SDK azure-iot-device (MQTT sobre WebSockets 443) -> {"tempPasillo": 20.04, "humedadPasillo": 48.0, "deltaPresionPa": 20.0, "tsDispositivo": "2026-09-25T00:06:10+00:00"}
[2026-09-24 19:07:10] TX Python SDK azure-iot-device (MQTT sobre WebSockets 443) -> {"tempPasillo": 19.87, "humedadPasillo": 47.64, "deltaPresionPa": 20.6, "tsDispositivo": "2026-09-25T00:07:10+00:00"}
[2026-09-24 19:08:10] TX Python SDK azure-iot-device (MQTT sobre WebSockets 443) -> {"tempPasillo": 20.21, "humedadPasillo": 47.18, "deltaPresionPa": 20.1, "tsDispositivo": "2026-09-25T00:08:10+00:00"}
[2026-09-24 19:09:10] TX Python SDK azure-iot-device (MQTT sobre WebSockets 443) -> {"tempPasillo": 20.16, "humedadPasillo": 47.04, "deltaPresionPa": 21.2, "tsDispositivo": "2026-09-25T00:09:10+00:00"}
[2026-09-24 19:10:11] TX Python SDK azure-iot-device (MQTT sobre WebSockets 443) -> {"tempPasillo": 20.27, "humedadPasillo": 47.19, "deltaPresionPa": 19.9, "tsDispositivo": "2026-09-25T00:10:10+00:00"}
[2026-09-24 19:11:11] TX Python SDK azure-iot-device (MQTT sobre WebSockets 443) -> {"tempPasillo": 20.34, "humedadPasillo": 47.76, "deltaPresionPa": 17.4, "tsDispositivo": "2026-09-25T00:11:11+00:00"}
[2026-09-24 19:12:11] TX Python SDK azure-iot-device (MQTT sobre WebSockets 443) -> {"tempPasillo": 20.04, "humedadPasillo": 48.68, "deltaPresionPa": 17.5, "tsDispositivo": "2026-09-25T00:12:11+00:00"}
[2026-09-24 19:13:11] TX Python SDK azure-iot-device (MQTT sobre WebSockets 443) -> {"tempPasillo": 20.43, "humedadPasillo": 47.34, "deltaPresionPa": 20.2, "tsDispositivo": "2026-09-25T00:13:11+00:00"}
[2026-09-24 19:14:12] TX Python SDK azure-iot-device (MQTT sobre WebSockets 443) -> {"tempPasillo": 20.05, "humedadPasillo": 48.42, "deltaPresionPa": 19.5, "tsDispositivo": "2026-09-25T00:14:11+00:00"}
[2026-09-24 19:15:12] TX Python SDK azure-iot-device (MQTT sobre WebSockets 443) -> {"tempPasillo": 19.97, "humedadPasillo": 48.47, "deltaPresionPa": 20.6, "tsDispositivo": "2026-09-25T00:15:12+00:00"}
[2026-09-24 19:16:12] TX Python SDK azure-iot-device (MQTT sobre WebSockets 443) -> {"tempPasillo": 20.17, "humedadPasillo": 48.16, "deltaPresionPa": 17.0, "tsDispositivo": "2026-09-25T00:16:12+00:00"}
[2026-09-24 19:17:12] TX Python SDK azure-iot-device (MQTT sobre WebSockets 443) -> {"tempPasillo": 20.22, "humedadPasillo": 47.33, "deltaPresionPa": 20.1, "tsDispositivo": "2026-09-25T00:17:12+00:00"}
[2026-09-24 19:18:13] TX Python SDK azure-iot-device (MQTT sobre WebSockets 443) -> {"tempPasillo": 20.07, "humedadPasillo": 48.59, "deltaPresionPa": 18.1, "tsDispositivo": "2026-09-25T00:18:12+00:00"}
[2026-09-24 19:19:13] TX Python SDK azure-iot-device (MQTT sobre WebSockets 443) -> {"tempPasillo": 20.08, "humedadPasillo": 48.46, "deltaPresionPa": 19.5, "tsDispositivo": "2026-09-25T00:19:13+00:00"}
[2026-09-24 19:20:13] TX Python SDK azure-iot-device (MQTT sobre WebSockets 443) -> {"tempPasillo": 20.34, "humedadPasillo": 48.37, "deltaPresionPa": 17.4, "tsDispositivo": "2026-09-25T00:20:13+00:00"}
[2026-09-24 19:21:13] TX Python SDK azure-iot-device (MQTT sobre WebSockets 443) -> {"tempPasillo": 19.9, "humedadPasillo": 48.08, "deltaPresionPa": 20.3, "tsDispositivo": "2026-09-25T00:21:13+00:00"}
[2026-09-24 19:22:13] TX Python SDK azure-iot-device (MQTT sobre WebSockets 443) -> {"tempPasillo": 20.35, "humedadPasillo": 47.42, "deltaPresionPa": 19.4, "tsDispositivo": "2026-09-25T00:22:13+00:00"}
[2026-09-24 19:23:14] TX Python SDK azure-iot-device (MQTT sobre WebSockets 443) -> {"tempPasillo": 20.39, "humedadPasillo": 47.95, "deltaPresionPa": 19.1, "tsDispositivo": "2026-09-25T00:23:13+00:00"}
[2026-09-24 19:24:14] TX Python SDK azure-iot-device (MQTT sobre WebSockets 443) -> {"tempPasillo": 20.18, "humedadPasillo": 48.33, "deltaPresionPa": 16.6, "tsDispositivo": "2026-09-25T00:24:14+00:00"}
[2026-09-24 19:25:14] TX Python SDK azure-iot-device (MQTT sobre WebSockets 443) -> {"tempPasillo": 20.23, "humedadPasillo": 47.97, "deltaPresionPa": 17.8, "tsDispositivo": "2026-09-25T00:25:14+00:00"}
[2026-09-24 19:26:14] TX Python SDK azure-iot-device (MQTT sobre WebSockets 443) -> {"tempPasillo": 20.26, "humedadPasillo": 46.82, "deltaPresionPa": 17.2, "tsDispositivo": "2026-09-25T00:26:14+00:00"}
[2026-09-24 19:27:15] TX Python SDK azure-iot-device (MQTT sobre WebSockets 443) -> {"tempPasillo": 19.86, "humedadPasillo": 47.12, "deltaPresionPa": 17.7, "tsDispositivo": "2026-09-25T00:27:14+00:00"}
[2026-09-24 19:28:15] TX Python SDK azure-iot-device (MQTT sobre WebSockets 443) -> {"tempPasillo": 20.19, "humedadPasillo": 47.64, "deltaPresionPa": 19.2, "tsDispositivo": "2026-09-25T00:28:15+00:00"}
[2026-09-24 19:29:15] TX Python SDK azure-iot-device (MQTT sobre WebSockets 443) -> {"tempPasillo": 20.2, "humedadPasillo": 46.61, "deltaPresionPa": 16.8, "tsDispositivo": "2026-09-25T00:29:15+00:00"}
[2026-09-24 19:30:15] TX Python SDK azure-iot-device (MQTT sobre WebSockets 443) -> {"tempPasillo": 20.19, "humedadPasillo": 47.13, "deltaPresionPa": 16.4, "tsDispositivo": "2026-09-25T00:30:15+00:00"}
[2026-09-24 19:31:15] TX Python SDK azure-iot-device (MQTT sobre WebSockets 443) -> {"tempPasillo": 19.95, "humedadPasillo": 48.15, "deltaPresionPa": 17.6, "tsDispositivo": "2026-09-25T00:31:15+00:00"}
[2026-09-24 19:32:16] TX Python SDK azure-iot-device (MQTT sobre WebSockets 443) -> {"tempPasillo": 20.2, "humedadPasillo": 47.94, "deltaPresionPa": 19.6, "tsDispositivo": "2026-09-25T00:32:15+00:00"}
[2026-09-24 19:33:16] TX Python SDK azure-iot-device (MQTT sobre WebSockets 443) -> {"tempPasillo": 20.03, "humedadPasillo": 47.05, "deltaPresionPa": 20.7, "tsDispositivo": "2026-09-25T00:33:16+00:00"}
[2026-09-24 19:34:16] TX Python SDK azure-iot-device (MQTT sobre WebSockets 443) -> {"tempPasillo": 20.02, "humedadPasillo": 47.73, "deltaPresionPa": 17.0, "tsDispositivo": "2026-09-25T00:34:16+00:00"}
[2026-09-24 19:35:16] TX Python SDK azure-iot-device (MQTT sobre WebSockets 443) -> {"tempPasillo": 20.42, "humedadPasillo": 47.52, "deltaPresionPa": 19.1, "tsDispositivo": "2026-09-25T00:35:16+00:00"}
[2026-09-24 19:36:16] TX Python SDK azure-iot-device (MQTT sobre WebSockets 443) -> {"tempPasillo": 20.38, "humedadPasillo": 48.21, "deltaPresionPa": 21.1, "tsDispositivo": "2026-09-25T00:36:16+00:00"}
[2026-09-24 19:37:17] TX Python SDK azure-iot-device (MQTT sobre WebSockets 443) -> {"tempPasillo": 20.35, "humedadPasillo": 47.46, "deltaPresionPa": 18.8, "tsDispositivo": "2026-09-25T00:37:16+00:00"}
[2026-09-24 19:38:17] TX Python SDK azure-iot-device (MQTT sobre WebSockets 443) -> {"tempPasillo": 19.97, "humedadPasillo": 46.53, "deltaPresionPa": 18.3, "tsDispositivo": "2026-09-25T00:38:17+00:00"}
[2026-09-24 19:39:17] TX Python SDK azure-iot-device (MQTT sobre WebSockets 443) -> {"tempPasillo": 20.01, "humedadPasillo": 47.37, "deltaPresionPa": 20.4, "tsDispositivo": "2026-09-25T00:39:17+00:00"}
[2026-09-24 19:40:17] TX Python SDK azure-iot-device (MQTT sobre WebSockets 443) -> {"tempPasillo": 20.34, "humedadPasillo": 46.49, "deltaPresionPa": 18.2, "tsDispositivo": "2026-09-25T00:40:17+00:00"}
[2026-09-24 19:41:18] TX Python SDK azure-iot-device (MQTT sobre WebSockets 443) -> {"tempPasillo": 20.37, "humedadPasillo": 46.65, "deltaPresionPa": 17.2, "tsDispositivo": "2026-09-25T00:41:17+00:00"}
[2026-09-24 19:42:18] TX Python SDK azure-iot-device (MQTT sobre WebSockets 443) -> {"tempPasillo": 20.26, "humedadPasillo": 48.13, "deltaPresionPa": 18.3, "tsDispositivo": "2026-09-25T00:42:18+00:00"}
[2026-09-24 19:43:19] TX Python SDK azure-iot-device (MQTT sobre WebSockets 443) -> {"tempPasillo": 20.19, "humedadPasillo": 47.58, "deltaPresionPa": 20.3, "tsDispositivo": "2026-09-25T00:43:18+00:00"}
[2026-09-24 19:44:22] TX Python SDK azure-iot-device (MQTT sobre WebSockets 443) -> {"tempPasillo": 20.27, "humedadPasillo": 48.17, "deltaPresionPa": 17.1, "tsDispositivo": "2026-09-25T00:44:22+00:00"}
[2026-09-24 19:45:22] TX Python SDK azure-iot-device (MQTT sobre WebSockets 443) -> {"tempPasillo": 20.01, "humedadPasillo": 48.12, "deltaPresionPa": 17.8, "tsDispositivo": "2026-09-25T00:45:22+00:00"}
[2026-09-24 19:46:23] TX Python SDK azure-iot-device (MQTT sobre WebSockets 443) -> {"tempPasillo": 20.4, "humedadPasillo": 46.47, "deltaPresionPa": 19.2, "tsDispositivo": "2026-09-25T00:46:22+00:00"}
[2026-09-24 19:47:23] TX Python SDK azure-iot-device (MQTT sobre WebSockets 443) -> {"tempPasillo": 20.13, "humedadPasillo": 47.97, "deltaPresionPa": 19.4, "tsDispositivo": "2026-09-25T00:47:23+00:00"}
[2026-09-24 19:48:23] TX Python SDK azure-iot-device (MQTT sobre WebSockets 443) -> {"tempPasillo": 20.41, "humedadPasillo": 47.5, "deltaPresionPa": 18.6, "tsDispositivo": "2026-09-25T00:48:23+00:00"}
[2026-09-24 19:49:23] TX Python SDK azure-iot-device (MQTT sobre WebSockets 443) -> {"tempPasillo": 20.39, "humedadPasillo": 47.2, "deltaPresionPa": 21.4, "tsDispositivo": "2026-09-25T00:49:23+00:00"}
[2026-09-24 19:50:23] TX Python SDK azure-iot-device (MQTT sobre WebSockets 443) -> {"tempPasillo": 20.32, "humedadPasillo": 46.56, "deltaPresionPa": 17.9, "tsDispositivo": "2026-09-25T00:50:23+00:00"}
[2026-09-24 19:51:24] TX Python SDK azure-iot-device (MQTT sobre WebSockets 443) -> {"tempPasillo": 20.35, "humedadPasillo": 46.43, "deltaPresionPa": 20.1, "tsDispositivo": "2026-09-25T00:51:23+00:00"}
[2026-09-24 19:52:24] TX Python SDK azure-iot-device (MQTT sobre WebSockets 443) -> {"tempPasillo": 20.03, "humedadPasillo": 47.89, "deltaPresionPa": 19.9, "tsDispositivo": "2026-09-25T00:52:24+00:00"}
[2026-09-24 19:53:24] TX Python SDK azure-iot-device (MQTT sobre WebSockets 443) -> {"tempPasillo": 20.08, "humedadPasillo": 47.68, "deltaPresionPa": 18.7, "tsDispositivo": "2026-09-25T00:53:24+00:00"}
[2026-09-24 19:54:24] TX Python SDK azure-iot-device (MQTT sobre WebSockets 443) -> {"tempPasillo": 20.41, "humedadPasillo": 47.98, "deltaPresionPa": 18.1, "tsDispositivo": "2026-09-25T00:54:24+00:00"}
[2026-09-24 19:55:32] INFO  DPS (MQTT) id_scope=0ne00FE1F90 registration_id=DC-PASILLO-04 | hub por MQTT/WebSockets=True
[2026-09-24 19:55:36] INFO  DPS OK en 3.0 s -> hub iotc-ce764639-456d-4e61-9e9c-e64c9a818624.azure-devices.net | estado=assigned | DC-PASILLO-04
iotc-ce764639-456d-4e61-9e9c-e64c9a818624.azure-devices.net
initialAssignment
null
[2026-09-24 19:55:37] INFO  MQTT sobre WebSockets (443) conectado a IoT Central
[2026-09-24 19:55:37] INFO  propiedades reportadas: {'zona': 'Pasillo frio / contencion', 'ubicacion': 'Sala blanca - pasillo entre filas A y C', 'origenEnvio': 'Python SDK azure-iot-device (MQTT sobre WebSockets 443)', 'fabricante': 'Dell Edge Gateway 3200 + Sensirion SDP810', 'modelo': 'Nodo-Py-WS/1.0', 'versionFirmware': '1.2.0', 'intervaloMuestreo': 60}
[2026-09-24 19:55:37] TX Python SDK azure-iot-device (MQTT sobre WebSockets 443) -> {"tempPasillo": 19.97, "humedadPasillo": 46.92, "deltaPresionPa": 16.8, "tsDispositivo": "2026-09-25T00:55:37+00:00"}
[2026-09-24 19:56:37] TX Python SDK azure-iot-device (MQTT sobre WebSockets 443) -> {"tempPasillo": 20.29, "humedadPasillo": 47.67, "deltaPresionPa": 18.8, "tsDispositivo": "2026-09-25T00:56:37+00:00"}
[2026-09-24 19:57:21] INFO  DPS (MQTT) id_scope=0ne00FE1F90 registration_id=DC-PASILLO-04 | hub por MQTT/WebSockets=True
[2026-09-24 19:57:24] INFO  DPS OK en 3.0 s -> hub iotc-ce764639-456d-4e61-9e9c-e64c9a818624.azure-devices.net | estado=assigned | DC-PASILLO-04
iotc-ce764639-456d-4e61-9e9c-e64c9a818624.azure-devices.net
initialAssignment
null
[2026-09-24 19:57:25] INFO  MQTT sobre WebSockets (443) conectado a IoT Central
[2026-09-24 19:57:25] INFO  propiedades reportadas: {'zona': 'Pasillo frio / contencion', 'ubicacion': 'Sala blanca - pasillo entre filas A y C', 'origenEnvio': 'Python SDK azure-iot-device (MQTT sobre WebSockets 443)', 'fabricante': 'Dell Edge Gateway 3200 + Sensirion SDP810', 'modelo': 'Nodo-Py-WS/1.0', 'versionFirmware': '1.2.0', 'intervaloMuestreo': 60}
[2026-09-24 19:57:26] TX Python SDK azure-iot-device (MQTT sobre WebSockets 443) -> {"tempPasillo": 20.14, "humedadPasillo": 46.43, "deltaPresionPa": 16.6, "tsDispositivo": "2026-09-25T00:57:25+00:00"}
[2026-09-24 19:58:26] TX Python SDK azure-iot-device (MQTT sobre WebSockets 443) -> {"tempPasillo": 20.12, "humedadPasillo": 47.08, "deltaPresionPa": 18.1, "tsDispositivo": "2026-09-25T00:58:26+00:00"}
[2026-09-24 19:59:00] INFO  DPS (MQTT) id_scope=0ne00FE1F90 registration_id=DC-PASILLO-04 | hub por MQTT/WebSockets=True
[2026-09-24 19:59:03] INFO  DPS OK en 2.9 s -> hub iotc-ce764639-456d-4e61-9e9c-e64c9a818624.azure-devices.net | estado=assigned | DC-PASILLO-04
iotc-ce764639-456d-4e61-9e9c-e64c9a818624.azure-devices.net
initialAssignment
null
[2026-09-24 19:59:05] INFO  MQTT sobre WebSockets (443) conectado a IoT Central
[2026-09-24 19:59:05] INFO  propiedades reportadas: {'zona': 'Pasillo frio / contencion', 'ubicacion': 'Sala blanca - pasillo entre filas A y C', 'origenEnvio': 'Python SDK azure-iot-device (MQTT sobre WebSockets 443)', 'fabricante': 'Dell Edge Gateway 3200 + Sensirion SDP810', 'modelo': 'Nodo-Py-WS/1.0', 'versionFirmware': '1.2.0', 'intervaloMuestreo': 60}
[2026-09-24 19:59:05] TX Python SDK azure-iot-device (MQTT sobre WebSockets 443) -> {"tempPasillo": 19.95, "humedadPasillo": 47.5, "deltaPresionPa": 16.8, "tsDispositivo": "2026-09-25T00:59:05+00:00"}
[2026-09-24 20:00:05] TX Python SDK azure-iot-device (MQTT sobre WebSockets 443) -> {"tempPasillo": 20.16, "humedadPasillo": 47.78, "deltaPresionPa": 17.1, "tsDispositivo": "2026-09-25T01:00:05+00:00"}
[2026-09-24 20:01:06] TX Python SDK azure-iot-device (MQTT sobre WebSockets 443) -> {"tempPasillo": 19.86, "humedadPasillo": 46.8, "deltaPresionPa": 16.7, "tsDispositivo": "2026-09-25T01:01:05+00:00"}
[2026-09-24 20:02:06] TX Python SDK azure-iot-device (MQTT sobre WebSockets 443) -> {"tempPasillo": 20.15, "humedadPasillo": 47.25, "deltaPresionPa": 17.2, "tsDispositivo": "2026-09-25T01:02:06+00:00"}
[2026-09-24 20:03:06] TX Python SDK azure-iot-device (MQTT sobre WebSockets 443) -> {"tempPasillo": 20.2, "humedadPasillo": 47.72, "deltaPresionPa": 16.7, "tsDispositivo": "2026-09-25T01:03:06+00:00"}
[2026-09-24 20:04:06] TX Python SDK azure-iot-device (MQTT sobre WebSockets 443) -> {"tempPasillo": 20.03, "humedadPasillo": 47.71, "deltaPresionPa": 16.9, "tsDispositivo": "2026-09-25T01:04:06+00:00"}
[2026-09-24 20:05:06] TX Python SDK azure-iot-device (MQTT sobre WebSockets 443) -> {"tempPasillo": 19.83, "humedadPasillo": 47.09, "deltaPresionPa": 16.6, "tsDispositivo": "2026-09-25T01:05:06+00:00"}
[2026-09-25 15:37:41] INFO  DPS (MQTT) id_scope=0ne00FE1F90 registration_id=DC-PASILLO-04 | hub por MQTT/WebSockets=True
[2026-09-25 15:37:44] INFO  DPS OK en 2.8 s -> hub iotc-ce764639-456d-4e61-9e9c-e64c9a818624.azure-devices.net | estado=assigned | DC-PASILLO-04
iotc-ce764639-456d-4e61-9e9c-e64c9a818624.azure-devices.net
initialAssignment
null
[2026-09-25 15:37:45] INFO  MQTT sobre WebSockets (443) conectado a IoT Central
[2026-09-25 15:37:46] INFO  propiedades reportadas: {'zona': 'Pasillo frio / contencion', 'ubicacion': 'Sala blanca - pasillo entre filas A y C', 'origenEnvio': 'Python SDK azure-iot-device (MQTT sobre WebSockets 443)', 'fabricante': 'Dell Edge Gateway 3200 + Sensirion SDP810', 'modelo': 'Nodo-Py-WS/1.0', 'versionFirmware': '1.2.0', 'intervaloMuestreo': 60}
[2026-09-25 15:37:46] TX Python SDK azure-iot-device (MQTT sobre WebSockets 443) -> {"tempPasillo": 20.41, "humedadPasillo": 50.78, "deltaPresionPa": 20.8, "tsDispositivo": "2026-09-25T20:37:46+00:00"}
[2026-09-25 15:38:46] TX Python SDK azure-iot-device (MQTT sobre WebSockets 443) -> {"tempPasillo": 20.17, "humedadPasillo": 50.91, "deltaPresionPa": 21.8, "tsDispositivo": "2026-09-25T20:38:46+00:00"}
[2026-09-25 15:39:46] TX Python SDK azure-iot-device (MQTT sobre WebSockets 443) -> {"tempPasillo": 20.1, "humedadPasillo": 52.19, "deltaPresionPa": 19.2, "tsDispositivo": "2026-09-25T20:39:46+00:00"}
[2026-09-25 15:40:46] TX Python SDK azure-iot-device (MQTT sobre WebSockets 443) -> {"tempPasillo": 20.11, "humedadPasillo": 52.17, "deltaPresionPa": 20.2, "tsDispositivo": "2026-09-25T20:40:46+00:00"}
[2026-09-25 15:41:47] TX Python SDK azure-iot-device (MQTT sobre WebSockets 443) -> {"tempPasillo": 20.36, "humedadPasillo": 50.6, "deltaPresionPa": 18.9, "tsDispositivo": "2026-09-25T20:41:46+00:00"}
[2026-09-25 15:42:47] TX Python SDK azure-iot-device (MQTT sobre WebSockets 443) -> {"tempPasillo": 20.13, "humedadPasillo": 51.11, "deltaPresionPa": 21.9, "tsDispositivo": "2026-09-25T20:42:47+00:00"}
[2026-09-25 15:43:47] TX Python SDK azure-iot-device (MQTT sobre WebSockets 443) -> {"tempPasillo": 20.02, "humedadPasillo": 52.07, "deltaPresionPa": 21.9, "tsDispositivo": "2026-09-25T20:43:47+00:00"}
[2026-09-25 15:44:47] TX Python SDK azure-iot-device (MQTT sobre WebSockets 443) -> {"tempPasillo": 20.15, "humedadPasillo": 51.06, "deltaPresionPa": 19.2, "tsDispositivo": "2026-09-25T20:44:47+00:00"}
[2026-09-25 15:45:47] TX Python SDK azure-iot-device (MQTT sobre WebSockets 443) -> {"tempPasillo": 20.04, "humedadPasillo": 50.38, "deltaPresionPa": 20.9, "tsDispositivo": "2026-09-25T20:45:47+00:00"}
[2026-09-25 15:46:48] TX Python SDK azure-iot-device (MQTT sobre WebSockets 443) -> {"tempPasillo": 19.96, "humedadPasillo": 50.73, "deltaPresionPa": 19.8, "tsDispositivo": "2026-09-25T20:46:47+00:00"}
[2026-09-25 15:47:48] TX Python SDK azure-iot-device (MQTT sobre WebSockets 443) -> {"tempPasillo": 20.24, "humedadPasillo": 51.28, "deltaPresionPa": 18.7, "tsDispositivo": "2026-09-25T20:47:48+00:00"}
[2026-09-25 15:48:48] TX Python SDK azure-iot-device (MQTT sobre WebSockets 443) -> {"tempPasillo": 19.95, "humedadPasillo": 51.72, "deltaPresionPa": 20.5, "tsDispositivo": "2026-09-25T20:48:48+00:00"}
[2026-09-25 15:49:48] TX Python SDK azure-iot-device (MQTT sobre WebSockets 443) -> {"tempPasillo": 20.57, "humedadPasillo": 50.7, "deltaPresionPa": 21.4, "tsDispositivo": "2026-09-25T20:49:48+00:00"}
[2026-09-25 15:50:48] TX Python SDK azure-iot-device (MQTT sobre WebSockets 443) -> {"tempPasillo": 20.25, "humedadPasillo": 51.69, "deltaPresionPa": 18.6, "tsDispositivo": "2026-09-25T20:50:48+00:00"}
[2026-09-25 15:51:48] TX Python SDK azure-iot-device (MQTT sobre WebSockets 443) -> {"tempPasillo": 20.21, "humedadPasillo": 51.52, "deltaPresionPa": 19.6, "tsDispositivo": "2026-09-25T20:51:48+00:00"}
[2026-09-25 15:52:49] TX Python SDK azure-iot-device (MQTT sobre WebSockets 443) -> {"tempPasillo": 20.51, "humedadPasillo": 51.0, "deltaPresionPa": 18.6, "tsDispositivo": "2026-09-25T20:52:48+00:00"}
[2026-09-25 15:53:49] TX Python SDK azure-iot-device (MQTT sobre WebSockets 443) -> {"tempPasillo": 20.19, "humedadPasillo": 51.41, "deltaPresionPa": 21.5, "tsDispositivo": "2026-09-25T20:53:49+00:00"}
[2026-09-25 15:54:49] TX Python SDK azure-iot-device (MQTT sobre WebSockets 443) -> {"tempPasillo": 20.05, "humedadPasillo": 51.73, "deltaPresionPa": 17.6, "tsDispositivo": "2026-09-25T20:54:49+00:00"}
[2026-09-25 15:55:49] TX Python SDK azure-iot-device (MQTT sobre WebSockets 443) -> {"tempPasillo": 20.21, "humedadPasillo": 51.29, "deltaPresionPa": 18.3, "tsDispositivo": "2026-09-25T20:55:49+00:00"}
[2026-09-25 15:56:49] TX Python SDK azure-iot-device (MQTT sobre WebSockets 443) -> {"tempPasillo": 19.99, "humedadPasillo": 51.08, "deltaPresionPa": 18.9, "tsDispositivo": "2026-09-25T20:56:49+00:00"}
[2026-09-25 15:57:50] TX Python SDK azure-iot-device (MQTT sobre WebSockets 443) -> {"tempPasillo": 20.15, "humedadPasillo": 50.49, "deltaPresionPa": 21.3, "tsDispositivo": "2026-09-25T20:57:49+00:00"}
[2026-09-25 15:58:50] TX Python SDK azure-iot-device (MQTT sobre WebSockets 443) -> {"tempPasillo": 20.13, "humedadPasillo": 51.3, "deltaPresionPa": 21.6, "tsDispositivo": "2026-09-25T20:58:50+00:00"}
[2026-09-25 15:59:50] TX Python SDK azure-iot-device (MQTT sobre WebSockets 443) -> {"tempPasillo": 20.49, "humedadPasillo": 50.99, "deltaPresionPa": 20.0, "tsDispositivo": "2026-09-25T20:59:50+00:00"}
[2026-09-25 16:00:50] TX Python SDK azure-iot-device (MQTT sobre WebSockets 443) -> {"tempPasillo": 20.22, "humedadPasillo": 51.49, "deltaPresionPa": 19.5, "tsDispositivo": "2026-09-25T21:00:50+00:00"}
[2026-09-25 16:01:50] TX Python SDK azure-iot-device (MQTT sobre WebSockets 443) -> {"tempPasillo": 20.02, "humedadPasillo": 51.11, "deltaPresionPa": 22.1, "tsDispositivo": "2026-09-25T21:01:50+00:00"}
[2026-09-25 16:02:51] TX Python SDK azure-iot-device (MQTT sobre WebSockets 443) -> {"tempPasillo": 20.0, "humedadPasillo": 51.95, "deltaPresionPa": 21.8, "tsDispositivo": "2026-09-25T21:02:50+00:00"}
[2026-09-25 16:03:51] TX Python SDK azure-iot-device (MQTT sobre WebSockets 443) -> {"tempPasillo": 20.08, "humedadPasillo": 51.87, "deltaPresionPa": 20.6, "tsDispositivo": "2026-09-25T21:03:51+00:00"}
[2026-09-25 16:04:51] TX Python SDK azure-iot-device (MQTT sobre WebSockets 443) -> {"tempPasillo": 20.08, "humedadPasillo": 51.79, "deltaPresionPa": 18.9, "tsDispositivo": "2026-09-25T21:04:51+00:00"}
[2026-09-25 16:05:51] TX Python SDK azure-iot-device (MQTT sobre WebSockets 443) -> {"tempPasillo": 20.12, "humedadPasillo": 51.09, "deltaPresionPa": 21.2, "tsDispositivo": "2026-09-25T21:05:51+00:00"}
[2026-09-25 16:06:51] TX Python SDK azure-iot-device (MQTT sobre WebSockets 443) -> {"tempPasillo": 20.23, "humedadPasillo": 51.08, "deltaPresionPa": 21.6, "tsDispositivo": "2026-09-25T21:06:51+00:00"}
[2026-09-25 16:07:52] TX Python SDK azure-iot-device (MQTT sobre WebSockets 443) -> {"tempPasillo": 20.35, "humedadPasillo": 50.77, "deltaPresionPa": 20.4, "tsDispositivo": "2026-09-25T21:07:51+00:00"}
[2026-09-25 16:08:52] TX Python SDK azure-iot-device (MQTT sobre WebSockets 443) -> {"tempPasillo": 20.33, "humedadPasillo": 50.02, "deltaPresionPa": 19.8, "tsDispositivo": "2026-09-25T21:08:52+00:00"}
[2026-09-25 16:09:52] TX Python SDK azure-iot-device (MQTT sobre WebSockets 443) -> {"tempPasillo": 20.21, "humedadPasillo": 51.53, "deltaPresionPa": 17.4, "tsDispositivo": "2026-09-25T21:09:52+00:00"}
[2026-09-25 16:10:52] TX Python SDK azure-iot-device (MQTT sobre WebSockets 443) -> {"tempPasillo": 20.52, "humedadPasillo": 51.51, "deltaPresionPa": 20.7, "tsDispositivo": "2026-09-25T21:10:52+00:00"}
[2026-09-25 16:11:52] TX Python SDK azure-iot-device (MQTT sobre WebSockets 443) -> {"tempPasillo": 20.52, "humedadPasillo": 50.98, "deltaPresionPa": 20.3, "tsDispositivo": "2026-09-25T21:11:52+00:00"}
[2026-09-25 16:12:53] TX Python SDK azure-iot-device (MQTT sobre WebSockets 443) -> {"tempPasillo": 19.97, "humedadPasillo": 50.13, "deltaPresionPa": 18.0, "tsDispositivo": "2026-09-25T21:12:52+00:00"}
[2026-09-25 16:13:53] TX Python SDK azure-iot-device (MQTT sobre WebSockets 443) -> {"tempPasillo": 20.17, "humedadPasillo": 50.0, "deltaPresionPa": 17.7, "tsDispositivo": "2026-09-25T21:13:53+00:00"}
[2026-09-25 16:14:53] TX Python SDK azure-iot-device (MQTT sobre WebSockets 443) -> {"tempPasillo": 20.49, "humedadPasillo": 50.69, "deltaPresionPa": 19.6, "tsDispositivo": "2026-09-25T21:14:53+00:00"}
[2026-09-25 16:15:53] TX Python SDK azure-iot-device (MQTT sobre WebSockets 443) -> {"tempPasillo": 19.98, "humedadPasillo": 51.56, "deltaPresionPa": 18.8, "tsDispositivo": "2026-09-25T21:15:53+00:00"}
[2026-09-25 16:16:53] TX Python SDK azure-iot-device (MQTT sobre WebSockets 443) -> {"tempPasillo": 20.47, "humedadPasillo": 50.1, "deltaPresionPa": 19.2, "tsDispositivo": "2026-09-25T21:16:53+00:00"}
[2026-09-25 16:17:54] TX Python SDK azure-iot-device (MQTT sobre WebSockets 443) -> {"tempPasillo": 20.55, "humedadPasillo": 50.19, "deltaPresionPa": 18.3, "tsDispositivo": "2026-09-25T21:17:53+00:00"}
[2026-09-25 16:18:54] TX Python SDK azure-iot-device (MQTT sobre WebSockets 443) -> {"tempPasillo": 19.96, "humedadPasillo": 50.07, "deltaPresionPa": 21.6, "tsDispositivo": "2026-09-25T21:18:54+00:00"}
[2026-09-25 16:19:54] TX Python SDK azure-iot-device (MQTT sobre WebSockets 443) -> {"tempPasillo": 20.51, "humedadPasillo": 50.58, "deltaPresionPa": 19.3, "tsDispositivo": "2026-09-25T21:19:54+00:00"}
[2026-09-25 16:20:54] TX Python SDK azure-iot-device (MQTT sobre WebSockets 443) -> {"tempPasillo": 20.16, "humedadPasillo": 51.35, "deltaPresionPa": 18.6, "tsDispositivo": "2026-09-25T21:20:54+00:00"}
[2026-09-25 16:21:54] TX Python SDK azure-iot-device (MQTT sobre WebSockets 443) -> {"tempPasillo": 20.53, "humedadPasillo": 50.27, "deltaPresionPa": 20.8, "tsDispositivo": "2026-09-25T21:21:54+00:00"}
[2026-09-25 16:22:55] TX Python SDK azure-iot-device (MQTT sobre WebSockets 443) -> {"tempPasillo": 20.41, "humedadPasillo": 50.53, "deltaPresionPa": 20.0, "tsDispositivo": "2026-09-25T21:22:54+00:00"}
[2026-09-25 16:23:55] TX Python SDK azure-iot-device (MQTT sobre WebSockets 443) -> {"tempPasillo": 19.99, "humedadPasillo": 50.98, "deltaPresionPa": 21.2, "tsDispositivo": "2026-09-25T21:23:55+00:00"}
[2026-09-25 16:24:55] TX Python SDK azure-iot-device (MQTT sobre WebSockets 443) -> {"tempPasillo": 20.26, "humedadPasillo": 49.95, "deltaPresionPa": 20.1, "tsDispositivo": "2026-09-25T21:24:55+00:00"}
[2026-09-25 16:25:55] TX Python SDK azure-iot-device (MQTT sobre WebSockets 443) -> {"tempPasillo": 20.19, "humedadPasillo": 51.08, "deltaPresionPa": 21.7, "tsDispositivo": "2026-09-25T21:25:55+00:00"}
[2026-09-25 16:26:55] TX Python SDK azure-iot-device (MQTT sobre WebSockets 443) -> {"tempPasillo": 20.32, "humedadPasillo": 50.77, "deltaPresionPa": 21.3, "tsDispositivo": "2026-09-25T21:26:55+00:00"}
[2026-09-25 16:27:56] TX Python SDK azure-iot-device (MQTT sobre WebSockets 443) -> {"tempPasillo": 20.51, "humedadPasillo": 50.06, "deltaPresionPa": 18.7, "tsDispositivo": "2026-09-25T21:27:55+00:00"}
[2026-09-25 16:28:56] TX Python SDK azure-iot-device (MQTT sobre WebSockets 443) -> {"tempPasillo": 19.95, "humedadPasillo": 50.76, "deltaPresionPa": 19.0, "tsDispositivo": "2026-09-25T21:28:56+00:00"}
[2026-09-25 16:29:56] TX Python SDK azure-iot-device (MQTT sobre WebSockets 443) -> {"tempPasillo": 20.36, "humedadPasillo": 49.71, "deltaPresionPa": 20.6, "tsDispositivo": "2026-09-25T21:29:56+00:00"}
[2026-09-25 16:30:56] TX Python SDK azure-iot-device (MQTT sobre WebSockets 443) -> {"tempPasillo": 20.51, "humedadPasillo": 50.17, "deltaPresionPa": 19.8, "tsDispositivo": "2026-09-25T21:30:56+00:00"}
[2026-09-25 16:31:56] TX Python SDK azure-iot-device (MQTT sobre WebSockets 443) -> {"tempPasillo": 20.28, "humedadPasillo": 50.63, "deltaPresionPa": 19.4, "tsDispositivo": "2026-09-25T21:31:56+00:00"}
[2026-09-25 16:32:57] TX Python SDK azure-iot-device (MQTT sobre WebSockets 443) -> {"tempPasillo": 20.4, "humedadPasillo": 50.44, "deltaPresionPa": 18.9, "tsDispositivo": "2026-09-25T21:32:56+00:00"}
[2026-09-25 16:33:57] TX Python SDK azure-iot-device (MQTT sobre WebSockets 443) -> {"tempPasillo": 20.53, "humedadPasillo": 50.51, "deltaPresionPa": 18.2, "tsDispositivo": "2026-09-25T21:33:57+00:00"}
[2026-09-25 16:34:57] TX Python SDK azure-iot-device (MQTT sobre WebSockets 443) -> {"tempPasillo": 20.35, "humedadPasillo": 49.78, "deltaPresionPa": 18.3, "tsDispositivo": "2026-09-25T21:34:57+00:00"}
[2026-09-25 16:35:45] INFO  TWIN desired: {'$version': 2, 'modoOperacion': 'Normal', 'umbralHumedad': 60, 'umbralPM25': 35, 'umbralTemperatura': 27}
[2026-09-25 16:35:57] TX Python SDK azure-iot-device (MQTT sobre WebSockets 443) -> {"tempPasillo": 20.31, "humedadPasillo": 50.41, "deltaPresionPa": 19.6, "tsDispositivo": "2026-09-25T21:35:57+00:00"}
[2026-09-25 16:36:57] TX Python SDK azure-iot-device (MQTT sobre WebSockets 443) -> {"tempPasillo": 20.22, "humedadPasillo": 50.17, "deltaPresionPa": 22.0, "tsDispositivo": "2026-09-25T21:36:57+00:00"}
[2026-09-25 16:37:58] TX Python SDK azure-iot-device (MQTT sobre WebSockets 443) -> {"tempPasillo": 20.02, "humedadPasillo": 50.83, "deltaPresionPa": 17.2, "tsDispositivo": "2026-09-25T21:37:57+00:00"}
[2026-09-25 16:38:58] TX Python SDK azure-iot-device (MQTT sobre WebSockets 443) -> {"tempPasillo": 20.21, "humedadPasillo": 49.6, "deltaPresionPa": 19.0, "tsDispositivo": "2026-09-25T21:38:58+00:00"}
[2026-09-25 16:39:58] TX Python SDK azure-iot-device (MQTT sobre WebSockets 443) -> {"tempPasillo": 20.3, "humedadPasillo": 50.59, "deltaPresionPa": 20.6, "tsDispositivo": "2026-09-25T21:39:58+00:00"}
[2026-09-25 16:40:58] TX Python SDK azure-iot-device (MQTT sobre WebSockets 443) -> {"tempPasillo": 20.22, "humedadPasillo": 50.02, "deltaPresionPa": 17.4, "tsDispositivo": "2026-09-25T21:40:58+00:00"}
[2026-09-25 16:41:58] TX Python SDK azure-iot-device (MQTT sobre WebSockets 443) -> {"tempPasillo": 20.16, "humedadPasillo": 50.61, "deltaPresionPa": 19.3, "tsDispositivo": "2026-09-25T21:41:58+00:00"}
[2026-09-25 16:42:59] TX Python SDK azure-iot-device (MQTT sobre WebSockets 443) -> {"tempPasillo": 20.08, "humedadPasillo": 50.28, "deltaPresionPa": 20.6, "tsDispositivo": "2026-09-25T21:42:58+00:00"}
[2026-09-25 16:43:59] TX Python SDK azure-iot-device (MQTT sobre WebSockets 443) -> {"tempPasillo": 20.45, "humedadPasillo": 50.81, "deltaPresionPa": 17.4, "tsDispositivo": "2026-09-25T21:43:59+00:00"}
[2026-09-25 16:44:59] TX Python SDK azure-iot-device (MQTT sobre WebSockets 443) -> {"tempPasillo": 20.29, "humedadPasillo": 49.97, "deltaPresionPa": 20.0, "tsDispositivo": "2026-09-25T21:44:59+00:00"}
[2026-09-25 16:45:59] TX Python SDK azure-iot-device (MQTT sobre WebSockets 443) -> {"tempPasillo": 20.41, "humedadPasillo": 50.52, "deltaPresionPa": 17.9, "tsDispositivo": "2026-09-25T21:45:59+00:00"}
[2026-09-25 16:47:00] TX Python SDK azure-iot-device (MQTT sobre WebSockets 443) -> {"tempPasillo": 20.35, "humedadPasillo": 50.35, "deltaPresionPa": 20.9, "tsDispositivo": "2026-09-25T21:46:59+00:00"}
[2026-09-25 16:48:00] TX Python SDK azure-iot-device (MQTT sobre WebSockets 443) -> {"tempPasillo": 20.52, "humedadPasillo": 50.93, "deltaPresionPa": 20.2, "tsDispositivo": "2026-09-25T21:48:00+00:00"}
[2026-09-25 16:49:00] TX Python SDK azure-iot-device (MQTT sobre WebSockets 443) -> {"tempPasillo": 19.98, "humedadPasillo": 50.4, "deltaPresionPa": 17.2, "tsDispositivo": "2026-09-25T21:49:00+00:00"}
[2026-09-25 16:50:00] TX Python SDK azure-iot-device (MQTT sobre WebSockets 443) -> {"tempPasillo": 20.22, "humedadPasillo": 50.24, "deltaPresionPa": 21.3, "tsDispositivo": "2026-09-25T21:50:00+00:00"}
[2026-09-25 16:51:01] TX Python SDK azure-iot-device (MQTT sobre WebSockets 443) -> {"tempPasillo": 20.02, "humedadPasillo": 51.1, "deltaPresionPa": 20.3, "tsDispositivo": "2026-09-25T21:51:00+00:00"}
[2026-09-25 16:52:01] TX Python SDK azure-iot-device (MQTT sobre WebSockets 443) -> {"tempPasillo": 20.22, "humedadPasillo": 49.98, "deltaPresionPa": 19.2, "tsDispositivo": "2026-09-25T21:52:01+00:00"}
[2026-09-25 16:53:01] TX Python SDK azure-iot-device (MQTT sobre WebSockets 443) -> {"tempPasillo": 20.07, "humedadPasillo": 50.91, "deltaPresionPa": 21.6, "tsDispositivo": "2026-09-25T21:53:01+00:00"}
[2026-09-25 16:54:01] TX Python SDK azure-iot-device (MQTT sobre WebSockets 443) -> {"tempPasillo": 20.2, "humedadPasillo": 49.41, "deltaPresionPa": 21.6, "tsDispositivo": "2026-09-25T21:54:01+00:00"}
[2026-09-25 16:55:01] TX Python SDK azure-iot-device (MQTT sobre WebSockets 443) -> {"tempPasillo": 20.11, "humedadPasillo": 50.26, "deltaPresionPa": 20.6, "tsDispositivo": "2026-09-25T21:55:01+00:00"}
[2026-09-25 16:56:02] TX Python SDK azure-iot-device (MQTT sobre WebSockets 443) -> {"tempPasillo": 20.38, "humedadPasillo": 50.91, "deltaPresionPa": 20.5, "tsDispositivo": "2026-09-25T21:56:01+00:00"}
[2026-09-25 16:57:02] TX Python SDK azure-iot-device (MQTT sobre WebSockets 443) -> {"tempPasillo": 20.32, "humedadPasillo": 49.1, "deltaPresionPa": 19.4, "tsDispositivo": "2026-09-25T21:57:02+00:00"}
[2026-09-25 16:58:02] TX Python SDK azure-iot-device (MQTT sobre WebSockets 443) -> {"tempPasillo": 20.47, "humedadPasillo": 49.76, "deltaPresionPa": 19.8, "tsDispositivo": "2026-09-25T21:58:02+00:00"}
[2026-09-25 16:59:02] TX Python SDK azure-iot-device (MQTT sobre WebSockets 443) -> {"tempPasillo": 20.28, "humedadPasillo": 49.17, "deltaPresionPa": 18.3, "tsDispositivo": "2026-09-25T21:59:02+00:00"}
[2026-09-25 17:00:03] TX Python SDK azure-iot-device (MQTT sobre WebSockets 443) -> {"tempPasillo": 20.29, "humedadPasillo": 50.04, "deltaPresionPa": 17.6, "tsDispositivo": "2026-09-25T22:00:02+00:00"}
[2026-09-25 17:01:03] TX Python SDK azure-iot-device (MQTT sobre WebSockets 443) -> {"tempPasillo": 20.05, "humedadPasillo": 50.29, "deltaPresionPa": 17.7, "tsDispositivo": "2026-09-25T22:01:03+00:00"}
[2026-09-25 17:02:03] TX Python SDK azure-iot-device (MQTT sobre WebSockets 443) -> {"tempPasillo": 20.27, "humedadPasillo": 49.41, "deltaPresionPa": 20.1, "tsDispositivo": "2026-09-25T22:02:03+00:00"}
[2026-09-25 17:03:03] TX Python SDK azure-iot-device (MQTT sobre WebSockets 443) -> {"tempPasillo": 20.07, "humedadPasillo": 50.25, "deltaPresionPa": 21.2, "tsDispositivo": "2026-09-25T22:03:03+00:00"}
[2026-09-25 17:04:03] TX Python SDK azure-iot-device (MQTT sobre WebSockets 443) -> {"tempPasillo": 20.51, "humedadPasillo": 50.1, "deltaPresionPa": 21.9, "tsDispositivo": "2026-09-25T22:04:03+00:00"}
[2026-09-25 17:05:04] TX Python SDK azure-iot-device (MQTT sobre WebSockets 443) -> {"tempPasillo": 20.51, "humedadPasillo": 48.99, "deltaPresionPa": 20.8, "tsDispositivo": "2026-09-25T22:05:03+00:00"}
[2026-09-25 17:06:04] TX Python SDK azure-iot-device (MQTT sobre WebSockets 443) -> {"tempPasillo": 20.27, "humedadPasillo": 50.69, "deltaPresionPa": 21.8, "tsDispositivo": "2026-09-25T22:06:04+00:00"}
[2026-09-25 17:07:04] TX Python SDK azure-iot-device (MQTT sobre WebSockets 443) -> {"tempPasillo": 20.15, "humedadPasillo": 49.1, "deltaPresionPa": 19.5, "tsDispositivo": "2026-09-25T22:07:04+00:00"}
[2026-09-25 17:08:04] TX Python SDK azure-iot-device (MQTT sobre WebSockets 443) -> {"tempPasillo": 20.25, "humedadPasillo": 49.03, "deltaPresionPa": 17.8, "tsDispositivo": "2026-09-25T22:08:04+00:00"}
[2026-09-25 17:09:05] TX Python SDK azure-iot-device (MQTT sobre WebSockets 443) -> {"tempPasillo": 20.2, "humedadPasillo": 49.94, "deltaPresionPa": 18.4, "tsDispositivo": "2026-09-25T22:09:04+00:00"}
[2026-09-25 17:10:05] TX Python SDK azure-iot-device (MQTT sobre WebSockets 443) -> {"tempPasillo": 20.23, "humedadPasillo": 49.43, "deltaPresionPa": 18.2, "tsDispositivo": "2026-09-25T22:10:05+00:00"}
[2026-09-25 17:11:05] TX Python SDK azure-iot-device (MQTT sobre WebSockets 443) -> {"tempPasillo": 20.37, "humedadPasillo": 50.3, "deltaPresionPa": 20.2, "tsDispositivo": "2026-09-25T22:11:05+00:00"}
[2026-09-25 17:12:05] TX Python SDK azure-iot-device (MQTT sobre WebSockets 443) -> {"tempPasillo": 19.97, "humedadPasillo": 50.28, "deltaPresionPa": 19.6, "tsDispositivo": "2026-09-25T22:12:05+00:00"}
[2026-09-25 17:13:05] TX Python SDK azure-iot-device (MQTT sobre WebSockets 443) -> {"tempPasillo": 20.01, "humedadPasillo": 49.23, "deltaPresionPa": 18.3, "tsDispositivo": "2026-09-25T22:13:05+00:00"}
[2026-09-25 17:14:06] TX Python SDK azure-iot-device (MQTT sobre WebSockets 443) -> {"tempPasillo": 20.11, "humedadPasillo": 50.37, "deltaPresionPa": 20.1, "tsDispositivo": "2026-09-25T22:14:05+00:00"}
[2026-09-25 17:15:06] TX Python SDK azure-iot-device (MQTT sobre WebSockets 443) -> {"tempPasillo": 20.16, "humedadPasillo": 49.86, "deltaPresionPa": 17.8, "tsDispositivo": "2026-09-25T22:15:06+00:00"}
[2026-09-25 17:16:06] TX Python SDK azure-iot-device (MQTT sobre WebSockets 443) -> {"tempPasillo": 20.17, "humedadPasillo": 49.94, "deltaPresionPa": 20.4, "tsDispositivo": "2026-09-25T22:16:06+00:00"}
[2026-09-25 17:17:06] TX Python SDK azure-iot-device (MQTT sobre WebSockets 443) -> {"tempPasillo": 20.37, "humedadPasillo": 49.76, "deltaPresionPa": 17.6, "tsDispositivo": "2026-09-25T22:17:06+00:00"}
[2026-09-25 17:18:07] TX Python SDK azure-iot-device (MQTT sobre WebSockets 443) -> {"tempPasillo": 20.35, "humedadPasillo": 48.97, "deltaPresionPa": 17.6, "tsDispositivo": "2026-09-25T22:18:06+00:00"}
[2026-09-25 17:19:07] TX Python SDK azure-iot-device (MQTT sobre WebSockets 443) -> {"tempPasillo": 20.03, "humedadPasillo": 49.66, "deltaPresionPa": 18.2, "tsDispositivo": "2026-09-25T22:19:07+00:00"}
[2026-09-25 17:20:07] TX Python SDK azure-iot-device (MQTT sobre WebSockets 443) -> {"tempPasillo": 20.05, "humedadPasillo": 49.86, "deltaPresionPa": 19.2, "tsDispositivo": "2026-09-25T22:20:07+00:00"}
[2026-09-25 17:21:07] TX Python SDK azure-iot-device (MQTT sobre WebSockets 443) -> {"tempPasillo": 20.44, "humedadPasillo": 50.08, "deltaPresionPa": 17.6, "tsDispositivo": "2026-09-25T22:21:07+00:00"}
[2026-09-25 17:22:07] TX Python SDK azure-iot-device (MQTT sobre WebSockets 443) -> {"tempPasillo": 20.04, "humedadPasillo": 48.82, "deltaPresionPa": 18.1, "tsDispositivo": "2026-09-25T22:22:07+00:00"}
[2026-09-25 17:23:08] TX Python SDK azure-iot-device (MQTT sobre WebSockets 443) -> {"tempPasillo": 20.35, "humedadPasillo": 49.31, "deltaPresionPa": 21.2, "tsDispositivo": "2026-09-25T22:23:07+00:00"}
[2026-09-25 17:24:08] TX Python SDK azure-iot-device (MQTT sobre WebSockets 443) -> {"tempPasillo": 20.38, "humedadPasillo": 49.96, "deltaPresionPa": 17.8, "tsDispositivo": "2026-09-25T22:24:08+00:00"}
[2026-09-25 17:25:09] TX Python SDK azure-iot-device (MQTT sobre WebSockets 443) -> {"tempPasillo": 20.24, "humedadPasillo": 49.39, "deltaPresionPa": 17.6, "tsDispositivo": "2026-09-25T22:25:08+00:00"}
[2026-09-25 17:26:09] TX Python SDK azure-iot-device (MQTT sobre WebSockets 443) -> {"tempPasillo": 20.21, "humedadPasillo": 50.38, "deltaPresionPa": 17.2, "tsDispositivo": "2026-09-25T22:26:09+00:00"}
[2026-09-25 17:27:09] TX Python SDK azure-iot-device (MQTT sobre WebSockets 443) -> {"tempPasillo": 20.01, "humedadPasillo": 48.72, "deltaPresionPa": 21.8, "tsDispositivo": "2026-09-25T22:27:09+00:00"}
[2026-09-25 17:28:09] TX Python SDK azure-iot-device (MQTT sobre WebSockets 443) -> {"tempPasillo": 20.46, "humedadPasillo": 49.11, "deltaPresionPa": 21.8, "tsDispositivo": "2026-09-25T22:28:09+00:00"}
[2026-09-25 17:29:09] TX Python SDK azure-iot-device (MQTT sobre WebSockets 443) -> {"tempPasillo": 20.11, "humedadPasillo": 50.06, "deltaPresionPa": 19.2, "tsDispositivo": "2026-09-25T22:29:09+00:00"}
[2026-09-25 17:30:11] TX Python SDK azure-iot-device (MQTT sobre WebSockets 443) -> {"tempPasillo": 20.19, "humedadPasillo": 50.23, "deltaPresionPa": 21.1, "tsDispositivo": "2026-09-25T22:30:09+00:00"}
[2026-09-25 17:31:11] TX Python SDK azure-iot-device (MQTT sobre WebSockets 443) -> {"tempPasillo": 20.16, "humedadPasillo": 50.37, "deltaPresionPa": 19.0, "tsDispositivo": "2026-09-25T22:31:11+00:00"}
[2026-09-25 17:32:11] TX Python SDK azure-iot-device (MQTT sobre WebSockets 443) -> {"tempPasillo": 20.26, "humedadPasillo": 49.6, "deltaPresionPa": 17.7, "tsDispositivo": "2026-09-25T22:32:11+00:00"}
[2026-09-25 17:33:11] TX Python SDK azure-iot-device (MQTT sobre WebSockets 443) -> {"tempPasillo": 19.95, "humedadPasillo": 48.84, "deltaPresionPa": 19.6, "tsDispositivo": "2026-09-25T22:33:11+00:00"}
[2026-09-25 17:34:11] TX Python SDK azure-iot-device (MQTT sobre WebSockets 443) -> {"tempPasillo": 20.37, "humedadPasillo": 49.56, "deltaPresionPa": 17.2, "tsDispositivo": "2026-09-25T22:34:11+00:00"}
[2026-09-25 17:35:12] TX Python SDK azure-iot-device (MQTT sobre WebSockets 443) -> {"tempPasillo": 20.38, "humedadPasillo": 48.94, "deltaPresionPa": 21.0, "tsDispositivo": "2026-09-25T22:35:11+00:00"}
[2026-09-25 17:36:13] TX Python SDK azure-iot-device (MQTT sobre WebSockets 443) -> {"tempPasillo": 20.06, "humedadPasillo": 50.01, "deltaPresionPa": 18.8, "tsDispositivo": "2026-09-25T22:36:12+00:00"}
[2026-09-25 17:37:13] TX Python SDK azure-iot-device (MQTT sobre WebSockets 443) -> {"tempPasillo": 20.16, "humedadPasillo": 49.1, "deltaPresionPa": 17.2, "tsDispositivo": "2026-09-25T22:37:13+00:00"}
[2026-09-25 17:38:13] TX Python SDK azure-iot-device (MQTT sobre WebSockets 443) -> {"tempPasillo": 20.44, "humedadPasillo": 49.11, "deltaPresionPa": 21.0, "tsDispositivo": "2026-09-25T22:38:13+00:00"}
[2026-09-25 17:39:15] TX Python SDK azure-iot-device (MQTT sobre WebSockets 443) -> {"tempPasillo": 20.26, "humedadPasillo": 49.37, "deltaPresionPa": 19.3, "tsDispositivo": "2026-09-25T22:39:13+00:00"}
[2026-09-25 17:40:15] TX Python SDK azure-iot-device (MQTT sobre WebSockets 443) -> {"tempPasillo": 19.96, "humedadPasillo": 48.75, "deltaPresionPa": 18.6, "tsDispositivo": "2026-09-25T22:40:15+00:00"}
[2026-09-25 17:41:16] TX Python SDK azure-iot-device (MQTT sobre WebSockets 443) -> {"tempPasillo": 20.14, "humedadPasillo": 48.78, "deltaPresionPa": 21.4, "tsDispositivo": "2026-09-25T22:41:15+00:00"}
[2026-09-25 17:42:17] TX Python SDK azure-iot-device (MQTT sobre WebSockets 443) -> {"tempPasillo": 20.41, "humedadPasillo": 48.53, "deltaPresionPa": 19.9, "tsDispositivo": "2026-09-25T22:42:16+00:00"}
[2026-09-25 17:43:17] TX Python SDK azure-iot-device (MQTT sobre WebSockets 443) -> {"tempPasillo": 20.51, "humedadPasillo": 48.61, "deltaPresionPa": 19.3, "tsDispositivo": "2026-09-25T22:43:17+00:00"}
[2026-09-25 17:44:17] TX Python SDK azure-iot-device (MQTT sobre WebSockets 443) -> {"tempPasillo": 20.2, "humedadPasillo": 48.67, "deltaPresionPa": 19.2, "tsDispositivo": "2026-09-25T22:44:17+00:00"}
[2026-09-25 17:45:17] TX Python SDK azure-iot-device (MQTT sobre WebSockets 443) -> {"tempPasillo": 20.24, "humedadPasillo": 49.52, "deltaPresionPa": 18.3, "tsDispositivo": "2026-09-25T22:45:17+00:00"}
[2026-09-25 17:46:18] TX Python SDK azure-iot-device (MQTT sobre WebSockets 443) -> {"tempPasillo": 20.03, "humedadPasillo": 49.65, "deltaPresionPa": 19.7, "tsDispositivo": "2026-09-25T22:46:17+00:00"}
[2026-09-25 17:47:19] TX Python SDK azure-iot-device (MQTT sobre WebSockets 443) -> {"tempPasillo": 20.35, "humedadPasillo": 48.75, "deltaPresionPa": 21.4, "tsDispositivo": "2026-09-25T22:47:18+00:00"}
[2026-09-25 17:48:19] TX Python SDK azure-iot-device (MQTT sobre WebSockets 443) -> {"tempPasillo": 20.41, "humedadPasillo": 49.61, "deltaPresionPa": 17.3, "tsDispositivo": "2026-09-25T22:48:19+00:00"}
[2026-09-25 17:49:20] TX Python SDK azure-iot-device (MQTT sobre WebSockets 443) -> {"tempPasillo": 19.97, "humedadPasillo": 48.81, "deltaPresionPa": 21.2, "tsDispositivo": "2026-09-25T22:49:19+00:00"}
[2026-09-25 17:50:20] TX Python SDK azure-iot-device (MQTT sobre WebSockets 443) -> {"tempPasillo": 19.97, "humedadPasillo": 49.89, "deltaPresionPa": 20.1, "tsDispositivo": "2026-09-25T22:50:20+00:00"}
[2026-09-25 17:51:20] TX Python SDK azure-iot-device (MQTT sobre WebSockets 443) -> {"tempPasillo": 20.13, "humedadPasillo": 48.88, "deltaPresionPa": 18.4, "tsDispositivo": "2026-09-25T22:51:20+00:00"}
[2026-09-25 17:52:20] TX Python SDK azure-iot-device (MQTT sobre WebSockets 443) -> {"tempPasillo": 20.05, "humedadPasillo": 48.63, "deltaPresionPa": 17.3, "tsDispositivo": "2026-09-25T22:52:20+00:00"}
[2026-09-25 17:53:20] TX Python SDK azure-iot-device (MQTT sobre WebSockets 443) -> {"tempPasillo": 20.51, "humedadPasillo": 50.06, "deltaPresionPa": 17.2, "tsDispositivo": "2026-09-25T22:53:20+00:00"}
[2026-09-25 17:54:21] TX Python SDK azure-iot-device (MQTT sobre WebSockets 443) -> {"tempPasillo": 20.17, "humedadPasillo": 49.99, "deltaPresionPa": 16.8, "tsDispositivo": "2026-09-25T22:54:20+00:00"}
[2026-09-25 17:55:21] TX Python SDK azure-iot-device (MQTT sobre WebSockets 443) -> {"tempPasillo": 20.2, "humedadPasillo": 48.76, "deltaPresionPa": 18.3, "tsDispositivo": "2026-09-25T22:55:21+00:00"}
[2026-09-25 17:56:22] TX Python SDK azure-iot-device (MQTT sobre WebSockets 443) -> {"tempPasillo": 20.01, "humedadPasillo": 49.59, "deltaPresionPa": 17.2, "tsDispositivo": "2026-09-25T22:56:21+00:00"}
[2026-09-25 17:57:22] TX Python SDK azure-iot-device (MQTT sobre WebSockets 443) -> {"tempPasillo": 20.26, "humedadPasillo": 49.11, "deltaPresionPa": 21.0, "tsDispositivo": "2026-09-25T22:57:22+00:00"}
[2026-09-25 17:58:22] TX Python SDK azure-iot-device (MQTT sobre WebSockets 443) -> {"tempPasillo": 20.32, "humedadPasillo": 49.28, "deltaPresionPa": 21.3, "tsDispositivo": "2026-09-25T22:58:22+00:00"}
[2026-09-25 17:59:23] TX Python SDK azure-iot-device (MQTT sobre WebSockets 443) -> {"tempPasillo": 19.96, "humedadPasillo": 48.47, "deltaPresionPa": 20.6, "tsDispositivo": "2026-09-25T22:59:22+00:00"}
[2026-09-25 18:00:23] TX Python SDK azure-iot-device (MQTT sobre WebSockets 443) -> {"tempPasillo": 19.92, "humedadPasillo": 48.84, "deltaPresionPa": 19.4, "tsDispositivo": "2026-09-25T23:00:23+00:00"}
[2026-09-25 18:01:23] TX Python SDK azure-iot-device (MQTT sobre WebSockets 443) -> {"tempPasillo": 20.07, "humedadPasillo": 49.84, "deltaPresionPa": 19.4, "tsDispositivo": "2026-09-25T23:01:23+00:00"}
[2026-09-25 18:02:24] TX Python SDK azure-iot-device (MQTT sobre WebSockets 443) -> {"tempPasillo": 20.06, "humedadPasillo": 48.34, "deltaPresionPa": 19.3, "tsDispositivo": "2026-09-25T23:02:23+00:00"}
[2026-09-25 18:03:24] TX Python SDK azure-iot-device (MQTT sobre WebSockets 443) -> {"tempPasillo": 20.48, "humedadPasillo": 49.8, "deltaPresionPa": 19.7, "tsDispositivo": "2026-09-25T23:03:24+00:00"}
[2026-09-25 18:04:24] TX Python SDK azure-iot-device (MQTT sobre WebSockets 443) -> {"tempPasillo": 20.22, "humedadPasillo": 48.33, "deltaPresionPa": 18.3, "tsDispositivo": "2026-09-25T23:04:24+00:00"}
[2026-09-25 18:05:24] TX Python SDK azure-iot-device (MQTT sobre WebSockets 443) -> {"tempPasillo": 20.0, "humedadPasillo": 49.58, "deltaPresionPa": 21.4, "tsDispositivo": "2026-09-25T23:05:24+00:00"}
[2026-09-25 18:06:25] TX Python SDK azure-iot-device (MQTT sobre WebSockets 443) -> {"tempPasillo": 20.21, "humedadPasillo": 48.66, "deltaPresionPa": 18.0, "tsDispositivo": "2026-09-25T23:06:24+00:00"}
[2026-09-25 18:07:25] TX Python SDK azure-iot-device (MQTT sobre WebSockets 443) -> {"tempPasillo": 20.04, "humedadPasillo": 49.02, "deltaPresionPa": 19.8, "tsDispositivo": "2026-09-25T23:07:25+00:00"}
[2026-09-25 18:08:25] TX Python SDK azure-iot-device (MQTT sobre WebSockets 443) -> {"tempPasillo": 20.31, "humedadPasillo": 48.27, "deltaPresionPa": 16.9, "tsDispositivo": "2026-09-25T23:08:25+00:00"}
[2026-09-25 18:09:25] TX Python SDK azure-iot-device (MQTT sobre WebSockets 443) -> {"tempPasillo": 19.92, "humedadPasillo": 48.75, "deltaPresionPa": 19.4, "tsDispositivo": "2026-09-25T23:09:25+00:00"}
[2026-09-25 18:10:25] TX Python SDK azure-iot-device (MQTT sobre WebSockets 443) -> {"tempPasillo": 20.19, "humedadPasillo": 47.8, "deltaPresionPa": 18.5, "tsDispositivo": "2026-09-25T23:10:25+00:00"}
[2026-09-25 18:11:26] TX Python SDK azure-iot-device (MQTT sobre WebSockets 443) -> {"tempPasillo": 20.37, "humedadPasillo": 49.72, "deltaPresionPa": 19.1, "tsDispositivo": "2026-09-25T23:11:25+00:00"}
[2026-09-25 18:12:26] TX Python SDK azure-iot-device (MQTT sobre WebSockets 443) -> {"tempPasillo": 20.21, "humedadPasillo": 49.66, "deltaPresionPa": 20.9, "tsDispositivo": "2026-09-25T23:12:26+00:00"}
[2026-09-25 18:13:26] TX Python SDK azure-iot-device (MQTT sobre WebSockets 443) -> {"tempPasillo": 20.25, "humedadPasillo": 49.6, "deltaPresionPa": 18.5, "tsDispositivo": "2026-09-25T23:13:26+00:00"}
[2026-09-25 18:14:26] TX Python SDK azure-iot-device (MQTT sobre WebSockets 443) -> {"tempPasillo": 20.07, "humedadPasillo": 49.44, "deltaPresionPa": 18.4, "tsDispositivo": "2026-09-25T23:14:26+00:00"}
[2026-09-25 18:15:27] TX Python SDK azure-iot-device (MQTT sobre WebSockets 443) -> {"tempPasillo": 20.39, "humedadPasillo": 48.57, "deltaPresionPa": 20.3, "tsDispositivo": "2026-09-25T23:15:26+00:00"}
[2026-09-25 18:16:27] TX Python SDK azure-iot-device (MQTT sobre WebSockets 443) -> {"tempPasillo": 20.37, "humedadPasillo": 48.95, "deltaPresionPa": 18.7, "tsDispositivo": "2026-09-25T23:16:27+00:00"}
[2026-09-25 18:17:28] TX Python SDK azure-iot-device (MQTT sobre WebSockets 443) -> {"tempPasillo": 20.36, "humedadPasillo": 48.57, "deltaPresionPa": 21.0, "tsDispositivo": "2026-09-25T23:17:27+00:00"}
[2026-09-25 18:18:28] TX Python SDK azure-iot-device (MQTT sobre WebSockets 443) -> {"tempPasillo": 20.17, "humedadPasillo": 49.18, "deltaPresionPa": 19.9, "tsDispositivo": "2026-09-25T23:18:28+00:00"}
[2026-09-25 18:19:28] TX Python SDK azure-iot-device (MQTT sobre WebSockets 443) -> {"tempPasillo": 20.09, "humedadPasillo": 47.87, "deltaPresionPa": 20.4, "tsDispositivo": "2026-09-25T23:19:28+00:00"}
[2026-09-25 18:20:28] TX Python SDK azure-iot-device (MQTT sobre WebSockets 443) -> {"tempPasillo": 20.14, "humedadPasillo": 48.78, "deltaPresionPa": 19.6, "tsDispositivo": "2026-09-25T23:20:28+00:00"}
[2026-09-25 18:21:28] TX Python SDK azure-iot-device (MQTT sobre WebSockets 443) -> {"tempPasillo": 20.02, "humedadPasillo": 48.75, "deltaPresionPa": 17.6, "tsDispositivo": "2026-09-25T23:21:28+00:00"}
[2026-09-25 18:22:29] TX Python SDK azure-iot-device (MQTT sobre WebSockets 443) -> {"tempPasillo": 19.98, "humedadPasillo": 48.98, "deltaPresionPa": 19.1, "tsDispositivo": "2026-09-25T23:22:28+00:00"}
[2026-09-25 18:23:29] TX Python SDK azure-iot-device (MQTT sobre WebSockets 443) -> {"tempPasillo": 20.34, "humedadPasillo": 48.27, "deltaPresionPa": 18.0, "tsDispositivo": "2026-09-25T23:23:29+00:00"}
[2026-09-25 18:24:29] TX Python SDK azure-iot-device (MQTT sobre WebSockets 443) -> {"tempPasillo": 20.36, "humedadPasillo": 48.17, "deltaPresionPa": 17.0, "tsDispositivo": "2026-09-25T23:24:29+00:00"}
[2026-09-25 18:25:29] TX Python SDK azure-iot-device (MQTT sobre WebSockets 443) -> {"tempPasillo": 20.23, "humedadPasillo": 49.41, "deltaPresionPa": 20.7, "tsDispositivo": "2026-09-25T23:25:29+00:00"}
[2026-09-25 18:26:29] TX Python SDK azure-iot-device (MQTT sobre WebSockets 443) -> {"tempPasillo": 20.34, "humedadPasillo": 48.47, "deltaPresionPa": 20.9, "tsDispositivo": "2026-09-25T23:26:29+00:00"}
[2026-09-25 18:27:30] TX Python SDK azure-iot-device (MQTT sobre WebSockets 443) -> {"tempPasillo": 20.12, "humedadPasillo": 48.87, "deltaPresionPa": 18.7, "tsDispositivo": "2026-09-25T23:27:29+00:00"}
[2026-09-25 18:28:30] TX Python SDK azure-iot-device (MQTT sobre WebSockets 443) -> {"tempPasillo": 20.01, "humedadPasillo": 48.03, "deltaPresionPa": 21.5, "tsDispositivo": "2026-09-25T23:28:30+00:00"}
[2026-09-25 18:29:30] TX Python SDK azure-iot-device (MQTT sobre WebSockets 443) -> {"tempPasillo": 20.01, "humedadPasillo": 48.58, "deltaPresionPa": 19.1, "tsDispositivo": "2026-09-25T23:29:30+00:00"}
[2026-09-25 18:30:30] TX Python SDK azure-iot-device (MQTT sobre WebSockets 443) -> {"tempPasillo": 20.48, "humedadPasillo": 49.37, "deltaPresionPa": 19.6, "tsDispositivo": "2026-09-25T23:30:30+00:00"}
[2026-09-25 18:31:30] TX Python SDK azure-iot-device (MQTT sobre WebSockets 443) -> {"tempPasillo": 19.91, "humedadPasillo": 48.58, "deltaPresionPa": 16.8, "tsDispositivo": "2026-09-25T23:31:30+00:00"}
[2026-09-25 18:32:31] TX Python SDK azure-iot-device (MQTT sobre WebSockets 443) -> {"tempPasillo": 20.24, "humedadPasillo": 48.94, "deltaPresionPa": 19.0, "tsDispositivo": "2026-09-25T23:32:30+00:00"}
[2026-09-25 18:33:31] TX Python SDK azure-iot-device (MQTT sobre WebSockets 443) -> {"tempPasillo": 20.13, "humedadPasillo": 47.73, "deltaPresionPa": 17.2, "tsDispositivo": "2026-09-25T23:33:31+00:00"}
[2026-09-25 18:34:31] TX Python SDK azure-iot-device (MQTT sobre WebSockets 443) -> {"tempPasillo": 20.43, "humedadPasillo": 47.98, "deltaPresionPa": 18.7, "tsDispositivo": "2026-09-25T23:34:31+00:00"}
[2026-09-25 18:35:31] TX Python SDK azure-iot-device (MQTT sobre WebSockets 443) -> {"tempPasillo": 20.27, "humedadPasillo": 48.57, "deltaPresionPa": 21.4, "tsDispositivo": "2026-09-25T23:35:31+00:00"}
[2026-09-25 18:36:32] TX Python SDK azure-iot-device (MQTT sobre WebSockets 443) -> {"tempPasillo": 20.03, "humedadPasillo": 48.1, "deltaPresionPa": 19.8, "tsDispositivo": "2026-09-25T23:36:31+00:00"}
[2026-09-25 18:37:32] TX Python SDK azure-iot-device (MQTT sobre WebSockets 443) -> {"tempPasillo": 20.33, "humedadPasillo": 49.31, "deltaPresionPa": 20.6, "tsDispositivo": "2026-09-25T23:37:32+00:00"}
[2026-09-25 18:38:32] TX Python SDK azure-iot-device (MQTT sobre WebSockets 443) -> {"tempPasillo": 20.36, "humedadPasillo": 48.07, "deltaPresionPa": 17.0, "tsDispositivo": "2026-09-25T23:38:32+00:00"}
[2026-09-25 18:39:32] TX Python SDK azure-iot-device (MQTT sobre WebSockets 443) -> {"tempPasillo": 20.29, "humedadPasillo": 47.85, "deltaPresionPa": 17.8, "tsDispositivo": "2026-09-25T23:39:32+00:00"}
[2026-09-25 18:40:32] TX Python SDK azure-iot-device (MQTT sobre WebSockets 443) -> {"tempPasillo": 20.02, "humedadPasillo": 48.06, "deltaPresionPa": 19.8, "tsDispositivo": "2026-09-25T23:40:32+00:00"}
[2026-09-25 18:41:33] TX Python SDK azure-iot-device (MQTT sobre WebSockets 443) -> {"tempPasillo": 19.97, "humedadPasillo": 47.87, "deltaPresionPa": 18.7, "tsDispositivo": "2026-09-25T23:41:32+00:00"}
[2026-09-25 18:42:33] TX Python SDK azure-iot-device (MQTT sobre WebSockets 443) -> {"tempPasillo": 19.99, "humedadPasillo": 47.79, "deltaPresionPa": 20.5, "tsDispositivo": "2026-09-25T23:42:33+00:00"}
[2026-09-25 18:43:33] TX Python SDK azure-iot-device (MQTT sobre WebSockets 443) -> {"tempPasillo": 20.04, "humedadPasillo": 48.4, "deltaPresionPa": 20.4, "tsDispositivo": "2026-09-25T23:43:33+00:00"}
[2026-09-25 18:44:33] TX Python SDK azure-iot-device (MQTT sobre WebSockets 443) -> {"tempPasillo": 20.06, "humedadPasillo": 49.08, "deltaPresionPa": 18.1, "tsDispositivo": "2026-09-25T23:44:33+00:00"}
[2026-09-25 18:45:33] TX Python SDK azure-iot-device (MQTT sobre WebSockets 443) -> {"tempPasillo": 20.08, "humedadPasillo": 49.01, "deltaPresionPa": 18.5, "tsDispositivo": "2026-09-25T23:45:33+00:00"}
[2026-09-25 18:46:34] TX Python SDK azure-iot-device (MQTT sobre WebSockets 443) -> {"tempPasillo": 20.36, "humedadPasillo": 48.15, "deltaPresionPa": 18.9, "tsDispositivo": "2026-09-25T23:46:33+00:00"}
[2026-09-25 18:47:34] TX Python SDK azure-iot-device (MQTT sobre WebSockets 443) -> {"tempPasillo": 20.36, "humedadPasillo": 47.35, "deltaPresionPa": 19.8, "tsDispositivo": "2026-09-25T23:47:34+00:00"}
[2026-09-25 18:48:34] TX Python SDK azure-iot-device (MQTT sobre WebSockets 443) -> {"tempPasillo": 20.37, "humedadPasillo": 48.92, "deltaPresionPa": 20.7, "tsDispositivo": "2026-09-25T23:48:34+00:00"}
[2026-09-25 18:49:34] TX Python SDK azure-iot-device (MQTT sobre WebSockets 443) -> {"tempPasillo": 19.95, "humedadPasillo": 48.65, "deltaPresionPa": 18.6, "tsDispositivo": "2026-09-25T23:49:34+00:00"}
[2026-09-25 18:50:34] TX Python SDK azure-iot-device (MQTT sobre WebSockets 443) -> {"tempPasillo": 20.2, "humedadPasillo": 49.12, "deltaPresionPa": 20.3, "tsDispositivo": "2026-09-25T23:50:34+00:00"}
[2026-09-25 18:51:35] TX Python SDK azure-iot-device (MQTT sobre WebSockets 443) -> {"tempPasillo": 20.03, "humedadPasillo": 47.39, "deltaPresionPa": 21.7, "tsDispositivo": "2026-09-25T23:51:34+00:00"}
[2026-09-25 18:52:35] TX Python SDK azure-iot-device (MQTT sobre WebSockets 443) -> {"tempPasillo": 20.44, "humedadPasillo": 47.74, "deltaPresionPa": 18.6, "tsDispositivo": "2026-09-25T23:52:35+00:00"}
[2026-09-25 18:53:35] TX Python SDK azure-iot-device (MQTT sobre WebSockets 443) -> {"tempPasillo": 20.23, "humedadPasillo": 47.82, "deltaPresionPa": 20.9, "tsDispositivo": "2026-09-25T23:53:35+00:00"}
[2026-09-25 18:54:35] TX Python SDK azure-iot-device (MQTT sobre WebSockets 443) -> {"tempPasillo": 20.23, "humedadPasillo": 48.94, "deltaPresionPa": 20.5, "tsDispositivo": "2026-09-25T23:54:35+00:00"}
[2026-09-25 18:55:36] TX Python SDK azure-iot-device (MQTT sobre WebSockets 443) -> {"tempPasillo": 20.09, "humedadPasillo": 47.2, "deltaPresionPa": 21.5, "tsDispositivo": "2026-09-25T23:55:35+00:00"}
[2026-09-25 18:56:36] TX Python SDK azure-iot-device (MQTT sobre WebSockets 443) -> {"tempPasillo": 20.25, "humedadPasillo": 47.38, "deltaPresionPa": 21.8, "tsDispositivo": "2026-09-25T23:56:36+00:00"}
[2026-09-25 18:57:36] TX Python SDK azure-iot-device (MQTT sobre WebSockets 443) -> {"tempPasillo": 20.28, "humedadPasillo": 47.89, "deltaPresionPa": 16.9, "tsDispositivo": "2026-09-25T23:57:36+00:00"}
[2026-09-25 18:58:36] TX Python SDK azure-iot-device (MQTT sobre WebSockets 443) -> {"tempPasillo": 20.14, "humedadPasillo": 47.63, "deltaPresionPa": 21.3, "tsDispositivo": "2026-09-25T23:58:36+00:00"}
[2026-09-25 18:59:37] TX Python SDK azure-iot-device (MQTT sobre WebSockets 443) -> {"tempPasillo": 20.45, "humedadPasillo": 47.74, "deltaPresionPa": 17.8, "tsDispositivo": "2026-09-25T23:59:36+00:00"}
[2026-09-25 19:12:04] INFO  DPS (MQTT) id_scope=0ne00FE1F90 registration_id=DC-PASILLO-04 | hub por MQTT/WebSockets=True
[2026-09-25 19:12:08] INFO  DPS OK en 3.5 s -> hub iotc-ce764639-456d-4e61-9e9c-e64c9a818624.azure-devices.net | estado=assigned | DC-PASILLO-04
iotc-ce764639-456d-4e61-9e9c-e64c9a818624.azure-devices.net
initialAssignment
null
[2026-09-25 19:12:10] INFO  MQTT sobre WebSockets (443) conectado a IoT Central
[2026-09-25 19:12:11] INFO  propiedades reportadas: {'zona': 'Pasillo frio / contencion', 'ubicacion': 'Sala blanca - pasillo entre filas A y C', 'origenEnvio': 'Python SDK azure-iot-device (MQTT sobre WebSockets 443)', 'fabricante': 'Dell Edge Gateway 3200 + Sensirion SDP810', 'modelo': 'Nodo-Py-WS/1.0', 'versionFirmware': '1.2.0', 'intervaloMuestreo': 60}
[2026-09-25 19:12:11] TX Python SDK azure-iot-device (MQTT sobre WebSockets 443) -> {"tempPasillo": 19.92, "humedadPasillo": 47.66, "deltaPresionPa": 21.1, "tsDispositivo": "2026-09-26T00:12:11+00:00"}
[2026-09-25 19:13:12] TX Python SDK azure-iot-device (MQTT sobre WebSockets 443) -> {"tempPasillo": 20.24, "humedadPasillo": 47.25, "deltaPresionPa": 20.7, "tsDispositivo": "2026-09-26T00:13:11+00:00"}
[2026-09-25 19:14:13] TX Python SDK azure-iot-device (MQTT sobre WebSockets 443) -> {"tempPasillo": 20.24, "humedadPasillo": 47.42, "deltaPresionPa": 18.2, "tsDispositivo": "2026-09-26T00:14:13+00:00"}
[2026-09-25 19:15:14] TX Python SDK azure-iot-device (MQTT sobre WebSockets 443) -> {"tempPasillo": 20.25, "humedadPasillo": 47.19, "deltaPresionPa": 20.3, "tsDispositivo": "2026-09-26T00:15:13+00:00"}
[2026-09-25 19:16:14] TX Python SDK azure-iot-device (MQTT sobre WebSockets 443) -> {"tempPasillo": 20.1, "humedadPasillo": 48.53, "deltaPresionPa": 20.5, "tsDispositivo": "2026-09-26T00:16:14+00:00"}
[2026-09-25 19:17:15] TX Python SDK azure-iot-device (MQTT sobre WebSockets 443) -> {"tempPasillo": 20.35, "humedadPasillo": 48.72, "deltaPresionPa": 18.3, "tsDispositivo": "2026-09-26T00:17:14+00:00"}
[2026-09-25 19:18:15] TX Python SDK azure-iot-device (MQTT sobre WebSockets 443) -> {"tempPasillo": 20.24, "humedadPasillo": 47.0, "deltaPresionPa": 21.0, "tsDispositivo": "2026-09-26T00:18:15+00:00"}
[2026-09-25 19:19:16] TX Python SDK azure-iot-device (MQTT sobre WebSockets 443) -> {"tempPasillo": 20.07, "humedadPasillo": 47.71, "deltaPresionPa": 20.7, "tsDispositivo": "2026-09-26T00:19:15+00:00"}
[2026-09-25 19:20:16] TX Python SDK azure-iot-device (MQTT sobre WebSockets 443) -> {"tempPasillo": 20.1, "humedadPasillo": 48.4, "deltaPresionPa": 20.0, "tsDispositivo": "2026-09-26T00:20:16+00:00"}
[2026-09-25 19:21:16] TX Python SDK azure-iot-device (MQTT sobre WebSockets 443) -> {"tempPasillo": 20.33, "humedadPasillo": 46.86, "deltaPresionPa": 18.0, "tsDispositivo": "2026-09-26T00:21:16+00:00"}
[2026-09-25 19:22:17] TX Python SDK azure-iot-device (MQTT sobre WebSockets 443) -> {"tempPasillo": 20.23, "humedadPasillo": 46.69, "deltaPresionPa": 17.7, "tsDispositivo": "2026-09-26T00:22:16+00:00"}
[2026-09-25 19:23:17] TX Python SDK azure-iot-device (MQTT sobre WebSockets 443) -> {"tempPasillo": 20.19, "humedadPasillo": 47.75, "deltaPresionPa": 21.3, "tsDispositivo": "2026-09-26T00:23:17+00:00"}
[2026-09-25 19:24:17] TX Python SDK azure-iot-device (MQTT sobre WebSockets 443) -> {"tempPasillo": 20.3, "humedadPasillo": 47.29, "deltaPresionPa": 19.5, "tsDispositivo": "2026-09-26T00:24:17+00:00"}
[2026-09-25 19:25:18] TX Python SDK azure-iot-device (MQTT sobre WebSockets 443) -> {"tempPasillo": 20.39, "humedadPasillo": 47.48, "deltaPresionPa": 18.8, "tsDispositivo": "2026-09-26T00:25:17+00:00"}
[2026-09-25 19:26:21] TX Python SDK azure-iot-device (MQTT sobre WebSockets 443) -> {"tempPasillo": 19.95, "humedadPasillo": 47.94, "deltaPresionPa": 17.8, "tsDispositivo": "2026-09-26T00:26:19+00:00"}
[2026-09-25 19:27:29] TX Python SDK azure-iot-device (MQTT sobre WebSockets 443) -> {"tempPasillo": 20.08, "humedadPasillo": 46.68, "deltaPresionPa": 20.9, "tsDispositivo": "2026-09-26T00:27:22+00:00"}
[2026-09-25 19:28:29] TX Python SDK azure-iot-device (MQTT sobre WebSockets 443) -> {"tempPasillo": 20.36, "humedadPasillo": 47.44, "deltaPresionPa": 19.8, "tsDispositivo": "2026-09-26T00:28:29+00:00"}
[2026-09-25 19:29:29] TX Python SDK azure-iot-device (MQTT sobre WebSockets 443) -> {"tempPasillo": 20.09, "humedadPasillo": 47.48, "deltaPresionPa": 20.3, "tsDispositivo": "2026-09-26T00:29:29+00:00"}
[2026-09-25 19:30:30] TX Python SDK azure-iot-device (MQTT sobre WebSockets 443) -> {"tempPasillo": 20.42, "humedadPasillo": 47.06, "deltaPresionPa": 19.7, "tsDispositivo": "2026-09-26T00:30:30+00:00"}
[2026-09-25 19:31:31] TX Python SDK azure-iot-device (MQTT sobre WebSockets 443) -> {"tempPasillo": 20.14, "humedadPasillo": 47.66, "deltaPresionPa": 18.5, "tsDispositivo": "2026-09-26T00:31:30+00:00"}
[2026-09-25 19:32:31] TX Python SDK azure-iot-device (MQTT sobre WebSockets 443) -> {"tempPasillo": 20.36, "humedadPasillo": 47.07, "deltaPresionPa": 20.7, "tsDispositivo": "2026-09-26T00:32:31+00:00"}
[2026-09-25 19:33:32] TX Python SDK azure-iot-device (MQTT sobre WebSockets 443) -> {"tempPasillo": 20.23, "humedadPasillo": 47.99, "deltaPresionPa": 17.0, "tsDispositivo": "2026-09-26T00:33:32+00:00"}
[2026-09-25 19:34:33] TX Python SDK azure-iot-device (MQTT sobre WebSockets 443) -> {"tempPasillo": 20.41, "humedadPasillo": 48.36, "deltaPresionPa": 18.5, "tsDispositivo": "2026-09-26T00:34:32+00:00"}
[2026-09-25 19:35:33] TX Python SDK azure-iot-device (MQTT sobre WebSockets 443) -> {"tempPasillo": 20.15, "humedadPasillo": 48.47, "deltaPresionPa": 20.0, "tsDispositivo": "2026-09-26T00:35:33+00:00"}
[2026-09-25 19:36:34] TX Python SDK azure-iot-device (MQTT sobre WebSockets 443) -> {"tempPasillo": 20.28, "humedadPasillo": 47.91, "deltaPresionPa": 18.0, "tsDispositivo": "2026-09-26T00:36:33+00:00"}
[2026-09-25 19:37:35] TX Python SDK azure-iot-device (MQTT sobre WebSockets 443) -> {"tempPasillo": 20.27, "humedadPasillo": 47.83, "deltaPresionPa": 21.4, "tsDispositivo": "2026-09-26T00:37:34+00:00"}
[2026-09-25 19:38:37] TX Python SDK azure-iot-device (MQTT sobre WebSockets 443) -> {"tempPasillo": 20.27, "humedadPasillo": 48.2, "deltaPresionPa": 19.1, "tsDispositivo": "2026-09-26T00:38:35+00:00"}
[2026-09-25 19:39:39] TX Python SDK azure-iot-device (MQTT sobre WebSockets 443) -> {"tempPasillo": 20.22, "humedadPasillo": 46.86, "deltaPresionPa": 19.6, "tsDispositivo": "2026-09-26T00:39:37+00:00"}
[2026-09-25 19:40:41] TX Python SDK azure-iot-device (MQTT sobre WebSockets 443) -> {"tempPasillo": 20.23, "humedadPasillo": 47.29, "deltaPresionPa": 18.5, "tsDispositivo": "2026-09-26T00:40:40+00:00"}
[2026-09-25 19:41:41] TX Python SDK azure-iot-device (MQTT sobre WebSockets 443) -> {"tempPasillo": 19.88, "humedadPasillo": 47.51, "deltaPresionPa": 17.5, "tsDispositivo": "2026-09-26T00:41:41+00:00"}
[2026-09-25 19:42:42] TX Python SDK azure-iot-device (MQTT sobre WebSockets 443) -> {"tempPasillo": 19.93, "humedadPasillo": 47.31, "deltaPresionPa": 17.5, "tsDispositivo": "2026-09-26T00:42:42+00:00"}
[2026-09-25 19:43:45] TX Python SDK azure-iot-device (MQTT sobre WebSockets 443) -> {"tempPasillo": 20.41, "humedadPasillo": 48.24, "deltaPresionPa": 17.6, "tsDispositivo": "2026-09-26T00:43:43+00:00"}
[2026-09-25 19:44:46] TX Python SDK azure-iot-device (MQTT sobre WebSockets 443) -> {"tempPasillo": 20.32, "humedadPasillo": 46.48, "deltaPresionPa": 21.2, "tsDispositivo": "2026-09-26T00:44:46+00:00"}
[2026-09-25 19:45:46] TX Python SDK azure-iot-device (MQTT sobre WebSockets 443) -> {"tempPasillo": 19.92, "humedadPasillo": 48.11, "deltaPresionPa": 17.0, "tsDispositivo": "2026-09-26T00:45:46+00:00"}
[2026-09-25 19:46:47] TX Python SDK azure-iot-device (MQTT sobre WebSockets 443) -> {"tempPasillo": 20.02, "humedadPasillo": 46.74, "deltaPresionPa": 18.9, "tsDispositivo": "2026-09-26T00:46:46+00:00"}
[2026-09-25 19:47:47] TX Python SDK azure-iot-device (MQTT sobre WebSockets 443) -> {"tempPasillo": 20.43, "humedadPasillo": 46.6, "deltaPresionPa": 17.9, "tsDispositivo": "2026-09-26T00:47:47+00:00"}
[2026-09-25 19:48:48] TX Python SDK azure-iot-device (MQTT sobre WebSockets 443) -> {"tempPasillo": 19.93, "humedadPasillo": 48.18, "deltaPresionPa": 19.7, "tsDispositivo": "2026-09-26T00:48:47+00:00"}
[2026-09-25 19:49:49] TX Python SDK azure-iot-device (MQTT sobre WebSockets 443) -> {"tempPasillo": 20.06, "humedadPasillo": 46.69, "deltaPresionPa": 20.4, "tsDispositivo": "2026-09-26T00:49:49+00:00"}
[2026-09-25 19:50:49] TX Python SDK azure-iot-device (MQTT sobre WebSockets 443) -> {"tempPasillo": 20.41, "humedadPasillo": 47.67, "deltaPresionPa": 18.6, "tsDispositivo": "2026-09-26T00:50:49+00:00"}
[2026-09-25 19:51:50] TX Python SDK azure-iot-device (MQTT sobre WebSockets 443) -> {"tempPasillo": 20.19, "humedadPasillo": 46.97, "deltaPresionPa": 17.1, "tsDispositivo": "2026-09-26T00:51:50+00:00"}
[2026-09-25 19:52:50] TX Python SDK azure-iot-device (MQTT sobre WebSockets 443) -> {"tempPasillo": 19.97, "humedadPasillo": 48.07, "deltaPresionPa": 21.3, "tsDispositivo": "2026-09-26T00:52:50+00:00"}
[2026-09-25 19:53:50] TX Python SDK azure-iot-device (MQTT sobre WebSockets 443) -> {"tempPasillo": 20.33, "humedadPasillo": 47.3, "deltaPresionPa": 17.2, "tsDispositivo": "2026-09-26T00:53:50+00:00"}
[2026-09-25 19:54:51] TX Python SDK azure-iot-device (MQTT sobre WebSockets 443) -> {"tempPasillo": 20.32, "humedadPasillo": 47.1, "deltaPresionPa": 17.4, "tsDispositivo": "2026-09-26T00:54:50+00:00"}
[2026-09-25 19:55:52] TX Python SDK azure-iot-device (MQTT sobre WebSockets 443) -> {"tempPasillo": 19.96, "humedadPasillo": 47.29, "deltaPresionPa": 18.9, "tsDispositivo": "2026-09-26T00:55:51+00:00"}
[2026-09-25 19:56:52] TX Python SDK azure-iot-device (MQTT sobre WebSockets 443) -> {"tempPasillo": 20.06, "humedadPasillo": 47.49, "deltaPresionPa": 18.1, "tsDispositivo": "2026-09-26T00:56:52+00:00"}
[2026-09-25 19:57:52] TX Python SDK azure-iot-device (MQTT sobre WebSockets 443) -> {"tempPasillo": 20.14, "humedadPasillo": 47.17, "deltaPresionPa": 21.3, "tsDispositivo": "2026-09-26T00:57:52+00:00"}
[2026-09-25 19:58:53] TX Python SDK azure-iot-device (MQTT sobre WebSockets 443) -> {"tempPasillo": 20.26, "humedadPasillo": 47.01, "deltaPresionPa": 19.4, "tsDispositivo": "2026-09-26T00:58:52+00:00"}
[2026-09-25 19:59:53] TX Python SDK azure-iot-device (MQTT sobre WebSockets 443) -> {"tempPasillo": 20.09, "humedadPasillo": 46.29, "deltaPresionPa": 19.5, "tsDispositivo": "2026-09-26T00:59:53+00:00"}
[2026-09-25 20:00:53] TX Python SDK azure-iot-device (MQTT sobre WebSockets 443) -> {"tempPasillo": 20.23, "humedadPasillo": 46.63, "deltaPresionPa": 18.7, "tsDispositivo": "2026-09-26T01:00:53+00:00"}
[2026-09-25 20:01:53] TX Python SDK azure-iot-device (MQTT sobre WebSockets 443) -> {"tempPasillo": 20.1, "humedadPasillo": 47.44, "deltaPresionPa": 19.6, "tsDispositivo": "2026-09-26T01:01:53+00:00"}
[2026-09-25 20:02:54] TX Python SDK azure-iot-device (MQTT sobre WebSockets 443) -> {"tempPasillo": 20.28, "humedadPasillo": 47.96, "deltaPresionPa": 17.0, "tsDispositivo": "2026-09-26T01:02:53+00:00"}
[2026-09-25 20:03:54] TX Python SDK azure-iot-device (MQTT sobre WebSockets 443) -> {"tempPasillo": 20.38, "humedadPasillo": 46.46, "deltaPresionPa": 18.9, "tsDispositivo": "2026-09-26T01:03:54+00:00"}
[2026-09-25 20:04:54] TX Python SDK azure-iot-device (MQTT sobre WebSockets 443) -> {"tempPasillo": 20.37, "humedadPasillo": 47.48, "deltaPresionPa": 20.3, "tsDispositivo": "2026-09-26T01:04:54+00:00"}
[2026-09-25 20:05:54] TX Python SDK azure-iot-device (MQTT sobre WebSockets 443) -> {"tempPasillo": 19.94, "humedadPasillo": 48.09, "deltaPresionPa": 19.0, "tsDispositivo": "2026-09-26T01:05:54+00:00"}
[2026-09-25 20:06:54] TX Python SDK azure-iot-device (MQTT sobre WebSockets 443) -> {"tempPasillo": 19.97, "humedadPasillo": 47.16, "deltaPresionPa": 18.4, "tsDispositivo": "2026-09-26T01:06:54+00:00"}
[2026-09-25 20:07:55] TX Python SDK azure-iot-device (MQTT sobre WebSockets 443) -> {"tempPasillo": 20.36, "humedadPasillo": 46.35, "deltaPresionPa": 17.0, "tsDispositivo": "2026-09-26T01:07:54+00:00"}
[2026-09-25 20:08:55] TX Python SDK azure-iot-device (MQTT sobre WebSockets 443) -> {"tempPasillo": 20.11, "humedadPasillo": 48.02, "deltaPresionPa": 16.9, "tsDispositivo": "2026-09-26T01:08:55+00:00"}
[2026-09-25 20:09:55] TX Python SDK azure-iot-device (MQTT sobre WebSockets 443) -> {"tempPasillo": 19.9, "humedadPasillo": 47.95, "deltaPresionPa": 16.7, "tsDispositivo": "2026-09-26T01:09:55+00:00"}
[2026-09-25 20:10:09] INFO  TWIN desired: {'$version': 2, 'modoOperacion': 'Normal', 'umbralHumedad': 60, 'umbralPM25': 35, 'umbralTemperatura': 27}
[2026-09-25 20:10:55] TX Python SDK azure-iot-device (MQTT sobre WebSockets 443) -> {"tempPasillo": 19.97, "humedadPasillo": 46.5, "deltaPresionPa": 18.8, "tsDispositivo": "2026-09-26T01:10:55+00:00"}
[2026-09-25 20:11:55] TX Python SDK azure-iot-device (MQTT sobre WebSockets 443) -> {"tempPasillo": 20.09, "humedadPasillo": 48.02, "deltaPresionPa": 19.1, "tsDispositivo": "2026-09-26T01:11:55+00:00"}
[2026-09-25 20:12:56] TX Python SDK azure-iot-device (MQTT sobre WebSockets 443) -> {"tempPasillo": 20.11, "humedadPasillo": 47.78, "deltaPresionPa": 18.4, "tsDispositivo": "2026-09-26T01:12:55+00:00"}
[2026-09-25 20:13:56] TX Python SDK azure-iot-device (MQTT sobre WebSockets 443) -> {"tempPasillo": 20.11, "humedadPasillo": 46.68, "deltaPresionPa": 18.0, "tsDispositivo": "2026-09-26T01:13:56+00:00"}
[2026-09-25 20:14:56] TX Python SDK azure-iot-device (MQTT sobre WebSockets 443) -> {"tempPasillo": 19.85, "humedadPasillo": 46.62, "deltaPresionPa": 16.5, "tsDispositivo": "2026-09-26T01:14:56+00:00"}
[2026-09-25 20:15:56] TX Python SDK azure-iot-device (MQTT sobre WebSockets 443) -> {"tempPasillo": 19.89, "humedadPasillo": 47.53, "deltaPresionPa": 18.8, "tsDispositivo": "2026-09-26T01:15:56+00:00"}
[2026-09-25 20:16:56] TX Python SDK azure-iot-device (MQTT sobre WebSockets 443) -> {"tempPasillo": 20.35, "humedadPasillo": 46.8, "deltaPresionPa": 18.7, "tsDispositivo": "2026-09-26T01:16:56+00:00"}
[2026-09-25 20:17:57] TX Python SDK azure-iot-device (MQTT sobre WebSockets 443) -> {"tempPasillo": 19.94, "humedadPasillo": 46.45, "deltaPresionPa": 21.0, "tsDispositivo": "2026-09-26T01:17:56+00:00"}
[2026-09-25 20:18:57] TX Python SDK azure-iot-device (MQTT sobre WebSockets 443) -> {"tempPasillo": 19.83, "humedadPasillo": 46.13, "deltaPresionPa": 16.5, "tsDispositivo": "2026-09-26T01:18:57+00:00"}
[2026-09-25 20:19:57] TX Python SDK azure-iot-device (MQTT sobre WebSockets 443) -> {"tempPasillo": 20.16, "humedadPasillo": 47.82, "deltaPresionPa": 18.0, "tsDispositivo": "2026-09-26T01:19:57+00:00"}
[2026-09-25 20:20:57] TX Python SDK azure-iot-device (MQTT sobre WebSockets 443) -> {"tempPasillo": 20.25, "humedadPasillo": 45.97, "deltaPresionPa": 17.0, "tsDispositivo": "2026-09-26T01:20:57+00:00"}
[2026-09-25 20:21:58] TX Python SDK azure-iot-device (MQTT sobre WebSockets 443) -> {"tempPasillo": 20.16, "humedadPasillo": 47.36, "deltaPresionPa": 16.9, "tsDispositivo": "2026-09-26T01:21:57+00:00"}
[2026-09-25 20:22:58] TX Python SDK azure-iot-device (MQTT sobre WebSockets 443) -> {"tempPasillo": 19.85, "humedadPasillo": 47.9, "deltaPresionPa": 20.8, "tsDispositivo": "2026-09-26T01:22:58+00:00"}
[2026-09-25 20:23:58] TX Python SDK azure-iot-device (MQTT sobre WebSockets 443) -> {"tempPasillo": 20.02, "humedadPasillo": 46.03, "deltaPresionPa": 16.9, "tsDispositivo": "2026-09-26T01:23:58+00:00"}
[2026-09-25 20:24:58] TX Python SDK azure-iot-device (MQTT sobre WebSockets 443) -> {"tempPasillo": 20.3, "humedadPasillo": 46.33, "deltaPresionPa": 21.1, "tsDispositivo": "2026-09-26T01:24:58+00:00"}
[2026-09-25 20:25:58] TX Python SDK azure-iot-device (MQTT sobre WebSockets 443) -> {"tempPasillo": 20.36, "humedadPasillo": 47.58, "deltaPresionPa": 21.1, "tsDispositivo": "2026-09-26T01:25:58+00:00"}
[2026-09-25 20:26:59] TX Python SDK azure-iot-device (MQTT sobre WebSockets 443) -> {"tempPasillo": 20.27, "humedadPasillo": 46.45, "deltaPresionPa": 19.5, "tsDispositivo": "2026-09-26T01:26:58+00:00"}
[2026-09-25 20:28:11] TX Python SDK azure-iot-device (MQTT sobre WebSockets 443) -> {"tempPasillo": 20.2, "humedadPasillo": 47.2, "deltaPresionPa": 17.3, "tsDispositivo": "2026-09-26T01:27:59+00:00"}
[2026-09-25 20:29:11] TX Python SDK azure-iot-device (MQTT sobre WebSockets 443) -> {"tempPasillo": 20.09, "humedadPasillo": 46.8, "deltaPresionPa": 19.8, "tsDispositivo": "2026-09-26T01:29:11+00:00"}
[2026-09-25 20:30:11] TX Python SDK azure-iot-device (MQTT sobre WebSockets 443) -> {"tempPasillo": 20.3, "humedadPasillo": 46.29, "deltaPresionPa": 18.9, "tsDispositivo": "2026-09-26T01:30:11+00:00"}
[2026-09-25 20:31:12] TX Python SDK azure-iot-device (MQTT sobre WebSockets 443) -> {"tempPasillo": 20.21, "humedadPasillo": 47.49, "deltaPresionPa": 20.0, "tsDispositivo": "2026-09-26T01:31:11+00:00"}
[2026-09-25 20:32:12] TX Python SDK azure-iot-device (MQTT sobre WebSockets 443) -> {"tempPasillo": 19.86, "humedadPasillo": 46.74, "deltaPresionPa": 18.0, "tsDispositivo": "2026-09-26T01:32:12+00:00"}
[2026-09-25 20:33:13] TX Python SDK azure-iot-device (MQTT sobre WebSockets 443) -> {"tempPasillo": 20.02, "humedadPasillo": 46.41, "deltaPresionPa": 19.3, "tsDispositivo": "2026-09-26T01:33:12+00:00"}
[2026-09-25 20:34:13] TX Python SDK azure-iot-device (MQTT sobre WebSockets 443) -> {"tempPasillo": 19.89, "humedadPasillo": 46.2, "deltaPresionPa": 16.1, "tsDispositivo": "2026-09-26T01:34:13+00:00"}
[2026-09-25 20:35:13] TX Python SDK azure-iot-device (MQTT sobre WebSockets 443) -> {"tempPasillo": 20.21, "humedadPasillo": 46.07, "deltaPresionPa": 18.0, "tsDispositivo": "2026-09-26T01:35:13+00:00"}
[2026-09-25 20:36:14] TX Python SDK azure-iot-device (MQTT sobre WebSockets 443) -> {"tempPasillo": 19.8, "humedadPasillo": 46.99, "deltaPresionPa": 19.4, "tsDispositivo": "2026-09-26T01:36:13+00:00"}
[2026-09-25 20:37:14] TX Python SDK azure-iot-device (MQTT sobre WebSockets 443) -> {"tempPasillo": 19.92, "humedadPasillo": 46.77, "deltaPresionPa": 18.4, "tsDispositivo": "2026-09-26T01:37:14+00:00"}
[2026-09-25 20:38:14] TX Python SDK azure-iot-device (MQTT sobre WebSockets 443) -> {"tempPasillo": 19.93, "humedadPasillo": 46.07, "deltaPresionPa": 20.2, "tsDispositivo": "2026-09-26T01:38:14+00:00"}
[2026-09-25 20:39:14] TX Python SDK azure-iot-device (MQTT sobre WebSockets 443) -> {"tempPasillo": 20.04, "humedadPasillo": 46.74, "deltaPresionPa": 18.9, "tsDispositivo": "2026-09-26T01:39:14+00:00"}
[2026-09-25 20:40:15] TX Python SDK azure-iot-device (MQTT sobre WebSockets 443) -> {"tempPasillo": 19.91, "humedadPasillo": 47.29, "deltaPresionPa": 17.2, "tsDispositivo": "2026-09-26T01:40:14+00:00"}
[2026-09-25 20:41:15] TX Python SDK azure-iot-device (MQTT sobre WebSockets 443) -> {"tempPasillo": 19.79, "humedadPasillo": 46.24, "deltaPresionPa": 18.8, "tsDispositivo": "2026-09-26T01:41:15+00:00"}
[2026-09-25 20:42:16] TX Python SDK azure-iot-device (MQTT sobre WebSockets 443) -> {"tempPasillo": 19.91, "humedadPasillo": 46.95, "deltaPresionPa": 16.9, "tsDispositivo": "2026-09-26T01:42:16+00:00"}
[2026-09-25 20:43:17] TX Python SDK azure-iot-device (MQTT sobre WebSockets 443) -> {"tempPasillo": 19.88, "humedadPasillo": 47.23, "deltaPresionPa": 17.7, "tsDispositivo": "2026-09-26T01:43:16+00:00"}
[2026-09-25 20:44:17] TX Python SDK azure-iot-device (MQTT sobre WebSockets 443) -> {"tempPasillo": 20.21, "humedadPasillo": 46.34, "deltaPresionPa": 17.4, "tsDispositivo": "2026-09-26T01:44:17+00:00"}
[2026-09-25 20:45:17] TX Python SDK azure-iot-device (MQTT sobre WebSockets 443) -> {"tempPasillo": 19.83, "humedadPasillo": 45.86, "deltaPresionPa": 18.5, "tsDispositivo": "2026-09-26T01:45:17+00:00"}
[2026-09-25 20:46:17] TX Python SDK azure-iot-device (MQTT sobre WebSockets 443) -> {"tempPasillo": 20.34, "humedadPasillo": 46.08, "deltaPresionPa": 19.2, "tsDispositivo": "2026-09-26T01:46:17+00:00"}
[2026-09-25 20:47:17] TX Python SDK azure-iot-device (MQTT sobre WebSockets 443) -> {"tempPasillo": 20.21, "humedadPasillo": 47.2, "deltaPresionPa": 17.0, "tsDispositivo": "2026-09-26T01:47:17+00:00"}
[2026-09-25 20:48:18] TX Python SDK azure-iot-device (MQTT sobre WebSockets 443) -> {"tempPasillo": 19.82, "humedadPasillo": 47.07, "deltaPresionPa": 19.9, "tsDispositivo": "2026-09-26T01:48:17+00:00"}
[2026-09-25 20:49:18] TX Python SDK azure-iot-device (MQTT sobre WebSockets 443) -> {"tempPasillo": 20.3, "humedadPasillo": 46.14, "deltaPresionPa": 16.8, "tsDispositivo": "2026-09-26T01:49:18+00:00"}
[2026-09-25 20:50:18] TX Python SDK azure-iot-device (MQTT sobre WebSockets 443) -> {"tempPasillo": 19.8, "humedadPasillo": 46.94, "deltaPresionPa": 16.6, "tsDispositivo": "2026-09-26T01:50:18+00:00"}
[2026-09-25 20:51:18] TX Python SDK azure-iot-device (MQTT sobre WebSockets 443) -> {"tempPasillo": 19.95, "humedadPasillo": 46.84, "deltaPresionPa": 16.8, "tsDispositivo": "2026-09-26T01:51:18+00:00"}
[2026-09-25 20:52:18] TX Python SDK azure-iot-device (MQTT sobre WebSockets 443) -> {"tempPasillo": 19.97, "humedadPasillo": 45.72, "deltaPresionPa": 18.8, "tsDispositivo": "2026-09-26T01:52:18+00:00"}
[2026-09-25 20:53:19] TX Python SDK azure-iot-device (MQTT sobre WebSockets 443) -> {"tempPasillo": 19.92, "humedadPasillo": 46.32, "deltaPresionPa": 17.9, "tsDispositivo": "2026-09-26T01:53:18+00:00"}
[2026-09-25 20:54:19] TX Python SDK azure-iot-device (MQTT sobre WebSockets 443) -> {"tempPasillo": 20.0, "humedadPasillo": 47.12, "deltaPresionPa": 17.6, "tsDispositivo": "2026-09-26T01:54:19+00:00"}
[2026-09-25 20:55:19] TX Python SDK azure-iot-device (MQTT sobre WebSockets 443) -> {"tempPasillo": 20.19, "humedadPasillo": 45.92, "deltaPresionPa": 20.1, "tsDispositivo": "2026-09-26T01:55:19+00:00"}
[2026-09-25 20:56:20] TX Python SDK azure-iot-device (MQTT sobre WebSockets 443) -> {"tempPasillo": 20.05, "humedadPasillo": 47.49, "deltaPresionPa": 21.2, "tsDispositivo": "2026-09-26T01:56:19+00:00"}
[2026-09-25 20:57:20] TX Python SDK azure-iot-device (MQTT sobre WebSockets 443) -> {"tempPasillo": 19.91, "humedadPasillo": 46.65, "deltaPresionPa": 17.8, "tsDispositivo": "2026-09-26T01:57:20+00:00"}
[2026-09-25 20:58:20] TX Python SDK azure-iot-device (MQTT sobre WebSockets 443) -> {"tempPasillo": 20.06, "humedadPasillo": 47.01, "deltaPresionPa": 19.9, "tsDispositivo": "2026-09-26T01:58:20+00:00"}
[2026-09-25 20:59:20] TX Python SDK azure-iot-device (MQTT sobre WebSockets 443) -> {"tempPasillo": 20.3, "humedadPasillo": 47.25, "deltaPresionPa": 16.4, "tsDispositivo": "2026-09-26T01:59:20+00:00"}
[2026-09-25 21:00:20] TX Python SDK azure-iot-device (MQTT sobre WebSockets 443) -> {"tempPasillo": 20.01, "humedadPasillo": 47.12, "deltaPresionPa": 20.8, "tsDispositivo": "2026-09-26T02:00:20+00:00"}
[2026-09-25 21:01:22] TX Python SDK azure-iot-device (MQTT sobre WebSockets 443) -> {"tempPasillo": 19.89, "humedadPasillo": 45.65, "deltaPresionPa": 17.7, "tsDispositivo": "2026-09-26T02:01:21+00:00"}
Exception caught in background thread.  Unable to handle.
['azure.iot.device.common.transport_exceptions.ConnectionDroppedError: Unexpected disconnection\n']
Exception caught in background thread.  Unable to handle.
['azure.iot.device.common.transport_exceptions.ConnectionFailedError\n']
Exception caught in background thread.  Unable to handle.
['azure.iot.device.common.transport_exceptions.ConnectionFailedError\n']
[2026-09-25 21:02:43] TX Python SDK azure-iot-device (MQTT sobre WebSockets 443) -> {"tempPasillo": 20.27, "humedadPasillo": 46.29, "deltaPresionPa": 20.0, "tsDispositivo": "2026-09-26T02:02:22+00:00"}
[2026-09-25 21:03:43] TX Python SDK azure-iot-device (MQTT sobre WebSockets 443) -> {"tempPasillo": 19.93, "humedadPasillo": 47.27, "deltaPresionPa": 18.8, "tsDispositivo": "2026-09-26T02:03:43+00:00"}
[2026-09-25 21:04:44] TX Python SDK azure-iot-device (MQTT sobre WebSockets 443) -> {"tempPasillo": 20.2, "humedadPasillo": 46.44, "deltaPresionPa": 20.9, "tsDispositivo": "2026-09-26T02:04:43+00:00"}
[2026-09-25 21:05:44] TX Python SDK azure-iot-device (MQTT sobre WebSockets 443) -> {"tempPasillo": 20.03, "humedadPasillo": 47.3, "deltaPresionPa": 18.8, "tsDispositivo": "2026-09-26T02:05:44+00:00"}
[2026-09-25 21:06:44] TX Python SDK azure-iot-device (MQTT sobre WebSockets 443) -> {"tempPasillo": 20.15, "humedadPasillo": 47.26, "deltaPresionPa": 17.7, "tsDispositivo": "2026-09-26T02:06:44+00:00"}
[2026-09-25 21:07:45] TX Python SDK azure-iot-device (MQTT sobre WebSockets 443) -> {"tempPasillo": 20.18, "humedadPasillo": 47.44, "deltaPresionPa": 19.3, "tsDispositivo": "2026-09-26T02:07:45+00:00"}
[2026-09-25 21:08:45] TX Python SDK azure-iot-device (MQTT sobre WebSockets 443) -> {"tempPasillo": 20.17, "humedadPasillo": 46.79, "deltaPresionPa": 18.5, "tsDispositivo": "2026-09-26T02:08:45+00:00"}
[2026-09-25 21:09:47] TX Python SDK azure-iot-device (MQTT sobre WebSockets 443) -> {"tempPasillo": 19.88, "humedadPasillo": 46.99, "deltaPresionPa": 16.7, "tsDispositivo": "2026-09-26T02:09:47+00:00"}
[2026-09-25 21:10:49] TX Python SDK azure-iot-device (MQTT sobre WebSockets 443) -> {"tempPasillo": 20.26, "humedadPasillo": 45.6, "deltaPresionPa": 18.5, "tsDispositivo": "2026-09-26T02:10:49+00:00"}
[2026-09-25 21:11:49] TX Python SDK azure-iot-device (MQTT sobre WebSockets 443) -> {"tempPasillo": 20.23, "humedadPasillo": 45.71, "deltaPresionPa": 19.5, "tsDispositivo": "2026-09-26T02:11:49+00:00"}
[2026-09-25 21:12:49] TX Python SDK azure-iot-device (MQTT sobre WebSockets 443) -> {"tempPasillo": 20.22, "humedadPasillo": 47.27, "deltaPresionPa": 17.7, "tsDispositivo": "2026-09-26T02:12:49+00:00"}
[2026-09-25 21:13:50] TX Python SDK azure-iot-device (MQTT sobre WebSockets 443) -> {"tempPasillo": 19.85, "humedadPasillo": 46.83, "deltaPresionPa": 20.4, "tsDispositivo": "2026-09-26T02:13:49+00:00"}
[2026-09-25 21:14:50] TX Python SDK azure-iot-device (MQTT sobre WebSockets 443) -> {"tempPasillo": 20.3, "humedadPasillo": 46.68, "deltaPresionPa": 17.2, "tsDispositivo": "2026-09-26T02:14:50+00:00"}
[2026-09-25 21:15:50] TX Python SDK azure-iot-device (MQTT sobre WebSockets 443) -> {"tempPasillo": 20.01, "humedadPasillo": 46.8, "deltaPresionPa": 17.9, "tsDispositivo": "2026-09-26T02:15:50+00:00"}
[2026-09-25 21:16:50] TX Python SDK azure-iot-device (MQTT sobre WebSockets 443) -> {"tempPasillo": 20.05, "humedadPasillo": 47.18, "deltaPresionPa": 19.7, "tsDispositivo": "2026-09-26T02:16:50+00:00"}
[2026-09-25 21:17:51] TX Python SDK azure-iot-device (MQTT sobre WebSockets 443) -> {"tempPasillo": 19.96, "humedadPasillo": 46.7, "deltaPresionPa": 17.9, "tsDispositivo": "2026-09-26T02:17:51+00:00"}
[2026-09-25 21:18:51] TX Python SDK azure-iot-device (MQTT sobre WebSockets 443) -> {"tempPasillo": 20.21, "humedadPasillo": 46.87, "deltaPresionPa": 20.8, "tsDispositivo": "2026-09-26T02:18:51+00:00"}
[2026-09-25 21:19:52] TX Python SDK azure-iot-device (MQTT sobre WebSockets 443) -> {"tempPasillo": 20.27, "humedadPasillo": 46.75, "deltaPresionPa": 17.8, "tsDispositivo": "2026-09-26T02:19:51+00:00"}
[2026-09-25 21:20:52] TX Python SDK azure-iot-device (MQTT sobre WebSockets 443) -> {"tempPasillo": 20.13, "humedadPasillo": 47.1, "deltaPresionPa": 17.5, "tsDispositivo": "2026-09-26T02:20:52+00:00"}
[2026-09-25 21:21:52] TX Python SDK azure-iot-device (MQTT sobre WebSockets 443) -> {"tempPasillo": 19.98, "humedadPasillo": 46.6, "deltaPresionPa": 18.3, "tsDispositivo": "2026-09-26T02:21:52+00:00"}
[2026-09-25 21:22:52] TX Python SDK azure-iot-device (MQTT sobre WebSockets 443) -> {"tempPasillo": 19.92, "humedadPasillo": 46.89, "deltaPresionPa": 17.4, "tsDispositivo": "2026-09-26T02:22:52+00:00"}
[2026-09-25 21:23:52] TX Python SDK azure-iot-device (MQTT sobre WebSockets 443) -> {"tempPasillo": 20.0, "humedadPasillo": 45.37, "deltaPresionPa": 20.7, "tsDispositivo": "2026-09-26T02:23:52+00:00"}
[2026-09-25 21:24:53] TX Python SDK azure-iot-device (MQTT sobre WebSockets 443) -> {"tempPasillo": 19.99, "humedadPasillo": 45.63, "deltaPresionPa": 20.1, "tsDispositivo": "2026-09-26T02:24:52+00:00"}
[2026-09-25 21:25:53] TX Python SDK azure-iot-device (MQTT sobre WebSockets 443) -> {"tempPasillo": 20.16, "humedadPasillo": 45.71, "deltaPresionPa": 21.0, "tsDispositivo": "2026-09-26T02:25:53+00:00"}
[2026-09-25 21:26:53] TX Python SDK azure-iot-device (MQTT sobre WebSockets 443) -> {"tempPasillo": 19.95, "humedadPasillo": 46.54, "deltaPresionPa": 17.3, "tsDispositivo": "2026-09-26T02:26:53+00:00"}
[2026-09-25 21:27:53] TX Python SDK azure-iot-device (MQTT sobre WebSockets 443) -> {"tempPasillo": 20.06, "humedadPasillo": 46.32, "deltaPresionPa": 19.1, "tsDispositivo": "2026-09-26T02:27:53+00:00"}
[2026-09-25 21:28:53] TX Python SDK azure-iot-device (MQTT sobre WebSockets 443) -> {"tempPasillo": 20.15, "humedadPasillo": 46.47, "deltaPresionPa": 20.3, "tsDispositivo": "2026-09-26T02:28:53+00:00"}
[2026-09-25 21:29:54] TX Python SDK azure-iot-device (MQTT sobre WebSockets 443) -> {"tempPasillo": 20.3, "humedadPasillo": 45.59, "deltaPresionPa": 16.7, "tsDispositivo": "2026-09-26T02:29:53+00:00"}
[2026-09-25 21:30:54] TX Python SDK azure-iot-device (MQTT sobre WebSockets 443) -> {"tempPasillo": 20.27, "humedadPasillo": 46.56, "deltaPresionPa": 18.6, "tsDispositivo": "2026-09-26T02:30:54+00:00"}
[2026-09-25 21:31:54] TX Python SDK azure-iot-device (MQTT sobre WebSockets 443) -> {"tempPasillo": 19.99, "humedadPasillo": 45.42, "deltaPresionPa": 20.8, "tsDispositivo": "2026-09-26T02:31:54+00:00"}
[2026-09-25 21:32:54] TX Python SDK azure-iot-device (MQTT sobre WebSockets 443) -> {"tempPasillo": 19.87, "humedadPasillo": 45.63, "deltaPresionPa": 20.8, "tsDispositivo": "2026-09-26T02:32:54+00:00"}
[2026-09-25 21:33:55] TX Python SDK azure-iot-device (MQTT sobre WebSockets 443) -> {"tempPasillo": 19.87, "humedadPasillo": 46.15, "deltaPresionPa": 19.8, "tsDispositivo": "2026-09-26T02:33:54+00:00"}
[2026-09-25 21:34:55] TX Python SDK azure-iot-device (MQTT sobre WebSockets 443) -> {"tempPasillo": 20.07, "humedadPasillo": 45.72, "deltaPresionPa": 19.4, "tsDispositivo": "2026-09-26T02:34:55+00:00"}
[2026-09-25 21:35:55] TX Python SDK azure-iot-device (MQTT sobre WebSockets 443) -> {"tempPasillo": 20.32, "humedadPasillo": 45.63, "deltaPresionPa": 17.7, "tsDispositivo": "2026-09-26T02:35:55+00:00"}
[2026-09-25 21:36:55] TX Python SDK azure-iot-device (MQTT sobre WebSockets 443) -> {"tempPasillo": 20.16, "humedadPasillo": 46.37, "deltaPresionPa": 19.5, "tsDispositivo": "2026-09-26T02:36:55+00:00"}
[2026-09-25 21:37:55] TX Python SDK azure-iot-device (MQTT sobre WebSockets 443) -> {"tempPasillo": 19.96, "humedadPasillo": 45.54, "deltaPresionPa": 19.4, "tsDispositivo": "2026-09-26T02:37:55+00:00"}
[2026-09-25 21:38:56] TX Python SDK azure-iot-device (MQTT sobre WebSockets 443) -> {"tempPasillo": 19.95, "humedadPasillo": 46.5, "deltaPresionPa": 20.1, "tsDispositivo": "2026-09-26T02:38:55+00:00"}
[2026-09-25 21:39:56] TX Python SDK azure-iot-device (MQTT sobre WebSockets 443) -> {"tempPasillo": 19.74, "humedadPasillo": 47.08, "deltaPresionPa": 18.0, "tsDispositivo": "2026-09-26T02:39:56+00:00"}
[2026-09-25 21:40:56] TX Python SDK azure-iot-device (MQTT sobre WebSockets 443) -> {"tempPasillo": 20.34, "humedadPasillo": 46.39, "deltaPresionPa": 19.6, "tsDispositivo": "2026-09-26T02:40:56+00:00"}
[2026-09-25 21:41:56] TX Python SDK azure-iot-device (MQTT sobre WebSockets 443) -> {"tempPasillo": 19.78, "humedadPasillo": 45.65, "deltaPresionPa": 16.7, "tsDispositivo": "2026-09-26T02:41:56+00:00"}
[2026-09-25 21:42:56] TX Python SDK azure-iot-device (MQTT sobre WebSockets 443) -> {"tempPasillo": 19.86, "humedadPasillo": 46.21, "deltaPresionPa": 16.3, "tsDispositivo": "2026-09-26T02:42:56+00:00"}
[2026-09-25 21:43:57] TX Python SDK azure-iot-device (MQTT sobre WebSockets 443) -> {"tempPasillo": 19.96, "humedadPasillo": 45.31, "deltaPresionPa": 19.0, "tsDispositivo": "2026-09-26T02:43:56+00:00"}
[2026-09-25 21:44:57] TX Python SDK azure-iot-device (MQTT sobre WebSockets 443) -> {"tempPasillo": 20.05, "humedadPasillo": 46.08, "deltaPresionPa": 19.8, "tsDispositivo": "2026-09-26T02:44:57+00:00"}
[2026-09-25 21:45:57] TX Python SDK azure-iot-device (MQTT sobre WebSockets 443) -> {"tempPasillo": 19.88, "humedadPasillo": 45.54, "deltaPresionPa": 19.7, "tsDispositivo": "2026-09-26T02:45:57+00:00"}
[2026-09-25 21:46:57] TX Python SDK azure-iot-device (MQTT sobre WebSockets 443) -> {"tempPasillo": 19.96, "humedadPasillo": 45.72, "deltaPresionPa": 16.6, "tsDispositivo": "2026-09-26T02:46:57+00:00"}
[2026-09-25 21:47:57] TX Python SDK azure-iot-device (MQTT sobre WebSockets 443) -> {"tempPasillo": 20.26, "humedadPasillo": 46.29, "deltaPresionPa": 20.7, "tsDispositivo": "2026-09-26T02:47:57+00:00"}
[2026-09-25 21:48:58] TX Python SDK azure-iot-device (MQTT sobre WebSockets 443) -> {"tempPasillo": 19.84, "humedadPasillo": 45.93, "deltaPresionPa": 16.6, "tsDispositivo": "2026-09-26T02:48:58+00:00"}
[2026-09-25 21:49:58] TX Python SDK azure-iot-device (MQTT sobre WebSockets 443) -> {"tempPasillo": 20.17, "humedadPasillo": 45.92, "deltaPresionPa": 20.7, "tsDispositivo": "2026-09-26T02:49:58+00:00"}
[2026-09-25 21:50:58] TX Python SDK azure-iot-device (MQTT sobre WebSockets 443) -> {"tempPasillo": 20.06, "humedadPasillo": 46.96, "deltaPresionPa": 17.0, "tsDispositivo": "2026-09-26T02:50:58+00:00"}
[2026-09-25 21:51:58] TX Python SDK azure-iot-device (MQTT sobre WebSockets 443) -> {"tempPasillo": 20.1, "humedadPasillo": 45.39, "deltaPresionPa": 18.8, "tsDispositivo": "2026-09-26T02:51:58+00:00"}
[2026-09-25 21:52:59] TX Python SDK azure-iot-device (MQTT sobre WebSockets 443) -> {"tempPasillo": 20.12, "humedadPasillo": 45.65, "deltaPresionPa": 19.8, "tsDispositivo": "2026-09-26T02:52:58+00:00"}
[2026-09-25 21:54:00] TX Python SDK azure-iot-device (MQTT sobre WebSockets 443) -> {"tempPasillo": 19.82, "humedadPasillo": 46.38, "deltaPresionPa": 18.5, "tsDispositivo": "2026-09-26T02:54:00+00:00"}
[2026-09-25 21:55:01] TX Python SDK azure-iot-device (MQTT sobre WebSockets 443) -> {"tempPasillo": 19.96, "humedadPasillo": 47.09, "deltaPresionPa": 17.6, "tsDispositivo": "2026-09-26T02:55:00+00:00"}
[2026-09-25 21:56:02] TX Python SDK azure-iot-device (MQTT sobre WebSockets 443) -> {"tempPasillo": 20.09, "humedadPasillo": 45.64, "deltaPresionPa": 16.7, "tsDispositivo": "2026-09-26T02:56:01+00:00"}
[2026-09-25 21:57:02] TX Python SDK azure-iot-device (MQTT sobre WebSockets 443) -> {"tempPasillo": 19.87, "humedadPasillo": 45.72, "deltaPresionPa": 18.6, "tsDispositivo": "2026-09-26T02:57:02+00:00"}
[2026-09-25 21:58:04] TX Python SDK azure-iot-device (MQTT sobre WebSockets 443) -> {"tempPasillo": 20.16, "humedadPasillo": 46.05, "deltaPresionPa": 18.7, "tsDispositivo": "2026-09-26T02:58:02+00:00"}
[2026-09-25 21:59:05] TX Python SDK azure-iot-device (MQTT sobre WebSockets 443) -> {"tempPasillo": 19.77, "humedadPasillo": 46.77, "deltaPresionPa": 16.2, "tsDispositivo": "2026-09-26T02:59:04+00:00"}
[2026-09-25 22:00:05] TX Python SDK azure-iot-device (MQTT sobre WebSockets 443) -> {"tempPasillo": 20.22, "humedadPasillo": 46.2, "deltaPresionPa": 17.5, "tsDispositivo": "2026-09-26T03:00:05+00:00"}
[2026-09-25 22:01:07] TX Python SDK azure-iot-device (MQTT sobre WebSockets 443) -> {"tempPasillo": 20.02, "humedadPasillo": 46.7, "deltaPresionPa": 16.5, "tsDispositivo": "2026-09-26T03:01:05+00:00"}
[2026-09-25 22:02:13] TX Python SDK azure-iot-device (MQTT sobre WebSockets 443) -> {"tempPasillo": 19.78, "humedadPasillo": 45.4, "deltaPresionPa": 18.7, "tsDispositivo": "2026-09-26T03:02:12+00:00"}
[2026-09-25 22:03:13] TX Python SDK azure-iot-device (MQTT sobre WebSockets 443) -> {"tempPasillo": 20.0, "humedadPasillo": 46.68, "deltaPresionPa": 15.8, "tsDispositivo": "2026-09-26T03:03:13+00:00"}
[2026-09-25 22:04:17] TX Python SDK azure-iot-device (MQTT sobre WebSockets 443) -> {"tempPasillo": 20.0, "humedadPasillo": 45.71, "deltaPresionPa": 17.4, "tsDispositivo": "2026-09-26T03:04:13+00:00"}
[2026-09-25 22:05:20] TX Python SDK azure-iot-device (MQTT sobre WebSockets 443) -> {"tempPasillo": 20.3, "humedadPasillo": 45.13, "deltaPresionPa": 18.2, "tsDispositivo": "2026-09-26T03:05:20+00:00"}
[2026-09-25 22:06:20] TX Python SDK azure-iot-device (MQTT sobre WebSockets 443) -> {"tempPasillo": 19.97, "humedadPasillo": 47.03, "deltaPresionPa": 20.5, "tsDispositivo": "2026-09-26T03:06:20+00:00"}
[2026-09-25 22:07:20] TX Python SDK azure-iot-device (MQTT sobre WebSockets 443) -> {"tempPasillo": 20.1, "humedadPasillo": 45.51, "deltaPresionPa": 20.5, "tsDispositivo": "2026-09-26T03:07:20+00:00"}
[2026-09-25 22:08:23] TX Python SDK azure-iot-device (MQTT sobre WebSockets 443) -> {"tempPasillo": 19.82, "humedadPasillo": 45.24, "deltaPresionPa": 20.0, "tsDispositivo": "2026-09-26T03:08:20+00:00"}
[2026-09-25 22:09:26] TX Python SDK azure-iot-device (MQTT sobre WebSockets 443) -> {"tempPasillo": 20.32, "humedadPasillo": 45.84, "deltaPresionPa": 19.9, "tsDispositivo": "2026-09-26T03:09:26+00:00"}
[2026-09-25 22:10:26] TX Python SDK azure-iot-device (MQTT sobre WebSockets 443) -> {"tempPasillo": 20.16, "humedadPasillo": 45.1, "deltaPresionPa": 18.5, "tsDispositivo": "2026-09-26T03:10:26+00:00"}
[2026-09-25 22:11:27] TX Python SDK azure-iot-device (MQTT sobre WebSockets 443) -> {"tempPasillo": 19.85, "humedadPasillo": 46.41, "deltaPresionPa": 17.2, "tsDispositivo": "2026-09-26T03:11:26+00:00"}
[2026-09-25 22:12:27] TX Python SDK azure-iot-device (MQTT sobre WebSockets 443) -> {"tempPasillo": 19.72, "humedadPasillo": 45.46, "deltaPresionPa": 20.0, "tsDispositivo": "2026-09-26T03:12:27+00:00"}
[2026-09-25 22:13:27] TX Python SDK azure-iot-device (MQTT sobre WebSockets 443) -> {"tempPasillo": 19.72, "humedadPasillo": 45.69, "deltaPresionPa": 16.2, "tsDispositivo": "2026-09-26T03:13:27+00:00"}
[2026-09-25 22:14:27] TX Python SDK azure-iot-device (MQTT sobre WebSockets 443) -> {"tempPasillo": 20.21, "humedadPasillo": 46.37, "deltaPresionPa": 16.5, "tsDispositivo": "2026-09-26T03:14:27+00:00"}
[2026-09-25 22:15:28] TX Python SDK azure-iot-device (MQTT sobre WebSockets 443) -> {"tempPasillo": 20.09, "humedadPasillo": 47.02, "deltaPresionPa": 16.8, "tsDispositivo": "2026-09-26T03:15:27+00:00"}
[2026-09-25 22:16:28] TX Python SDK azure-iot-device (MQTT sobre WebSockets 443) -> {"tempPasillo": 19.83, "humedadPasillo": 45.3, "deltaPresionPa": 18.0, "tsDispositivo": "2026-09-26T03:16:28+00:00"}
[2026-09-25 22:17:28] TX Python SDK azure-iot-device (MQTT sobre WebSockets 443) -> {"tempPasillo": 20.02, "humedadPasillo": 46.71, "deltaPresionPa": 19.7, "tsDispositivo": "2026-09-26T03:17:28+00:00"}
[2026-09-25 22:18:28] TX Python SDK azure-iot-device (MQTT sobre WebSockets 443) -> {"tempPasillo": 19.82, "humedadPasillo": 46.61, "deltaPresionPa": 16.8, "tsDispositivo": "2026-09-26T03:18:28+00:00"}
[2026-09-25 22:19:29] TX Python SDK azure-iot-device (MQTT sobre WebSockets 443) -> {"tempPasillo": 19.97, "humedadPasillo": 46.26, "deltaPresionPa": 17.7, "tsDispositivo": "2026-09-26T03:19:28+00:00"}
[2026-09-25 22:20:29] TX Python SDK azure-iot-device (MQTT sobre WebSockets 443) -> {"tempPasillo": 19.82, "humedadPasillo": 46.5, "deltaPresionPa": 20.6, "tsDispositivo": "2026-09-26T03:20:29+00:00"}
[2026-09-25 22:21:29] TX Python SDK azure-iot-device (MQTT sobre WebSockets 443) -> {"tempPasillo": 19.9, "humedadPasillo": 46.18, "deltaPresionPa": 18.2, "tsDispositivo": "2026-09-26T03:21:29+00:00"}
[2026-09-25 22:22:30] TX Python SDK azure-iot-device (MQTT sobre WebSockets 443) -> {"tempPasillo": 20.24, "humedadPasillo": 45.57, "deltaPresionPa": 16.9, "tsDispositivo": "2026-09-26T03:22:30+00:00"}
[2026-09-25 22:23:30] TX Python SDK azure-iot-device (MQTT sobre WebSockets 443) -> {"tempPasillo": 20.13, "humedadPasillo": 46.77, "deltaPresionPa": 19.8, "tsDispositivo": "2026-09-26T03:23:30+00:00"}
[2026-09-25 22:24:30] TX Python SDK azure-iot-device (MQTT sobre WebSockets 443) -> {"tempPasillo": 19.78, "humedadPasillo": 46.63, "deltaPresionPa": 19.0, "tsDispositivo": "2026-09-26T03:24:30+00:00"}
[2026-09-25 22:25:30] TX Python SDK azure-iot-device (MQTT sobre WebSockets 443) -> {"tempPasillo": 19.89, "humedadPasillo": 46.58, "deltaPresionPa": 19.6, "tsDispositivo": "2026-09-26T03:25:30+00:00"}
[2026-09-25 22:26:31] TX Python SDK azure-iot-device (MQTT sobre WebSockets 443) -> {"tempPasillo": 20.02, "humedadPasillo": 46.3, "deltaPresionPa": 19.4, "tsDispositivo": "2026-09-26T03:26:30+00:00"}
[2026-09-25 22:27:31] TX Python SDK azure-iot-device (MQTT sobre WebSockets 443) -> {"tempPasillo": 19.9, "humedadPasillo": 45.77, "deltaPresionPa": 15.6, "tsDispositivo": "2026-09-26T03:27:31+00:00"}
[2026-09-25 22:28:31] TX Python SDK azure-iot-device (MQTT sobre WebSockets 443) -> {"tempPasillo": 19.84, "humedadPasillo": 46.48, "deltaPresionPa": 17.6, "tsDispositivo": "2026-09-26T03:28:31+00:00"}
[2026-09-25 22:29:31] TX Python SDK azure-iot-device (MQTT sobre WebSockets 443) -> {"tempPasillo": 19.78, "humedadPasillo": 45.08, "deltaPresionPa": 15.9, "tsDispositivo": "2026-09-26T03:29:31+00:00"}
[2026-09-25 22:30:31] TX Python SDK azure-iot-device (MQTT sobre WebSockets 443) -> {"tempPasillo": 19.8, "humedadPasillo": 45.9, "deltaPresionPa": 18.2, "tsDispositivo": "2026-09-26T03:30:31+00:00"}
[2026-09-25 22:31:32] TX Python SDK azure-iot-device (MQTT sobre WebSockets 443) -> {"tempPasillo": 20.21, "humedadPasillo": 45.72, "deltaPresionPa": 16.0, "tsDispositivo": "2026-09-26T03:31:31+00:00"}
[2026-09-25 22:32:32] TX Python SDK azure-iot-device (MQTT sobre WebSockets 443) -> {"tempPasillo": 19.82, "humedadPasillo": 46.92, "deltaPresionPa": 20.2, "tsDispositivo": "2026-09-26T03:32:32+00:00"}
[2026-09-25 22:33:32] TX Python SDK azure-iot-device (MQTT sobre WebSockets 443) -> {"tempPasillo": 20.21, "humedadPasillo": 46.91, "deltaPresionPa": 18.6, "tsDispositivo": "2026-09-26T03:33:32+00:00"}
[2026-09-25 22:34:32] TX Python SDK azure-iot-device (MQTT sobre WebSockets 443) -> {"tempPasillo": 19.78, "humedadPasillo": 45.79, "deltaPresionPa": 20.2, "tsDispositivo": "2026-09-26T03:34:32+00:00"}
[2026-09-25 22:35:32] TX Python SDK azure-iot-device (MQTT sobre WebSockets 443) -> {"tempPasillo": 20.23, "humedadPasillo": 45.48, "deltaPresionPa": 16.3, "tsDispositivo": "2026-09-26T03:35:32+00:00"}
[2026-09-25 22:36:33] TX Python SDK azure-iot-device (MQTT sobre WebSockets 443) -> {"tempPasillo": 20.17, "humedadPasillo": 45.79, "deltaPresionPa": 15.8, "tsDispositivo": "2026-09-26T03:36:32+00:00"}
[2026-09-25 22:37:33] TX Python SDK azure-iot-device (MQTT sobre WebSockets 443) -> {"tempPasillo": 19.97, "humedadPasillo": 45.61, "deltaPresionPa": 16.5, "tsDispositivo": "2026-09-26T03:37:33+00:00"}
[2026-09-25 22:38:33] TX Python SDK azure-iot-device (MQTT sobre WebSockets 443) -> {"tempPasillo": 19.85, "humedadPasillo": 45.92, "deltaPresionPa": 19.8, "tsDispositivo": "2026-09-26T03:38:33+00:00"}
[2026-09-25 22:39:33] TX Python SDK azure-iot-device (MQTT sobre WebSockets 443) -> {"tempPasillo": 20.25, "humedadPasillo": 45.28, "deltaPresionPa": 17.4, "tsDispositivo": "2026-09-26T03:39:33+00:00"}
[2026-09-25 22:40:34] TX Python SDK azure-iot-device (MQTT sobre WebSockets 443) -> {"tempPasillo": 19.82, "humedadPasillo": 45.62, "deltaPresionPa": 19.7, "tsDispositivo": "2026-09-26T03:40:33+00:00"}
[2026-09-25 22:41:34] TX Python SDK azure-iot-device (MQTT sobre WebSockets 443) -> {"tempPasillo": 19.88, "humedadPasillo": 46.59, "deltaPresionPa": 17.0, "tsDispositivo": "2026-09-26T03:41:34+00:00"}
[2026-09-25 22:42:34] TX Python SDK azure-iot-device (MQTT sobre WebSockets 443) -> {"tempPasillo": 20.23, "humedadPasillo": 46.35, "deltaPresionPa": 18.2, "tsDispositivo": "2026-09-26T03:42:34+00:00"}
[2026-09-25 22:43:34] TX Python SDK azure-iot-device (MQTT sobre WebSockets 443) -> {"tempPasillo": 20.01, "humedadPasillo": 46.53, "deltaPresionPa": 18.3, "tsDispositivo": "2026-09-26T03:43:34+00:00"}
[2026-09-25 22:44:34] TX Python SDK azure-iot-device (MQTT sobre WebSockets 443) -> {"tempPasillo": 19.93, "humedadPasillo": 46.98, "deltaPresionPa": 17.5, "tsDispositivo": "2026-09-26T03:44:34+00:00"}
[2026-09-25 22:45:35] TX Python SDK azure-iot-device (MQTT sobre WebSockets 443) -> {"tempPasillo": 19.88, "humedadPasillo": 45.64, "deltaPresionPa": 19.9, "tsDispositivo": "2026-09-26T03:45:34+00:00"}
[2026-09-25 22:46:35] TX Python SDK azure-iot-device (MQTT sobre WebSockets 443) -> {"tempPasillo": 19.83, "humedadPasillo": 45.56, "deltaPresionPa": 17.6, "tsDispositivo": "2026-09-26T03:46:35+00:00"}
[2026-09-25 22:47:35] TX Python SDK azure-iot-device (MQTT sobre WebSockets 443) -> {"tempPasillo": 20.23, "humedadPasillo": 46.05, "deltaPresionPa": 18.9, "tsDispositivo": "2026-09-26T03:47:35+00:00"}
[2026-09-25 22:48:35] TX Python SDK azure-iot-device (MQTT sobre WebSockets 443) -> {"tempPasillo": 19.7, "humedadPasillo": 46.9, "deltaPresionPa": 18.5, "tsDispositivo": "2026-09-26T03:48:35+00:00"}
[2026-09-25 22:49:36] TX Python SDK azure-iot-device (MQTT sobre WebSockets 443) -> {"tempPasillo": 19.87, "humedadPasillo": 45.85, "deltaPresionPa": 19.5, "tsDispositivo": "2026-09-26T03:49:35+00:00"}
[2026-09-25 22:50:37] TX Python SDK azure-iot-device (MQTT sobre WebSockets 443) -> {"tempPasillo": 20.28, "humedadPasillo": 46.51, "deltaPresionPa": 15.7, "tsDispositivo": "2026-09-26T03:50:36+00:00"}
[2026-09-25 22:51:38] TX Python SDK azure-iot-device (MQTT sobre WebSockets 443) -> {"tempPasillo": 19.92, "humedadPasillo": 45.28, "deltaPresionPa": 18.7, "tsDispositivo": "2026-09-26T03:51:38+00:00"}
[2026-09-25 22:52:38] TX Python SDK azure-iot-device (MQTT sobre WebSockets 443) -> {"tempPasillo": 19.91, "humedadPasillo": 45.13, "deltaPresionPa": 20.6, "tsDispositivo": "2026-09-26T03:52:38+00:00"}
[2026-09-25 22:53:38] TX Python SDK azure-iot-device (MQTT sobre WebSockets 443) -> {"tempPasillo": 20.27, "humedadPasillo": 46.39, "deltaPresionPa": 20.0, "tsDispositivo": "2026-09-26T03:53:38+00:00"}
[2026-09-25 22:54:38] TX Python SDK azure-iot-device (MQTT sobre WebSockets 443) -> {"tempPasillo": 20.02, "humedadPasillo": 46.99, "deltaPresionPa": 19.9, "tsDispositivo": "2026-09-26T03:54:38+00:00"}
[2026-09-25 22:55:39] TX Python SDK azure-iot-device (MQTT sobre WebSockets 443) -> {"tempPasillo": 19.89, "humedadPasillo": 45.73, "deltaPresionPa": 18.6, "tsDispositivo": "2026-09-26T03:55:38+00:00"}
[2026-09-25 22:56:39] TX Python SDK azure-iot-device (MQTT sobre WebSockets 443) -> {"tempPasillo": 20.19, "humedadPasillo": 46.52, "deltaPresionPa": 18.5, "tsDispositivo": "2026-09-26T03:56:39+00:00"}
[2026-09-25 22:57:39] TX Python SDK azure-iot-device (MQTT sobre WebSockets 443) -> {"tempPasillo": 20.21, "humedadPasillo": 46.71, "deltaPresionPa": 15.5, "tsDispositivo": "2026-09-26T03:57:39+00:00"}
[2026-09-25 22:58:40] TX Python SDK azure-iot-device (MQTT sobre WebSockets 443) -> {"tempPasillo": 19.95, "humedadPasillo": 45.22, "deltaPresionPa": 17.4, "tsDispositivo": "2026-09-26T03:58:39+00:00"}
[2026-09-25 22:59:41] TX Python SDK azure-iot-device (MQTT sobre WebSockets 443) -> {"tempPasillo": 19.73, "humedadPasillo": 46.03, "deltaPresionPa": 16.3, "tsDispositivo": "2026-09-26T03:59:41+00:00"}
[2026-09-25 23:00:41] TX Python SDK azure-iot-device (MQTT sobre WebSockets 443) -> {"tempPasillo": 19.79, "humedadPasillo": 46.23, "deltaPresionPa": 18.4, "tsDispositivo": "2026-09-26T04:00:41+00:00"}
[2026-09-25 23:01:42] TX Python SDK azure-iot-device (MQTT sobre WebSockets 443) -> {"tempPasillo": 19.95, "humedadPasillo": 46.01, "deltaPresionPa": 17.9, "tsDispositivo": "2026-09-26T04:01:41+00:00"}
[2026-09-25 23:02:42] TX Python SDK azure-iot-device (MQTT sobre WebSockets 443) -> {"tempPasillo": 20.18, "humedadPasillo": 45.54, "deltaPresionPa": 19.2, "tsDispositivo": "2026-09-26T04:02:42+00:00"}
[2026-09-25 23:03:42] TX Python SDK azure-iot-device (MQTT sobre WebSockets 443) -> {"tempPasillo": 20.01, "humedadPasillo": 46.1, "deltaPresionPa": 17.9, "tsDispositivo": "2026-09-26T04:03:42+00:00"}
[2026-09-25 23:04:42] TX Python SDK azure-iot-device (MQTT sobre WebSockets 443) -> {"tempPasillo": 20.09, "humedadPasillo": 45.52, "deltaPresionPa": 16.5, "tsDispositivo": "2026-09-26T04:04:42+00:00"}
[2026-09-25 23:05:42] TX Python SDK azure-iot-device (MQTT sobre WebSockets 443) -> {"tempPasillo": 19.73, "humedadPasillo": 45.68, "deltaPresionPa": 20.0, "tsDispositivo": "2026-09-26T04:05:42+00:00"}
[2026-09-25 23:06:43] TX Python SDK azure-iot-device (MQTT sobre WebSockets 443) -> {"tempPasillo": 20.08, "humedadPasillo": 45.51, "deltaPresionPa": 18.1, "tsDispositivo": "2026-09-26T04:06:42+00:00"}
[2026-09-25 23:07:43] TX Python SDK azure-iot-device (MQTT sobre WebSockets 443) -> {"tempPasillo": 19.83, "humedadPasillo": 45.6, "deltaPresionPa": 15.6, "tsDispositivo": "2026-09-26T04:07:43+00:00"}
[2026-09-25 23:08:43] TX Python SDK azure-iot-device (MQTT sobre WebSockets 443) -> {"tempPasillo": 20.16, "humedadPasillo": 45.78, "deltaPresionPa": 19.3, "tsDispositivo": "2026-09-26T04:08:43+00:00"}
[2026-09-25 23:09:43] TX Python SDK azure-iot-device (MQTT sobre WebSockets 443) -> {"tempPasillo": 20.1, "humedadPasillo": 45.39, "deltaPresionPa": 17.4, "tsDispositivo": "2026-09-26T04:09:43+00:00"}
[2026-09-25 23:10:43] TX Python SDK azure-iot-device (MQTT sobre WebSockets 443) -> {"tempPasillo": 19.96, "humedadPasillo": 46.53, "deltaPresionPa": 18.1, "tsDispositivo": "2026-09-26T04:10:43+00:00"}
[2026-09-25 23:11:44] TX Python SDK azure-iot-device (MQTT sobre WebSockets 443) -> {"tempPasillo": 19.95, "humedadPasillo": 45.06, "deltaPresionPa": 18.3, "tsDispositivo": "2026-09-26T04:11:43+00:00"}
[2026-09-25 23:12:44] TX Python SDK azure-iot-device (MQTT sobre WebSockets 443) -> {"tempPasillo": 19.78, "humedadPasillo": 46.76, "deltaPresionPa": 16.9, "tsDispositivo": "2026-09-26T04:12:44+00:00"}
[2026-09-25 23:13:44] TX Python SDK azure-iot-device (MQTT sobre WebSockets 443) -> {"tempPasillo": 20.12, "humedadPasillo": 46.81, "deltaPresionPa": 18.0, "tsDispositivo": "2026-09-26T04:13:44+00:00"}
[2026-09-25 23:14:44] TX Python SDK azure-iot-device (MQTT sobre WebSockets 443) -> {"tempPasillo": 20.06, "humedadPasillo": 46.48, "deltaPresionPa": 20.0, "tsDispositivo": "2026-09-26T04:14:44+00:00"}
[2026-09-25 23:15:45] TX Python SDK azure-iot-device (MQTT sobre WebSockets 443) -> {"tempPasillo": 20.08, "humedadPasillo": 46.16, "deltaPresionPa": 15.6, "tsDispositivo": "2026-09-26T04:15:44+00:00"}
[2026-09-25 23:16:45] TX Python SDK azure-iot-device (MQTT sobre WebSockets 443) -> {"tempPasillo": 19.81, "humedadPasillo": 46.91, "deltaPresionPa": 20.4, "tsDispositivo": "2026-09-26T04:16:45+00:00"}
[2026-09-25 23:17:45] TX Python SDK azure-iot-device (MQTT sobre WebSockets 443) -> {"tempPasillo": 20.2, "humedadPasillo": 45.24, "deltaPresionPa": 17.2, "tsDispositivo": "2026-09-26T04:17:45+00:00"}
[2026-09-25 23:18:45] TX Python SDK azure-iot-device (MQTT sobre WebSockets 443) -> {"tempPasillo": 20.15, "humedadPasillo": 46.24, "deltaPresionPa": 20.3, "tsDispositivo": "2026-09-26T04:18:45+00:00"}
[2026-09-25 23:19:45] TX Python SDK azure-iot-device (MQTT sobre WebSockets 443) -> {"tempPasillo": 20.26, "humedadPasillo": 45.71, "deltaPresionPa": 16.1, "tsDispositivo": "2026-09-26T04:19:45+00:00"}
[2026-09-25 23:20:46] TX Python SDK azure-iot-device (MQTT sobre WebSockets 443) -> {"tempPasillo": 20.25, "humedadPasillo": 46.54, "deltaPresionPa": 19.3, "tsDispositivo": "2026-09-26T04:20:45+00:00"}
[2026-09-25 23:21:46] TX Python SDK azure-iot-device (MQTT sobre WebSockets 443) -> {"tempPasillo": 20.16, "humedadPasillo": 46.59, "deltaPresionPa": 20.0, "tsDispositivo": "2026-09-26T04:21:46+00:00"}
[2026-09-25 23:22:46] TX Python SDK azure-iot-device (MQTT sobre WebSockets 443) -> {"tempPasillo": 20.2, "humedadPasillo": 46.15, "deltaPresionPa": 17.7, "tsDispositivo": "2026-09-26T04:22:46+00:00"}
[2026-09-25 23:23:46] TX Python SDK azure-iot-device (MQTT sobre WebSockets 443) -> {"tempPasillo": 19.73, "humedadPasillo": 45.11, "deltaPresionPa": 16.5, "tsDispositivo": "2026-09-26T04:23:46+00:00"}
[2026-09-25 23:24:46] TX Python SDK azure-iot-device (MQTT sobre WebSockets 443) -> {"tempPasillo": 20.03, "humedadPasillo": 46.0, "deltaPresionPa": 18.0, "tsDispositivo": "2026-09-26T04:24:46+00:00"}
[2026-09-25 23:25:46] TX Python SDK azure-iot-device (MQTT sobre WebSockets 443) -> {"tempPasillo": 19.96, "humedadPasillo": 45.65, "deltaPresionPa": 17.6, "tsDispositivo": "2026-09-26T04:25:46+00:00"}
[2026-09-25 23:26:47] TX Python SDK azure-iot-device (MQTT sobre WebSockets 443) -> {"tempPasillo": 19.9, "humedadPasillo": 45.8, "deltaPresionPa": 17.8, "tsDispositivo": "2026-09-26T04:26:47+00:00"}
[2026-09-25 23:27:47] TX Python SDK azure-iot-device (MQTT sobre WebSockets 443) -> {"tempPasillo": 20.05, "humedadPasillo": 45.41, "deltaPresionPa": 16.3, "tsDispositivo": "2026-09-26T04:27:47+00:00"}
[2026-09-25 23:28:47] TX Python SDK azure-iot-device (MQTT sobre WebSockets 443) -> {"tempPasillo": 20.01, "humedadPasillo": 45.71, "deltaPresionPa": 16.7, "tsDispositivo": "2026-09-26T04:28:47+00:00"}
[2026-09-25 23:29:47] TX Python SDK azure-iot-device (MQTT sobre WebSockets 443) -> {"tempPasillo": 20.07, "humedadPasillo": 45.19, "deltaPresionPa": 17.0, "tsDispositivo": "2026-09-26T04:29:47+00:00"}
[2026-09-25 23:30:47] TX Python SDK azure-iot-device (MQTT sobre WebSockets 443) -> {"tempPasillo": 20.18, "humedadPasillo": 45.41, "deltaPresionPa": 18.5, "tsDispositivo": "2026-09-26T04:30:47+00:00"}
[2026-09-25 23:31:48] TX Python SDK azure-iot-device (MQTT sobre WebSockets 443) -> {"tempPasillo": 20.17, "humedadPasillo": 46.56, "deltaPresionPa": 18.2, "tsDispositivo": "2026-09-26T04:31:47+00:00"}
[2026-09-25 23:32:48] TX Python SDK azure-iot-device (MQTT sobre WebSockets 443) -> {"tempPasillo": 20.12, "humedadPasillo": 45.36, "deltaPresionPa": 15.5, "tsDispositivo": "2026-09-26T04:32:48+00:00"}
[2026-09-25 23:33:48] TX Python SDK azure-iot-device (MQTT sobre WebSockets 443) -> {"tempPasillo": 20.05, "humedadPasillo": 46.97, "deltaPresionPa": 15.9, "tsDispositivo": "2026-09-26T04:33:48+00:00"}
[2026-09-25 23:34:48] TX Python SDK azure-iot-device (MQTT sobre WebSockets 443) -> {"tempPasillo": 20.28, "humedadPasillo": 47.05, "deltaPresionPa": 16.8, "tsDispositivo": "2026-09-26T04:34:48+00:00"}
[2026-09-25 23:35:48] TX Python SDK azure-iot-device (MQTT sobre WebSockets 443) -> {"tempPasillo": 19.81, "humedadPasillo": 46.55, "deltaPresionPa": 15.5, "tsDispositivo": "2026-09-26T04:35:48+00:00"}
[2026-09-25 23:36:49] TX Python SDK azure-iot-device (MQTT sobre WebSockets 443) -> {"tempPasillo": 20.16, "humedadPasillo": 46.75, "deltaPresionPa": 17.1, "tsDispositivo": "2026-09-26T04:36:48+00:00"}
[2026-09-25 23:37:49] TX Python SDK azure-iot-device (MQTT sobre WebSockets 443) -> {"tempPasillo": 20.26, "humedadPasillo": 46.67, "deltaPresionPa": 16.0, "tsDispositivo": "2026-09-26T04:37:49+00:00"}
[2026-09-25 23:38:49] TX Python SDK azure-iot-device (MQTT sobre WebSockets 443) -> {"tempPasillo": 20.02, "humedadPasillo": 45.45, "deltaPresionPa": 16.7, "tsDispositivo": "2026-09-26T04:38:49+00:00"}
[2026-09-25 23:39:49] TX Python SDK azure-iot-device (MQTT sobre WebSockets 443) -> {"tempPasillo": 19.98, "humedadPasillo": 46.96, "deltaPresionPa": 15.9, "tsDispositivo": "2026-09-26T04:39:49+00:00"}
[2026-09-25 23:40:49] TX Python SDK azure-iot-device (MQTT sobre WebSockets 443) -> {"tempPasillo": 20.23, "humedadPasillo": 45.56, "deltaPresionPa": 17.2, "tsDispositivo": "2026-09-26T04:40:49+00:00"}
[2026-09-25 23:41:50] TX Python SDK azure-iot-device (MQTT sobre WebSockets 443) -> {"tempPasillo": 20.2, "humedadPasillo": 46.03, "deltaPresionPa": 17.0, "tsDispositivo": "2026-09-26T04:41:49+00:00"}
[2026-09-25 23:42:50] TX Python SDK azure-iot-device (MQTT sobre WebSockets 443) -> {"tempPasillo": 19.7, "humedadPasillo": 45.23, "deltaPresionPa": 16.6, "tsDispositivo": "2026-09-26T04:42:50+00:00"}
[2026-09-25 23:43:50] TX Python SDK azure-iot-device (MQTT sobre WebSockets 443) -> {"tempPasillo": 19.95, "humedadPasillo": 46.92, "deltaPresionPa": 19.1, "tsDispositivo": "2026-09-26T04:43:50+00:00"}
[2026-09-25 23:44:50] TX Python SDK azure-iot-device (MQTT sobre WebSockets 443) -> {"tempPasillo": 19.72, "humedadPasillo": 45.27, "deltaPresionPa": 19.4, "tsDispositivo": "2026-09-26T04:44:50+00:00"}
[2026-09-25 23:45:50] TX Python SDK azure-iot-device (MQTT sobre WebSockets 443) -> {"tempPasillo": 20.03, "humedadPasillo": 45.76, "deltaPresionPa": 17.7, "tsDispositivo": "2026-09-26T04:45:50+00:00"}
[2026-09-25 23:46:51] TX Python SDK azure-iot-device (MQTT sobre WebSockets 443) -> {"tempPasillo": 20.27, "humedadPasillo": 46.46, "deltaPresionPa": 16.7, "tsDispositivo": "2026-09-26T04:46:50+00:00"}
[2026-09-25 23:47:51] TX Python SDK azure-iot-device (MQTT sobre WebSockets 443) -> {"tempPasillo": 20.15, "humedadPasillo": 45.25, "deltaPresionPa": 15.4, "tsDispositivo": "2026-09-26T04:47:51+00:00"}
[2026-09-25 23:48:51] TX Python SDK azure-iot-device (MQTT sobre WebSockets 443) -> {"tempPasillo": 20.09, "humedadPasillo": 46.07, "deltaPresionPa": 19.4, "tsDispositivo": "2026-09-26T04:48:51+00:00"}
[2026-09-25 23:49:51] TX Python SDK azure-iot-device (MQTT sobre WebSockets 443) -> {"tempPasillo": 19.91, "humedadPasillo": 45.77, "deltaPresionPa": 15.6, "tsDispositivo": "2026-09-26T04:49:51+00:00"}
[2026-09-25 23:50:51] TX Python SDK azure-iot-device (MQTT sobre WebSockets 443) -> {"tempPasillo": 19.73, "humedadPasillo": 45.49, "deltaPresionPa": 19.9, "tsDispositivo": "2026-09-26T04:50:51+00:00"}
[2026-09-25 23:51:52] TX Python SDK azure-iot-device (MQTT sobre WebSockets 443) -> {"tempPasillo": 20.2, "humedadPasillo": 45.47, "deltaPresionPa": 19.1, "tsDispositivo": "2026-09-26T04:51:51+00:00"}
[2026-09-25 23:52:52] TX Python SDK azure-iot-device (MQTT sobre WebSockets 443) -> {"tempPasillo": 20.04, "humedadPasillo": 46.76, "deltaPresionPa": 18.4, "tsDispositivo": "2026-09-26T04:52:52+00:00"}
[2026-09-25 23:53:52] TX Python SDK azure-iot-device (MQTT sobre WebSockets 443) -> {"tempPasillo": 20.21, "humedadPasillo": 46.87, "deltaPresionPa": 17.9, "tsDispositivo": "2026-09-26T04:53:52+00:00"}
[2026-09-25 23:54:52] TX Python SDK azure-iot-device (MQTT sobre WebSockets 443) -> {"tempPasillo": 20.06, "humedadPasillo": 45.75, "deltaPresionPa": 18.1, "tsDispositivo": "2026-09-26T04:54:52+00:00"}
[2026-09-25 23:55:52] TX Python SDK azure-iot-device (MQTT sobre WebSockets 443) -> {"tempPasillo": 19.68, "humedadPasillo": 46.79, "deltaPresionPa": 18.5, "tsDispositivo": "2026-09-26T04:55:52+00:00"}
[2026-09-25 23:56:53] TX Python SDK azure-iot-device (MQTT sobre WebSockets 443) -> {"tempPasillo": 20.01, "humedadPasillo": 46.8, "deltaPresionPa": 16.7, "tsDispositivo": "2026-09-26T04:56:52+00:00"}
[2026-09-25 23:57:53] TX Python SDK azure-iot-device (MQTT sobre WebSockets 443) -> {"tempPasillo": 19.89, "humedadPasillo": 46.15, "deltaPresionPa": 16.2, "tsDispositivo": "2026-09-26T04:57:53+00:00"}
[2026-09-25 23:58:53] TX Python SDK azure-iot-device (MQTT sobre WebSockets 443) -> {"tempPasillo": 19.94, "humedadPasillo": 46.71, "deltaPresionPa": 19.0, "tsDispositivo": "2026-09-26T04:58:53+00:00"}
[2026-09-25 23:59:53] TX Python SDK azure-iot-device (MQTT sobre WebSockets 443) -> {"tempPasillo": 19.89, "humedadPasillo": 45.33, "deltaPresionPa": 17.0, "tsDispositivo": "2026-09-26T04:59:53+00:00"}
[2026-09-26 00:00:53] TX Python SDK azure-iot-device (MQTT sobre WebSockets 443) -> {"tempPasillo": 20.11, "humedadPasillo": 45.18, "deltaPresionPa": 18.7, "tsDispositivo": "2026-09-26T05:00:53+00:00"}
[2026-09-26 00:01:54] TX Python SDK azure-iot-device (MQTT sobre WebSockets 443) -> {"tempPasillo": 20.17, "humedadPasillo": 46.22, "deltaPresionPa": 17.5, "tsDispositivo": "2026-09-26T05:01:53+00:00"}
[2026-09-26 00:02:54] TX Python SDK azure-iot-device (MQTT sobre WebSockets 443) -> {"tempPasillo": 20.24, "humedadPasillo": 45.51, "deltaPresionPa": 17.4, "tsDispositivo": "2026-09-26T05:02:54+00:00"}
[2026-09-26 00:03:54] TX Python SDK azure-iot-device (MQTT sobre WebSockets 443) -> {"tempPasillo": 20.2, "humedadPasillo": 45.92, "deltaPresionPa": 18.9, "tsDispositivo": "2026-09-26T05:03:54+00:00"}
[2026-09-26 00:04:54] TX Python SDK azure-iot-device (MQTT sobre WebSockets 443) -> {"tempPasillo": 19.9, "humedadPasillo": 46.92, "deltaPresionPa": 20.3, "tsDispositivo": "2026-09-26T05:04:54+00:00"}
[2026-09-26 00:05:55] TX Python SDK azure-iot-device (MQTT sobre WebSockets 443) -> {"tempPasillo": 19.78, "humedadPasillo": 46.13, "deltaPresionPa": 18.3, "tsDispositivo": "2026-09-26T05:05:54+00:00"}
[2026-09-26 00:06:55] TX Python SDK azure-iot-device (MQTT sobre WebSockets 443) -> {"tempPasillo": 19.92, "humedadPasillo": 46.23, "deltaPresionPa": 16.4, "tsDispositivo": "2026-09-26T05:06:55+00:00"}
[2026-09-26 00:07:55] TX Python SDK azure-iot-device (MQTT sobre WebSockets 443) -> {"tempPasillo": 19.77, "humedadPasillo": 46.58, "deltaPresionPa": 15.2, "tsDispositivo": "2026-09-26T05:07:55+00:00"}
[2026-09-26 00:08:55] TX Python SDK azure-iot-device (MQTT sobre WebSockets 443) -> {"tempPasillo": 19.72, "humedadPasillo": 45.82, "deltaPresionPa": 19.4, "tsDispositivo": "2026-09-26T05:08:55+00:00"}
[2026-09-26 00:09:55] TX Python SDK azure-iot-device (MQTT sobre WebSockets 443) -> {"tempPasillo": 19.91, "humedadPasillo": 45.62, "deltaPresionPa": 19.8, "tsDispositivo": "2026-09-26T05:09:55+00:00"}
[2026-09-26 00:10:56] TX Python SDK azure-iot-device (MQTT sobre WebSockets 443) -> {"tempPasillo": 20.12, "humedadPasillo": 45.78, "deltaPresionPa": 19.2, "tsDispositivo": "2026-09-26T05:10:55+00:00"}
[2026-09-26 00:11:56] TX Python SDK azure-iot-device (MQTT sobre WebSockets 443) -> {"tempPasillo": 19.91, "humedadPasillo": 46.24, "deltaPresionPa": 19.3, "tsDispositivo": "2026-09-26T05:11:56+00:00"}
[2026-09-26 00:12:56] TX Python SDK azure-iot-device (MQTT sobre WebSockets 443) -> {"tempPasillo": 19.78, "humedadPasillo": 46.05, "deltaPresionPa": 16.2, "tsDispositivo": "2026-09-26T05:12:56+00:00"}
[2026-09-26 00:13:56] TX Python SDK azure-iot-device (MQTT sobre WebSockets 443) -> {"tempPasillo": 19.7, "humedadPasillo": 46.41, "deltaPresionPa": 16.6, "tsDispositivo": "2026-09-26T05:13:56+00:00"}
[2026-09-26 00:14:56] TX Python SDK azure-iot-device (MQTT sobre WebSockets 443) -> {"tempPasillo": 20.16, "humedadPasillo": 46.13, "deltaPresionPa": 15.6, "tsDispositivo": "2026-09-26T05:14:56+00:00"}
[2026-09-26 00:15:57] TX Python SDK azure-iot-device (MQTT sobre WebSockets 443) -> {"tempPasillo": 20.18, "humedadPasillo": 45.88, "deltaPresionPa": 16.1, "tsDispositivo": "2026-09-26T05:15:56+00:00"}
[2026-09-26 00:16:57] TX Python SDK azure-iot-device (MQTT sobre WebSockets 443) -> {"tempPasillo": 20.02, "humedadPasillo": 46.05, "deltaPresionPa": 17.8, "tsDispositivo": "2026-09-26T05:16:57+00:00"}
[2026-09-26 00:17:57] TX Python SDK azure-iot-device (MQTT sobre WebSockets 443) -> {"tempPasillo": 19.84, "humedadPasillo": 46.01, "deltaPresionPa": 19.9, "tsDispositivo": "2026-09-26T05:17:57+00:00"}
[2026-09-26 00:18:57] TX Python SDK azure-iot-device (MQTT sobre WebSockets 443) -> {"tempPasillo": 19.89, "humedadPasillo": 47.2, "deltaPresionPa": 16.0, "tsDispositivo": "2026-09-26T05:18:57+00:00"}
[2026-09-26 00:19:57] TX Python SDK azure-iot-device (MQTT sobre WebSockets 443) -> {"tempPasillo": 20.26, "humedadPasillo": 45.82, "deltaPresionPa": 16.1, "tsDispositivo": "2026-09-26T05:19:57+00:00"}
[2026-09-26 00:20:58] TX Python SDK azure-iot-device (MQTT sobre WebSockets 443) -> {"tempPasillo": 20.17, "humedadPasillo": 46.51, "deltaPresionPa": 19.9, "tsDispositivo": "2026-09-26T05:20:57+00:00"}
[2026-09-26 00:21:58] TX Python SDK azure-iot-device (MQTT sobre WebSockets 443) -> {"tempPasillo": 20.01, "humedadPasillo": 45.88, "deltaPresionPa": 17.3, "tsDispositivo": "2026-09-26T05:21:58+00:00"}
[2026-09-26 00:22:58] TX Python SDK azure-iot-device (MQTT sobre WebSockets 443) -> {"tempPasillo": 20.24, "humedadPasillo": 45.99, "deltaPresionPa": 18.9, "tsDispositivo": "2026-09-26T05:22:58+00:00"}
[2026-09-26 00:23:58] TX Python SDK azure-iot-device (MQTT sobre WebSockets 443) -> {"tempPasillo": 19.81, "humedadPasillo": 47.11, "deltaPresionPa": 19.4, "tsDispositivo": "2026-09-26T05:23:58+00:00"}
[2026-09-26 00:24:58] TX Python SDK azure-iot-device (MQTT sobre WebSockets 443) -> {"tempPasillo": 20.12, "humedadPasillo": 46.81, "deltaPresionPa": 16.7, "tsDispositivo": "2026-09-26T05:24:58+00:00"}
[2026-09-26 00:25:59] TX Python SDK azure-iot-device (MQTT sobre WebSockets 443) -> {"tempPasillo": 20.1, "humedadPasillo": 45.79, "deltaPresionPa": 16.5, "tsDispositivo": "2026-09-26T05:25:58+00:00"}
[2026-09-26 00:26:59] TX Python SDK azure-iot-device (MQTT sobre WebSockets 443) -> {"tempPasillo": 19.92, "humedadPasillo": 46.61, "deltaPresionPa": 18.3, "tsDispositivo": "2026-09-26T05:26:59+00:00"}
[2026-09-26 00:27:59] TX Python SDK azure-iot-device (MQTT sobre WebSockets 443) -> {"tempPasillo": 19.83, "humedadPasillo": 46.12, "deltaPresionPa": 15.9, "tsDispositivo": "2026-09-26T05:27:59+00:00"}
[2026-09-26 00:28:59] TX Python SDK azure-iot-device (MQTT sobre WebSockets 443) -> {"tempPasillo": 19.7, "humedadPasillo": 46.63, "deltaPresionPa": 19.7, "tsDispositivo": "2026-09-26T05:28:59+00:00"}
[2026-09-26 00:29:59] TX Python SDK azure-iot-device (MQTT sobre WebSockets 443) -> {"tempPasillo": 20.2, "humedadPasillo": 45.35, "deltaPresionPa": 17.3, "tsDispositivo": "2026-09-26T05:29:59+00:00"}
[2026-09-26 00:31:00] TX Python SDK azure-iot-device (MQTT sobre WebSockets 443) -> {"tempPasillo": 19.78, "humedadPasillo": 45.53, "deltaPresionPa": 16.1, "tsDispositivo": "2026-09-26T05:30:59+00:00"}
[2026-09-26 00:32:00] TX Python SDK azure-iot-device (MQTT sobre WebSockets 443) -> {"tempPasillo": 19.82, "humedadPasillo": 45.95, "deltaPresionPa": 16.0, "tsDispositivo": "2026-09-26T05:32:00+00:00"}
[2026-09-26 00:33:00] TX Python SDK azure-iot-device (MQTT sobre WebSockets 443) -> {"tempPasillo": 20.19, "humedadPasillo": 46.94, "deltaPresionPa": 18.0, "tsDispositivo": "2026-09-26T05:33:00+00:00"}
[2026-09-26 00:34:00] TX Python SDK azure-iot-device (MQTT sobre WebSockets 443) -> {"tempPasillo": 19.78, "humedadPasillo": 46.3, "deltaPresionPa": 15.3, "tsDispositivo": "2026-09-26T05:34:00+00:00"}
[2026-09-26 00:35:00] TX Python SDK azure-iot-device (MQTT sobre WebSockets 443) -> {"tempPasillo": 20.17, "humedadPasillo": 45.99, "deltaPresionPa": 18.0, "tsDispositivo": "2026-09-26T05:35:00+00:00"}
[2026-09-26 00:36:01] TX Python SDK azure-iot-device (MQTT sobre WebSockets 443) -> {"tempPasillo": 20.16, "humedadPasillo": 45.8, "deltaPresionPa": 15.2, "tsDispositivo": "2026-09-26T05:36:00+00:00"}
[2026-09-26 00:37:01] TX Python SDK azure-iot-device (MQTT sobre WebSockets 443) -> {"tempPasillo": 19.91, "humedadPasillo": 47.12, "deltaPresionPa": 16.9, "tsDispositivo": "2026-09-26T05:37:01+00:00"}
[2026-09-26 00:38:01] TX Python SDK azure-iot-device (MQTT sobre WebSockets 443) -> {"tempPasillo": 20.03, "humedadPasillo": 45.87, "deltaPresionPa": 19.9, "tsDispositivo": "2026-09-26T05:38:01+00:00"}
[2026-09-26 00:39:01] TX Python SDK azure-iot-device (MQTT sobre WebSockets 443) -> {"tempPasillo": 19.72, "humedadPasillo": 46.87, "deltaPresionPa": 15.2, "tsDispositivo": "2026-09-26T05:39:01+00:00"}
[2026-09-26 00:40:01] TX Python SDK azure-iot-device (MQTT sobre WebSockets 443) -> {"tempPasillo": 20.06, "humedadPasillo": 46.82, "deltaPresionPa": 19.0, "tsDispositivo": "2026-09-26T05:40:01+00:00"}
[2026-09-26 00:41:01] TX Python SDK azure-iot-device (MQTT sobre WebSockets 443) -> {"tempPasillo": 19.9, "humedadPasillo": 46.73, "deltaPresionPa": 15.5, "tsDispositivo": "2026-09-26T05:41:01+00:00"}
[2026-09-26 00:42:02] TX Python SDK azure-iot-device (MQTT sobre WebSockets 443) -> {"tempPasillo": 20.19, "humedadPasillo": 46.4, "deltaPresionPa": 16.8, "tsDispositivo": "2026-09-26T05:42:01+00:00"}
[2026-09-26 00:43:02] TX Python SDK azure-iot-device (MQTT sobre WebSockets 443) -> {"tempPasillo": 20.23, "humedadPasillo": 47.08, "deltaPresionPa": 19.8, "tsDispositivo": "2026-09-26T05:43:02+00:00"}
[2026-09-26 00:44:02] TX Python SDK azure-iot-device (MQTT sobre WebSockets 443) -> {"tempPasillo": 19.68, "humedadPasillo": 47.15, "deltaPresionPa": 16.7, "tsDispositivo": "2026-09-26T05:44:02+00:00"}
[2026-09-26 00:45:02] TX Python SDK azure-iot-device (MQTT sobre WebSockets 443) -> {"tempPasillo": 20.17, "humedadPasillo": 45.76, "deltaPresionPa": 17.6, "tsDispositivo": "2026-09-26T05:45:02+00:00"}
[2026-09-26 00:46:02] TX Python SDK azure-iot-device (MQTT sobre WebSockets 443) -> {"tempPasillo": 19.84, "humedadPasillo": 46.43, "deltaPresionPa": 19.5, "tsDispositivo": "2026-09-26T05:46:02+00:00"}
[2026-09-26 00:47:03] TX Python SDK azure-iot-device (MQTT sobre WebSockets 443) -> {"tempPasillo": 19.78, "humedadPasillo": 45.57, "deltaPresionPa": 15.5, "tsDispositivo": "2026-09-26T05:47:02+00:00"}
[2026-09-26 00:48:03] TX Python SDK azure-iot-device (MQTT sobre WebSockets 443) -> {"tempPasillo": 19.85, "humedadPasillo": 46.98, "deltaPresionPa": 16.2, "tsDispositivo": "2026-09-26T05:48:03+00:00"}
[2026-09-26 00:49:03] TX Python SDK azure-iot-device (MQTT sobre WebSockets 443) -> {"tempPasillo": 19.78, "humedadPasillo": 47.1, "deltaPresionPa": 17.3, "tsDispositivo": "2026-09-26T05:49:03+00:00"}
[2026-09-26 00:50:03] TX Python SDK azure-iot-device (MQTT sobre WebSockets 443) -> {"tempPasillo": 20.0, "humedadPasillo": 46.43, "deltaPresionPa": 15.1, "tsDispositivo": "2026-09-26T05:50:03+00:00"}
[2026-09-26 00:51:03] TX Python SDK azure-iot-device (MQTT sobre WebSockets 443) -> {"tempPasillo": 19.83, "humedadPasillo": 46.39, "deltaPresionPa": 18.9, "tsDispositivo": "2026-09-26T05:51:03+00:00"}
[2026-09-26 00:52:04] TX Python SDK azure-iot-device (MQTT sobre WebSockets 443) -> {"tempPasillo": 19.94, "humedadPasillo": 46.51, "deltaPresionPa": 18.0, "tsDispositivo": "2026-09-26T05:52:03+00:00"}
[2026-09-26 00:53:04] TX Python SDK azure-iot-device (MQTT sobre WebSockets 443) -> {"tempPasillo": 20.15, "humedadPasillo": 46.78, "deltaPresionPa": 19.3, "tsDispositivo": "2026-09-26T05:53:04+00:00"}
[2026-09-26 00:54:04] TX Python SDK azure-iot-device (MQTT sobre WebSockets 443) -> {"tempPasillo": 19.87, "humedadPasillo": 45.54, "deltaPresionPa": 17.8, "tsDispositivo": "2026-09-26T05:54:04+00:00"}
[2026-09-26 00:55:04] TX Python SDK azure-iot-device (MQTT sobre WebSockets 443) -> {"tempPasillo": 20.19, "humedadPasillo": 47.09, "deltaPresionPa": 19.7, "tsDispositivo": "2026-09-26T05:55:04+00:00"}
[2026-09-26 00:56:04] TX Python SDK azure-iot-device (MQTT sobre WebSockets 443) -> {"tempPasillo": 20.14, "humedadPasillo": 46.67, "deltaPresionPa": 15.7, "tsDispositivo": "2026-09-26T05:56:04+00:00"}
[2026-09-26 00:57:05] TX Python SDK azure-iot-device (MQTT sobre WebSockets 443) -> {"tempPasillo": 20.02, "humedadPasillo": 46.67, "deltaPresionPa": 15.7, "tsDispositivo": "2026-09-26T05:57:04+00:00"}
[2026-09-26 00:58:05] TX Python SDK azure-iot-device (MQTT sobre WebSockets 443) -> {"tempPasillo": 19.66, "humedadPasillo": 46.46, "deltaPresionPa": 17.2, "tsDispositivo": "2026-09-26T05:58:05+00:00"}
[2026-09-26 00:59:05] TX Python SDK azure-iot-device (MQTT sobre WebSockets 443) -> {"tempPasillo": 19.85, "humedadPasillo": 47.2, "deltaPresionPa": 16.4, "tsDispositivo": "2026-09-26T05:59:05+00:00"}
[2026-09-26 01:00:05] TX Python SDK azure-iot-device (MQTT sobre WebSockets 443) -> {"tempPasillo": 19.9, "humedadPasillo": 45.82, "deltaPresionPa": 18.9, "tsDispositivo": "2026-09-26T06:00:05+00:00"}
[2026-09-26 01:01:06] TX Python SDK azure-iot-device (MQTT sobre WebSockets 443) -> {"tempPasillo": 20.13, "humedadPasillo": 46.33, "deltaPresionPa": 19.8, "tsDispositivo": "2026-09-26T06:01:05+00:00"}
[2026-09-26 01:02:06] TX Python SDK azure-iot-device (MQTT sobre WebSockets 443) -> {"tempPasillo": 19.67, "humedadPasillo": 46.25, "deltaPresionPa": 17.6, "tsDispositivo": "2026-09-26T06:02:06+00:00"}
[2026-09-26 01:03:06] TX Python SDK azure-iot-device (MQTT sobre WebSockets 443) -> {"tempPasillo": 20.01, "humedadPasillo": 46.75, "deltaPresionPa": 18.2, "tsDispositivo": "2026-09-26T06:03:06+00:00"}
[2026-09-26 01:04:07] TX Python SDK azure-iot-device (MQTT sobre WebSockets 443) -> {"tempPasillo": 19.99, "humedadPasillo": 46.18, "deltaPresionPa": 15.0, "tsDispositivo": "2026-09-26T06:04:06+00:00"}
[2026-09-26 01:05:07] TX Python SDK azure-iot-device (MQTT sobre WebSockets 443) -> {"tempPasillo": 19.93, "humedadPasillo": 45.73, "deltaPresionPa": 15.6, "tsDispositivo": "2026-09-26T06:05:07+00:00"}
[2026-09-26 01:06:07] TX Python SDK azure-iot-device (MQTT sobre WebSockets 443) -> {"tempPasillo": 19.69, "humedadPasillo": 46.23, "deltaPresionPa": 16.8, "tsDispositivo": "2026-09-26T06:06:07+00:00"}
[2026-09-26 01:07:07] TX Python SDK azure-iot-device (MQTT sobre WebSockets 443) -> {"tempPasillo": 19.99, "humedadPasillo": 46.19, "deltaPresionPa": 17.1, "tsDispositivo": "2026-09-26T06:07:07+00:00"}
[2026-09-26 01:08:07] TX Python SDK azure-iot-device (MQTT sobre WebSockets 443) -> {"tempPasillo": 19.74, "humedadPasillo": 46.76, "deltaPresionPa": 15.0, "tsDispositivo": "2026-09-26T06:08:07+00:00"}
[2026-09-26 01:09:08] TX Python SDK azure-iot-device (MQTT sobre WebSockets 443) -> {"tempPasillo": 20.22, "humedadPasillo": 46.78, "deltaPresionPa": 16.2, "tsDispositivo": "2026-09-26T06:09:07+00:00"}
[2026-09-26 01:10:08] TX Python SDK azure-iot-device (MQTT sobre WebSockets 443) -> {"tempPasillo": 19.89, "humedadPasillo": 47.16, "deltaPresionPa": 15.9, "tsDispositivo": "2026-09-26T06:10:08+00:00"}
[2026-09-26 01:11:08] TX Python SDK azure-iot-device (MQTT sobre WebSockets 443) -> {"tempPasillo": 19.77, "humedadPasillo": 46.09, "deltaPresionPa": 18.8, "tsDispositivo": "2026-09-26T06:11:08+00:00"}
[2026-09-26 01:12:08] TX Python SDK azure-iot-device (MQTT sobre WebSockets 443) -> {"tempPasillo": 20.21, "humedadPasillo": 45.68, "deltaPresionPa": 15.8, "tsDispositivo": "2026-09-26T06:12:08+00:00"}
[2026-09-26 01:13:08] TX Python SDK azure-iot-device (MQTT sobre WebSockets 443) -> {"tempPasillo": 20.21, "humedadPasillo": 47.53, "deltaPresionPa": 19.1, "tsDispositivo": "2026-09-26T06:13:08+00:00"}
[2026-09-26 01:14:09] TX Python SDK azure-iot-device (MQTT sobre WebSockets 443) -> {"tempPasillo": 19.75, "humedadPasillo": 47.6, "deltaPresionPa": 17.5, "tsDispositivo": "2026-09-26T06:14:08+00:00"}
[2026-09-26 01:15:09] TX Python SDK azure-iot-device (MQTT sobre WebSockets 443) -> {"tempPasillo": 20.0, "humedadPasillo": 46.94, "deltaPresionPa": 18.4, "tsDispositivo": "2026-09-26T06:15:09+00:00"}
[2026-09-26 01:16:09] TX Python SDK azure-iot-device (MQTT sobre WebSockets 443) -> {"tempPasillo": 20.16, "humedadPasillo": 46.99, "deltaPresionPa": 16.7, "tsDispositivo": "2026-09-26T06:16:09+00:00"}
[2026-09-26 01:17:09] TX Python SDK azure-iot-device (MQTT sobre WebSockets 443) -> {"tempPasillo": 20.19, "humedadPasillo": 46.92, "deltaPresionPa": 17.1, "tsDispositivo": "2026-09-26T06:17:09+00:00"}
[2026-09-26 01:18:09] TX Python SDK azure-iot-device (MQTT sobre WebSockets 443) -> {"tempPasillo": 19.69, "humedadPasillo": 47.62, "deltaPresionPa": 19.1, "tsDispositivo": "2026-09-26T06:18:09+00:00"}
[2026-09-26 01:19:10] TX Python SDK azure-iot-device (MQTT sobre WebSockets 443) -> {"tempPasillo": 19.66, "humedadPasillo": 46.56, "deltaPresionPa": 16.7, "tsDispositivo": "2026-09-26T06:19:09+00:00"}
[2026-09-26 01:20:10] TX Python SDK azure-iot-device (MQTT sobre WebSockets 443) -> {"tempPasillo": 19.95, "humedadPasillo": 47.0, "deltaPresionPa": 18.7, "tsDispositivo": "2026-09-26T06:20:10+00:00"}
[2026-09-26 01:21:10] TX Python SDK azure-iot-device (MQTT sobre WebSockets 443) -> {"tempPasillo": 19.69, "humedadPasillo": 46.78, "deltaPresionPa": 15.9, "tsDispositivo": "2026-09-26T06:21:10+00:00"}
[2026-09-26 01:22:10] TX Python SDK azure-iot-device (MQTT sobre WebSockets 443) -> {"tempPasillo": 20.21, "humedadPasillo": 47.21, "deltaPresionPa": 19.4, "tsDispositivo": "2026-09-26T06:22:10+00:00"}
[2026-09-26 01:23:11] TX Python SDK azure-iot-device (MQTT sobre WebSockets 443) -> {"tempPasillo": 19.87, "humedadPasillo": 46.97, "deltaPresionPa": 15.7, "tsDispositivo": "2026-09-26T06:23:10+00:00"}
[2026-09-26 01:24:11] TX Python SDK azure-iot-device (MQTT sobre WebSockets 443) -> {"tempPasillo": 19.79, "humedadPasillo": 47.21, "deltaPresionPa": 18.2, "tsDispositivo": "2026-09-26T06:24:11+00:00"}
[2026-09-26 01:25:11] TX Python SDK azure-iot-device (MQTT sobre WebSockets 443) -> {"tempPasillo": 19.85, "humedadPasillo": 47.41, "deltaPresionPa": 18.2, "tsDispositivo": "2026-09-26T06:25:11+00:00"}
[2026-09-26 01:26:11] TX Python SDK azure-iot-device (MQTT sobre WebSockets 443) -> {"tempPasillo": 19.92, "humedadPasillo": 47.64, "deltaPresionPa": 17.8, "tsDispositivo": "2026-09-26T06:26:11+00:00"}
[2026-09-26 01:27:11] TX Python SDK azure-iot-device (MQTT sobre WebSockets 443) -> {"tempPasillo": 19.63, "humedadPasillo": 45.99, "deltaPresionPa": 15.3, "tsDispositivo": "2026-09-26T06:27:11+00:00"}
[2026-09-26 01:28:12] TX Python SDK azure-iot-device (MQTT sobre WebSockets 443) -> {"tempPasillo": 19.94, "humedadPasillo": 46.35, "deltaPresionPa": 18.9, "tsDispositivo": "2026-09-26T06:28:11+00:00"}
[2026-09-26 01:29:12] TX Python SDK azure-iot-device (MQTT sobre WebSockets 443) -> {"tempPasillo": 19.95, "humedadPasillo": 46.37, "deltaPresionPa": 17.1, "tsDispositivo": "2026-09-26T06:29:12+00:00"}
[2026-09-26 01:30:12] TX Python SDK azure-iot-device (MQTT sobre WebSockets 443) -> {"tempPasillo": 19.88, "humedadPasillo": 47.45, "deltaPresionPa": 17.0, "tsDispositivo": "2026-09-26T06:30:12+00:00"}
[2026-09-26 01:31:12] TX Python SDK azure-iot-device (MQTT sobre WebSockets 443) -> {"tempPasillo": 19.93, "humedadPasillo": 46.59, "deltaPresionPa": 17.2, "tsDispositivo": "2026-09-26T06:31:12+00:00"}
[2026-09-26 01:32:12] TX Python SDK azure-iot-device (MQTT sobre WebSockets 443) -> {"tempPasillo": 19.78, "humedadPasillo": 46.78, "deltaPresionPa": 15.3, "tsDispositivo": "2026-09-26T06:32:12+00:00"}
[2026-09-26 01:33:13] TX Python SDK azure-iot-device (MQTT sobre WebSockets 443) -> {"tempPasillo": 20.06, "humedadPasillo": 47.13, "deltaPresionPa": 16.8, "tsDispositivo": "2026-09-26T06:33:12+00:00"}
[2026-09-26 01:34:13] TX Python SDK azure-iot-device (MQTT sobre WebSockets 443) -> {"tempPasillo": 20.05, "humedadPasillo": 47.39, "deltaPresionPa": 16.3, "tsDispositivo": "2026-09-26T06:34:13+00:00"}
[2026-09-26 01:35:13] TX Python SDK azure-iot-device (MQTT sobre WebSockets 443) -> {"tempPasillo": 19.85, "humedadPasillo": 47.49, "deltaPresionPa": 17.3, "tsDispositivo": "2026-09-26T06:35:13+00:00"}
[2026-09-26 01:36:13] TX Python SDK azure-iot-device (MQTT sobre WebSockets 443) -> {"tempPasillo": 19.85, "humedadPasillo": 47.24, "deltaPresionPa": 19.0, "tsDispositivo": "2026-09-26T06:36:13+00:00"}
[2026-09-26 01:37:13] TX Python SDK azure-iot-device (MQTT sobre WebSockets 443) -> {"tempPasillo": 19.77, "humedadPasillo": 46.98, "deltaPresionPa": 18.7, "tsDispositivo": "2026-09-26T06:37:13+00:00"}
[2026-09-26 01:38:14] TX Python SDK azure-iot-device (MQTT sobre WebSockets 443) -> {"tempPasillo": 19.72, "humedadPasillo": 46.45, "deltaPresionPa": 15.2, "tsDispositivo": "2026-09-26T06:38:13+00:00"}
[2026-09-26 01:39:14] TX Python SDK azure-iot-device (MQTT sobre WebSockets 443) -> {"tempPasillo": 20.19, "humedadPasillo": 46.48, "deltaPresionPa": 19.8, "tsDispositivo": "2026-09-26T06:39:14+00:00"}
[2026-09-26 01:40:14] TX Python SDK azure-iot-device (MQTT sobre WebSockets 443) -> {"tempPasillo": 20.02, "humedadPasillo": 47.67, "deltaPresionPa": 18.5, "tsDispositivo": "2026-09-26T06:40:14+00:00"}
[2026-09-26 01:41:14] TX Python SDK azure-iot-device (MQTT sobre WebSockets 443) -> {"tempPasillo": 19.97, "humedadPasillo": 46.28, "deltaPresionPa": 19.3, "tsDispositivo": "2026-09-26T06:41:14+00:00"}
[2026-09-26 01:42:14] TX Python SDK azure-iot-device (MQTT sobre WebSockets 443) -> {"tempPasillo": 19.99, "humedadPasillo": 47.07, "deltaPresionPa": 16.4, "tsDispositivo": "2026-09-26T06:42:14+00:00"}
[2026-09-26 01:43:14] TX Python SDK azure-iot-device (MQTT sobre WebSockets 443) -> {"tempPasillo": 20.05, "humedadPasillo": 47.79, "deltaPresionPa": 19.5, "tsDispositivo": "2026-09-26T06:43:14+00:00"}
[2026-09-26 01:44:15] TX Python SDK azure-iot-device (MQTT sobre WebSockets 443) -> {"tempPasillo": 19.61, "humedadPasillo": 46.59, "deltaPresionPa": 19.3, "tsDispositivo": "2026-09-26T06:44:15+00:00"}
[2026-09-26 01:45:15] TX Python SDK azure-iot-device (MQTT sobre WebSockets 443) -> {"tempPasillo": 19.99, "humedadPasillo": 47.17, "deltaPresionPa": 16.6, "tsDispositivo": "2026-09-26T06:45:15+00:00"}
[2026-09-26 01:46:15] TX Python SDK azure-iot-device (MQTT sobre WebSockets 443) -> {"tempPasillo": 20.05, "humedadPasillo": 47.63, "deltaPresionPa": 15.8, "tsDispositivo": "2026-09-26T06:46:15+00:00"}
[2026-09-26 01:47:15] TX Python SDK azure-iot-device (MQTT sobre WebSockets 443) -> {"tempPasillo": 19.86, "humedadPasillo": 46.07, "deltaPresionPa": 17.9, "tsDispositivo": "2026-09-26T06:47:15+00:00"}
[2026-09-26 01:48:16] TX Python SDK azure-iot-device (MQTT sobre WebSockets 443) -> {"tempPasillo": 19.71, "humedadPasillo": 47.81, "deltaPresionPa": 19.5, "tsDispositivo": "2026-09-26T06:48:15+00:00"}
[2026-09-26 01:49:16] TX Python SDK azure-iot-device (MQTT sobre WebSockets 443) -> {"tempPasillo": 19.8, "humedadPasillo": 46.94, "deltaPresionPa": 15.5, "tsDispositivo": "2026-09-26T06:49:16+00:00"}
[2026-09-26 01:50:16] TX Python SDK azure-iot-device (MQTT sobre WebSockets 443) -> {"tempPasillo": 19.87, "humedadPasillo": 47.06, "deltaPresionPa": 16.8, "tsDispositivo": "2026-09-26T06:50:16+00:00"}
[2026-09-26 01:51:16] TX Python SDK azure-iot-device (MQTT sobre WebSockets 443) -> {"tempPasillo": 19.6, "humedadPasillo": 47.12, "deltaPresionPa": 19.6, "tsDispositivo": "2026-09-26T06:51:16+00:00"}
[2026-09-26 01:52:17] TX Python SDK azure-iot-device (MQTT sobre WebSockets 443) -> {"tempPasillo": 20.1, "humedadPasillo": 48.03, "deltaPresionPa": 15.0, "tsDispositivo": "2026-09-26T06:52:16+00:00"}
[2026-09-26 01:53:17] TX Python SDK azure-iot-device (MQTT sobre WebSockets 443) -> {"tempPasillo": 19.78, "humedadPasillo": 47.63, "deltaPresionPa": 15.9, "tsDispositivo": "2026-09-26T06:53:17+00:00"}
[2026-09-26 01:54:17] TX Python SDK azure-iot-device (MQTT sobre WebSockets 443) -> {"tempPasillo": 20.2, "humedadPasillo": 46.33, "deltaPresionPa": 15.5, "tsDispositivo": "2026-09-26T06:54:17+00:00"}
[2026-09-26 01:55:17] TX Python SDK azure-iot-device (MQTT sobre WebSockets 443) -> {"tempPasillo": 20.06, "humedadPasillo": 46.13, "deltaPresionPa": 17.6, "tsDispositivo": "2026-09-26T06:55:17+00:00"}
[2026-09-26 01:56:17] TX Python SDK azure-iot-device (MQTT sobre WebSockets 443) -> {"tempPasillo": 19.79, "humedadPasillo": 47.56, "deltaPresionPa": 19.2, "tsDispositivo": "2026-09-26T06:56:17+00:00"}
[2026-09-26 01:57:17] TX Python SDK azure-iot-device (MQTT sobre WebSockets 443) -> {"tempPasillo": 19.91, "humedadPasillo": 46.54, "deltaPresionPa": 18.6, "tsDispositivo": "2026-09-26T06:57:17+00:00"}
[2026-09-26 01:58:18] TX Python SDK azure-iot-device (MQTT sobre WebSockets 443) -> {"tempPasillo": 19.92, "humedadPasillo": 47.04, "deltaPresionPa": 15.4, "tsDispositivo": "2026-09-26T06:58:17+00:00"}
[2026-09-26 01:59:18] TX Python SDK azure-iot-device (MQTT sobre WebSockets 443) -> {"tempPasillo": 19.69, "humedadPasillo": 46.29, "deltaPresionPa": 15.9, "tsDispositivo": "2026-09-26T06:59:18+00:00"}
[2026-09-26 02:00:18] TX Python SDK azure-iot-device (MQTT sobre WebSockets 443) -> {"tempPasillo": 20.08, "humedadPasillo": 47.57, "deltaPresionPa": 17.6, "tsDispositivo": "2026-09-26T07:00:18+00:00"}
[2026-09-26 02:01:18] TX Python SDK azure-iot-device (MQTT sobre WebSockets 443) -> {"tempPasillo": 19.99, "humedadPasillo": 47.32, "deltaPresionPa": 18.9, "tsDispositivo": "2026-09-26T07:01:18+00:00"}
[2026-09-26 02:02:18] TX Python SDK azure-iot-device (MQTT sobre WebSockets 443) -> {"tempPasillo": 19.88, "humedadPasillo": 47.06, "deltaPresionPa": 16.4, "tsDispositivo": "2026-09-26T07:02:18+00:00"}
[2026-09-26 02:03:19] TX Python SDK azure-iot-device (MQTT sobre WebSockets 443) -> {"tempPasillo": 20.03, "humedadPasillo": 48.03, "deltaPresionPa": 19.3, "tsDispositivo": "2026-09-26T07:03:18+00:00"}
[2026-09-26 02:04:19] TX Python SDK azure-iot-device (MQTT sobre WebSockets 443) -> {"tempPasillo": 20.11, "humedadPasillo": 47.84, "deltaPresionPa": 18.1, "tsDispositivo": "2026-09-26T07:04:19+00:00"}
[2026-09-26 02:05:19] TX Python SDK azure-iot-device (MQTT sobre WebSockets 443) -> {"tempPasillo": 20.03, "humedadPasillo": 46.87, "deltaPresionPa": 16.4, "tsDispositivo": "2026-09-26T07:05:19+00:00"}
[2026-09-26 02:06:19] TX Python SDK azure-iot-device (MQTT sobre WebSockets 443) -> {"tempPasillo": 19.72, "humedadPasillo": 46.83, "deltaPresionPa": 16.5, "tsDispositivo": "2026-09-26T07:06:19+00:00"}
[2026-09-26 02:07:19] TX Python SDK azure-iot-device (MQTT sobre WebSockets 443) -> {"tempPasillo": 19.96, "humedadPasillo": 46.44, "deltaPresionPa": 16.7, "tsDispositivo": "2026-09-26T07:07:19+00:00"}
[2026-09-26 02:08:20] TX Python SDK azure-iot-device (MQTT sobre WebSockets 443) -> {"tempPasillo": 19.88, "humedadPasillo": 46.38, "deltaPresionPa": 15.5, "tsDispositivo": "2026-09-26T07:08:19+00:00"}
[2026-09-26 02:09:21] TX Python SDK azure-iot-device (MQTT sobre WebSockets 443) -> {"tempPasillo": 19.64, "humedadPasillo": 47.87, "deltaPresionPa": 19.0, "tsDispositivo": "2026-09-26T07:09:20+00:00"}
[2026-09-26 02:10:21] TX Python SDK azure-iot-device (MQTT sobre WebSockets 443) -> {"tempPasillo": 19.93, "humedadPasillo": 47.17, "deltaPresionPa": 18.2, "tsDispositivo": "2026-09-26T07:10:21+00:00"}
[2026-09-26 02:11:22] TX Python SDK azure-iot-device (MQTT sobre WebSockets 443) -> {"tempPasillo": 19.66, "humedadPasillo": 47.7, "deltaPresionPa": 18.1, "tsDispositivo": "2026-09-26T07:11:21+00:00"}
[2026-09-26 02:12:27] TX Python SDK azure-iot-device (MQTT sobre WebSockets 443) -> {"tempPasillo": 19.68, "humedadPasillo": 46.71, "deltaPresionPa": 16.1, "tsDispositivo": "2026-09-26T07:12:26+00:00"}
[2026-09-26 02:13:27] TX Python SDK azure-iot-device (MQTT sobre WebSockets 443) -> {"tempPasillo": 19.91, "humedadPasillo": 48.11, "deltaPresionPa": 16.8, "tsDispositivo": "2026-09-26T07:13:27+00:00"}
[2026-09-26 02:14:27] TX Python SDK azure-iot-device (MQTT sobre WebSockets 443) -> {"tempPasillo": 19.9, "humedadPasillo": 48.28, "deltaPresionPa": 16.1, "tsDispositivo": "2026-09-26T07:14:27+00:00"}
[2026-09-26 02:15:27] TX Python SDK azure-iot-device (MQTT sobre WebSockets 443) -> {"tempPasillo": 19.84, "humedadPasillo": 47.62, "deltaPresionPa": 19.7, "tsDispositivo": "2026-09-26T07:15:27+00:00"}
[2026-09-26 02:16:28] TX Python SDK azure-iot-device (MQTT sobre WebSockets 443) -> {"tempPasillo": 20.15, "humedadPasillo": 46.44, "deltaPresionPa": 16.4, "tsDispositivo": "2026-09-26T07:16:27+00:00"}
[2026-09-26 02:17:28] TX Python SDK azure-iot-device (MQTT sobre WebSockets 443) -> {"tempPasillo": 19.72, "humedadPasillo": 47.56, "deltaPresionPa": 17.9, "tsDispositivo": "2026-09-26T07:17:28+00:00"}
[2026-09-26 02:18:28] TX Python SDK azure-iot-device (MQTT sobre WebSockets 443) -> {"tempPasillo": 19.96, "humedadPasillo": 47.87, "deltaPresionPa": 17.9, "tsDispositivo": "2026-09-26T07:18:28+00:00"}
[2026-09-26 02:19:28] TX Python SDK azure-iot-device (MQTT sobre WebSockets 443) -> {"tempPasillo": 20.14, "humedadPasillo": 46.73, "deltaPresionPa": 15.5, "tsDispositivo": "2026-09-26T07:19:28+00:00"}
[2026-09-26 02:20:28] TX Python SDK azure-iot-device (MQTT sobre WebSockets 443) -> {"tempPasillo": 19.99, "humedadPasillo": 46.77, "deltaPresionPa": 18.5, "tsDispositivo": "2026-09-26T07:20:28+00:00"}
[2026-09-26 02:21:29] TX Python SDK azure-iot-device (MQTT sobre WebSockets 443) -> {"tempPasillo": 20.04, "humedadPasillo": 47.79, "deltaPresionPa": 15.5, "tsDispositivo": "2026-09-26T07:21:28+00:00"}
[2026-09-26 02:22:29] TX Python SDK azure-iot-device (MQTT sobre WebSockets 443) -> {"tempPasillo": 19.89, "humedadPasillo": 47.26, "deltaPresionPa": 19.4, "tsDispositivo": "2026-09-26T07:22:29+00:00"}
[2026-09-26 02:23:29] TX Python SDK azure-iot-device (MQTT sobre WebSockets 443) -> {"tempPasillo": 19.73, "humedadPasillo": 48.26, "deltaPresionPa": 15.9, "tsDispositivo": "2026-09-26T07:23:29+00:00"}
[2026-09-26 02:24:29] TX Python SDK azure-iot-device (MQTT sobre WebSockets 443) -> {"tempPasillo": 19.83, "humedadPasillo": 47.19, "deltaPresionPa": 16.9, "tsDispositivo": "2026-09-26T07:24:29+00:00"}
[2026-09-26 02:25:29] TX Python SDK azure-iot-device (MQTT sobre WebSockets 443) -> {"tempPasillo": 19.96, "humedadPasillo": 47.01, "deltaPresionPa": 17.4, "tsDispositivo": "2026-09-26T07:25:29+00:00"}
[2026-09-26 02:26:30] TX Python SDK azure-iot-device (MQTT sobre WebSockets 443) -> {"tempPasillo": 19.72, "humedadPasillo": 47.95, "deltaPresionPa": 15.3, "tsDispositivo": "2026-09-26T07:26:29+00:00"}
[2026-09-26 02:27:30] TX Python SDK azure-iot-device (MQTT sobre WebSockets 443) -> {"tempPasillo": 19.92, "humedadPasillo": 46.97, "deltaPresionPa": 18.8, "tsDispositivo": "2026-09-26T07:27:30+00:00"}
[2026-09-26 02:28:30] TX Python SDK azure-iot-device (MQTT sobre WebSockets 443) -> {"tempPasillo": 19.69, "humedadPasillo": 48.02, "deltaPresionPa": 19.0, "tsDispositivo": "2026-09-26T07:28:30+00:00"}
[2026-09-26 02:29:30] TX Python SDK azure-iot-device (MQTT sobre WebSockets 443) -> {"tempPasillo": 20.12, "humedadPasillo": 46.99, "deltaPresionPa": 17.8, "tsDispositivo": "2026-09-26T07:29:30+00:00"}
[2026-09-26 02:30:30] TX Python SDK azure-iot-device (MQTT sobre WebSockets 443) -> {"tempPasillo": 19.8, "humedadPasillo": 48.0, "deltaPresionPa": 18.2, "tsDispositivo": "2026-09-26T07:30:30+00:00"}
[2026-09-26 02:31:30] TX Python SDK azure-iot-device (MQTT sobre WebSockets 443) -> {"tempPasillo": 19.71, "humedadPasillo": 46.92, "deltaPresionPa": 19.6, "tsDispositivo": "2026-09-26T07:31:30+00:00"}
[2026-09-26 02:32:31] TX Python SDK azure-iot-device (MQTT sobre WebSockets 443) -> {"tempPasillo": 19.88, "humedadPasillo": 47.32, "deltaPresionPa": 17.7, "tsDispositivo": "2026-09-26T07:32:30+00:00"}
[2026-09-26 02:33:31] TX Python SDK azure-iot-device (MQTT sobre WebSockets 443) -> {"tempPasillo": 19.72, "humedadPasillo": 47.24, "deltaPresionPa": 15.6, "tsDispositivo": "2026-09-26T07:33:31+00:00"}
[2026-09-26 02:34:31] TX Python SDK azure-iot-device (MQTT sobre WebSockets 443) -> {"tempPasillo": 20.05, "humedadPasillo": 47.79, "deltaPresionPa": 17.7, "tsDispositivo": "2026-09-26T07:34:31+00:00"}
[2026-09-26 02:35:31] TX Python SDK azure-iot-device (MQTT sobre WebSockets 443) -> {"tempPasillo": 19.89, "humedadPasillo": 48.4, "deltaPresionPa": 18.0, "tsDispositivo": "2026-09-26T07:35:31+00:00"}
[2026-09-26 02:36:31] TX Python SDK azure-iot-device (MQTT sobre WebSockets 443) -> {"tempPasillo": 19.91, "humedadPasillo": 47.45, "deltaPresionPa": 19.0, "tsDispositivo": "2026-09-26T07:36:31+00:00"}
[2026-09-26 02:37:32] TX Python SDK azure-iot-device (MQTT sobre WebSockets 443) -> {"tempPasillo": 19.91, "humedadPasillo": 47.86, "deltaPresionPa": 16.6, "tsDispositivo": "2026-09-26T07:37:31+00:00"}
[2026-09-26 02:38:32] TX Python SDK azure-iot-device (MQTT sobre WebSockets 443) -> {"tempPasillo": 20.18, "humedadPasillo": 48.18, "deltaPresionPa": 15.8, "tsDispositivo": "2026-09-26T07:38:32+00:00"}
[2026-09-26 02:39:32] TX Python SDK azure-iot-device (MQTT sobre WebSockets 443) -> {"tempPasillo": 20.1, "humedadPasillo": 48.04, "deltaPresionPa": 15.4, "tsDispositivo": "2026-09-26T07:39:32+00:00"}
[2026-09-26 02:40:32] TX Python SDK azure-iot-device (MQTT sobre WebSockets 443) -> {"tempPasillo": 19.84, "humedadPasillo": 46.76, "deltaPresionPa": 17.6, "tsDispositivo": "2026-09-26T07:40:32+00:00"}
[2026-09-26 02:41:32] TX Python SDK azure-iot-device (MQTT sobre WebSockets 443) -> {"tempPasillo": 20.11, "humedadPasillo": 47.21, "deltaPresionPa": 17.9, "tsDispositivo": "2026-09-26T07:41:32+00:00"}
[2026-09-26 02:42:33] TX Python SDK azure-iot-device (MQTT sobre WebSockets 443) -> {"tempPasillo": 19.8, "humedadPasillo": 48.6, "deltaPresionPa": 16.6, "tsDispositivo": "2026-09-26T07:42:32+00:00"}
[2026-09-26 02:43:33] TX Python SDK azure-iot-device (MQTT sobre WebSockets 443) -> {"tempPasillo": 20.0, "humedadPasillo": 47.04, "deltaPresionPa": 18.4, "tsDispositivo": "2026-09-26T07:43:33+00:00"}
[2026-09-26 02:44:33] TX Python SDK azure-iot-device (MQTT sobre WebSockets 443) -> {"tempPasillo": 19.85, "humedadPasillo": 46.97, "deltaPresionPa": 18.7, "tsDispositivo": "2026-09-26T07:44:33+00:00"}
[2026-09-26 02:45:33] TX Python SDK azure-iot-device (MQTT sobre WebSockets 443) -> {"tempPasillo": 19.61, "humedadPasillo": 48.6, "deltaPresionPa": 15.1, "tsDispositivo": "2026-09-26T07:45:33+00:00"}
[2026-09-26 02:46:33] TX Python SDK azure-iot-device (MQTT sobre WebSockets 443) -> {"tempPasillo": 19.73, "humedadPasillo": 47.82, "deltaPresionPa": 18.9, "tsDispositivo": "2026-09-26T07:46:33+00:00"}
[2026-09-26 02:47:34] TX Python SDK azure-iot-device (MQTT sobre WebSockets 443) -> {"tempPasillo": 19.95, "humedadPasillo": 47.41, "deltaPresionPa": 15.5, "tsDispositivo": "2026-09-26T07:47:33+00:00"}
[2026-09-26 02:48:34] TX Python SDK azure-iot-device (MQTT sobre WebSockets 443) -> {"tempPasillo": 20.19, "humedadPasillo": 47.98, "deltaPresionPa": 17.6, "tsDispositivo": "2026-09-26T07:48:34+00:00"}
[2026-09-26 02:49:34] TX Python SDK azure-iot-device (MQTT sobre WebSockets 443) -> {"tempPasillo": 19.84, "humedadPasillo": 48.57, "deltaPresionPa": 17.3, "tsDispositivo": "2026-09-26T07:49:34+00:00"}
[2026-09-26 02:50:34] TX Python SDK azure-iot-device (MQTT sobre WebSockets 443) -> {"tempPasillo": 19.92, "humedadPasillo": 47.62, "deltaPresionPa": 18.2, "tsDispositivo": "2026-09-26T07:50:34+00:00"}
[2026-09-26 02:51:34] TX Python SDK azure-iot-device (MQTT sobre WebSockets 443) -> {"tempPasillo": 20.17, "humedadPasillo": 46.97, "deltaPresionPa": 17.7, "tsDispositivo": "2026-09-26T07:51:34+00:00"}
[2026-09-26 02:52:34] TX Python SDK azure-iot-device (MQTT sobre WebSockets 443) -> {"tempPasillo": 19.64, "humedadPasillo": 48.67, "deltaPresionPa": 15.5, "tsDispositivo": "2026-09-26T07:52:34+00:00"}
[2026-09-26 02:53:35] TX Python SDK azure-iot-device (MQTT sobre WebSockets 443) -> {"tempPasillo": 20.13, "humedadPasillo": 48.52, "deltaPresionPa": 15.6, "tsDispositivo": "2026-09-26T07:53:34+00:00"}
[2026-09-26 02:54:35] TX Python SDK azure-iot-device (MQTT sobre WebSockets 443) -> {"tempPasillo": 19.96, "humedadPasillo": 47.04, "deltaPresionPa": 15.4, "tsDispositivo": "2026-09-26T07:54:35+00:00"}
[2026-09-26 02:55:35] TX Python SDK azure-iot-device (MQTT sobre WebSockets 443) -> {"tempPasillo": 19.94, "humedadPasillo": 47.35, "deltaPresionPa": 18.7, "tsDispositivo": "2026-09-26T07:55:35+00:00"}
[2026-09-26 02:56:35] TX Python SDK azure-iot-device (MQTT sobre WebSockets 443) -> {"tempPasillo": 19.77, "humedadPasillo": 47.73, "deltaPresionPa": 17.4, "tsDispositivo": "2026-09-26T07:56:35+00:00"}
[2026-09-26 02:57:35] TX Python SDK azure-iot-device (MQTT sobre WebSockets 443) -> {"tempPasillo": 19.64, "humedadPasillo": 48.82, "deltaPresionPa": 16.8, "tsDispositivo": "2026-09-26T07:57:35+00:00"}
[2026-09-26 02:58:36] TX Python SDK azure-iot-device (MQTT sobre WebSockets 443) -> {"tempPasillo": 20.13, "humedadPasillo": 48.5, "deltaPresionPa": 18.9, "tsDispositivo": "2026-09-26T07:58:35+00:00"}
[2026-09-26 02:59:36] TX Python SDK azure-iot-device (MQTT sobre WebSockets 443) -> {"tempPasillo": 19.63, "humedadPasillo": 47.97, "deltaPresionPa": 19.6, "tsDispositivo": "2026-09-26T07:59:36+00:00"}
[2026-09-26 03:00:36] TX Python SDK azure-iot-device (MQTT sobre WebSockets 443) -> {"tempPasillo": 19.7, "humedadPasillo": 47.93, "deltaPresionPa": 19.2, "tsDispositivo": "2026-09-26T08:00:36+00:00"}
[2026-09-26 03:01:36] TX Python SDK azure-iot-device (MQTT sobre WebSockets 443) -> {"tempPasillo": 19.68, "humedadPasillo": 47.97, "deltaPresionPa": 18.7, "tsDispositivo": "2026-09-26T08:01:36+00:00"}
[2026-09-26 03:02:36] TX Python SDK azure-iot-device (MQTT sobre WebSockets 443) -> {"tempPasillo": 19.91, "humedadPasillo": 48.92, "deltaPresionPa": 16.5, "tsDispositivo": "2026-09-26T08:02:36+00:00"}
[2026-09-26 03:03:37] TX Python SDK azure-iot-device (MQTT sobre WebSockets 443) -> {"tempPasillo": 19.64, "humedadPasillo": 47.82, "deltaPresionPa": 19.7, "tsDispositivo": "2026-09-26T08:03:36+00:00"}
[2026-09-26 03:04:37] TX Python SDK azure-iot-device (MQTT sobre WebSockets 443) -> {"tempPasillo": 19.65, "humedadPasillo": 48.7, "deltaPresionPa": 16.7, "tsDispositivo": "2026-09-26T08:04:37+00:00"}
[2026-09-26 03:05:37] TX Python SDK azure-iot-device (MQTT sobre WebSockets 443) -> {"tempPasillo": 20.19, "humedadPasillo": 47.92, "deltaPresionPa": 15.6, "tsDispositivo": "2026-09-26T08:05:37+00:00"}
[2026-09-26 03:06:37] TX Python SDK azure-iot-device (MQTT sobre WebSockets 443) -> {"tempPasillo": 19.94, "humedadPasillo": 47.63, "deltaPresionPa": 19.4, "tsDispositivo": "2026-09-26T08:06:37+00:00"}
[2026-09-26 03:07:37] TX Python SDK azure-iot-device (MQTT sobre WebSockets 443) -> {"tempPasillo": 20.12, "humedadPasillo": 48.35, "deltaPresionPa": 15.5, "tsDispositivo": "2026-09-26T08:07:37+00:00"}
[2026-09-26 03:08:38] TX Python SDK azure-iot-device (MQTT sobre WebSockets 443) -> {"tempPasillo": 19.76, "humedadPasillo": 48.29, "deltaPresionPa": 16.4, "tsDispositivo": "2026-09-26T08:08:37+00:00"}
[2026-09-26 03:09:38] TX Python SDK azure-iot-device (MQTT sobre WebSockets 443) -> {"tempPasillo": 19.76, "humedadPasillo": 47.25, "deltaPresionPa": 19.3, "tsDispositivo": "2026-09-26T08:09:38+00:00"}
[2026-09-26 03:10:38] TX Python SDK azure-iot-device (MQTT sobre WebSockets 443) -> {"tempPasillo": 19.95, "humedadPasillo": 48.87, "deltaPresionPa": 19.7, "tsDispositivo": "2026-09-26T08:10:38+00:00"}
[2026-09-26 03:11:38] TX Python SDK azure-iot-device (MQTT sobre WebSockets 443) -> {"tempPasillo": 20.18, "humedadPasillo": 47.62, "deltaPresionPa": 16.1, "tsDispositivo": "2026-09-26T08:11:38+00:00"}
[2026-09-26 03:12:38] TX Python SDK azure-iot-device (MQTT sobre WebSockets 443) -> {"tempPasillo": 19.7, "humedadPasillo": 47.76, "deltaPresionPa": 14.9, "tsDispositivo": "2026-09-26T08:12:38+00:00"}
[2026-09-26 03:13:39] TX Python SDK azure-iot-device (MQTT sobre WebSockets 443) -> {"tempPasillo": 19.87, "humedadPasillo": 47.23, "deltaPresionPa": 16.2, "tsDispositivo": "2026-09-26T08:13:38+00:00"}
[2026-09-26 03:14:39] TX Python SDK azure-iot-device (MQTT sobre WebSockets 443) -> {"tempPasillo": 19.91, "humedadPasillo": 48.08, "deltaPresionPa": 19.2, "tsDispositivo": "2026-09-26T08:14:39+00:00"}
[2026-09-26 03:15:39] TX Python SDK azure-iot-device (MQTT sobre WebSockets 443) -> {"tempPasillo": 19.72, "humedadPasillo": 48.63, "deltaPresionPa": 15.3, "tsDispositivo": "2026-09-26T08:15:39+00:00"}
[2026-09-26 03:16:39] TX Python SDK azure-iot-device (MQTT sobre WebSockets 443) -> {"tempPasillo": 19.88, "humedadPasillo": 48.06, "deltaPresionPa": 16.5, "tsDispositivo": "2026-09-26T08:16:39+00:00"}
[2026-09-26 03:17:39] TX Python SDK azure-iot-device (MQTT sobre WebSockets 443) -> {"tempPasillo": 20.08, "humedadPasillo": 49.1, "deltaPresionPa": 17.3, "tsDispositivo": "2026-09-26T08:17:39+00:00"}
[2026-09-26 03:18:40] TX Python SDK azure-iot-device (MQTT sobre WebSockets 443) -> {"tempPasillo": 19.8, "humedadPasillo": 48.3, "deltaPresionPa": 16.3, "tsDispositivo": "2026-09-26T08:18:39+00:00"}
[2026-09-26 03:19:40] TX Python SDK azure-iot-device (MQTT sobre WebSockets 443) -> {"tempPasillo": 19.88, "humedadPasillo": 48.31, "deltaPresionPa": 17.7, "tsDispositivo": "2026-09-26T08:19:40+00:00"}
[2026-09-26 03:20:40] TX Python SDK azure-iot-device (MQTT sobre WebSockets 443) -> {"tempPasillo": 19.76, "humedadPasillo": 47.71, "deltaPresionPa": 17.9, "tsDispositivo": "2026-09-26T08:20:40+00:00"}
[2026-09-26 03:21:40] TX Python SDK azure-iot-device (MQTT sobre WebSockets 443) -> {"tempPasillo": 19.6, "humedadPasillo": 47.91, "deltaPresionPa": 17.8, "tsDispositivo": "2026-09-26T08:21:40+00:00"}
[2026-09-26 03:22:40] TX Python SDK azure-iot-device (MQTT sobre WebSockets 443) -> {"tempPasillo": 19.64, "humedadPasillo": 49.05, "deltaPresionPa": 17.9, "tsDispositivo": "2026-09-26T08:22:40+00:00"}
[2026-09-26 03:23:41] TX Python SDK azure-iot-device (MQTT sobre WebSockets 443) -> {"tempPasillo": 20.08, "humedadPasillo": 47.44, "deltaPresionPa": 16.1, "tsDispositivo": "2026-09-26T08:23:40+00:00"}
[2026-09-26 03:24:41] TX Python SDK azure-iot-device (MQTT sobre WebSockets 443) -> {"tempPasillo": 19.78, "humedadPasillo": 47.74, "deltaPresionPa": 16.5, "tsDispositivo": "2026-09-26T08:24:41+00:00"}
[2026-09-26 03:25:41] TX Python SDK azure-iot-device (MQTT sobre WebSockets 443) -> {"tempPasillo": 20.17, "humedadPasillo": 49.17, "deltaPresionPa": 17.7, "tsDispositivo": "2026-09-26T08:25:41+00:00"}
[2026-09-26 03:26:41] TX Python SDK azure-iot-device (MQTT sobre WebSockets 443) -> {"tempPasillo": 19.85, "humedadPasillo": 49.05, "deltaPresionPa": 17.9, "tsDispositivo": "2026-09-26T08:26:41+00:00"}
[2026-09-26 03:27:41] TX Python SDK azure-iot-device (MQTT sobre WebSockets 443) -> {"tempPasillo": 19.84, "humedadPasillo": 47.65, "deltaPresionPa": 16.1, "tsDispositivo": "2026-09-26T08:27:41+00:00"}
[2026-09-26 03:28:41] TX Python SDK azure-iot-device (MQTT sobre WebSockets 443) -> {"tempPasillo": 19.75, "humedadPasillo": 48.21, "deltaPresionPa": 19.6, "tsDispositivo": "2026-09-26T08:28:41+00:00"}
[2026-09-26 03:29:42] TX Python SDK azure-iot-device (MQTT sobre WebSockets 443) -> {"tempPasillo": 20.17, "humedadPasillo": 49.08, "deltaPresionPa": 15.3, "tsDispositivo": "2026-09-26T08:29:41+00:00"}
[2026-09-26 03:30:42] TX Python SDK azure-iot-device (MQTT sobre WebSockets 443) -> {"tempPasillo": 20.06, "humedadPasillo": 48.82, "deltaPresionPa": 18.6, "tsDispositivo": "2026-09-26T08:30:42+00:00"}
[2026-09-26 03:31:42] TX Python SDK azure-iot-device (MQTT sobre WebSockets 443) -> {"tempPasillo": 20.09, "humedadPasillo": 47.58, "deltaPresionPa": 19.1, "tsDispositivo": "2026-09-26T08:31:42+00:00"}
[2026-09-26 03:32:42] TX Python SDK azure-iot-device (MQTT sobre WebSockets 443) -> {"tempPasillo": 19.89, "humedadPasillo": 48.84, "deltaPresionPa": 16.9, "tsDispositivo": "2026-09-26T08:32:42+00:00"}
[2026-09-26 03:33:42] TX Python SDK azure-iot-device (MQTT sobre WebSockets 443) -> {"tempPasillo": 19.65, "humedadPasillo": 49.22, "deltaPresionPa": 15.0, "tsDispositivo": "2026-09-26T08:33:42+00:00"}
[2026-09-26 03:34:43] TX Python SDK azure-iot-device (MQTT sobre WebSockets 443) -> {"tempPasillo": 19.83, "humedadPasillo": 47.83, "deltaPresionPa": 18.4, "tsDispositivo": "2026-09-26T08:34:42+00:00"}
[2026-09-26 03:35:43] TX Python SDK azure-iot-device (MQTT sobre WebSockets 443) -> {"tempPasillo": 19.73, "humedadPasillo": 48.56, "deltaPresionPa": 14.9, "tsDispositivo": "2026-09-26T08:35:43+00:00"}
[2026-09-26 03:36:43] TX Python SDK azure-iot-device (MQTT sobre WebSockets 443) -> {"tempPasillo": 19.77, "humedadPasillo": 48.94, "deltaPresionPa": 17.0, "tsDispositivo": "2026-09-26T08:36:43+00:00"}
[2026-09-26 03:37:43] TX Python SDK azure-iot-device (MQTT sobre WebSockets 443) -> {"tempPasillo": 20.11, "humedadPasillo": 48.08, "deltaPresionPa": 16.4, "tsDispositivo": "2026-09-26T08:37:43+00:00"}
[2026-09-26 03:38:43] TX Python SDK azure-iot-device (MQTT sobre WebSockets 443) -> {"tempPasillo": 19.69, "humedadPasillo": 48.0, "deltaPresionPa": 18.3, "tsDispositivo": "2026-09-26T08:38:43+00:00"}
[2026-09-26 03:39:44] TX Python SDK azure-iot-device (MQTT sobre WebSockets 443) -> {"tempPasillo": 20.06, "humedadPasillo": 48.33, "deltaPresionPa": 16.0, "tsDispositivo": "2026-09-26T08:39:43+00:00"}
[2026-09-26 03:40:44] TX Python SDK azure-iot-device (MQTT sobre WebSockets 443) -> {"tempPasillo": 19.62, "humedadPasillo": 48.22, "deltaPresionPa": 17.3, "tsDispositivo": "2026-09-26T08:40:44+00:00"}
[2026-09-26 03:41:44] TX Python SDK azure-iot-device (MQTT sobre WebSockets 443) -> {"tempPasillo": 19.86, "humedadPasillo": 49.32, "deltaPresionPa": 19.7, "tsDispositivo": "2026-09-26T08:41:44+00:00"}
[2026-09-26 03:42:44] TX Python SDK azure-iot-device (MQTT sobre WebSockets 443) -> {"tempPasillo": 20.01, "humedadPasillo": 48.54, "deltaPresionPa": 19.1, "tsDispositivo": "2026-09-26T08:42:44+00:00"}
[2026-09-26 03:43:44] TX Python SDK azure-iot-device (MQTT sobre WebSockets 443) -> {"tempPasillo": 19.85, "humedadPasillo": 48.74, "deltaPresionPa": 16.9, "tsDispositivo": "2026-09-26T08:43:44+00:00"}
[2026-09-26 03:44:45] TX Python SDK azure-iot-device (MQTT sobre WebSockets 443) -> {"tempPasillo": 19.85, "humedadPasillo": 49.01, "deltaPresionPa": 17.6, "tsDispositivo": "2026-09-26T08:44:44+00:00"}
[2026-09-26 03:45:45] TX Python SDK azure-iot-device (MQTT sobre WebSockets 443) -> {"tempPasillo": 20.09, "humedadPasillo": 48.22, "deltaPresionPa": 16.5, "tsDispositivo": "2026-09-26T08:45:45+00:00"}
[2026-09-26 03:46:45] TX Python SDK azure-iot-device (MQTT sobre WebSockets 443) -> {"tempPasillo": 19.85, "humedadPasillo": 48.46, "deltaPresionPa": 19.3, "tsDispositivo": "2026-09-26T08:46:45+00:00"}
[2026-09-26 03:47:45] TX Python SDK azure-iot-device (MQTT sobre WebSockets 443) -> {"tempPasillo": 19.69, "humedadPasillo": 49.22, "deltaPresionPa": 19.1, "tsDispositivo": "2026-09-26T08:47:45+00:00"}
[2026-09-26 03:48:45] TX Python SDK azure-iot-device (MQTT sobre WebSockets 443) -> {"tempPasillo": 19.94, "humedadPasillo": 48.13, "deltaPresionPa": 15.0, "tsDispositivo": "2026-09-26T08:48:45+00:00"}
[2026-09-26 03:49:46] TX Python SDK azure-iot-device (MQTT sobre WebSockets 443) -> {"tempPasillo": 20.01, "humedadPasillo": 49.2, "deltaPresionPa": 16.8, "tsDispositivo": "2026-09-26T08:49:45+00:00"}
[2026-09-26 03:50:46] TX Python SDK azure-iot-device (MQTT sobre WebSockets 443) -> {"tempPasillo": 19.73, "humedadPasillo": 48.05, "deltaPresionPa": 17.1, "tsDispositivo": "2026-09-26T08:50:46+00:00"}
[2026-09-26 03:51:46] TX Python SDK azure-iot-device (MQTT sobre WebSockets 443) -> {"tempPasillo": 20.02, "humedadPasillo": 49.37, "deltaPresionPa": 15.5, "tsDispositivo": "2026-09-26T08:51:46+00:00"}
[2026-09-26 03:52:46] TX Python SDK azure-iot-device (MQTT sobre WebSockets 443) -> {"tempPasillo": 19.82, "humedadPasillo": 48.73, "deltaPresionPa": 17.4, "tsDispositivo": "2026-09-26T08:52:46+00:00"}
[2026-09-26 03:53:46] TX Python SDK azure-iot-device (MQTT sobre WebSockets 443) -> {"tempPasillo": 19.62, "humedadPasillo": 48.32, "deltaPresionPa": 17.3, "tsDispositivo": "2026-09-26T08:53:46+00:00"}
[2026-09-26 03:54:47] TX Python SDK azure-iot-device (MQTT sobre WebSockets 443) -> {"tempPasillo": 19.7, "humedadPasillo": 49.8, "deltaPresionPa": 19.3, "tsDispositivo": "2026-09-26T08:54:46+00:00"}
[2026-09-26 03:55:47] TX Python SDK azure-iot-device (MQTT sobre WebSockets 443) -> {"tempPasillo": 20.07, "humedadPasillo": 48.33, "deltaPresionPa": 15.1, "tsDispositivo": "2026-09-26T08:55:47+00:00"}
[2026-09-26 03:56:47] TX Python SDK azure-iot-device (MQTT sobre WebSockets 443) -> {"tempPasillo": 20.07, "humedadPasillo": 49.24, "deltaPresionPa": 18.2, "tsDispositivo": "2026-09-26T08:56:47+00:00"}
[2026-09-26 03:57:47] TX Python SDK azure-iot-device (MQTT sobre WebSockets 443) -> {"tempPasillo": 20.02, "humedadPasillo": 49.5, "deltaPresionPa": 16.0, "tsDispositivo": "2026-09-26T08:57:47+00:00"}
[2026-09-26 03:58:47] TX Python SDK azure-iot-device (MQTT sobre WebSockets 443) -> {"tempPasillo": 19.86, "humedadPasillo": 49.92, "deltaPresionPa": 19.9, "tsDispositivo": "2026-09-26T08:58:47+00:00"}
[2026-09-26 03:59:48] TX Python SDK azure-iot-device (MQTT sobre WebSockets 443) -> {"tempPasillo": 19.81, "humedadPasillo": 49.66, "deltaPresionPa": 19.5, "tsDispositivo": "2026-09-26T08:59:47+00:00"}
[2026-09-26 04:00:48] TX Python SDK azure-iot-device (MQTT sobre WebSockets 443) -> {"tempPasillo": 19.61, "humedadPasillo": 48.73, "deltaPresionPa": 18.0, "tsDispositivo": "2026-09-26T09:00:48+00:00"}
[2026-09-26 04:01:48] TX Python SDK azure-iot-device (MQTT sobre WebSockets 443) -> {"tempPasillo": 20.13, "humedadPasillo": 49.87, "deltaPresionPa": 16.0, "tsDispositivo": "2026-09-26T09:01:48+00:00"}
[2026-09-26 04:02:48] TX Python SDK azure-iot-device (MQTT sobre WebSockets 443) -> {"tempPasillo": 19.88, "humedadPasillo": 48.76, "deltaPresionPa": 16.1, "tsDispositivo": "2026-09-26T09:02:48+00:00"}
[2026-09-26 04:03:49] TX Python SDK azure-iot-device (MQTT sobre WebSockets 443) -> {"tempPasillo": 20.11, "humedadPasillo": 48.61, "deltaPresionPa": 17.4, "tsDispositivo": "2026-09-26T09:03:48+00:00"}
[2026-09-26 04:04:49] TX Python SDK azure-iot-device (MQTT sobre WebSockets 443) -> {"tempPasillo": 20.05, "humedadPasillo": 48.22, "deltaPresionPa": 19.1, "tsDispositivo": "2026-09-26T09:04:49+00:00"}
[2026-09-26 04:05:49] TX Python SDK azure-iot-device (MQTT sobre WebSockets 443) -> {"tempPasillo": 20.02, "humedadPasillo": 49.66, "deltaPresionPa": 17.3, "tsDispositivo": "2026-09-26T09:05:49+00:00"}
[2026-09-26 04:06:49] TX Python SDK azure-iot-device (MQTT sobre WebSockets 443) -> {"tempPasillo": 19.76, "humedadPasillo": 48.54, "deltaPresionPa": 16.0, "tsDispositivo": "2026-09-26T09:06:49+00:00"}
[2026-09-26 04:07:49] TX Python SDK azure-iot-device (MQTT sobre WebSockets 443) -> {"tempPasillo": 19.74, "humedadPasillo": 49.14, "deltaPresionPa": 19.5, "tsDispositivo": "2026-09-26T09:07:49+00:00"}
[2026-09-26 04:08:50] TX Python SDK azure-iot-device (MQTT sobre WebSockets 443) -> {"tempPasillo": 19.67, "humedadPasillo": 49.04, "deltaPresionPa": 19.2, "tsDispositivo": "2026-09-26T09:08:49+00:00"}
[2026-09-26 04:09:50] TX Python SDK azure-iot-device (MQTT sobre WebSockets 443) -> {"tempPasillo": 19.85, "humedadPasillo": 49.03, "deltaPresionPa": 15.4, "tsDispositivo": "2026-09-26T09:09:50+00:00"}
[2026-09-26 04:10:50] TX Python SDK azure-iot-device (MQTT sobre WebSockets 443) -> {"tempPasillo": 20.08, "humedadPasillo": 49.92, "deltaPresionPa": 15.6, "tsDispositivo": "2026-09-26T09:10:50+00:00"}
[2026-09-26 04:11:50] TX Python SDK azure-iot-device (MQTT sobre WebSockets 443) -> {"tempPasillo": 19.68, "humedadPasillo": 49.71, "deltaPresionPa": 17.8, "tsDispositivo": "2026-09-26T09:11:50+00:00"}
[2026-09-26 04:12:50] TX Python SDK azure-iot-device (MQTT sobre WebSockets 443) -> {"tempPasillo": 20.06, "humedadPasillo": 48.77, "deltaPresionPa": 17.2, "tsDispositivo": "2026-09-26T09:12:50+00:00"}
[2026-09-26 04:13:51] TX Python SDK azure-iot-device (MQTT sobre WebSockets 443) -> {"tempPasillo": 20.14, "humedadPasillo": 48.24, "deltaPresionPa": 18.3, "tsDispositivo": "2026-09-26T09:13:50+00:00"}
[2026-09-26 04:14:51] TX Python SDK azure-iot-device (MQTT sobre WebSockets 443) -> {"tempPasillo": 19.87, "humedadPasillo": 48.54, "deltaPresionPa": 17.8, "tsDispositivo": "2026-09-26T09:14:51+00:00"}
[2026-09-26 04:15:51] TX Python SDK azure-iot-device (MQTT sobre WebSockets 443) -> {"tempPasillo": 19.77, "humedadPasillo": 49.04, "deltaPresionPa": 19.9, "tsDispositivo": "2026-09-26T09:15:51+00:00"}
[2026-09-26 04:16:51] TX Python SDK azure-iot-device (MQTT sobre WebSockets 443) -> {"tempPasillo": 19.76, "humedadPasillo": 49.35, "deltaPresionPa": 19.5, "tsDispositivo": "2026-09-26T09:16:51+00:00"}
[2026-09-26 04:17:51] TX Python SDK azure-iot-device (MQTT sobre WebSockets 443) -> {"tempPasillo": 19.87, "humedadPasillo": 49.16, "deltaPresionPa": 19.2, "tsDispositivo": "2026-09-26T09:17:51+00:00"}
[2026-09-26 04:18:52] TX Python SDK azure-iot-device (MQTT sobre WebSockets 443) -> {"tempPasillo": 19.68, "humedadPasillo": 49.93, "deltaPresionPa": 15.3, "tsDispositivo": "2026-09-26T09:18:51+00:00"}
[2026-09-26 04:19:52] TX Python SDK azure-iot-device (MQTT sobre WebSockets 443) -> {"tempPasillo": 19.66, "humedadPasillo": 49.25, "deltaPresionPa": 17.8, "tsDispositivo": "2026-09-26T09:19:52+00:00"}
[2026-09-26 04:20:52] TX Python SDK azure-iot-device (MQTT sobre WebSockets 443) -> {"tempPasillo": 20.06, "humedadPasillo": 49.52, "deltaPresionPa": 16.2, "tsDispositivo": "2026-09-26T09:20:52+00:00"}
[2026-09-26 04:21:52] TX Python SDK azure-iot-device (MQTT sobre WebSockets 443) -> {"tempPasillo": 19.83, "humedadPasillo": 48.49, "deltaPresionPa": 18.7, "tsDispositivo": "2026-09-26T09:21:52+00:00"}
[2026-09-26 04:22:52] TX Python SDK azure-iot-device (MQTT sobre WebSockets 443) -> {"tempPasillo": 19.91, "humedadPasillo": 49.53, "deltaPresionPa": 18.6, "tsDispositivo": "2026-09-26T09:22:52+00:00"}
[2026-09-26 04:23:53] TX Python SDK azure-iot-device (MQTT sobre WebSockets 443) -> {"tempPasillo": 20.14, "humedadPasillo": 48.6, "deltaPresionPa": 18.7, "tsDispositivo": "2026-09-26T09:23:52+00:00"}
[2026-09-26 04:24:53] TX Python SDK azure-iot-device (MQTT sobre WebSockets 443) -> {"tempPasillo": 20.14, "humedadPasillo": 48.61, "deltaPresionPa": 17.1, "tsDispositivo": "2026-09-26T09:24:53+00:00"}
[2026-09-26 04:25:53] TX Python SDK azure-iot-device (MQTT sobre WebSockets 443) -> {"tempPasillo": 19.69, "humedadPasillo": 50.0, "deltaPresionPa": 19.4, "tsDispositivo": "2026-09-26T09:25:53+00:00"}
[2026-09-26 04:26:53] TX Python SDK azure-iot-device (MQTT sobre WebSockets 443) -> {"tempPasillo": 20.01, "humedadPasillo": 49.15, "deltaPresionPa": 18.5, "tsDispositivo": "2026-09-26T09:26:53+00:00"}
[2026-09-26 04:27:54] TX Python SDK azure-iot-device (MQTT sobre WebSockets 443) -> {"tempPasillo": 20.16, "humedadPasillo": 48.74, "deltaPresionPa": 16.7, "tsDispositivo": "2026-09-26T09:27:53+00:00"}
[2026-09-26 04:28:54] TX Python SDK azure-iot-device (MQTT sobre WebSockets 443) -> {"tempPasillo": 19.85, "humedadPasillo": 48.88, "deltaPresionPa": 16.6, "tsDispositivo": "2026-09-26T09:28:54+00:00"}
[2026-09-26 04:29:54] TX Python SDK azure-iot-device (MQTT sobre WebSockets 443) -> {"tempPasillo": 20.18, "humedadPasillo": 50.34, "deltaPresionPa": 19.7, "tsDispositivo": "2026-09-26T09:29:54+00:00"}
[2026-09-26 04:30:54] TX Python SDK azure-iot-device (MQTT sobre WebSockets 443) -> {"tempPasillo": 20.17, "humedadPasillo": 50.48, "deltaPresionPa": 19.9, "tsDispositivo": "2026-09-26T09:30:54+00:00"}
[2026-09-26 04:31:54] TX Python SDK azure-iot-device (MQTT sobre WebSockets 443) -> {"tempPasillo": 19.96, "humedadPasillo": 48.62, "deltaPresionPa": 16.7, "tsDispositivo": "2026-09-26T09:31:54+00:00"}
[2026-09-26 04:32:55] TX Python SDK azure-iot-device (MQTT sobre WebSockets 443) -> {"tempPasillo": 20.1, "humedadPasillo": 49.69, "deltaPresionPa": 17.8, "tsDispositivo": "2026-09-26T09:32:54+00:00"}
[2026-09-26 04:33:55] TX Python SDK azure-iot-device (MQTT sobre WebSockets 443) -> {"tempPasillo": 19.92, "humedadPasillo": 49.33, "deltaPresionPa": 18.4, "tsDispositivo": "2026-09-26T09:33:55+00:00"}
[2026-09-26 04:34:55] TX Python SDK azure-iot-device (MQTT sobre WebSockets 443) -> {"tempPasillo": 19.68, "humedadPasillo": 50.54, "deltaPresionPa": 19.1, "tsDispositivo": "2026-09-26T09:34:55+00:00"}
[2026-09-26 04:35:55] TX Python SDK azure-iot-device (MQTT sobre WebSockets 443) -> {"tempPasillo": 19.72, "humedadPasillo": 49.28, "deltaPresionPa": 16.8, "tsDispositivo": "2026-09-26T09:35:55+00:00"}
[2026-09-26 04:36:56] TX Python SDK azure-iot-device (MQTT sobre WebSockets 443) -> {"tempPasillo": 20.02, "humedadPasillo": 48.67, "deltaPresionPa": 16.0, "tsDispositivo": "2026-09-26T09:36:55+00:00"}
[2026-09-26 04:37:56] TX Python SDK azure-iot-device (MQTT sobre WebSockets 443) -> {"tempPasillo": 19.97, "humedadPasillo": 48.87, "deltaPresionPa": 15.4, "tsDispositivo": "2026-09-26T09:37:56+00:00"}
[2026-09-26 04:38:56] TX Python SDK azure-iot-device (MQTT sobre WebSockets 443) -> {"tempPasillo": 19.78, "humedadPasillo": 50.17, "deltaPresionPa": 16.2, "tsDispositivo": "2026-09-26T09:38:56+00:00"}
[2026-09-26 04:39:56] TX Python SDK azure-iot-device (MQTT sobre WebSockets 443) -> {"tempPasillo": 20.17, "humedadPasillo": 49.32, "deltaPresionPa": 16.7, "tsDispositivo": "2026-09-26T09:39:56+00:00"}
[2026-09-26 04:40:56] TX Python SDK azure-iot-device (MQTT sobre WebSockets 443) -> {"tempPasillo": 20.05, "humedadPasillo": 50.61, "deltaPresionPa": 18.7, "tsDispositivo": "2026-09-26T09:40:56+00:00"}
[2026-09-26 04:41:57] TX Python SDK azure-iot-device (MQTT sobre WebSockets 443) -> {"tempPasillo": 19.94, "humedadPasillo": 50.28, "deltaPresionPa": 15.6, "tsDispositivo": "2026-09-26T09:41:56+00:00"}
[2026-09-26 04:42:57] TX Python SDK azure-iot-device (MQTT sobre WebSockets 443) -> {"tempPasillo": 19.97, "humedadPasillo": 50.5, "deltaPresionPa": 18.3, "tsDispositivo": "2026-09-26T09:42:57+00:00"}
[2026-09-26 04:43:57] TX Python SDK azure-iot-device (MQTT sobre WebSockets 443) -> {"tempPasillo": 19.66, "humedadPasillo": 50.66, "deltaPresionPa": 16.4, "tsDispositivo": "2026-09-26T09:43:57+00:00"}
[2026-09-26 04:44:57] TX Python SDK azure-iot-device (MQTT sobre WebSockets 443) -> {"tempPasillo": 20.07, "humedadPasillo": 48.76, "deltaPresionPa": 19.0, "tsDispositivo": "2026-09-26T09:44:57+00:00"}
[2026-09-26 04:45:57] TX Python SDK azure-iot-device (MQTT sobre WebSockets 443) -> {"tempPasillo": 19.65, "humedadPasillo": 49.8, "deltaPresionPa": 16.5, "tsDispositivo": "2026-09-26T09:45:57+00:00"}
[2026-09-26 04:46:58] TX Python SDK azure-iot-device (MQTT sobre WebSockets 443) -> {"tempPasillo": 20.05, "humedadPasillo": 49.97, "deltaPresionPa": 18.1, "tsDispositivo": "2026-09-26T09:46:57+00:00"}
[2026-09-26 04:47:58] TX Python SDK azure-iot-device (MQTT sobre WebSockets 443) -> {"tempPasillo": 19.78, "humedadPasillo": 49.75, "deltaPresionPa": 16.2, "tsDispositivo": "2026-09-26T09:47:58+00:00"}
[2026-09-26 04:48:58] TX Python SDK azure-iot-device (MQTT sobre WebSockets 443) -> {"tempPasillo": 19.66, "humedadPasillo": 49.75, "deltaPresionPa": 17.0, "tsDispositivo": "2026-09-26T09:48:58+00:00"}
[2026-09-26 04:49:58] TX Python SDK azure-iot-device (MQTT sobre WebSockets 443) -> {"tempPasillo": 20.2, "humedadPasillo": 49.08, "deltaPresionPa": 17.3, "tsDispositivo": "2026-09-26T09:49:58+00:00"}
[2026-09-26 04:50:58] TX Python SDK azure-iot-device (MQTT sobre WebSockets 443) -> {"tempPasillo": 19.86, "humedadPasillo": 49.07, "deltaPresionPa": 19.9, "tsDispositivo": "2026-09-26T09:50:58+00:00"}
[2026-09-26 04:51:59] TX Python SDK azure-iot-device (MQTT sobre WebSockets 443) -> {"tempPasillo": 19.82, "humedadPasillo": 49.77, "deltaPresionPa": 17.1, "tsDispositivo": "2026-09-26T09:51:58+00:00"}
[2026-09-26 04:52:59] TX Python SDK azure-iot-device (MQTT sobre WebSockets 443) -> {"tempPasillo": 19.66, "humedadPasillo": 49.75, "deltaPresionPa": 16.5, "tsDispositivo": "2026-09-26T09:52:59+00:00"}
[2026-09-26 04:53:59] TX Python SDK azure-iot-device (MQTT sobre WebSockets 443) -> {"tempPasillo": 20.09, "humedadPasillo": 49.98, "deltaPresionPa": 18.9, "tsDispositivo": "2026-09-26T09:53:59+00:00"}
[2026-09-26 04:54:59] TX Python SDK azure-iot-device (MQTT sobre WebSockets 443) -> {"tempPasillo": 19.91, "humedadPasillo": 49.42, "deltaPresionPa": 15.4, "tsDispositivo": "2026-09-26T09:54:59+00:00"}
[2026-09-26 04:55:59] TX Python SDK azure-iot-device (MQTT sobre WebSockets 443) -> {"tempPasillo": 19.84, "humedadPasillo": 49.7, "deltaPresionPa": 16.0, "tsDispositivo": "2026-09-26T09:55:59+00:00"}
[2026-09-26 04:57:00] TX Python SDK azure-iot-device (MQTT sobre WebSockets 443) -> {"tempPasillo": 20.24, "humedadPasillo": 49.82, "deltaPresionPa": 16.3, "tsDispositivo": "2026-09-26T09:56:59+00:00"}
[2026-09-26 04:58:00] TX Python SDK azure-iot-device (MQTT sobre WebSockets 443) -> {"tempPasillo": 20.06, "humedadPasillo": 50.8, "deltaPresionPa": 19.1, "tsDispositivo": "2026-09-26T09:58:00+00:00"}
[2026-09-26 04:59:00] TX Python SDK azure-iot-device (MQTT sobre WebSockets 443) -> {"tempPasillo": 20.15, "humedadPasillo": 50.93, "deltaPresionPa": 19.1, "tsDispositivo": "2026-09-26T09:59:00+00:00"}
[2026-09-26 05:00:00] TX Python SDK azure-iot-device (MQTT sobre WebSockets 443) -> {"tempPasillo": 20.21, "humedadPasillo": 50.11, "deltaPresionPa": 18.6, "tsDispositivo": "2026-09-26T10:00:00+00:00"}
[2026-09-26 05:01:00] TX Python SDK azure-iot-device (MQTT sobre WebSockets 443) -> {"tempPasillo": 19.94, "humedadPasillo": 50.55, "deltaPresionPa": 18.5, "tsDispositivo": "2026-09-26T10:01:00+00:00"}
[2026-09-26 05:02:01] TX Python SDK azure-iot-device (MQTT sobre WebSockets 443) -> {"tempPasillo": 19.93, "humedadPasillo": 49.66, "deltaPresionPa": 15.3, "tsDispositivo": "2026-09-26T10:02:00+00:00"}
[2026-09-26 05:03:01] TX Python SDK azure-iot-device (MQTT sobre WebSockets 443) -> {"tempPasillo": 20.13, "humedadPasillo": 49.96, "deltaPresionPa": 17.3, "tsDispositivo": "2026-09-26T10:03:01+00:00"}
[2026-09-26 05:04:01] TX Python SDK azure-iot-device (MQTT sobre WebSockets 443) -> {"tempPasillo": 19.87, "humedadPasillo": 50.15, "deltaPresionPa": 18.1, "tsDispositivo": "2026-09-26T10:04:01+00:00"}
[2026-09-26 05:05:01] TX Python SDK azure-iot-device (MQTT sobre WebSockets 443) -> {"tempPasillo": 19.77, "humedadPasillo": 49.69, "deltaPresionPa": 18.2, "tsDispositivo": "2026-09-26T10:05:01+00:00"}
[2026-09-26 05:06:01] TX Python SDK azure-iot-device (MQTT sobre WebSockets 443) -> {"tempPasillo": 19.89, "humedadPasillo": 50.27, "deltaPresionPa": 16.8, "tsDispositivo": "2026-09-26T10:06:01+00:00"}
[2026-09-26 05:07:02] TX Python SDK azure-iot-device (MQTT sobre WebSockets 443) -> {"tempPasillo": 20.06, "humedadPasillo": 49.28, "deltaPresionPa": 16.8, "tsDispositivo": "2026-09-26T10:07:01+00:00"}
[2026-09-26 05:08:02] TX Python SDK azure-iot-device (MQTT sobre WebSockets 443) -> {"tempPasillo": 19.82, "humedadPasillo": 50.39, "deltaPresionPa": 16.5, "tsDispositivo": "2026-09-26T10:08:02+00:00"}
[2026-09-26 05:09:02] TX Python SDK azure-iot-device (MQTT sobre WebSockets 443) -> {"tempPasillo": 19.78, "humedadPasillo": 49.61, "deltaPresionPa": 15.6, "tsDispositivo": "2026-09-26T10:09:02+00:00"}
[2026-09-26 05:10:02] TX Python SDK azure-iot-device (MQTT sobre WebSockets 443) -> {"tempPasillo": 19.79, "humedadPasillo": 50.17, "deltaPresionPa": 19.5, "tsDispositivo": "2026-09-26T10:10:02+00:00"}
[2026-09-26 05:11:02] TX Python SDK azure-iot-device (MQTT sobre WebSockets 443) -> {"tempPasillo": 19.67, "humedadPasillo": 49.39, "deltaPresionPa": 18.4, "tsDispositivo": "2026-09-26T10:11:02+00:00"}
[2026-09-26 05:12:02] TX Python SDK azure-iot-device (MQTT sobre WebSockets 443) -> {"tempPasillo": 20.04, "humedadPasillo": 49.64, "deltaPresionPa": 19.4, "tsDispositivo": "2026-09-26T10:12:02+00:00"}
[2026-09-26 05:13:03] TX Python SDK azure-iot-device (MQTT sobre WebSockets 443) -> {"tempPasillo": 19.93, "humedadPasillo": 49.29, "deltaPresionPa": 19.4, "tsDispositivo": "2026-09-26T10:13:02+00:00"}
[2026-09-26 05:14:03] TX Python SDK azure-iot-device (MQTT sobre WebSockets 443) -> {"tempPasillo": 20.12, "humedadPasillo": 50.78, "deltaPresionPa": 15.8, "tsDispositivo": "2026-09-26T10:14:03+00:00"}
[2026-09-26 05:15:03] TX Python SDK azure-iot-device (MQTT sobre WebSockets 443) -> {"tempPasillo": 20.12, "humedadPasillo": 50.33, "deltaPresionPa": 17.1, "tsDispositivo": "2026-09-26T10:15:03+00:00"}
[2026-09-26 05:16:03] TX Python SDK azure-iot-device (MQTT sobre WebSockets 443) -> {"tempPasillo": 20.04, "humedadPasillo": 50.64, "deltaPresionPa": 19.9, "tsDispositivo": "2026-09-26T10:16:03+00:00"}
[2026-09-26 05:17:03] TX Python SDK azure-iot-device (MQTT sobre WebSockets 443) -> {"tempPasillo": 20.14, "humedadPasillo": 49.58, "deltaPresionPa": 15.7, "tsDispositivo": "2026-09-26T10:17:03+00:00"}
[2026-09-26 05:18:04] TX Python SDK azure-iot-device (MQTT sobre WebSockets 443) -> {"tempPasillo": 20.2, "humedadPasillo": 50.96, "deltaPresionPa": 17.7, "tsDispositivo": "2026-09-26T10:18:03+00:00"}
[2026-09-26 05:19:04] TX Python SDK azure-iot-device (MQTT sobre WebSockets 443) -> {"tempPasillo": 20.12, "humedadPasillo": 51.28, "deltaPresionPa": 17.3, "tsDispositivo": "2026-09-26T10:19:04+00:00"}
[2026-09-26 05:20:04] TX Python SDK azure-iot-device (MQTT sobre WebSockets 443) -> {"tempPasillo": 19.63, "humedadPasillo": 49.61, "deltaPresionPa": 15.9, "tsDispositivo": "2026-09-26T10:20:04+00:00"}
[2026-09-26 05:21:04] TX Python SDK azure-iot-device (MQTT sobre WebSockets 443) -> {"tempPasillo": 20.21, "humedadPasillo": 50.75, "deltaPresionPa": 18.9, "tsDispositivo": "2026-09-26T10:21:04+00:00"}
[2026-09-26 05:22:04] TX Python SDK azure-iot-device (MQTT sobre WebSockets 443) -> {"tempPasillo": 19.87, "humedadPasillo": 49.79, "deltaPresionPa": 16.1, "tsDispositivo": "2026-09-26T10:22:04+00:00"}
[2026-09-26 05:23:05] TX Python SDK azure-iot-device (MQTT sobre WebSockets 443) -> {"tempPasillo": 19.69, "humedadPasillo": 49.85, "deltaPresionPa": 19.2, "tsDispositivo": "2026-09-26T10:23:04+00:00"}
[2026-09-26 05:24:05] TX Python SDK azure-iot-device (MQTT sobre WebSockets 443) -> {"tempPasillo": 19.97, "humedadPasillo": 51.26, "deltaPresionPa": 18.5, "tsDispositivo": "2026-09-26T10:24:05+00:00"}
[2026-09-26 05:25:05] TX Python SDK azure-iot-device (MQTT sobre WebSockets 443) -> {"tempPasillo": 19.81, "humedadPasillo": 50.09, "deltaPresionPa": 16.5, "tsDispositivo": "2026-09-26T10:25:05+00:00"}
[2026-09-26 05:26:05] TX Python SDK azure-iot-device (MQTT sobre WebSockets 443) -> {"tempPasillo": 20.2, "humedadPasillo": 50.34, "deltaPresionPa": 19.2, "tsDispositivo": "2026-09-26T10:26:05+00:00"}
[2026-09-26 05:27:05] TX Python SDK azure-iot-device (MQTT sobre WebSockets 443) -> {"tempPasillo": 19.98, "humedadPasillo": 50.31, "deltaPresionPa": 17.6, "tsDispositivo": "2026-09-26T10:27:05+00:00"}
[2026-09-26 05:28:06] TX Python SDK azure-iot-device (MQTT sobre WebSockets 443) -> {"tempPasillo": 20.16, "humedadPasillo": 50.56, "deltaPresionPa": 18.9, "tsDispositivo": "2026-09-26T10:28:05+00:00"}
[2026-09-26 05:29:06] TX Python SDK azure-iot-device (MQTT sobre WebSockets 443) -> {"tempPasillo": 19.65, "humedadPasillo": 51.14, "deltaPresionPa": 20.1, "tsDispositivo": "2026-09-26T10:29:06+00:00"}
[2026-09-26 05:30:06] TX Python SDK azure-iot-device (MQTT sobre WebSockets 443) -> {"tempPasillo": 19.75, "humedadPasillo": 50.43, "deltaPresionPa": 16.6, "tsDispositivo": "2026-09-26T10:30:06+00:00"}
[2026-09-26 05:31:06] TX Python SDK azure-iot-device (MQTT sobre WebSockets 443) -> {"tempPasillo": 19.82, "humedadPasillo": 49.61, "deltaPresionPa": 17.8, "tsDispositivo": "2026-09-26T10:31:06+00:00"}
[2026-09-26 05:32:06] TX Python SDK azure-iot-device (MQTT sobre WebSockets 443) -> {"tempPasillo": 20.05, "humedadPasillo": 51.39, "deltaPresionPa": 18.4, "tsDispositivo": "2026-09-26T10:32:06+00:00"}
[2026-09-26 05:33:07] TX Python SDK azure-iot-device (MQTT sobre WebSockets 443) -> {"tempPasillo": 19.83, "humedadPasillo": 50.98, "deltaPresionPa": 19.6, "tsDispositivo": "2026-09-26T10:33:06+00:00"}
[2026-09-26 05:34:07] TX Python SDK azure-iot-device (MQTT sobre WebSockets 443) -> {"tempPasillo": 20.1, "humedadPasillo": 50.89, "deltaPresionPa": 18.3, "tsDispositivo": "2026-09-26T10:34:07+00:00"}
[2026-09-26 05:35:07] TX Python SDK azure-iot-device (MQTT sobre WebSockets 443) -> {"tempPasillo": 19.83, "humedadPasillo": 51.22, "deltaPresionPa": 16.4, "tsDispositivo": "2026-09-26T10:35:07+00:00"}
[2026-09-26 05:36:07] TX Python SDK azure-iot-device (MQTT sobre WebSockets 443) -> {"tempPasillo": 19.95, "humedadPasillo": 50.56, "deltaPresionPa": 18.1, "tsDispositivo": "2026-09-26T10:36:07+00:00"}
[2026-09-26 05:37:07] TX Python SDK azure-iot-device (MQTT sobre WebSockets 443) -> {"tempPasillo": 19.86, "humedadPasillo": 50.7, "deltaPresionPa": 16.8, "tsDispositivo": "2026-09-26T10:37:07+00:00"}
[2026-09-26 05:38:08] TX Python SDK azure-iot-device (MQTT sobre WebSockets 443) -> {"tempPasillo": 20.09, "humedadPasillo": 51.1, "deltaPresionPa": 18.1, "tsDispositivo": "2026-09-26T10:38:07+00:00"}
[2026-09-26 05:39:08] TX Python SDK azure-iot-device (MQTT sobre WebSockets 443) -> {"tempPasillo": 19.69, "humedadPasillo": 49.91, "deltaPresionPa": 17.8, "tsDispositivo": "2026-09-26T10:39:08+00:00"}
[2026-09-26 05:40:08] TX Python SDK azure-iot-device (MQTT sobre WebSockets 443) -> {"tempPasillo": 19.84, "humedadPasillo": 50.58, "deltaPresionPa": 16.6, "tsDispositivo": "2026-09-26T10:40:08+00:00"}
[2026-09-26 05:41:08] TX Python SDK azure-iot-device (MQTT sobre WebSockets 443) -> {"tempPasillo": 20.14, "humedadPasillo": 50.01, "deltaPresionPa": 16.3, "tsDispositivo": "2026-09-26T10:41:08+00:00"}
[2026-09-26 05:42:08] TX Python SDK azure-iot-device (MQTT sobre WebSockets 443) -> {"tempPasillo": 19.94, "humedadPasillo": 51.5, "deltaPresionPa": 15.1, "tsDispositivo": "2026-09-26T10:42:08+00:00"}
[2026-09-26 05:43:09] TX Python SDK azure-iot-device (MQTT sobre WebSockets 443) -> {"tempPasillo": 19.72, "humedadPasillo": 49.91, "deltaPresionPa": 18.3, "tsDispositivo": "2026-09-26T10:43:08+00:00"}
[2026-09-26 05:44:09] TX Python SDK azure-iot-device (MQTT sobre WebSockets 443) -> {"tempPasillo": 19.74, "humedadPasillo": 50.17, "deltaPresionPa": 16.0, "tsDispositivo": "2026-09-26T10:44:09+00:00"}
[2026-09-26 05:45:09] TX Python SDK azure-iot-device (MQTT sobre WebSockets 443) -> {"tempPasillo": 20.22, "humedadPasillo": 50.54, "deltaPresionPa": 19.4, "tsDispositivo": "2026-09-26T10:45:09+00:00"}
[2026-09-26 05:46:09] TX Python SDK azure-iot-device (MQTT sobre WebSockets 443) -> {"tempPasillo": 19.65, "humedadPasillo": 51.46, "deltaPresionPa": 18.9, "tsDispositivo": "2026-09-26T10:46:09+00:00"}
[2026-09-26 05:47:09] TX Python SDK azure-iot-device (MQTT sobre WebSockets 443) -> {"tempPasillo": 19.98, "humedadPasillo": 51.81, "deltaPresionPa": 18.7, "tsDispositivo": "2026-09-26T10:47:09+00:00"}
[2026-09-26 05:48:10] TX Python SDK azure-iot-device (MQTT sobre WebSockets 443) -> {"tempPasillo": 20.03, "humedadPasillo": 50.47, "deltaPresionPa": 19.5, "tsDispositivo": "2026-09-26T10:48:09+00:00"}
[2026-09-26 05:49:10] TX Python SDK azure-iot-device (MQTT sobre WebSockets 443) -> {"tempPasillo": 19.75, "humedadPasillo": 51.32, "deltaPresionPa": 16.1, "tsDispositivo": "2026-09-26T10:49:10+00:00"}
[2026-09-26 05:50:10] TX Python SDK azure-iot-device (MQTT sobre WebSockets 443) -> {"tempPasillo": 19.79, "humedadPasillo": 50.71, "deltaPresionPa": 18.4, "tsDispositivo": "2026-09-26T10:50:10+00:00"}
[2026-09-26 05:51:10] TX Python SDK azure-iot-device (MQTT sobre WebSockets 443) -> {"tempPasillo": 20.04, "humedadPasillo": 51.69, "deltaPresionPa": 18.3, "tsDispositivo": "2026-09-26T10:51:10+00:00"}
[2026-09-26 05:52:10] TX Python SDK azure-iot-device (MQTT sobre WebSockets 443) -> {"tempPasillo": 19.97, "humedadPasillo": 50.22, "deltaPresionPa": 16.0, "tsDispositivo": "2026-09-26T10:52:10+00:00"}
[2026-09-26 05:53:11] TX Python SDK azure-iot-device (MQTT sobre WebSockets 443) -> {"tempPasillo": 19.79, "humedadPasillo": 50.74, "deltaPresionPa": 16.4, "tsDispositivo": "2026-09-26T10:53:10+00:00"}
[2026-09-26 05:54:11] TX Python SDK azure-iot-device (MQTT sobre WebSockets 443) -> {"tempPasillo": 19.74, "humedadPasillo": 50.42, "deltaPresionPa": 16.8, "tsDispositivo": "2026-09-26T10:54:11+00:00"}
[2026-09-26 05:55:11] TX Python SDK azure-iot-device (MQTT sobre WebSockets 443) -> {"tempPasillo": 19.7, "humedadPasillo": 50.21, "deltaPresionPa": 17.8, "tsDispositivo": "2026-09-26T10:55:11+00:00"}
[2026-09-26 05:56:11] TX Python SDK azure-iot-device (MQTT sobre WebSockets 443) -> {"tempPasillo": 19.88, "humedadPasillo": 51.74, "deltaPresionPa": 16.5, "tsDispositivo": "2026-09-26T10:56:11+00:00"}
[2026-09-26 05:57:11] TX Python SDK azure-iot-device (MQTT sobre WebSockets 443) -> {"tempPasillo": 20.17, "humedadPasillo": 50.23, "deltaPresionPa": 16.7, "tsDispositivo": "2026-09-26T10:57:11+00:00"}
[2026-09-26 05:58:12] TX Python SDK azure-iot-device (MQTT sobre WebSockets 443) -> {"tempPasillo": 19.77, "humedadPasillo": 50.51, "deltaPresionPa": 18.9, "tsDispositivo": "2026-09-26T10:58:11+00:00"}
[2026-09-26 05:59:12] TX Python SDK azure-iot-device (MQTT sobre WebSockets 443) -> {"tempPasillo": 19.89, "humedadPasillo": 50.18, "deltaPresionPa": 19.4, "tsDispositivo": "2026-09-26T10:59:12+00:00"}
[2026-09-26 06:00:12] TX Python SDK azure-iot-device (MQTT sobre WebSockets 443) -> {"tempPasillo": 19.75, "humedadPasillo": 51.71, "deltaPresionPa": 17.2, "tsDispositivo": "2026-09-26T11:00:12+00:00"}
[2026-09-26 06:01:12] TX Python SDK azure-iot-device (MQTT sobre WebSockets 443) -> {"tempPasillo": 19.69, "humedadPasillo": 51.44, "deltaPresionPa": 18.8, "tsDispositivo": "2026-09-26T11:01:12+00:00"}
[2026-09-26 06:02:12] TX Python SDK azure-iot-device (MQTT sobre WebSockets 443) -> {"tempPasillo": 19.84, "humedadPasillo": 51.91, "deltaPresionPa": 19.9, "tsDispositivo": "2026-09-26T11:02:12+00:00"}
[2026-09-26 06:03:18] TX Python SDK azure-iot-device (MQTT sobre WebSockets 443) -> {"tempPasillo": 19.75, "humedadPasillo": 51.61, "deltaPresionPa": 16.4, "tsDispositivo": "2026-09-26T11:03:13+00:00"}
[2026-09-26 06:04:22] TX Python SDK azure-iot-device (MQTT sobre WebSockets 443) -> {"tempPasillo": 20.18, "humedadPasillo": 50.72, "deltaPresionPa": 15.2, "tsDispositivo": "2026-09-26T11:04:21+00:00"}
[2026-09-26 06:05:22] TX Python SDK azure-iot-device (MQTT sobre WebSockets 443) -> {"tempPasillo": 19.76, "humedadPasillo": 50.63, "deltaPresionPa": 15.4, "tsDispositivo": "2026-09-26T11:05:22+00:00"}
[2026-09-26 06:06:22] TX Python SDK azure-iot-device (MQTT sobre WebSockets 443) -> {"tempPasillo": 20.21, "humedadPasillo": 50.86, "deltaPresionPa": 19.8, "tsDispositivo": "2026-09-26T11:06:22+00:00"}
[2026-09-26 06:07:22] TX Python SDK azure-iot-device (MQTT sobre WebSockets 443) -> {"tempPasillo": 19.74, "humedadPasillo": 51.44, "deltaPresionPa": 17.3, "tsDispositivo": "2026-09-26T11:07:22+00:00"}
[2026-09-26 06:08:23] TX Python SDK azure-iot-device (MQTT sobre WebSockets 443) -> {"tempPasillo": 19.8, "humedadPasillo": 51.34, "deltaPresionPa": 15.9, "tsDispositivo": "2026-09-26T11:08:22+00:00"}
[2026-09-26 06:09:23] TX Python SDK azure-iot-device (MQTT sobre WebSockets 443) -> {"tempPasillo": 19.98, "humedadPasillo": 50.47, "deltaPresionPa": 17.4, "tsDispositivo": "2026-09-26T11:09:23+00:00"}
[2026-09-26 06:10:23] TX Python SDK azure-iot-device (MQTT sobre WebSockets 443) -> {"tempPasillo": 19.67, "humedadPasillo": 51.92, "deltaPresionPa": 19.7, "tsDispositivo": "2026-09-26T11:10:23+00:00"}
[2026-09-26 06:11:23] TX Python SDK azure-iot-device (MQTT sobre WebSockets 443) -> {"tempPasillo": 20.2, "humedadPasillo": 51.11, "deltaPresionPa": 16.2, "tsDispositivo": "2026-09-26T11:11:23+00:00"}
[2026-09-26 06:12:24] TX Python SDK azure-iot-device (MQTT sobre WebSockets 443) -> {"tempPasillo": 20.02, "humedadPasillo": 52.16, "deltaPresionPa": 16.3, "tsDispositivo": "2026-09-26T11:12:23+00:00"}
[2026-09-26 06:13:24] TX Python SDK azure-iot-device (MQTT sobre WebSockets 443) -> {"tempPasillo": 19.91, "humedadPasillo": 51.15, "deltaPresionPa": 15.8, "tsDispositivo": "2026-09-26T11:13:24+00:00"}
[2026-09-26 06:14:24] TX Python SDK azure-iot-device (MQTT sobre WebSockets 443) -> {"tempPasillo": 20.04, "humedadPasillo": 51.9, "deltaPresionPa": 15.5, "tsDispositivo": "2026-09-26T11:14:24+00:00"}
[2026-09-26 06:15:24] TX Python SDK azure-iot-device (MQTT sobre WebSockets 443) -> {"tempPasillo": 20.02, "humedadPasillo": 52.01, "deltaPresionPa": 18.6, "tsDispositivo": "2026-09-26T11:15:24+00:00"}
[2026-09-26 06:16:24] TX Python SDK azure-iot-device (MQTT sobre WebSockets 443) -> {"tempPasillo": 20.02, "humedadPasillo": 51.71, "deltaPresionPa": 16.5, "tsDispositivo": "2026-09-26T11:16:24+00:00"}
[2026-09-26 06:17:25] TX Python SDK azure-iot-device (MQTT sobre WebSockets 443) -> {"tempPasillo": 19.98, "humedadPasillo": 51.28, "deltaPresionPa": 16.8, "tsDispositivo": "2026-09-26T11:17:24+00:00"}
[2026-09-26 06:18:25] TX Python SDK azure-iot-device (MQTT sobre WebSockets 443) -> {"tempPasillo": 20.16, "humedadPasillo": 51.47, "deltaPresionPa": 19.9, "tsDispositivo": "2026-09-26T11:18:25+00:00"}
[2026-09-26 06:19:25] TX Python SDK azure-iot-device (MQTT sobre WebSockets 443) -> {"tempPasillo": 19.85, "humedadPasillo": 51.4, "deltaPresionPa": 19.0, "tsDispositivo": "2026-09-26T11:19:25+00:00"}
[2026-09-26 06:20:25] TX Python SDK azure-iot-device (MQTT sobre WebSockets 443) -> {"tempPasillo": 19.77, "humedadPasillo": 50.51, "deltaPresionPa": 18.0, "tsDispositivo": "2026-09-26T11:20:25+00:00"}
[2026-09-26 06:21:25] TX Python SDK azure-iot-device (MQTT sobre WebSockets 443) -> {"tempPasillo": 20.27, "humedadPasillo": 50.43, "deltaPresionPa": 19.5, "tsDispositivo": "2026-09-26T11:21:25+00:00"}
[2026-09-26 06:22:26] TX Python SDK azure-iot-device (MQTT sobre WebSockets 443) -> {"tempPasillo": 19.78, "humedadPasillo": 50.9, "deltaPresionPa": 19.0, "tsDispositivo": "2026-09-26T11:22:25+00:00"}
[2026-09-26 06:23:26] TX Python SDK azure-iot-device (MQTT sobre WebSockets 443) -> {"tempPasillo": 20.13, "humedadPasillo": 51.39, "deltaPresionPa": 19.9, "tsDispositivo": "2026-09-26T11:23:26+00:00"}
[2026-09-26 06:24:26] TX Python SDK azure-iot-device (MQTT sobre WebSockets 443) -> {"tempPasillo": 19.98, "humedadPasillo": 51.57, "deltaPresionPa": 19.9, "tsDispositivo": "2026-09-26T11:24:26+00:00"}
[2026-09-26 06:25:26] TX Python SDK azure-iot-device (MQTT sobre WebSockets 443) -> {"tempPasillo": 19.78, "humedadPasillo": 51.48, "deltaPresionPa": 19.9, "tsDispositivo": "2026-09-26T11:25:26+00:00"}
[2026-09-26 06:26:37] TX Python SDK azure-iot-device (MQTT sobre WebSockets 443) -> {"tempPasillo": 19.74, "humedadPasillo": 51.19, "deltaPresionPa": 18.8, "tsDispositivo": "2026-09-26T11:26:30+00:00"}
[2026-09-26 06:27:37] TX Python SDK azure-iot-device (MQTT sobre WebSockets 443) -> {"tempPasillo": 19.73, "humedadPasillo": 52.08, "deltaPresionPa": 19.8, "tsDispositivo": "2026-09-26T11:27:37+00:00"}
[2026-09-26 06:28:37] TX Python SDK azure-iot-device (MQTT sobre WebSockets 443) -> {"tempPasillo": 20.24, "humedadPasillo": 51.88, "deltaPresionPa": 16.9, "tsDispositivo": "2026-09-26T11:28:37+00:00"}
[2026-09-26 06:29:37] TX Python SDK azure-iot-device (MQTT sobre WebSockets 443) -> {"tempPasillo": 19.82, "humedadPasillo": 50.75, "deltaPresionPa": 19.3, "tsDispositivo": "2026-09-26T11:29:37+00:00"}
[2026-09-26 06:30:38] TX Python SDK azure-iot-device (MQTT sobre WebSockets 443) -> {"tempPasillo": 19.81, "humedadPasillo": 51.52, "deltaPresionPa": 17.4, "tsDispositivo": "2026-09-26T11:30:37+00:00"}
[2026-09-26 06:31:38] TX Python SDK azure-iot-device (MQTT sobre WebSockets 443) -> {"tempPasillo": 19.75, "humedadPasillo": 52.5, "deltaPresionPa": 18.1, "tsDispositivo": "2026-09-26T11:31:38+00:00"}
[2026-09-26 06:32:38] TX Python SDK azure-iot-device (MQTT sobre WebSockets 443) -> {"tempPasillo": 19.75, "humedadPasillo": 51.5, "deltaPresionPa": 16.4, "tsDispositivo": "2026-09-26T11:32:38+00:00"}
[2026-09-26 06:33:38] TX Python SDK azure-iot-device (MQTT sobre WebSockets 443) -> {"tempPasillo": 20.16, "humedadPasillo": 52.19, "deltaPresionPa": 17.4, "tsDispositivo": "2026-09-26T11:33:38+00:00"}
[2026-09-26 06:34:39] TX Python SDK azure-iot-device (MQTT sobre WebSockets 443) -> {"tempPasillo": 20.18, "humedadPasillo": 52.56, "deltaPresionPa": 17.5, "tsDispositivo": "2026-09-26T11:34:38+00:00"}
[2026-09-26 06:35:39] TX Python SDK azure-iot-device (MQTT sobre WebSockets 443) -> {"tempPasillo": 19.99, "humedadPasillo": 52.09, "deltaPresionPa": 19.0, "tsDispositivo": "2026-09-26T11:35:39+00:00"}
[2026-09-26 06:36:39] TX Python SDK azure-iot-device (MQTT sobre WebSockets 443) -> {"tempPasillo": 20.15, "humedadPasillo": 52.09, "deltaPresionPa": 15.3, "tsDispositivo": "2026-09-26T11:36:39+00:00"}
[2026-09-26 06:37:39] TX Python SDK azure-iot-device (MQTT sobre WebSockets 443) -> {"tempPasillo": 19.93, "humedadPasillo": 51.9, "deltaPresionPa": 18.2, "tsDispositivo": "2026-09-26T11:37:39+00:00"}
[2026-09-26 06:38:39] TX Python SDK azure-iot-device (MQTT sobre WebSockets 443) -> {"tempPasillo": 19.88, "humedadPasillo": 52.27, "deltaPresionPa": 16.0, "tsDispositivo": "2026-09-26T11:38:39+00:00"}
[2026-09-26 06:39:40] TX Python SDK azure-iot-device (MQTT sobre WebSockets 443) -> {"tempPasillo": 20.04, "humedadPasillo": 51.07, "deltaPresionPa": 18.0, "tsDispositivo": "2026-09-26T11:39:39+00:00"}
[2026-09-26 06:40:40] TX Python SDK azure-iot-device (MQTT sobre WebSockets 443) -> {"tempPasillo": 20.28, "humedadPasillo": 50.88, "deltaPresionPa": 15.6, "tsDispositivo": "2026-09-26T11:40:40+00:00"}
[2026-09-26 06:41:40] TX Python SDK azure-iot-device (MQTT sobre WebSockets 443) -> {"tempPasillo": 20.03, "humedadPasillo": 50.89, "deltaPresionPa": 18.8, "tsDispositivo": "2026-09-26T11:41:40+00:00"}
[2026-09-26 06:42:40] TX Python SDK azure-iot-device (MQTT sobre WebSockets 443) -> {"tempPasillo": 19.73, "humedadPasillo": 52.46, "deltaPresionPa": 19.8, "tsDispositivo": "2026-09-26T11:42:40+00:00"}
[2026-09-26 06:43:41] TX Python SDK azure-iot-device (MQTT sobre WebSockets 443) -> {"tempPasillo": 19.71, "humedadPasillo": 51.88, "deltaPresionPa": 18.1, "tsDispositivo": "2026-09-26T11:43:40+00:00"}
[2026-09-26 06:44:41] TX Python SDK azure-iot-device (MQTT sobre WebSockets 443) -> {"tempPasillo": 20.26, "humedadPasillo": 52.06, "deltaPresionPa": 16.1, "tsDispositivo": "2026-09-26T11:44:41+00:00"}
[2026-09-26 06:45:41] TX Python SDK azure-iot-device (MQTT sobre WebSockets 443) -> {"tempPasillo": 19.89, "humedadPasillo": 51.26, "deltaPresionPa": 15.7, "tsDispositivo": "2026-09-26T11:45:41+00:00"}
[2026-09-26 06:46:41] TX Python SDK azure-iot-device (MQTT sobre WebSockets 443) -> {"tempPasillo": 20.08, "humedadPasillo": 51.83, "deltaPresionPa": 16.2, "tsDispositivo": "2026-09-26T11:46:41+00:00"}
[2026-09-26 06:47:41] TX Python SDK azure-iot-device (MQTT sobre WebSockets 443) -> {"tempPasillo": 20.06, "humedadPasillo": 51.1, "deltaPresionPa": 17.2, "tsDispositivo": "2026-09-26T11:47:41+00:00"}
[2026-09-26 06:48:42] TX Python SDK azure-iot-device (MQTT sobre WebSockets 443) -> {"tempPasillo": 20.16, "humedadPasillo": 51.27, "deltaPresionPa": 16.8, "tsDispositivo": "2026-09-26T11:48:41+00:00"}
[2026-09-26 06:49:43] TX Python SDK azure-iot-device (MQTT sobre WebSockets 443) -> {"tempPasillo": 19.97, "humedadPasillo": 52.26, "deltaPresionPa": 20.3, "tsDispositivo": "2026-09-26T11:49:42+00:00"}
[2026-09-26 06:50:43] TX Python SDK azure-iot-device (MQTT sobre WebSockets 443) -> {"tempPasillo": 19.69, "humedadPasillo": 51.9, "deltaPresionPa": 17.9, "tsDispositivo": "2026-09-26T11:50:43+00:00"}
[2026-09-26 06:51:44] TX Python SDK azure-iot-device (MQTT sobre WebSockets 443) -> {"tempPasillo": 20.27, "humedadPasillo": 50.93, "deltaPresionPa": 19.5, "tsDispositivo": "2026-09-26T11:51:44+00:00"}
[2026-09-26 06:52:44] TX Python SDK azure-iot-device (MQTT sobre WebSockets 443) -> {"tempPasillo": 20.21, "humedadPasillo": 52.75, "deltaPresionPa": 17.8, "tsDispositivo": "2026-09-26T11:52:44+00:00"}
[2026-09-26 06:53:44] TX Python SDK azure-iot-device (MQTT sobre WebSockets 443) -> {"tempPasillo": 19.72, "humedadPasillo": 51.36, "deltaPresionPa": 16.3, "tsDispositivo": "2026-09-26T11:53:44+00:00"}
[2026-09-26 06:54:44] TX Python SDK azure-iot-device (MQTT sobre WebSockets 443) -> {"tempPasillo": 19.99, "humedadPasillo": 51.65, "deltaPresionPa": 15.6, "tsDispositivo": "2026-09-26T11:54:44+00:00"}
[2026-09-26 06:55:45] TX Python SDK azure-iot-device (MQTT sobre WebSockets 443) -> {"tempPasillo": 20.01, "humedadPasillo": 52.26, "deltaPresionPa": 16.6, "tsDispositivo": "2026-09-26T11:55:44+00:00"}
[2026-09-26 06:56:45] TX Python SDK azure-iot-device (MQTT sobre WebSockets 443) -> {"tempPasillo": 20.17, "humedadPasillo": 52.54, "deltaPresionPa": 18.9, "tsDispositivo": "2026-09-26T11:56:45+00:00"}
[2026-09-26 06:57:45] TX Python SDK azure-iot-device (MQTT sobre WebSockets 443) -> {"tempPasillo": 19.85, "humedadPasillo": 51.19, "deltaPresionPa": 15.6, "tsDispositivo": "2026-09-26T11:57:45+00:00"}
[2026-09-26 06:58:45] TX Python SDK azure-iot-device (MQTT sobre WebSockets 443) -> {"tempPasillo": 20.18, "humedadPasillo": 51.96, "deltaPresionPa": 19.4, "tsDispositivo": "2026-09-26T11:58:45+00:00"}
[2026-09-26 06:59:46] TX Python SDK azure-iot-device (MQTT sobre WebSockets 443) -> {"tempPasillo": 20.06, "humedadPasillo": 51.37, "deltaPresionPa": 17.6, "tsDispositivo": "2026-09-26T11:59:45+00:00"}
[2026-09-26 07:00:46] TX Python SDK azure-iot-device (MQTT sobre WebSockets 443) -> {"tempPasillo": 19.95, "humedadPasillo": 52.24, "deltaPresionPa": 16.0, "tsDispositivo": "2026-09-26T12:00:46+00:00"}
[2026-09-26 07:01:46] TX Python SDK azure-iot-device (MQTT sobre WebSockets 443) -> {"tempPasillo": 19.86, "humedadPasillo": 52.32, "deltaPresionPa": 17.3, "tsDispositivo": "2026-09-26T12:01:46+00:00"}
[2026-09-26 07:02:46] TX Python SDK azure-iot-device (MQTT sobre WebSockets 443) -> {"tempPasillo": 20.24, "humedadPasillo": 51.4, "deltaPresionPa": 17.5, "tsDispositivo": "2026-09-26T12:02:46+00:00"}
[2026-09-26 07:03:46] TX Python SDK azure-iot-device (MQTT sobre WebSockets 443) -> {"tempPasillo": 20.24, "humedadPasillo": 51.73, "deltaPresionPa": 18.5, "tsDispositivo": "2026-09-26T12:03:46+00:00"}
[2026-09-26 07:04:47] TX Python SDK azure-iot-device (MQTT sobre WebSockets 443) -> {"tempPasillo": 19.9, "humedadPasillo": 52.09, "deltaPresionPa": 19.2, "tsDispositivo": "2026-09-26T12:04:46+00:00"}
[2026-09-26 07:05:49] TX Python SDK azure-iot-device (MQTT sobre WebSockets 443) -> {"tempPasillo": 19.84, "humedadPasillo": 52.73, "deltaPresionPa": 17.4, "tsDispositivo": "2026-09-26T12:05:49+00:00"}
[2026-09-26 07:06:50] TX Python SDK azure-iot-device (MQTT sobre WebSockets 443) -> {"tempPasillo": 20.01, "humedadPasillo": 51.69, "deltaPresionPa": 19.0, "tsDispositivo": "2026-09-26T12:06:49+00:00"}
[2026-09-26 07:07:50] TX Python SDK azure-iot-device (MQTT sobre WebSockets 443) -> {"tempPasillo": 20.2, "humedadPasillo": 51.74, "deltaPresionPa": 18.7, "tsDispositivo": "2026-09-26T12:07:50+00:00"}
[2026-09-26 07:08:50] TX Python SDK azure-iot-device (MQTT sobre WebSockets 443) -> {"tempPasillo": 19.83, "humedadPasillo": 51.96, "deltaPresionPa": 16.3, "tsDispositivo": "2026-09-26T12:08:50+00:00"}
[2026-09-26 07:09:50] TX Python SDK azure-iot-device (MQTT sobre WebSockets 443) -> {"tempPasillo": 20.24, "humedadPasillo": 52.74, "deltaPresionPa": 16.3, "tsDispositivo": "2026-09-26T12:09:50+00:00"}
[2026-09-26 07:10:55] TX Python SDK azure-iot-device (MQTT sobre WebSockets 443) -> {"tempPasillo": 20.17, "humedadPasillo": 52.54, "deltaPresionPa": 18.1, "tsDispositivo": "2026-09-26T12:10:53+00:00"}
[2026-09-26 07:11:55] TX Python SDK azure-iot-device (MQTT sobre WebSockets 443) -> {"tempPasillo": 20.1, "humedadPasillo": 52.07, "deltaPresionPa": 16.6, "tsDispositivo": "2026-09-26T12:11:55+00:00"}
[2026-09-26 07:12:56] TX Python SDK azure-iot-device (MQTT sobre WebSockets 443) -> {"tempPasillo": 19.89, "humedadPasillo": 52.85, "deltaPresionPa": 17.7, "tsDispositivo": "2026-09-26T12:12:55+00:00"}
[2026-09-26 07:13:58] TX Python SDK azure-iot-device (MQTT sobre WebSockets 443) -> {"tempPasillo": 19.99, "humedadPasillo": 51.82, "deltaPresionPa": 16.7, "tsDispositivo": "2026-09-26T12:13:58+00:00"}
[2026-09-26 07:14:58] TX Python SDK azure-iot-device (MQTT sobre WebSockets 443) -> {"tempPasillo": 20.2, "humedadPasillo": 51.7, "deltaPresionPa": 17.5, "tsDispositivo": "2026-09-26T12:14:58+00:00"}
[2026-09-26 07:16:01] TX Python SDK azure-iot-device (MQTT sobre WebSockets 443) -> {"tempPasillo": 20.18, "humedadPasillo": 53.14, "deltaPresionPa": 18.5, "tsDispositivo": "2026-09-26T12:16:01+00:00"}
[2026-09-26 07:17:01] TX Python SDK azure-iot-device (MQTT sobre WebSockets 443) -> {"tempPasillo": 20.12, "humedadPasillo": 52.33, "deltaPresionPa": 18.1, "tsDispositivo": "2026-09-26T12:17:01+00:00"}
[2026-09-26 07:18:08] TX Python SDK azure-iot-device (MQTT sobre WebSockets 443) -> {"tempPasillo": 20.01, "humedadPasillo": 51.66, "deltaPresionPa": 16.1, "tsDispositivo": "2026-09-26T12:18:04+00:00"}
[2026-09-26 07:19:08] TX Python SDK azure-iot-device (MQTT sobre WebSockets 443) -> {"tempPasillo": 20.13, "humedadPasillo": 51.55, "deltaPresionPa": 16.3, "tsDispositivo": "2026-09-26T12:19:08+00:00"}
[2026-09-26 07:20:09] TX Python SDK azure-iot-device (MQTT sobre WebSockets 443) -> {"tempPasillo": 19.87, "humedadPasillo": 51.59, "deltaPresionPa": 16.7, "tsDispositivo": "2026-09-26T12:20:08+00:00"}
[2026-09-26 07:21:14] TX Python SDK azure-iot-device (MQTT sobre WebSockets 443) -> {"tempPasillo": 19.8, "humedadPasillo": 52.69, "deltaPresionPa": 17.0, "tsDispositivo": "2026-09-26T12:21:11+00:00"}
[2026-09-26 07:22:14] TX Python SDK azure-iot-device (MQTT sobre WebSockets 443) -> {"tempPasillo": 19.84, "humedadPasillo": 53.29, "deltaPresionPa": 18.6, "tsDispositivo": "2026-09-26T12:22:14+00:00"}
[2026-09-26 07:23:17] TX Python SDK azure-iot-device (MQTT sobre WebSockets 443) -> {"tempPasillo": 20.2, "humedadPasillo": 51.37, "deltaPresionPa": 18.1, "tsDispositivo": "2026-09-26T12:23:16+00:00"}
[2026-09-26 07:24:17] TX Python SDK azure-iot-device (MQTT sobre WebSockets 443) -> {"tempPasillo": 19.82, "humedadPasillo": 51.88, "deltaPresionPa": 17.3, "tsDispositivo": "2026-09-26T12:24:17+00:00"}
[2026-09-26 07:25:17] TX Python SDK azure-iot-device (MQTT sobre WebSockets 443) -> {"tempPasillo": 19.78, "humedadPasillo": 52.59, "deltaPresionPa": 17.0, "tsDispositivo": "2026-09-26T12:25:17+00:00"}
[2026-09-26 07:26:17] TX Python SDK azure-iot-device (MQTT sobre WebSockets 443) -> {"tempPasillo": 19.77, "humedadPasillo": 53.11, "deltaPresionPa": 17.5, "tsDispositivo": "2026-09-26T12:26:17+00:00"}
[2026-09-26 07:27:18] TX Python SDK azure-iot-device (MQTT sobre WebSockets 443) -> {"tempPasillo": 20.24, "humedadPasillo": 52.97, "deltaPresionPa": 18.5, "tsDispositivo": "2026-09-26T12:27:17+00:00"}
[2026-09-26 07:28:18] TX Python SDK azure-iot-device (MQTT sobre WebSockets 443) -> {"tempPasillo": 19.87, "humedadPasillo": 53.11, "deltaPresionPa": 16.3, "tsDispositivo": "2026-09-26T12:28:18+00:00"}
[2026-09-26 07:29:18] TX Python SDK azure-iot-device (MQTT sobre WebSockets 443) -> {"tempPasillo": 19.84, "humedadPasillo": 53.01, "deltaPresionPa": 18.6, "tsDispositivo": "2026-09-26T12:29:18+00:00"}
[2026-09-26 07:30:18] TX Python SDK azure-iot-device (MQTT sobre WebSockets 443) -> {"tempPasillo": 20.27, "humedadPasillo": 51.7, "deltaPresionPa": 18.0, "tsDispositivo": "2026-09-26T12:30:18+00:00"}
[2026-09-26 07:31:18] TX Python SDK azure-iot-device (MQTT sobre WebSockets 443) -> {"tempPasillo": 20.14, "humedadPasillo": 52.26, "deltaPresionPa": 16.6, "tsDispositivo": "2026-09-26T12:31:18+00:00"}
[2026-09-26 07:32:19] TX Python SDK azure-iot-device (MQTT sobre WebSockets 443) -> {"tempPasillo": 19.83, "humedadPasillo": 52.32, "deltaPresionPa": 16.8, "tsDispositivo": "2026-09-26T12:32:18+00:00"}
[2026-09-26 07:33:19] TX Python SDK azure-iot-device (MQTT sobre WebSockets 443) -> {"tempPasillo": 19.76, "humedadPasillo": 52.54, "deltaPresionPa": 16.6, "tsDispositivo": "2026-09-26T12:33:19+00:00"}
[2026-09-26 07:34:19] TX Python SDK azure-iot-device (MQTT sobre WebSockets 443) -> {"tempPasillo": 19.88, "humedadPasillo": 53.43, "deltaPresionPa": 15.9, "tsDispositivo": "2026-09-26T12:34:19+00:00"}
[2026-09-26 07:35:19] TX Python SDK azure-iot-device (MQTT sobre WebSockets 443) -> {"tempPasillo": 20.26, "humedadPasillo": 53.12, "deltaPresionPa": 18.3, "tsDispositivo": "2026-09-26T12:35:19+00:00"}
[2026-09-26 07:36:19] TX Python SDK azure-iot-device (MQTT sobre WebSockets 443) -> {"tempPasillo": 20.14, "humedadPasillo": 52.01, "deltaPresionPa": 19.3, "tsDispositivo": "2026-09-26T12:36:19+00:00"}
[2026-09-26 07:37:20] TX Python SDK azure-iot-device (MQTT sobre WebSockets 443) -> {"tempPasillo": 19.92, "humedadPasillo": 53.33, "deltaPresionPa": 19.7, "tsDispositivo": "2026-09-26T12:37:19+00:00"}
[2026-09-26 07:38:20] TX Python SDK azure-iot-device (MQTT sobre WebSockets 443) -> {"tempPasillo": 20.08, "humedadPasillo": 52.69, "deltaPresionPa": 19.7, "tsDispositivo": "2026-09-26T12:38:20+00:00"}
[2026-09-26 07:39:20] TX Python SDK azure-iot-device (MQTT sobre WebSockets 443) -> {"tempPasillo": 20.29, "humedadPasillo": 53.47, "deltaPresionPa": 17.6, "tsDispositivo": "2026-09-26T12:39:20+00:00"}
[2026-09-26 07:40:20] TX Python SDK azure-iot-device (MQTT sobre WebSockets 443) -> {"tempPasillo": 20.17, "humedadPasillo": 52.28, "deltaPresionPa": 15.7, "tsDispositivo": "2026-09-26T12:40:20+00:00"}
[2026-09-26 07:41:21] TX Python SDK azure-iot-device (MQTT sobre WebSockets 443) -> {"tempPasillo": 19.75, "humedadPasillo": 52.69, "deltaPresionPa": 19.4, "tsDispositivo": "2026-09-26T12:41:20+00:00"}
[2026-09-26 07:42:21] TX Python SDK azure-iot-device (MQTT sobre WebSockets 443) -> {"tempPasillo": 20.24, "humedadPasillo": 53.5, "deltaPresionPa": 16.7, "tsDispositivo": "2026-09-26T12:42:21+00:00"}
[2026-09-26 07:43:21] TX Python SDK azure-iot-device (MQTT sobre WebSockets 443) -> {"tempPasillo": 20.32, "humedadPasillo": 53.46, "deltaPresionPa": 18.6, "tsDispositivo": "2026-09-26T12:43:21+00:00"}
[2026-09-26 07:44:21] TX Python SDK azure-iot-device (MQTT sobre WebSockets 443) -> {"tempPasillo": 19.89, "humedadPasillo": 52.7, "deltaPresionPa": 19.3, "tsDispositivo": "2026-09-26T12:44:21+00:00"}
[2026-09-26 07:45:21] TX Python SDK azure-iot-device (MQTT sobre WebSockets 443) -> {"tempPasillo": 19.73, "humedadPasillo": 53.59, "deltaPresionPa": 19.9, "tsDispositivo": "2026-09-26T12:45:21+00:00"}
[2026-09-26 07:46:22] TX Python SDK azure-iot-device (MQTT sobre WebSockets 443) -> {"tempPasillo": 19.89, "humedadPasillo": 52.46, "deltaPresionPa": 19.7, "tsDispositivo": "2026-09-26T12:46:21+00:00"}
[2026-09-26 07:47:22] TX Python SDK azure-iot-device (MQTT sobre WebSockets 443) -> {"tempPasillo": 20.07, "humedadPasillo": 52.85, "deltaPresionPa": 20.0, "tsDispositivo": "2026-09-26T12:47:22+00:00"}
[2026-09-26 07:48:22] TX Python SDK azure-iot-device (MQTT sobre WebSockets 443) -> {"tempPasillo": 19.75, "humedadPasillo": 53.55, "deltaPresionPa": 17.3, "tsDispositivo": "2026-09-26T12:48:22+00:00"}
[2026-09-26 07:49:22] TX Python SDK azure-iot-device (MQTT sobre WebSockets 443) -> {"tempPasillo": 19.73, "humedadPasillo": 52.42, "deltaPresionPa": 19.8, "tsDispositivo": "2026-09-26T12:49:22+00:00"}
[2026-09-26 07:50:22] TX Python SDK azure-iot-device (MQTT sobre WebSockets 443) -> {"tempPasillo": 19.95, "humedadPasillo": 53.07, "deltaPresionPa": 16.4, "tsDispositivo": "2026-09-26T12:50:22+00:00"}
[2026-09-26 07:51:23] TX Python SDK azure-iot-device (MQTT sobre WebSockets 443) -> {"tempPasillo": 20.22, "humedadPasillo": 52.15, "deltaPresionPa": 18.1, "tsDispositivo": "2026-09-26T12:51:22+00:00"}
[2026-09-26 07:52:23] TX Python SDK azure-iot-device (MQTT sobre WebSockets 443) -> {"tempPasillo": 20.0, "humedadPasillo": 53.62, "deltaPresionPa": 20.5, "tsDispositivo": "2026-09-26T12:52:23+00:00"}
[2026-09-26 07:53:23] TX Python SDK azure-iot-device (MQTT sobre WebSockets 443) -> {"tempPasillo": 19.74, "humedadPasillo": 52.81, "deltaPresionPa": 18.7, "tsDispositivo": "2026-09-26T12:53:23+00:00"}
[2026-09-26 07:54:23] TX Python SDK azure-iot-device (MQTT sobre WebSockets 443) -> {"tempPasillo": 20.3, "humedadPasillo": 53.5, "deltaPresionPa": 17.3, "tsDispositivo": "2026-09-26T12:54:23+00:00"}
[2026-09-26 07:55:23] TX Python SDK azure-iot-device (MQTT sobre WebSockets 443) -> {"tempPasillo": 20.05, "humedadPasillo": 52.23, "deltaPresionPa": 20.5, "tsDispositivo": "2026-09-26T12:55:23+00:00"}
[2026-09-26 07:56:24] TX Python SDK azure-iot-device (MQTT sobre WebSockets 443) -> {"tempPasillo": 20.04, "humedadPasillo": 52.73, "deltaPresionPa": 17.2, "tsDispositivo": "2026-09-26T12:56:23+00:00"}
[2026-09-26 07:57:24] TX Python SDK azure-iot-device (MQTT sobre WebSockets 443) -> {"tempPasillo": 19.93, "humedadPasillo": 53.29, "deltaPresionPa": 17.6, "tsDispositivo": "2026-09-26T12:57:24+00:00"}
[2026-09-26 07:58:24] TX Python SDK azure-iot-device (MQTT sobre WebSockets 443) -> {"tempPasillo": 19.97, "humedadPasillo": 52.03, "deltaPresionPa": 19.9, "tsDispositivo": "2026-09-26T12:58:24+00:00"}
[2026-09-26 07:59:24] TX Python SDK azure-iot-device (MQTT sobre WebSockets 443) -> {"tempPasillo": 20.12, "humedadPasillo": 53.25, "deltaPresionPa": 20.4, "tsDispositivo": "2026-09-26T12:59:24+00:00"}
[2026-09-26 08:00:24] TX Python SDK azure-iot-device (MQTT sobre WebSockets 443) -> {"tempPasillo": 19.9, "humedadPasillo": 51.95, "deltaPresionPa": 17.7, "tsDispositivo": "2026-09-26T13:00:24+00:00"}
[2026-09-26 08:01:25] TX Python SDK azure-iot-device (MQTT sobre WebSockets 443) -> {"tempPasillo": 20.33, "humedadPasillo": 52.28, "deltaPresionPa": 18.1, "tsDispositivo": "2026-09-26T13:01:24+00:00"}
[2026-09-26 08:02:25] TX Python SDK azure-iot-device (MQTT sobre WebSockets 443) -> {"tempPasillo": 20.22, "humedadPasillo": 52.24, "deltaPresionPa": 17.3, "tsDispositivo": "2026-09-26T13:02:25+00:00"}
[2026-09-26 08:03:25] TX Python SDK azure-iot-device (MQTT sobre WebSockets 443) -> {"tempPasillo": 20.14, "humedadPasillo": 53.85, "deltaPresionPa": 18.1, "tsDispositivo": "2026-09-26T13:03:25+00:00"}
[2026-09-26 08:04:25] TX Python SDK azure-iot-device (MQTT sobre WebSockets 443) -> {"tempPasillo": 20.02, "humedadPasillo": 53.79, "deltaPresionPa": 17.0, "tsDispositivo": "2026-09-26T13:04:25+00:00"}
[2026-09-26 08:05:25] TX Python SDK azure-iot-device (MQTT sobre WebSockets 443) -> {"tempPasillo": 20.22, "humedadPasillo": 53.55, "deltaPresionPa": 16.5, "tsDispositivo": "2026-09-26T13:05:25+00:00"}
[2026-09-26 08:06:26] TX Python SDK azure-iot-device (MQTT sobre WebSockets 443) -> {"tempPasillo": 20.05, "humedadPasillo": 53.49, "deltaPresionPa": 17.6, "tsDispositivo": "2026-09-26T13:06:25+00:00"}
[2026-09-26 08:07:26] TX Python SDK azure-iot-device (MQTT sobre WebSockets 443) -> {"tempPasillo": 20.0, "humedadPasillo": 52.98, "deltaPresionPa": 17.6, "tsDispositivo": "2026-09-26T13:07:26+00:00"}
[2026-09-26 08:08:26] TX Python SDK azure-iot-device (MQTT sobre WebSockets 443) -> {"tempPasillo": 20.19, "humedadPasillo": 52.25, "deltaPresionPa": 18.8, "tsDispositivo": "2026-09-26T13:08:26+00:00"}
[2026-09-26 08:09:26] TX Python SDK azure-iot-device (MQTT sobre WebSockets 443) -> {"tempPasillo": 20.09, "humedadPasillo": 52.54, "deltaPresionPa": 17.8, "tsDispositivo": "2026-09-26T13:09:26+00:00"}
[2026-09-26 08:10:26] TX Python SDK azure-iot-device (MQTT sobre WebSockets 443) -> {"tempPasillo": 19.96, "humedadPasillo": 52.71, "deltaPresionPa": 16.1, "tsDispositivo": "2026-09-26T13:10:26+00:00"}
[2026-09-26 08:11:27] TX Python SDK azure-iot-device (MQTT sobre WebSockets 443) -> {"tempPasillo": 19.94, "humedadPasillo": 53.47, "deltaPresionPa": 16.7, "tsDispositivo": "2026-09-26T13:11:26+00:00"}
[2026-09-26 08:12:27] TX Python SDK azure-iot-device (MQTT sobre WebSockets 443) -> {"tempPasillo": 20.32, "humedadPasillo": 52.82, "deltaPresionPa": 18.3, "tsDispositivo": "2026-09-26T13:12:27+00:00"}
[2026-09-26 08:13:27] TX Python SDK azure-iot-device (MQTT sobre WebSockets 443) -> {"tempPasillo": 20.01, "humedadPasillo": 53.4, "deltaPresionPa": 17.6, "tsDispositivo": "2026-09-26T13:13:27+00:00"}
[2026-09-26 08:14:27] TX Python SDK azure-iot-device (MQTT sobre WebSockets 443) -> {"tempPasillo": 20.04, "humedadPasillo": 52.78, "deltaPresionPa": 19.2, "tsDispositivo": "2026-09-26T13:14:27+00:00"}
[2026-09-26 08:15:27] TX Python SDK azure-iot-device (MQTT sobre WebSockets 443) -> {"tempPasillo": 20.2, "humedadPasillo": 52.08, "deltaPresionPa": 19.2, "tsDispositivo": "2026-09-26T13:15:27+00:00"}
[2026-09-26 08:16:28] TX Python SDK azure-iot-device (MQTT sobre WebSockets 443) -> {"tempPasillo": 19.99, "humedadPasillo": 52.32, "deltaPresionPa": 20.7, "tsDispositivo": "2026-09-26T13:16:27+00:00"}
[2026-09-26 08:17:28] TX Python SDK azure-iot-device (MQTT sobre WebSockets 443) -> {"tempPasillo": 20.15, "humedadPasillo": 53.57, "deltaPresionPa": 16.6, "tsDispositivo": "2026-09-26T13:17:28+00:00"}
[2026-09-26 08:18:28] TX Python SDK azure-iot-device (MQTT sobre WebSockets 443) -> {"tempPasillo": 19.76, "humedadPasillo": 53.61, "deltaPresionPa": 18.4, "tsDispositivo": "2026-09-26T13:18:28+00:00"}
[2026-09-26 08:19:28] TX Python SDK azure-iot-device (MQTT sobre WebSockets 443) -> {"tempPasillo": 19.99, "humedadPasillo": 53.22, "deltaPresionPa": 16.3, "tsDispositivo": "2026-09-26T13:19:28+00:00"}
[2026-09-26 08:20:28] TX Python SDK azure-iot-device (MQTT sobre WebSockets 443) -> {"tempPasillo": 20.29, "humedadPasillo": 53.51, "deltaPresionPa": 16.9, "tsDispositivo": "2026-09-26T13:20:28+00:00"}
[2026-09-26 08:21:29] TX Python SDK azure-iot-device (MQTT sobre WebSockets 443) -> {"tempPasillo": 19.84, "humedadPasillo": 53.65, "deltaPresionPa": 16.5, "tsDispositivo": "2026-09-26T13:21:28+00:00"}
[2026-09-26 08:22:29] TX Python SDK azure-iot-device (MQTT sobre WebSockets 443) -> {"tempPasillo": 19.96, "humedadPasillo": 53.08, "deltaPresionPa": 19.3, "tsDispositivo": "2026-09-26T13:22:29+00:00"}
[2026-09-26 08:23:29] TX Python SDK azure-iot-device (MQTT sobre WebSockets 443) -> {"tempPasillo": 20.34, "humedadPasillo": 53.56, "deltaPresionPa": 16.0, "tsDispositivo": "2026-09-26T13:23:29+00:00"}
[2026-09-26 08:24:29] TX Python SDK azure-iot-device (MQTT sobre WebSockets 443) -> {"tempPasillo": 20.34, "humedadPasillo": 52.24, "deltaPresionPa": 16.5, "tsDispositivo": "2026-09-26T13:24:29+00:00"}
[2026-09-26 08:25:29] TX Python SDK azure-iot-device (MQTT sobre WebSockets 443) -> {"tempPasillo": 20.08, "humedadPasillo": 53.46, "deltaPresionPa": 16.5, "tsDispositivo": "2026-09-26T13:25:29+00:00"}
[2026-09-26 08:26:30] TX Python SDK azure-iot-device (MQTT sobre WebSockets 443) -> {"tempPasillo": 19.79, "humedadPasillo": 53.1, "deltaPresionPa": 19.6, "tsDispositivo": "2026-09-26T13:26:29+00:00"}
[2026-09-26 08:27:30] TX Python SDK azure-iot-device (MQTT sobre WebSockets 443) -> {"tempPasillo": 19.76, "humedadPasillo": 52.83, "deltaPresionPa": 17.8, "tsDispositivo": "2026-09-26T13:27:30+00:00"}
[2026-09-26 08:28:30] TX Python SDK azure-iot-device (MQTT sobre WebSockets 443) -> {"tempPasillo": 20.22, "humedadPasillo": 52.62, "deltaPresionPa": 16.1, "tsDispositivo": "2026-09-26T13:28:30+00:00"}
[2026-09-26 08:29:30] TX Python SDK azure-iot-device (MQTT sobre WebSockets 443) -> {"tempPasillo": 20.14, "humedadPasillo": 53.91, "deltaPresionPa": 18.5, "tsDispositivo": "2026-09-26T13:29:30+00:00"}
[2026-09-26 08:30:31] TX Python SDK azure-iot-device (MQTT sobre WebSockets 443) -> {"tempPasillo": 19.77, "humedadPasillo": 52.45, "deltaPresionPa": 20.9, "tsDispositivo": "2026-09-26T13:30:30+00:00"}
[2026-09-26 08:31:31] TX Python SDK azure-iot-device (MQTT sobre WebSockets 443) -> {"tempPasillo": 19.85, "humedadPasillo": 53.98, "deltaPresionPa": 19.8, "tsDispositivo": "2026-09-26T13:31:31+00:00"}
[2026-09-26 08:32:31] TX Python SDK azure-iot-device (MQTT sobre WebSockets 443) -> {"tempPasillo": 20.23, "humedadPasillo": 53.4, "deltaPresionPa": 20.2, "tsDispositivo": "2026-09-26T13:32:31+00:00"}
[2026-09-26 08:33:31] TX Python SDK azure-iot-device (MQTT sobre WebSockets 443) -> {"tempPasillo": 19.87, "humedadPasillo": 52.5, "deltaPresionPa": 20.1, "tsDispositivo": "2026-09-26T13:33:31+00:00"}
[2026-09-26 08:34:31] TX Python SDK azure-iot-device (MQTT sobre WebSockets 443) -> {"tempPasillo": 19.92, "humedadPasillo": 53.09, "deltaPresionPa": 17.1, "tsDispositivo": "2026-09-26T13:34:31+00:00"}
[2026-09-26 08:35:32] TX Python SDK azure-iot-device (MQTT sobre WebSockets 443) -> {"tempPasillo": 20.22, "humedadPasillo": 53.52, "deltaPresionPa": 17.6, "tsDispositivo": "2026-09-26T13:35:31+00:00"}
[2026-09-26 08:36:32] TX Python SDK azure-iot-device (MQTT sobre WebSockets 443) -> {"tempPasillo": 20.21, "humedadPasillo": 53.25, "deltaPresionPa": 16.9, "tsDispositivo": "2026-09-26T13:36:32+00:00"}
[2026-09-26 08:37:32] TX Python SDK azure-iot-device (MQTT sobre WebSockets 443) -> {"tempPasillo": 19.99, "humedadPasillo": 53.83, "deltaPresionPa": 20.3, "tsDispositivo": "2026-09-26T13:37:32+00:00"}
[2026-09-26 08:38:32] TX Python SDK azure-iot-device (MQTT sobre WebSockets 443) -> {"tempPasillo": 19.86, "humedadPasillo": 52.36, "deltaPresionPa": 20.4, "tsDispositivo": "2026-09-26T13:38:32+00:00"}
[2026-09-26 08:39:32] TX Python SDK azure-iot-device (MQTT sobre WebSockets 443) -> {"tempPasillo": 19.85, "humedadPasillo": 53.6, "deltaPresionPa": 17.7, "tsDispositivo": "2026-09-26T13:39:32+00:00"}
[2026-09-26 08:40:33] TX Python SDK azure-iot-device (MQTT sobre WebSockets 443) -> {"tempPasillo": 19.96, "humedadPasillo": 53.11, "deltaPresionPa": 16.4, "tsDispositivo": "2026-09-26T13:40:32+00:00"}
[2026-09-26 08:41:33] TX Python SDK azure-iot-device (MQTT sobre WebSockets 443) -> {"tempPasillo": 19.89, "humedadPasillo": 53.06, "deltaPresionPa": 16.4, "tsDispositivo": "2026-09-26T13:41:33+00:00"}
[2026-09-26 08:42:33] TX Python SDK azure-iot-device (MQTT sobre WebSockets 443) -> {"tempPasillo": 20.16, "humedadPasillo": 53.25, "deltaPresionPa": 18.2, "tsDispositivo": "2026-09-26T13:42:33+00:00"}
[2026-09-26 08:43:33] TX Python SDK azure-iot-device (MQTT sobre WebSockets 443) -> {"tempPasillo": 19.81, "humedadPasillo": 53.12, "deltaPresionPa": 20.8, "tsDispositivo": "2026-09-26T13:43:33+00:00"}
[2026-09-26 08:44:33] TX Python SDK azure-iot-device (MQTT sobre WebSockets 443) -> {"tempPasillo": 20.37, "humedadPasillo": 52.41, "deltaPresionPa": 19.7, "tsDispositivo": "2026-09-26T13:44:33+00:00"}
[2026-09-26 08:45:34] TX Python SDK azure-iot-device (MQTT sobre WebSockets 443) -> {"tempPasillo": 19.91, "humedadPasillo": 52.39, "deltaPresionPa": 18.4, "tsDispositivo": "2026-09-26T13:45:33+00:00"}
[2026-09-26 08:46:34] TX Python SDK azure-iot-device (MQTT sobre WebSockets 443) -> {"tempPasillo": 19.78, "humedadPasillo": 53.02, "deltaPresionPa": 19.3, "tsDispositivo": "2026-09-26T13:46:34+00:00"}
[2026-09-26 08:47:34] TX Python SDK azure-iot-device (MQTT sobre WebSockets 443) -> {"tempPasillo": 20.18, "humedadPasillo": 53.38, "deltaPresionPa": 19.2, "tsDispositivo": "2026-09-26T13:47:34+00:00"}
[2026-09-26 08:48:35] TX Python SDK azure-iot-device (MQTT sobre WebSockets 443) -> {"tempPasillo": 20.08, "humedadPasillo": 53.24, "deltaPresionPa": 17.7, "tsDispositivo": "2026-09-26T13:48:35+00:00"}
[2026-09-26 08:49:35] TX Python SDK azure-iot-device (MQTT sobre WebSockets 443) -> {"tempPasillo": 20.04, "humedadPasillo": 53.0, "deltaPresionPa": 17.5, "tsDispositivo": "2026-09-26T13:49:35+00:00"}
[2026-09-26 08:50:35] TX Python SDK azure-iot-device (MQTT sobre WebSockets 443) -> {"tempPasillo": 20.29, "humedadPasillo": 53.35, "deltaPresionPa": 20.0, "tsDispositivo": "2026-09-26T13:50:35+00:00"}
[2026-09-26 08:51:36] TX Python SDK azure-iot-device (MQTT sobre WebSockets 443) -> {"tempPasillo": 19.85, "humedadPasillo": 52.78, "deltaPresionPa": 19.7, "tsDispositivo": "2026-09-26T13:51:35+00:00"}
[2026-09-26 08:52:36] TX Python SDK azure-iot-device (MQTT sobre WebSockets 443) -> {"tempPasillo": 20.35, "humedadPasillo": 53.02, "deltaPresionPa": 18.6, "tsDispositivo": "2026-09-26T13:52:36+00:00"}
[2026-09-26 08:53:41] TX Python SDK azure-iot-device (MQTT sobre WebSockets 443) -> {"tempPasillo": 19.99, "humedadPasillo": 52.52, "deltaPresionPa": 20.6, "tsDispositivo": "2026-09-26T13:53:36+00:00"}
[2026-09-26 08:54:42] TX Python SDK azure-iot-device (MQTT sobre WebSockets 443) -> {"tempPasillo": 19.95, "humedadPasillo": 53.28, "deltaPresionPa": 20.4, "tsDispositivo": "2026-09-26T13:54:41+00:00"}
[2026-09-26 08:55:43] TX Python SDK azure-iot-device (MQTT sobre WebSockets 443) -> {"tempPasillo": 19.83, "humedadPasillo": 53.04, "deltaPresionPa": 18.0, "tsDispositivo": "2026-09-26T13:55:42+00:00"}
[2026-09-26 08:56:44] TX Python SDK azure-iot-device (MQTT sobre WebSockets 443) -> {"tempPasillo": 20.18, "humedadPasillo": 54.06, "deltaPresionPa": 18.5, "tsDispositivo": "2026-09-26T13:56:43+00:00"}
[2026-09-26 08:57:46] TX Python SDK azure-iot-device (MQTT sobre WebSockets 443) -> {"tempPasillo": 20.36, "humedadPasillo": 53.04, "deltaPresionPa": 16.9, "tsDispositivo": "2026-09-26T13:57:45+00:00"}
[2026-09-26 08:58:46] TX Python SDK azure-iot-device (MQTT sobre WebSockets 443) -> {"tempPasillo": 20.14, "humedadPasillo": 53.0, "deltaPresionPa": 19.3, "tsDispositivo": "2026-09-26T13:58:46+00:00"}
[2026-09-26 08:59:46] TX Python SDK azure-iot-device (MQTT sobre WebSockets 443) -> {"tempPasillo": 19.98, "humedadPasillo": 54.27, "deltaPresionPa": 18.5, "tsDispositivo": "2026-09-26T13:59:46+00:00"}
[2026-09-26 09:00:46] TX Python SDK azure-iot-device (MQTT sobre WebSockets 443) -> {"tempPasillo": 19.89, "humedadPasillo": 53.9, "deltaPresionPa": 17.1, "tsDispositivo": "2026-09-26T14:00:46+00:00"}
[2026-09-26 09:01:47] TX Python SDK azure-iot-device (MQTT sobre WebSockets 443) -> {"tempPasillo": 19.99, "humedadPasillo": 53.69, "deltaPresionPa": 18.6, "tsDispositivo": "2026-09-26T14:01:46+00:00"}
[2026-09-26 09:02:47] TX Python SDK azure-iot-device (MQTT sobre WebSockets 443) -> {"tempPasillo": 20.14, "humedadPasillo": 53.11, "deltaPresionPa": 20.1, "tsDispositivo": "2026-09-26T14:02:47+00:00"}
[2026-09-26 09:03:47] TX Python SDK azure-iot-device (MQTT sobre WebSockets 443) -> {"tempPasillo": 20.36, "humedadPasillo": 54.24, "deltaPresionPa": 19.3, "tsDispositivo": "2026-09-26T14:03:47+00:00"}
[2026-09-26 09:04:47] TX Python SDK azure-iot-device (MQTT sobre WebSockets 443) -> {"tempPasillo": 20.4, "humedadPasillo": 53.51, "deltaPresionPa": 19.7, "tsDispositivo": "2026-09-26T14:04:47+00:00"}
[2026-09-26 09:05:47] TX Python SDK azure-iot-device (MQTT sobre WebSockets 443) -> {"tempPasillo": 20.38, "humedadPasillo": 53.59, "deltaPresionPa": 20.1, "tsDispositivo": "2026-09-26T14:05:47+00:00"}
[2026-09-26 09:06:48] TX Python SDK azure-iot-device (MQTT sobre WebSockets 443) -> {"tempPasillo": 20.27, "humedadPasillo": 54.3, "deltaPresionPa": 20.7, "tsDispositivo": "2026-09-26T14:06:47+00:00"}
[2026-09-26 09:07:48] TX Python SDK azure-iot-device (MQTT sobre WebSockets 443) -> {"tempPasillo": 19.92, "humedadPasillo": 52.81, "deltaPresionPa": 17.2, "tsDispositivo": "2026-09-26T14:07:48+00:00"}
[2026-09-26 09:08:48] TX Python SDK azure-iot-device (MQTT sobre WebSockets 443) -> {"tempPasillo": 19.99, "humedadPasillo": 53.46, "deltaPresionPa": 19.9, "tsDispositivo": "2026-09-26T14:08:48+00:00"}
[2026-09-26 09:09:48] TX Python SDK azure-iot-device (MQTT sobre WebSockets 443) -> {"tempPasillo": 19.84, "humedadPasillo": 53.78, "deltaPresionPa": 18.2, "tsDispositivo": "2026-09-26T14:09:48+00:00"}
[2026-09-26 09:10:48] TX Python SDK azure-iot-device (MQTT sobre WebSockets 443) -> {"tempPasillo": 20.22, "humedadPasillo": 54.2, "deltaPresionPa": 19.9, "tsDispositivo": "2026-09-26T14:10:48+00:00"}
[2026-09-26 09:11:49] TX Python SDK azure-iot-device (MQTT sobre WebSockets 443) -> {"tempPasillo": 20.08, "humedadPasillo": 53.89, "deltaPresionPa": 20.3, "tsDispositivo": "2026-09-26T14:11:48+00:00"}
[2026-09-26 09:12:49] TX Python SDK azure-iot-device (MQTT sobre WebSockets 443) -> {"tempPasillo": 20.14, "humedadPasillo": 53.84, "deltaPresionPa": 18.1, "tsDispositivo": "2026-09-26T14:12:49+00:00"}
[2026-09-26 09:13:49] TX Python SDK azure-iot-device (MQTT sobre WebSockets 443) -> {"tempPasillo": 20.22, "humedadPasillo": 53.44, "deltaPresionPa": 18.0, "tsDispositivo": "2026-09-26T14:13:49+00:00"}
[2026-09-26 09:14:49] TX Python SDK azure-iot-device (MQTT sobre WebSockets 443) -> {"tempPasillo": 20.33, "humedadPasillo": 54.48, "deltaPresionPa": 17.3, "tsDispositivo": "2026-09-26T14:14:49+00:00"}
[2026-09-26 09:15:50] TX Python SDK azure-iot-device (MQTT sobre WebSockets 443) -> {"tempPasillo": 20.21, "humedadPasillo": 53.85, "deltaPresionPa": 17.2, "tsDispositivo": "2026-09-26T14:15:49+00:00"}
[2026-09-26 09:16:50] TX Python SDK azure-iot-device (MQTT sobre WebSockets 443) -> {"tempPasillo": 19.9, "humedadPasillo": 53.3, "deltaPresionPa": 20.8, "tsDispositivo": "2026-09-26T14:16:50+00:00"}
[2026-09-26 09:17:50] TX Python SDK azure-iot-device (MQTT sobre WebSockets 443) -> {"tempPasillo": 19.81, "humedadPasillo": 54.38, "deltaPresionPa": 21.0, "tsDispositivo": "2026-09-26T14:17:50+00:00"}
[2026-09-26 09:18:50] TX Python SDK azure-iot-device (MQTT sobre WebSockets 443) -> {"tempPasillo": 20.06, "humedadPasillo": 53.69, "deltaPresionPa": 18.5, "tsDispositivo": "2026-09-26T14:18:50+00:00"}
[2026-09-26 09:19:50] TX Python SDK azure-iot-device (MQTT sobre WebSockets 443) -> {"tempPasillo": 19.9, "humedadPasillo": 53.13, "deltaPresionPa": 17.7, "tsDispositivo": "2026-09-26T14:19:50+00:00"}
[2026-09-26 09:20:51] TX Python SDK azure-iot-device (MQTT sobre WebSockets 443) -> {"tempPasillo": 20.21, "humedadPasillo": 53.62, "deltaPresionPa": 18.0, "tsDispositivo": "2026-09-26T14:20:50+00:00"}
[2026-09-26 09:21:51] TX Python SDK azure-iot-device (MQTT sobre WebSockets 443) -> {"tempPasillo": 19.89, "humedadPasillo": 52.9, "deltaPresionPa": 16.4, "tsDispositivo": "2026-09-26T14:21:51+00:00"}
[2026-09-26 09:22:51] TX Python SDK azure-iot-device (MQTT sobre WebSockets 443) -> {"tempPasillo": 20.05, "humedadPasillo": 53.19, "deltaPresionPa": 19.1, "tsDispositivo": "2026-09-26T14:22:51+00:00"}
[2026-09-26 09:23:53] TX Python SDK azure-iot-device (MQTT sobre WebSockets 443) -> {"tempPasillo": 20.23, "humedadPasillo": 53.71, "deltaPresionPa": 19.8, "tsDispositivo": "2026-09-26T14:23:51+00:00"}
[2026-09-26 09:24:54] TX Python SDK azure-iot-device (MQTT sobre WebSockets 443) -> {"tempPasillo": 20.16, "humedadPasillo": 52.98, "deltaPresionPa": 19.2, "tsDispositivo": "2026-09-26T14:24:53+00:00"}
[2026-09-26 09:25:54] TX Python SDK azure-iot-device (MQTT sobre WebSockets 443) -> {"tempPasillo": 19.84, "humedadPasillo": 54.55, "deltaPresionPa": 19.1, "tsDispositivo": "2026-09-26T14:25:54+00:00"}
[2026-09-26 09:26:56] TX Python SDK azure-iot-device (MQTT sobre WebSockets 443) -> {"tempPasillo": 19.9, "humedadPasillo": 52.96, "deltaPresionPa": 17.4, "tsDispositivo": "2026-09-26T14:26:54+00:00"}
[2026-09-26 09:27:58] TX Python SDK azure-iot-device (MQTT sobre WebSockets 443) -> {"tempPasillo": 20.35, "humedadPasillo": 53.9, "deltaPresionPa": 19.4, "tsDispositivo": "2026-09-26T14:27:57+00:00"}
[2026-09-26 09:28:58] TX Python SDK azure-iot-device (MQTT sobre WebSockets 443) -> {"tempPasillo": 19.88, "humedadPasillo": 54.64, "deltaPresionPa": 17.4, "tsDispositivo": "2026-09-26T14:28:58+00:00"}
[2026-09-26 09:29:58] TX Python SDK azure-iot-device (MQTT sobre WebSockets 443) -> {"tempPasillo": 20.35, "humedadPasillo": 52.9, "deltaPresionPa": 16.4, "tsDispositivo": "2026-09-26T14:29:58+00:00"}
[2026-09-26 09:30:58] TX Python SDK azure-iot-device (MQTT sobre WebSockets 443) -> {"tempPasillo": 20.16, "humedadPasillo": 54.32, "deltaPresionPa": 16.5, "tsDispositivo": "2026-09-26T14:30:58+00:00"}
[2026-09-26 09:31:58] TX Python SDK azure-iot-device (MQTT sobre WebSockets 443) -> {"tempPasillo": 19.99, "humedadPasillo": 53.75, "deltaPresionPa": 18.3, "tsDispositivo": "2026-09-26T14:31:58+00:00"}
[2026-09-26 09:32:59] TX Python SDK azure-iot-device (MQTT sobre WebSockets 443) -> {"tempPasillo": 19.82, "humedadPasillo": 52.89, "deltaPresionPa": 20.4, "tsDispositivo": "2026-09-26T14:32:58+00:00"}
[2026-09-26 09:33:59] TX Python SDK azure-iot-device (MQTT sobre WebSockets 443) -> {"tempPasillo": 20.28, "humedadPasillo": 53.23, "deltaPresionPa": 19.2, "tsDispositivo": "2026-09-26T14:33:59+00:00"}
[2026-09-26 09:35:03] TX Python SDK azure-iot-device (MQTT sobre WebSockets 443) -> {"tempPasillo": 20.24, "humedadPasillo": 53.07, "deltaPresionPa": 17.1, "tsDispositivo": "2026-09-26T14:34:59+00:00"}
[2026-09-26 09:36:05] TX Python SDK azure-iot-device (MQTT sobre WebSockets 443) -> {"tempPasillo": 20.23, "humedadPasillo": 54.14, "deltaPresionPa": 19.4, "tsDispositivo": "2026-09-26T14:36:05+00:00"}
[2026-09-26 09:37:06] TX Python SDK azure-iot-device (MQTT sobre WebSockets 443) -> {"tempPasillo": 20.4, "humedadPasillo": 53.73, "deltaPresionPa": 16.2, "tsDispositivo": "2026-09-26T14:37:05+00:00"}
[2026-09-26 09:38:06] TX Python SDK azure-iot-device (MQTT sobre WebSockets 443) -> {"tempPasillo": 20.09, "humedadPasillo": 54.46, "deltaPresionPa": 17.7, "tsDispositivo": "2026-09-26T14:38:06+00:00"}
[2026-09-26 09:39:06] TX Python SDK azure-iot-device (MQTT sobre WebSockets 443) -> {"tempPasillo": 20.24, "humedadPasillo": 54.42, "deltaPresionPa": 16.5, "tsDispositivo": "2026-09-26T14:39:06+00:00"}
[2026-09-26 09:40:06] TX Python SDK azure-iot-device (MQTT sobre WebSockets 443) -> {"tempPasillo": 20.38, "humedadPasillo": 54.05, "deltaPresionPa": 17.3, "tsDispositivo": "2026-09-26T14:40:06+00:00"}
[2026-09-26 09:41:07] TX Python SDK azure-iot-device (MQTT sobre WebSockets 443) -> {"tempPasillo": 19.88, "humedadPasillo": 53.29, "deltaPresionPa": 21.1, "tsDispositivo": "2026-09-26T14:41:06+00:00"}
[2026-09-26 09:42:07] TX Python SDK azure-iot-device (MQTT sobre WebSockets 443) -> {"tempPasillo": 20.3, "humedadPasillo": 53.28, "deltaPresionPa": 20.6, "tsDispositivo": "2026-09-26T14:42:07+00:00"}
[2026-09-26 09:43:07] TX Python SDK azure-iot-device (MQTT sobre WebSockets 443) -> {"tempPasillo": 20.07, "humedadPasillo": 52.8, "deltaPresionPa": 20.6, "tsDispositivo": "2026-09-26T14:43:07+00:00"}
[2026-09-26 09:44:07] TX Python SDK azure-iot-device (MQTT sobre WebSockets 443) -> {"tempPasillo": 20.08, "humedadPasillo": 54.52, "deltaPresionPa": 19.1, "tsDispositivo": "2026-09-26T14:44:07+00:00"}
[2026-09-26 09:45:08] TX Python SDK azure-iot-device (MQTT sobre WebSockets 443) -> {"tempPasillo": 20.11, "humedadPasillo": 52.87, "deltaPresionPa": 21.0, "tsDispositivo": "2026-09-26T14:45:07+00:00"}
[2026-09-26 09:46:08] TX Python SDK azure-iot-device (MQTT sobre WebSockets 443) -> {"tempPasillo": 20.38, "humedadPasillo": 54.46, "deltaPresionPa": 19.2, "tsDispositivo": "2026-09-26T14:46:08+00:00"}
[2026-09-26 09:47:08] TX Python SDK azure-iot-device (MQTT sobre WebSockets 443) -> {"tempPasillo": 20.39, "humedadPasillo": 53.73, "deltaPresionPa": 20.6, "tsDispositivo": "2026-09-26T14:47:08+00:00"}
[2026-09-26 09:48:08] TX Python SDK azure-iot-device (MQTT sobre WebSockets 443) -> {"tempPasillo": 20.11, "humedadPasillo": 54.47, "deltaPresionPa": 20.1, "tsDispositivo": "2026-09-26T14:48:08+00:00"}
[2026-09-26 09:49:08] TX Python SDK azure-iot-device (MQTT sobre WebSockets 443) -> {"tempPasillo": 20.11, "humedadPasillo": 53.91, "deltaPresionPa": 18.9, "tsDispositivo": "2026-09-26T14:49:08+00:00"}
[2026-09-26 09:50:09] TX Python SDK azure-iot-device (MQTT sobre WebSockets 443) -> {"tempPasillo": 19.94, "humedadPasillo": 53.46, "deltaPresionPa": 20.9, "tsDispositivo": "2026-09-26T14:50:08+00:00"}
[2026-09-26 09:51:09] TX Python SDK azure-iot-device (MQTT sobre WebSockets 443) -> {"tempPasillo": 20.22, "humedadPasillo": 54.5, "deltaPresionPa": 21.0, "tsDispositivo": "2026-09-26T14:51:09+00:00"}
[2026-09-26 09:52:09] TX Python SDK azure-iot-device (MQTT sobre WebSockets 443) -> {"tempPasillo": 19.89, "humedadPasillo": 54.73, "deltaPresionPa": 16.4, "tsDispositivo": "2026-09-26T14:52:09+00:00"}
[2026-09-26 09:53:09] TX Python SDK azure-iot-device (MQTT sobre WebSockets 443) -> {"tempPasillo": 19.84, "humedadPasillo": 54.46, "deltaPresionPa": 16.9, "tsDispositivo": "2026-09-26T14:53:09+00:00"}
[2026-09-26 09:54:10] TX Python SDK azure-iot-device (MQTT sobre WebSockets 443) -> {"tempPasillo": 19.85, "humedadPasillo": 53.64, "deltaPresionPa": 20.9, "tsDispositivo": "2026-09-26T14:54:09+00:00"}
[2026-09-26 09:55:10] TX Python SDK azure-iot-device (MQTT sobre WebSockets 443) -> {"tempPasillo": 20.04, "humedadPasillo": 53.35, "deltaPresionPa": 19.5, "tsDispositivo": "2026-09-26T14:55:10+00:00"}
[2026-09-26 09:56:10] TX Python SDK azure-iot-device (MQTT sobre WebSockets 443) -> {"tempPasillo": 20.27, "humedadPasillo": 54.76, "deltaPresionPa": 20.4, "tsDispositivo": "2026-09-26T14:56:10+00:00"}
[2026-09-26 09:57:10] TX Python SDK azure-iot-device (MQTT sobre WebSockets 443) -> {"tempPasillo": 20.04, "humedadPasillo": 54.32, "deltaPresionPa": 21.1, "tsDispositivo": "2026-09-26T14:57:10+00:00"}
[2026-09-26 09:58:10] TX Python SDK azure-iot-device (MQTT sobre WebSockets 443) -> {"tempPasillo": 19.86, "humedadPasillo": 53.16, "deltaPresionPa": 18.3, "tsDispositivo": "2026-09-26T14:58:10+00:00"}
[2026-09-26 09:59:11] TX Python SDK azure-iot-device (MQTT sobre WebSockets 443) -> {"tempPasillo": 19.9, "humedadPasillo": 53.97, "deltaPresionPa": 17.3, "tsDispositivo": "2026-09-26T14:59:10+00:00"}
[2026-09-26 10:00:11] TX Python SDK azure-iot-device (MQTT sobre WebSockets 443) -> {"tempPasillo": 19.91, "humedadPasillo": 54.14, "deltaPresionPa": 16.3, "tsDispositivo": "2026-09-26T15:00:11+00:00"}
[2026-09-26 10:01:11] TX Python SDK azure-iot-device (MQTT sobre WebSockets 443) -> {"tempPasillo": 19.97, "humedadPasillo": 54.47, "deltaPresionPa": 20.4, "tsDispositivo": "2026-09-26T15:01:11+00:00"}
[2026-09-26 10:02:11] TX Python SDK azure-iot-device (MQTT sobre WebSockets 443) -> {"tempPasillo": 20.41, "humedadPasillo": 53.27, "deltaPresionPa": 18.2, "tsDispositivo": "2026-09-26T15:02:11+00:00"}
[2026-09-26 10:03:12] TX Python SDK azure-iot-device (MQTT sobre WebSockets 443) -> {"tempPasillo": 20.12, "humedadPasillo": 53.75, "deltaPresionPa": 20.0, "tsDispositivo": "2026-09-26T15:03:11+00:00"}
[2026-09-26 10:04:12] TX Python SDK azure-iot-device (MQTT sobre WebSockets 443) -> {"tempPasillo": 20.37, "humedadPasillo": 53.57, "deltaPresionPa": 20.5, "tsDispositivo": "2026-09-26T15:04:12+00:00"}
[2026-09-26 10:05:12] TX Python SDK azure-iot-device (MQTT sobre WebSockets 443) -> {"tempPasillo": 20.05, "humedadPasillo": 54.35, "deltaPresionPa": 20.6, "tsDispositivo": "2026-09-26T15:05:12+00:00"}
[2026-09-26 10:06:12] TX Python SDK azure-iot-device (MQTT sobre WebSockets 443) -> {"tempPasillo": 20.41, "humedadPasillo": 53.26, "deltaPresionPa": 17.0, "tsDispositivo": "2026-09-26T15:06:12+00:00"}
[2026-09-26 10:07:13] TX Python SDK azure-iot-device (MQTT sobre WebSockets 443) -> {"tempPasillo": 20.24, "humedadPasillo": 54.82, "deltaPresionPa": 21.1, "tsDispositivo": "2026-09-26T15:07:12+00:00"}
[2026-09-26 10:08:13] TX Python SDK azure-iot-device (MQTT sobre WebSockets 443) -> {"tempPasillo": 20.13, "humedadPasillo": 53.96, "deltaPresionPa": 18.9, "tsDispositivo": "2026-09-26T15:08:13+00:00"}
[2026-09-26 10:09:17] TX Python SDK azure-iot-device (MQTT sobre WebSockets 443) -> {"tempPasillo": 20.08, "humedadPasillo": 54.73, "deltaPresionPa": 18.0, "tsDispositivo": "2026-09-26T15:09:13+00:00"}
[2026-09-26 10:10:20] TX Python SDK azure-iot-device (MQTT sobre WebSockets 443) -> {"tempPasillo": 20.01, "humedadPasillo": 54.57, "deltaPresionPa": 19.3, "tsDispositivo": "2026-09-26T15:10:20+00:00"}
[2026-09-26 10:11:21] TX Python SDK azure-iot-device (MQTT sobre WebSockets 443) -> {"tempPasillo": 20.29, "humedadPasillo": 53.49, "deltaPresionPa": 17.7, "tsDispositivo": "2026-09-26T15:11:20+00:00"}
[2026-09-26 10:12:21] TX Python SDK azure-iot-device (MQTT sobre WebSockets 443) -> {"tempPasillo": 19.95, "humedadPasillo": 54.11, "deltaPresionPa": 18.6, "tsDispositivo": "2026-09-26T15:12:21+00:00"}
[2026-09-26 10:13:21] TX Python SDK azure-iot-device (MQTT sobre WebSockets 443) -> {"tempPasillo": 20.06, "humedadPasillo": 53.72, "deltaPresionPa": 19.0, "tsDispositivo": "2026-09-26T15:13:21+00:00"}
[2026-09-26 10:14:21] TX Python SDK azure-iot-device (MQTT sobre WebSockets 443) -> {"tempPasillo": 20.04, "humedadPasillo": 53.9, "deltaPresionPa": 20.9, "tsDispositivo": "2026-09-26T15:14:21+00:00"}
[2026-09-26 10:15:22] TX Python SDK azure-iot-device (MQTT sobre WebSockets 443) -> {"tempPasillo": 20.27, "humedadPasillo": 54.15, "deltaPresionPa": 19.9, "tsDispositivo": "2026-09-26T15:15:21+00:00"}
[2026-09-26 10:16:22] TX Python SDK azure-iot-device (MQTT sobre WebSockets 443) -> {"tempPasillo": 20.41, "humedadPasillo": 52.97, "deltaPresionPa": 19.9, "tsDispositivo": "2026-09-26T15:16:22+00:00"}
[2026-09-26 10:17:22] TX Python SDK azure-iot-device (MQTT sobre WebSockets 443) -> {"tempPasillo": 20.12, "humedadPasillo": 52.99, "deltaPresionPa": 18.0, "tsDispositivo": "2026-09-26T15:17:22+00:00"}
[2026-09-26 10:18:22] TX Python SDK azure-iot-device (MQTT sobre WebSockets 443) -> {"tempPasillo": 20.43, "humedadPasillo": 54.76, "deltaPresionPa": 17.3, "tsDispositivo": "2026-09-26T15:18:22+00:00"}
[2026-09-26 10:19:23] TX Python SDK azure-iot-device (MQTT sobre WebSockets 443) -> {"tempPasillo": 20.01, "humedadPasillo": 54.05, "deltaPresionPa": 19.5, "tsDispositivo": "2026-09-26T15:19:22+00:00"}
[2026-09-26 10:20:23] TX Python SDK azure-iot-device (MQTT sobre WebSockets 443) -> {"tempPasillo": 19.97, "humedadPasillo": 54.5, "deltaPresionPa": 20.9, "tsDispositivo": "2026-09-26T15:20:23+00:00"}
[2026-09-26 10:21:23] TX Python SDK azure-iot-device (MQTT sobre WebSockets 443) -> {"tempPasillo": 20.31, "humedadPasillo": 53.69, "deltaPresionPa": 17.9, "tsDispositivo": "2026-09-26T15:21:23+00:00"}
[2026-09-26 10:22:23] TX Python SDK azure-iot-device (MQTT sobre WebSockets 443) -> {"tempPasillo": 19.98, "humedadPasillo": 54.78, "deltaPresionPa": 19.6, "tsDispositivo": "2026-09-26T15:22:23+00:00"}
[2026-09-26 10:23:23] TX Python SDK azure-iot-device (MQTT sobre WebSockets 443) -> {"tempPasillo": 20.33, "humedadPasillo": 53.27, "deltaPresionPa": 18.9, "tsDispositivo": "2026-09-26T15:23:23+00:00"}
[2026-09-26 10:24:24] TX Python SDK azure-iot-device (MQTT sobre WebSockets 443) -> {"tempPasillo": 20.44, "humedadPasillo": 54.92, "deltaPresionPa": 19.1, "tsDispositivo": "2026-09-26T15:24:23+00:00"}
[2026-09-26 10:25:24] TX Python SDK azure-iot-device (MQTT sobre WebSockets 443) -> {"tempPasillo": 20.05, "humedadPasillo": 53.1, "deltaPresionPa": 17.5, "tsDispositivo": "2026-09-26T15:25:24+00:00"}
[2026-09-26 10:26:24] TX Python SDK azure-iot-device (MQTT sobre WebSockets 443) -> {"tempPasillo": 20.38, "humedadPasillo": 54.74, "deltaPresionPa": 17.4, "tsDispositivo": "2026-09-26T15:26:24+00:00"}
[2026-09-26 10:27:24] TX Python SDK azure-iot-device (MQTT sobre WebSockets 443) -> {"tempPasillo": 20.37, "humedadPasillo": 54.36, "deltaPresionPa": 20.0, "tsDispositivo": "2026-09-26T15:27:24+00:00"}
[2026-09-26 10:28:25] TX Python SDK azure-iot-device (MQTT sobre WebSockets 443) -> {"tempPasillo": 20.32, "humedadPasillo": 53.48, "deltaPresionPa": 18.6, "tsDispositivo": "2026-09-26T15:28:24+00:00"}
[2026-09-26 10:29:25] TX Python SDK azure-iot-device (MQTT sobre WebSockets 443) -> {"tempPasillo": 20.11, "humedadPasillo": 54.48, "deltaPresionPa": 19.1, "tsDispositivo": "2026-09-26T15:29:25+00:00"}
[2026-09-26 10:30:25] TX Python SDK azure-iot-device (MQTT sobre WebSockets 443) -> {"tempPasillo": 20.17, "humedadPasillo": 53.7, "deltaPresionPa": 20.7, "tsDispositivo": "2026-09-26T15:30:25+00:00"}
[2026-09-26 10:31:25] TX Python SDK azure-iot-device (MQTT sobre WebSockets 443) -> {"tempPasillo": 20.01, "humedadPasillo": 54.39, "deltaPresionPa": 19.4, "tsDispositivo": "2026-09-26T15:31:25+00:00"}
[2026-09-26 10:32:25] TX Python SDK azure-iot-device (MQTT sobre WebSockets 443) -> {"tempPasillo": 20.18, "humedadPasillo": 53.07, "deltaPresionPa": 19.8, "tsDispositivo": "2026-09-26T15:32:25+00:00"}
[2026-09-26 10:33:26] TX Python SDK azure-iot-device (MQTT sobre WebSockets 443) -> {"tempPasillo": 20.29, "humedadPasillo": 54.27, "deltaPresionPa": 18.8, "tsDispositivo": "2026-09-26T15:33:25+00:00"}
[2026-09-26 10:34:26] TX Python SDK azure-iot-device (MQTT sobre WebSockets 443) -> {"tempPasillo": 19.88, "humedadPasillo": 53.21, "deltaPresionPa": 17.7, "tsDispositivo": "2026-09-26T15:34:26+00:00"}
[2026-09-26 10:35:26] TX Python SDK azure-iot-device (MQTT sobre WebSockets 443) -> {"tempPasillo": 20.03, "humedadPasillo": 54.58, "deltaPresionPa": 18.5, "tsDispositivo": "2026-09-26T15:35:26+00:00"}
[2026-09-26 10:36:26] TX Python SDK azure-iot-device (MQTT sobre WebSockets 443) -> {"tempPasillo": 20.36, "humedadPasillo": 53.15, "deltaPresionPa": 17.2, "tsDispositivo": "2026-09-26T15:36:26+00:00"}
[2026-09-26 10:37:27] TX Python SDK azure-iot-device (MQTT sobre WebSockets 443) -> {"tempPasillo": 20.41, "humedadPasillo": 54.09, "deltaPresionPa": 18.5, "tsDispositivo": "2026-09-26T15:37:26+00:00"}
[2026-09-26 10:38:27] TX Python SDK azure-iot-device (MQTT sobre WebSockets 443) -> {"tempPasillo": 20.28, "humedadPasillo": 54.1, "deltaPresionPa": 20.0, "tsDispositivo": "2026-09-26T15:38:27+00:00"}
[2026-09-26 10:39:27] TX Python SDK azure-iot-device (MQTT sobre WebSockets 443) -> {"tempPasillo": 20.12, "humedadPasillo": 54.26, "deltaPresionPa": 18.8, "tsDispositivo": "2026-09-26T15:39:27+00:00"}
[2026-09-26 10:40:27] TX Python SDK azure-iot-device (MQTT sobre WebSockets 443) -> {"tempPasillo": 20.26, "humedadPasillo": 54.04, "deltaPresionPa": 20.9, "tsDispositivo": "2026-09-26T15:40:27+00:00"}
[2026-09-26 10:41:27] TX Python SDK azure-iot-device (MQTT sobre WebSockets 443) -> {"tempPasillo": 19.91, "humedadPasillo": 53.12, "deltaPresionPa": 16.8, "tsDispositivo": "2026-09-26T15:41:27+00:00"}
[2026-09-26 10:42:28] TX Python SDK azure-iot-device (MQTT sobre WebSockets 443) -> {"tempPasillo": 20.0, "humedadPasillo": 54.05, "deltaPresionPa": 17.5, "tsDispositivo": "2026-09-26T15:42:27+00:00"}
[2026-09-26 10:43:28] TX Python SDK azure-iot-device (MQTT sobre WebSockets 443) -> {"tempPasillo": 20.12, "humedadPasillo": 54.61, "deltaPresionPa": 19.4, "tsDispositivo": "2026-09-26T15:43:28+00:00"}
[2026-09-26 10:44:28] TX Python SDK azure-iot-device (MQTT sobre WebSockets 443) -> {"tempPasillo": 19.87, "humedadPasillo": 54.63, "deltaPresionPa": 20.7, "tsDispositivo": "2026-09-26T15:44:28+00:00"}
[2026-09-26 10:45:28] TX Python SDK azure-iot-device (MQTT sobre WebSockets 443) -> {"tempPasillo": 20.04, "humedadPasillo": 53.14, "deltaPresionPa": 20.0, "tsDispositivo": "2026-09-26T15:45:28+00:00"}
[2026-09-26 10:46:28] TX Python SDK azure-iot-device (MQTT sobre WebSockets 443) -> {"tempPasillo": 20.18, "humedadPasillo": 53.17, "deltaPresionPa": 17.6, "tsDispositivo": "2026-09-26T15:46:28+00:00"}
[2026-09-26 10:47:29] TX Python SDK azure-iot-device (MQTT sobre WebSockets 443) -> {"tempPasillo": 20.23, "humedadPasillo": 53.34, "deltaPresionPa": 17.0, "tsDispositivo": "2026-09-26T15:47:28+00:00"}
[2026-09-26 10:48:30] TX Python SDK azure-iot-device (MQTT sobre WebSockets 443) -> {"tempPasillo": 20.35, "humedadPasillo": 54.0, "deltaPresionPa": 21.2, "tsDispositivo": "2026-09-26T15:48:29+00:00"}
[2026-09-26 10:49:33] TX Python SDK azure-iot-device (MQTT sobre WebSockets 443) -> {"tempPasillo": 19.86, "humedadPasillo": 54.51, "deltaPresionPa": 20.9, "tsDispositivo": "2026-09-26T15:49:32+00:00"}
[2026-09-26 10:50:43] TX Python SDK azure-iot-device (MQTT sobre WebSockets 443) -> {"tempPasillo": 20.39, "humedadPasillo": 54.86, "deltaPresionPa": 17.8, "tsDispositivo": "2026-09-26T15:50:42+00:00"}
[2026-09-26 10:51:43] TX Python SDK azure-iot-device (MQTT sobre WebSockets 443) -> {"tempPasillo": 20.25, "humedadPasillo": 54.87, "deltaPresionPa": 17.1, "tsDispositivo": "2026-09-26T15:51:43+00:00"}
[2026-09-26 10:52:46] TX Python SDK azure-iot-device (MQTT sobre WebSockets 443) -> {"tempPasillo": 20.42, "humedadPasillo": 53.78, "deltaPresionPa": 18.9, "tsDispositivo": "2026-09-26T15:52:44+00:00"}
[2026-09-26 10:53:47] TX Python SDK azure-iot-device (MQTT sobre WebSockets 443) -> {"tempPasillo": 20.15, "humedadPasillo": 53.86, "deltaPresionPa": 21.5, "tsDispositivo": "2026-09-26T15:53:46+00:00"}
[2026-09-26 10:54:47] TX Python SDK azure-iot-device (MQTT sobre WebSockets 443) -> {"tempPasillo": 20.0, "humedadPasillo": 54.96, "deltaPresionPa": 21.6, "tsDispositivo": "2026-09-26T15:54:47+00:00"}
[2026-09-26 10:55:47] TX Python SDK azure-iot-device (MQTT sobre WebSockets 443) -> {"tempPasillo": 20.2, "humedadPasillo": 54.92, "deltaPresionPa": 19.8, "tsDispositivo": "2026-09-26T15:55:47+00:00"}
[2026-09-26 10:56:52] TX Python SDK azure-iot-device (MQTT sobre WebSockets 443) -> {"tempPasillo": 19.91, "humedadPasillo": 54.62, "deltaPresionPa": 20.9, "tsDispositivo": "2026-09-26T15:56:50+00:00"}
[2026-09-26 10:57:52] TX Python SDK azure-iot-device (MQTT sobre WebSockets 443) -> {"tempPasillo": 20.13, "humedadPasillo": 54.99, "deltaPresionPa": 17.0, "tsDispositivo": "2026-09-26T15:57:52+00:00"}
[2026-09-26 10:58:52] TX Python SDK azure-iot-device (MQTT sobre WebSockets 443) -> {"tempPasillo": 20.09, "humedadPasillo": 53.02, "deltaPresionPa": 19.3, "tsDispositivo": "2026-09-26T15:58:52+00:00"}
[2026-09-26 10:59:53] TX Python SDK azure-iot-device (MQTT sobre WebSockets 443) -> {"tempPasillo": 20.07, "humedadPasillo": 54.11, "deltaPresionPa": 17.5, "tsDispositivo": "2026-09-26T15:59:52+00:00"}
[2026-09-26 11:00:53] TX Python SDK azure-iot-device (MQTT sobre WebSockets 443) -> {"tempPasillo": 20.01, "humedadPasillo": 54.08, "deltaPresionPa": 19.2, "tsDispositivo": "2026-09-26T16:00:53+00:00"}
[2026-09-26 11:01:53] TX Python SDK azure-iot-device (MQTT sobre WebSockets 443) -> {"tempPasillo": 20.37, "humedadPasillo": 54.24, "deltaPresionPa": 18.2, "tsDispositivo": "2026-09-26T16:01:53+00:00"}
[2026-09-26 11:02:53] TX Python SDK azure-iot-device (MQTT sobre WebSockets 443) -> {"tempPasillo": 20.44, "humedadPasillo": 53.9, "deltaPresionPa": 20.3, "tsDispositivo": "2026-09-26T16:02:53+00:00"}
[2026-09-26 11:03:54] TX Python SDK azure-iot-device (MQTT sobre WebSockets 443) -> {"tempPasillo": 19.88, "humedadPasillo": 53.3, "deltaPresionPa": 19.6, "tsDispositivo": "2026-09-26T16:03:53+00:00"}
[2026-09-26 11:04:54] TX Python SDK azure-iot-device (MQTT sobre WebSockets 443) -> {"tempPasillo": 19.89, "humedadPasillo": 54.39, "deltaPresionPa": 19.5, "tsDispositivo": "2026-09-26T16:04:54+00:00"}
[2026-09-26 11:05:54] TX Python SDK azure-iot-device (MQTT sobre WebSockets 443) -> {"tempPasillo": 19.98, "humedadPasillo": 54.96, "deltaPresionPa": 20.2, "tsDispositivo": "2026-09-26T16:05:54+00:00"}
[2026-09-26 11:06:54] TX Python SDK azure-iot-device (MQTT sobre WebSockets 443) -> {"tempPasillo": 20.38, "humedadPasillo": 54.41, "deltaPresionPa": 17.3, "tsDispositivo": "2026-09-26T16:06:54+00:00"}
[2026-09-26 11:07:54] TX Python SDK azure-iot-device (MQTT sobre WebSockets 443) -> {"tempPasillo": 20.34, "humedadPasillo": 53.06, "deltaPresionPa": 17.8, "tsDispositivo": "2026-09-26T16:07:54+00:00"}
[2026-09-26 11:09:01] TX Python SDK azure-iot-device (MQTT sobre WebSockets 443) -> {"tempPasillo": 20.37, "humedadPasillo": 54.36, "deltaPresionPa": 20.4, "tsDispositivo": "2026-09-26T16:08:57+00:00"}
[2026-09-26 11:10:04] TX Python SDK azure-iot-device (MQTT sobre WebSockets 443) -> {"tempPasillo": 20.3, "humedadPasillo": 53.39, "deltaPresionPa": 21.5, "tsDispositivo": "2026-09-26T16:10:02+00:00"}
[2026-09-26 11:11:05] TX Python SDK azure-iot-device (MQTT sobre WebSockets 443) -> {"tempPasillo": 20.24, "humedadPasillo": 54.16, "deltaPresionPa": 18.2, "tsDispositivo": "2026-09-26T16:11:04+00:00"}
[2026-09-26 11:12:05] TX Python SDK azure-iot-device (MQTT sobre WebSockets 443) -> {"tempPasillo": 20.32, "humedadPasillo": 53.4, "deltaPresionPa": 20.7, "tsDispositivo": "2026-09-26T16:12:05+00:00"}
[2026-09-26 11:13:05] TX Python SDK azure-iot-device (MQTT sobre WebSockets 443) -> {"tempPasillo": 19.9, "humedadPasillo": 54.59, "deltaPresionPa": 20.0, "tsDispositivo": "2026-09-26T16:13:05+00:00"}
[2026-09-26 11:14:06] TX Python SDK azure-iot-device (MQTT sobre WebSockets 443) -> {"tempPasillo": 19.98, "humedadPasillo": 53.0, "deltaPresionPa": 19.8, "tsDispositivo": "2026-09-26T16:14:05+00:00"}
[2026-09-26 11:15:07] TX Python SDK azure-iot-device (MQTT sobre WebSockets 443) -> {"tempPasillo": 20.12, "humedadPasillo": 54.42, "deltaPresionPa": 20.1, "tsDispositivo": "2026-09-26T16:15:07+00:00"}
[2026-09-26 11:16:08] TX Python SDK azure-iot-device (MQTT sobre WebSockets 443) -> {"tempPasillo": 20.01, "humedadPasillo": 53.85, "deltaPresionPa": 19.0, "tsDispositivo": "2026-09-26T16:16:08+00:00"}
[2026-09-26 11:17:09] TX Python SDK azure-iot-device (MQTT sobre WebSockets 443) -> {"tempPasillo": 19.98, "humedadPasillo": 54.79, "deltaPresionPa": 19.5, "tsDispositivo": "2026-09-26T16:17:08+00:00"}
[2026-09-26 11:18:09] TX Python SDK azure-iot-device (MQTT sobre WebSockets 443) -> {"tempPasillo": 20.26, "humedadPasillo": 53.22, "deltaPresionPa": 18.7, "tsDispositivo": "2026-09-26T16:18:09+00:00"}
[2026-09-26 11:19:09] TX Python SDK azure-iot-device (MQTT sobre WebSockets 443) -> {"tempPasillo": 20.05, "humedadPasillo": 53.16, "deltaPresionPa": 16.8, "tsDispositivo": "2026-09-26T16:19:09+00:00"}
[2026-09-26 11:20:10] TX Python SDK azure-iot-device (MQTT sobre WebSockets 443) -> {"tempPasillo": 20.37, "humedadPasillo": 54.78, "deltaPresionPa": 21.5, "tsDispositivo": "2026-09-26T16:20:09+00:00"}
[2026-09-26 11:21:10] TX Python SDK azure-iot-device (MQTT sobre WebSockets 443) -> {"tempPasillo": 19.94, "humedadPasillo": 53.02, "deltaPresionPa": 18.0, "tsDispositivo": "2026-09-26T16:21:10+00:00"}
[2026-09-26 11:22:10] TX Python SDK azure-iot-device (MQTT sobre WebSockets 443) -> {"tempPasillo": 20.38, "humedadPasillo": 53.94, "deltaPresionPa": 21.2, "tsDispositivo": "2026-09-26T16:22:10+00:00"}
[2026-09-26 11:23:10] TX Python SDK azure-iot-device (MQTT sobre WebSockets 443) -> {"tempPasillo": 19.94, "humedadPasillo": 54.75, "deltaPresionPa": 18.7, "tsDispositivo": "2026-09-26T16:23:10+00:00"}
[2026-09-26 11:24:10] TX Python SDK azure-iot-device (MQTT sobre WebSockets 443) -> {"tempPasillo": 20.11, "humedadPasillo": 54.45, "deltaPresionPa": 20.9, "tsDispositivo": "2026-09-26T16:24:10+00:00"}
[2026-09-26 11:25:11] TX Python SDK azure-iot-device (MQTT sobre WebSockets 443) -> {"tempPasillo": 20.08, "humedadPasillo": 53.65, "deltaPresionPa": 21.7, "tsDispositivo": "2026-09-26T16:25:10+00:00"}
[2026-09-26 11:26:11] TX Python SDK azure-iot-device (MQTT sobre WebSockets 443) -> {"tempPasillo": 19.89, "humedadPasillo": 53.05, "deltaPresionPa": 20.4, "tsDispositivo": "2026-09-26T16:26:11+00:00"}
[2026-09-26 11:27:11] TX Python SDK azure-iot-device (MQTT sobre WebSockets 443) -> {"tempPasillo": 20.05, "humedadPasillo": 53.41, "deltaPresionPa": 19.7, "tsDispositivo": "2026-09-26T16:27:11+00:00"}
[2026-09-26 11:28:11] TX Python SDK azure-iot-device (MQTT sobre WebSockets 443) -> {"tempPasillo": 20.17, "humedadPasillo": 54.56, "deltaPresionPa": 19.8, "tsDispositivo": "2026-09-26T16:28:11+00:00"}
[2026-09-26 11:29:11] TX Python SDK azure-iot-device (MQTT sobre WebSockets 443) -> {"tempPasillo": 20.11, "humedadPasillo": 54.81, "deltaPresionPa": 21.3, "tsDispositivo": "2026-09-26T16:29:11+00:00"}
[2026-09-26 11:30:12] TX Python SDK azure-iot-device (MQTT sobre WebSockets 443) -> {"tempPasillo": 20.36, "humedadPasillo": 54.95, "deltaPresionPa": 21.6, "tsDispositivo": "2026-09-26T16:30:11+00:00"}
[2026-09-26 11:31:12] TX Python SDK azure-iot-device (MQTT sobre WebSockets 443) -> {"tempPasillo": 19.93, "humedadPasillo": 54.43, "deltaPresionPa": 21.3, "tsDispositivo": "2026-09-26T16:31:12+00:00"}
[2026-09-26 11:32:12] TX Python SDK azure-iot-device (MQTT sobre WebSockets 443) -> {"tempPasillo": 20.34, "humedadPasillo": 54.94, "deltaPresionPa": 18.5, "tsDispositivo": "2026-09-26T16:32:12+00:00"}
[2026-09-26 11:33:12] TX Python SDK azure-iot-device (MQTT sobre WebSockets 443) -> {"tempPasillo": 20.14, "humedadPasillo": 53.5, "deltaPresionPa": 21.6, "tsDispositivo": "2026-09-26T16:33:12+00:00"}
[2026-09-26 11:34:12] TX Python SDK azure-iot-device (MQTT sobre WebSockets 443) -> {"tempPasillo": 19.93, "humedadPasillo": 53.79, "deltaPresionPa": 20.2, "tsDispositivo": "2026-09-26T16:34:12+00:00"}
[2026-09-26 11:35:13] TX Python SDK azure-iot-device (MQTT sobre WebSockets 443) -> {"tempPasillo": 20.0, "humedadPasillo": 53.32, "deltaPresionPa": 21.0, "tsDispositivo": "2026-09-26T16:35:12+00:00"}
[2026-09-26 11:36:13] TX Python SDK azure-iot-device (MQTT sobre WebSockets 443) -> {"tempPasillo": 20.45, "humedadPasillo": 53.32, "deltaPresionPa": 17.4, "tsDispositivo": "2026-09-26T16:36:13+00:00"}
[2026-09-26 11:37:13] TX Python SDK azure-iot-device (MQTT sobre WebSockets 443) -> {"tempPasillo": 20.43, "humedadPasillo": 53.23, "deltaPresionPa": 18.6, "tsDispositivo": "2026-09-26T16:37:13+00:00"}
[2026-09-26 11:38:13] TX Python SDK azure-iot-device (MQTT sobre WebSockets 443) -> {"tempPasillo": 20.38, "humedadPasillo": 53.36, "deltaPresionPa": 20.7, "tsDispositivo": "2026-09-26T16:38:13+00:00"}
[2026-09-26 11:39:13] TX Python SDK azure-iot-device (MQTT sobre WebSockets 443) -> {"tempPasillo": 20.2, "humedadPasillo": 53.14, "deltaPresionPa": 18.0, "tsDispositivo": "2026-09-26T16:39:13+00:00"}
[2026-09-26 11:40:14] TX Python SDK azure-iot-device (MQTT sobre WebSockets 443) -> {"tempPasillo": 19.98, "humedadPasillo": 54.39, "deltaPresionPa": 20.9, "tsDispositivo": "2026-09-26T16:40:13+00:00"}
[2026-09-26 11:41:14] TX Python SDK azure-iot-device (MQTT sobre WebSockets 443) -> {"tempPasillo": 19.92, "humedadPasillo": 53.32, "deltaPresionPa": 18.1, "tsDispositivo": "2026-09-26T16:41:14+00:00"}
[2026-09-26 11:42:14] TX Python SDK azure-iot-device (MQTT sobre WebSockets 443) -> {"tempPasillo": 20.21, "humedadPasillo": 54.29, "deltaPresionPa": 17.9, "tsDispositivo": "2026-09-26T16:42:14+00:00"}
[2026-09-26 11:43:14] TX Python SDK azure-iot-device (MQTT sobre WebSockets 443) -> {"tempPasillo": 19.95, "humedadPasillo": 54.69, "deltaPresionPa": 20.2, "tsDispositivo": "2026-09-26T16:43:14+00:00"}
[2026-09-26 11:44:14] TX Python SDK azure-iot-device (MQTT sobre WebSockets 443) -> {"tempPasillo": 20.44, "humedadPasillo": 53.85, "deltaPresionPa": 18.7, "tsDispositivo": "2026-09-26T16:44:14+00:00"}
[2026-09-26 11:45:15] TX Python SDK azure-iot-device (MQTT sobre WebSockets 443) -> {"tempPasillo": 20.07, "humedadPasillo": 52.96, "deltaPresionPa": 20.8, "tsDispositivo": "2026-09-26T16:45:14+00:00"}
[2026-09-26 11:46:15] TX Python SDK azure-iot-device (MQTT sobre WebSockets 443) -> {"tempPasillo": 20.11, "humedadPasillo": 52.97, "deltaPresionPa": 17.5, "tsDispositivo": "2026-09-26T16:46:15+00:00"}
[2026-09-26 11:47:15] TX Python SDK azure-iot-device (MQTT sobre WebSockets 443) -> {"tempPasillo": 20.0, "humedadPasillo": 54.08, "deltaPresionPa": 20.4, "tsDispositivo": "2026-09-26T16:47:15+00:00"}
[2026-09-26 11:48:15] TX Python SDK azure-iot-device (MQTT sobre WebSockets 443) -> {"tempPasillo": 19.99, "humedadPasillo": 53.67, "deltaPresionPa": 17.9, "tsDispositivo": "2026-09-26T16:48:15+00:00"}
[2026-09-26 11:49:15] TX Python SDK azure-iot-device (MQTT sobre WebSockets 443) -> {"tempPasillo": 20.03, "humedadPasillo": 54.15, "deltaPresionPa": 18.1, "tsDispositivo": "2026-09-26T16:49:15+00:00"}
[2026-09-26 11:50:16] TX Python SDK azure-iot-device (MQTT sobre WebSockets 443) -> {"tempPasillo": 19.98, "humedadPasillo": 54.04, "deltaPresionPa": 17.7, "tsDispositivo": "2026-09-26T16:50:15+00:00"}
[2026-09-26 11:51:16] TX Python SDK azure-iot-device (MQTT sobre WebSockets 443) -> {"tempPasillo": 19.94, "humedadPasillo": 53.4, "deltaPresionPa": 19.8, "tsDispositivo": "2026-09-26T16:51:16+00:00"}
[2026-09-26 11:52:17] TX Python SDK azure-iot-device (MQTT sobre WebSockets 443) -> {"tempPasillo": 20.05, "humedadPasillo": 54.59, "deltaPresionPa": 21.5, "tsDispositivo": "2026-09-26T16:52:16+00:00"}
[2026-09-26 11:53:17] TX Python SDK azure-iot-device (MQTT sobre WebSockets 443) -> {"tempPasillo": 20.22, "humedadPasillo": 54.19, "deltaPresionPa": 17.1, "tsDispositivo": "2026-09-26T16:53:17+00:00"}
[2026-09-26 11:54:18] TX Python SDK azure-iot-device (MQTT sobre WebSockets 443) -> {"tempPasillo": 20.43, "humedadPasillo": 54.31, "deltaPresionPa": 21.1, "tsDispositivo": "2026-09-26T16:54:17+00:00"}
[2026-09-26 11:55:18] TX Python SDK azure-iot-device (MQTT sobre WebSockets 443) -> {"tempPasillo": 20.29, "humedadPasillo": 54.83, "deltaPresionPa": 18.3, "tsDispositivo": "2026-09-26T16:55:18+00:00"}
[2026-09-26 11:56:19] TX Python SDK azure-iot-device (MQTT sobre WebSockets 443) -> {"tempPasillo": 20.04, "humedadPasillo": 54.59, "deltaPresionPa": 20.2, "tsDispositivo": "2026-09-26T16:56:18+00:00"}
[2026-09-26 11:57:19] TX Python SDK azure-iot-device (MQTT sobre WebSockets 443) -> {"tempPasillo": 20.48, "humedadPasillo": 53.7, "deltaPresionPa": 20.1, "tsDispositivo": "2026-09-26T16:57:19+00:00"}
[2026-09-26 11:58:19] TX Python SDK azure-iot-device (MQTT sobre WebSockets 443) -> {"tempPasillo": 20.24, "humedadPasillo": 54.16, "deltaPresionPa": 18.4, "tsDispositivo": "2026-09-26T16:58:19+00:00"}
[2026-09-26 11:59:20] TX Python SDK azure-iot-device (MQTT sobre WebSockets 443) -> {"tempPasillo": 20.34, "humedadPasillo": 54.41, "deltaPresionPa": 20.3, "tsDispositivo": "2026-09-26T16:59:19+00:00"}
[2026-09-26 12:00:20] TX Python SDK azure-iot-device (MQTT sobre WebSockets 443) -> {"tempPasillo": 20.26, "humedadPasillo": 53.77, "deltaPresionPa": 21.2, "tsDispositivo": "2026-09-26T17:00:20+00:00"}
[2026-09-26 12:01:20] TX Python SDK azure-iot-device (MQTT sobre WebSockets 443) -> {"tempPasillo": 20.02, "humedadPasillo": 53.07, "deltaPresionPa": 20.6, "tsDispositivo": "2026-09-26T17:01:20+00:00"}
[2026-09-26 12:02:20] TX Python SDK azure-iot-device (MQTT sobre WebSockets 443) -> {"tempPasillo": 19.94, "humedadPasillo": 53.54, "deltaPresionPa": 18.4, "tsDispositivo": "2026-09-26T17:02:20+00:00"}
[2026-09-26 12:03:20] TX Python SDK azure-iot-device (MQTT sobre WebSockets 443) -> {"tempPasillo": 20.37, "humedadPasillo": 54.14, "deltaPresionPa": 18.5, "tsDispositivo": "2026-09-26T17:03:20+00:00"}
[2026-09-26 12:04:25] TX Python SDK azure-iot-device (MQTT sobre WebSockets 443) -> {"tempPasillo": 20.01, "humedadPasillo": 54.0, "deltaPresionPa": 17.7, "tsDispositivo": "2026-09-26T17:04:20+00:00"}
[2026-09-26 12:05:26] TX Python SDK azure-iot-device (MQTT sobre WebSockets 443) -> {"tempPasillo": 20.06, "humedadPasillo": 53.74, "deltaPresionPa": 18.5, "tsDispositivo": "2026-09-26T17:05:25+00:00"}
[2026-09-26 12:06:26] TX Python SDK azure-iot-device (MQTT sobre WebSockets 443) -> {"tempPasillo": 20.26, "humedadPasillo": 53.3, "deltaPresionPa": 20.6, "tsDispositivo": "2026-09-26T17:06:26+00:00"}
[2026-09-26 12:07:26] TX Python SDK azure-iot-device (MQTT sobre WebSockets 443) -> {"tempPasillo": 20.25, "humedadPasillo": 53.68, "deltaPresionPa": 18.8, "tsDispositivo": "2026-09-26T17:07:26+00:00"}
[2026-09-26 12:08:26] TX Python SDK azure-iot-device (MQTT sobre WebSockets 443) -> {"tempPasillo": 20.29, "humedadPasillo": 54.56, "deltaPresionPa": 20.5, "tsDispositivo": "2026-09-26T17:08:26+00:00"}
[2026-09-26 12:09:27] TX Python SDK azure-iot-device (MQTT sobre WebSockets 443) -> {"tempPasillo": 20.37, "humedadPasillo": 53.7, "deltaPresionPa": 17.7, "tsDispositivo": "2026-09-26T17:09:26+00:00"}
[2026-09-26 12:10:27] TX Python SDK azure-iot-device (MQTT sobre WebSockets 443) -> {"tempPasillo": 20.33, "humedadPasillo": 53.29, "deltaPresionPa": 21.5, "tsDispositivo": "2026-09-26T17:10:27+00:00"}
[2026-09-26 12:11:27] TX Python SDK azure-iot-device (MQTT sobre WebSockets 443) -> {"tempPasillo": 20.15, "humedadPasillo": 54.61, "deltaPresionPa": 18.6, "tsDispositivo": "2026-09-26T17:11:27+00:00"}
[2026-09-26 12:12:27] TX Python SDK azure-iot-device (MQTT sobre WebSockets 443) -> {"tempPasillo": 20.1, "humedadPasillo": 53.05, "deltaPresionPa": 19.3, "tsDispositivo": "2026-09-26T17:12:27+00:00"}
[2026-09-26 12:13:28] TX Python SDK azure-iot-device (MQTT sobre WebSockets 443) -> {"tempPasillo": 19.98, "humedadPasillo": 53.06, "deltaPresionPa": 19.3, "tsDispositivo": "2026-09-26T17:13:27+00:00"}
[2026-09-26 12:14:28] TX Python SDK azure-iot-device (MQTT sobre WebSockets 443) -> {"tempPasillo": 20.12, "humedadPasillo": 54.34, "deltaPresionPa": 19.6, "tsDispositivo": "2026-09-26T17:14:28+00:00"}
[2026-09-26 12:15:28] TX Python SDK azure-iot-device (MQTT sobre WebSockets 443) -> {"tempPasillo": 20.35, "humedadPasillo": 53.02, "deltaPresionPa": 21.4, "tsDispositivo": "2026-09-26T17:15:28+00:00"}
[2026-09-26 12:16:28] TX Python SDK azure-iot-device (MQTT sobre WebSockets 443) -> {"tempPasillo": 19.95, "humedadPasillo": 53.64, "deltaPresionPa": 20.6, "tsDispositivo": "2026-09-26T17:16:28+00:00"}
[2026-09-26 12:17:28] TX Python SDK azure-iot-device (MQTT sobre WebSockets 443) -> {"tempPasillo": 19.97, "humedadPasillo": 54.44, "deltaPresionPa": 20.6, "tsDispositivo": "2026-09-26T17:17:28+00:00"}
[2026-09-26 12:18:29] TX Python SDK azure-iot-device (MQTT sobre WebSockets 443) -> {"tempPasillo": 20.11, "humedadPasillo": 52.99, "deltaPresionPa": 19.1, "tsDispositivo": "2026-09-26T17:18:28+00:00"}
[2026-09-26 12:19:29] TX Python SDK azure-iot-device (MQTT sobre WebSockets 443) -> {"tempPasillo": 20.06, "humedadPasillo": 54.69, "deltaPresionPa": 21.7, "tsDispositivo": "2026-09-26T17:19:29+00:00"}
[2026-09-26 12:20:29] TX Python SDK azure-iot-device (MQTT sobre WebSockets 443) -> {"tempPasillo": 20.48, "humedadPasillo": 54.19, "deltaPresionPa": 19.3, "tsDispositivo": "2026-09-26T17:20:29+00:00"}
[2026-09-26 12:21:29] TX Python SDK azure-iot-device (MQTT sobre WebSockets 443) -> {"tempPasillo": 20.52, "humedadPasillo": 54.7, "deltaPresionPa": 21.0, "tsDispositivo": "2026-09-26T17:21:29+00:00"}
[2026-09-26 12:22:29] TX Python SDK azure-iot-device (MQTT sobre WebSockets 443) -> {"tempPasillo": 20.32, "humedadPasillo": 53.7, "deltaPresionPa": 21.1, "tsDispositivo": "2026-09-26T17:22:29+00:00"}
[2026-09-26 12:23:30] TX Python SDK azure-iot-device (MQTT sobre WebSockets 443) -> {"tempPasillo": 19.99, "humedadPasillo": 53.49, "deltaPresionPa": 19.4, "tsDispositivo": "2026-09-26T17:23:30+00:00"}
[2026-09-26 12:24:30] TX Python SDK azure-iot-device (MQTT sobre WebSockets 443) -> {"tempPasillo": 19.93, "humedadPasillo": 54.6, "deltaPresionPa": 19.1, "tsDispositivo": "2026-09-26T17:24:30+00:00"}
[2026-09-26 12:25:30] TX Python SDK azure-iot-device (MQTT sobre WebSockets 443) -> {"tempPasillo": 20.34, "humedadPasillo": 54.23, "deltaPresionPa": 20.8, "tsDispositivo": "2026-09-26T17:25:30+00:00"}
[2026-09-26 12:26:30] TX Python SDK azure-iot-device (MQTT sobre WebSockets 443) -> {"tempPasillo": 20.03, "humedadPasillo": 53.24, "deltaPresionPa": 19.6, "tsDispositivo": "2026-09-26T17:26:30+00:00"}
[2026-09-26 12:27:31] TX Python SDK azure-iot-device (MQTT sobre WebSockets 443) -> {"tempPasillo": 19.97, "humedadPasillo": 54.58, "deltaPresionPa": 18.7, "tsDispositivo": "2026-09-26T17:27:30+00:00"}
[2026-09-26 12:28:31] TX Python SDK azure-iot-device (MQTT sobre WebSockets 443) -> {"tempPasillo": 19.93, "humedadPasillo": 53.41, "deltaPresionPa": 17.6, "tsDispositivo": "2026-09-26T17:28:31+00:00"}
[2026-09-26 12:29:31] TX Python SDK azure-iot-device (MQTT sobre WebSockets 443) -> {"tempPasillo": 20.51, "humedadPasillo": 54.08, "deltaPresionPa": 19.9, "tsDispositivo": "2026-09-26T17:29:31+00:00"}
[2026-09-26 12:30:31] TX Python SDK azure-iot-device (MQTT sobre WebSockets 443) -> {"tempPasillo": 20.22, "humedadPasillo": 54.3, "deltaPresionPa": 18.4, "tsDispositivo": "2026-09-26T17:30:31+00:00"}
[2026-09-26 12:31:31] TX Python SDK azure-iot-device (MQTT sobre WebSockets 443) -> {"tempPasillo": 20.09, "humedadPasillo": 54.41, "deltaPresionPa": 19.6, "tsDispositivo": "2026-09-26T17:31:31+00:00"}
[2026-09-26 12:32:32] TX Python SDK azure-iot-device (MQTT sobre WebSockets 443) -> {"tempPasillo": 20.48, "humedadPasillo": 53.91, "deltaPresionPa": 20.8, "tsDispositivo": "2026-09-26T17:32:31+00:00"}
[2026-09-26 12:33:32] TX Python SDK azure-iot-device (MQTT sobre WebSockets 443) -> {"tempPasillo": 20.51, "humedadPasillo": 53.54, "deltaPresionPa": 21.0, "tsDispositivo": "2026-09-26T17:33:32+00:00"}
[2026-09-26 12:34:32] TX Python SDK azure-iot-device (MQTT sobre WebSockets 443) -> {"tempPasillo": 19.99, "humedadPasillo": 53.79, "deltaPresionPa": 20.8, "tsDispositivo": "2026-09-26T17:34:32+00:00"}
[2026-09-26 12:35:32] TX Python SDK azure-iot-device (MQTT sobre WebSockets 443) -> {"tempPasillo": 20.45, "humedadPasillo": 53.89, "deltaPresionPa": 18.2, "tsDispositivo": "2026-09-26T17:35:32+00:00"}
[2026-09-26 12:36:32] TX Python SDK azure-iot-device (MQTT sobre WebSockets 443) -> {"tempPasillo": 19.98, "humedadPasillo": 53.77, "deltaPresionPa": 16.9, "tsDispositivo": "2026-09-26T17:36:32+00:00"}
[2026-09-26 12:37:33] TX Python SDK azure-iot-device (MQTT sobre WebSockets 443) -> {"tempPasillo": 20.41, "humedadPasillo": 52.86, "deltaPresionPa": 17.9, "tsDispositivo": "2026-09-26T17:37:32+00:00"}
[2026-09-26 12:38:33] TX Python SDK azure-iot-device (MQTT sobre WebSockets 443) -> {"tempPasillo": 20.2, "humedadPasillo": 53.63, "deltaPresionPa": 17.5, "tsDispositivo": "2026-09-26T17:38:33+00:00"}
[2026-09-26 12:39:33] TX Python SDK azure-iot-device (MQTT sobre WebSockets 443) -> {"tempPasillo": 20.45, "humedadPasillo": 54.03, "deltaPresionPa": 18.1, "tsDispositivo": "2026-09-26T17:39:33+00:00"}
[2026-09-26 12:40:33] TX Python SDK azure-iot-device (MQTT sobre WebSockets 443) -> {"tempPasillo": 20.3, "humedadPasillo": 53.12, "deltaPresionPa": 20.8, "tsDispositivo": "2026-09-26T17:40:33+00:00"}
[2026-09-26 12:41:34] TX Python SDK azure-iot-device (MQTT sobre WebSockets 443) -> {"tempPasillo": 20.28, "humedadPasillo": 53.2, "deltaPresionPa": 19.5, "tsDispositivo": "2026-09-26T17:41:33+00:00"}
[2026-09-26 12:42:34] TX Python SDK azure-iot-device (MQTT sobre WebSockets 443) -> {"tempPasillo": 20.07, "humedadPasillo": 52.74, "deltaPresionPa": 19.0, "tsDispositivo": "2026-09-26T17:42:34+00:00"}
[2026-09-26 12:43:34] TX Python SDK azure-iot-device (MQTT sobre WebSockets 443) -> {"tempPasillo": 20.14, "humedadPasillo": 53.42, "deltaPresionPa": 20.3, "tsDispositivo": "2026-09-26T17:43:34+00:00"}
[2026-09-26 12:44:34] TX Python SDK azure-iot-device (MQTT sobre WebSockets 443) -> {"tempPasillo": 20.37, "humedadPasillo": 52.92, "deltaPresionPa": 18.3, "tsDispositivo": "2026-09-26T17:44:34+00:00"}
[2026-09-26 12:45:34] TX Python SDK azure-iot-device (MQTT sobre WebSockets 443) -> {"tempPasillo": 20.26, "humedadPasillo": 53.21, "deltaPresionPa": 20.6, "tsDispositivo": "2026-09-26T17:45:34+00:00"}
[2026-09-26 12:46:35] TX Python SDK azure-iot-device (MQTT sobre WebSockets 443) -> {"tempPasillo": 20.08, "humedadPasillo": 53.39, "deltaPresionPa": 18.5, "tsDispositivo": "2026-09-26T17:46:34+00:00"}
[2026-09-26 12:47:35] TX Python SDK azure-iot-device (MQTT sobre WebSockets 443) -> {"tempPasillo": 20.38, "humedadPasillo": 53.28, "deltaPresionPa": 21.9, "tsDispositivo": "2026-09-26T17:47:35+00:00"}
[2026-09-26 12:48:35] TX Python SDK azure-iot-device (MQTT sobre WebSockets 443) -> {"tempPasillo": 20.09, "humedadPasillo": 53.6, "deltaPresionPa": 17.6, "tsDispositivo": "2026-09-26T17:48:35+00:00"}
[2026-09-26 12:49:37] TX Python SDK azure-iot-device (MQTT sobre WebSockets 443) -> {"tempPasillo": 20.09, "humedadPasillo": 53.77, "deltaPresionPa": 18.3, "tsDispositivo": "2026-09-26T17:49:35+00:00"}
[2026-09-26 12:50:43] TX Python SDK azure-iot-device (MQTT sobre WebSockets 443) -> {"tempPasillo": 20.03, "humedadPasillo": 52.67, "deltaPresionPa": 18.8, "tsDispositivo": "2026-09-26T17:50:43+00:00"}
[2026-09-26 12:51:43] TX Python SDK azure-iot-device (MQTT sobre WebSockets 443) -> {"tempPasillo": 20.14, "humedadPasillo": 53.14, "deltaPresionPa": 17.3, "tsDispositivo": "2026-09-26T17:51:43+00:00"}
[2026-09-26 12:52:43] TX Python SDK azure-iot-device (MQTT sobre WebSockets 443) -> {"tempPasillo": 20.27, "humedadPasillo": 53.15, "deltaPresionPa": 17.5, "tsDispositivo": "2026-09-26T17:52:43+00:00"}
[2026-09-26 12:53:44] TX Python SDK azure-iot-device (MQTT sobre WebSockets 443) -> {"tempPasillo": 20.04, "humedadPasillo": 53.6, "deltaPresionPa": 18.4, "tsDispositivo": "2026-09-26T17:53:44+00:00"}
[2026-09-26 12:54:44] TX Python SDK azure-iot-device (MQTT sobre WebSockets 443) -> {"tempPasillo": 20.15, "humedadPasillo": 54.31, "deltaPresionPa": 19.7, "tsDispositivo": "2026-09-26T17:54:44+00:00"}
[2026-09-26 12:55:44] TX Python SDK azure-iot-device (MQTT sobre WebSockets 443) -> {"tempPasillo": 20.31, "humedadPasillo": 53.73, "deltaPresionPa": 21.3, "tsDispositivo": "2026-09-26T17:55:44+00:00"}
[2026-09-26 12:56:44] TX Python SDK azure-iot-device (MQTT sobre WebSockets 443) -> {"tempPasillo": 19.99, "humedadPasillo": 52.93, "deltaPresionPa": 19.4, "tsDispositivo": "2026-09-26T17:56:44+00:00"}
[2026-09-26 12:57:45] TX Python SDK azure-iot-device (MQTT sobre WebSockets 443) -> {"tempPasillo": 20.05, "humedadPasillo": 53.17, "deltaPresionPa": 17.5, "tsDispositivo": "2026-09-26T17:57:44+00:00"}
[2026-09-26 12:58:45] TX Python SDK azure-iot-device (MQTT sobre WebSockets 443) -> {"tempPasillo": 20.43, "humedadPasillo": 53.51, "deltaPresionPa": 18.0, "tsDispositivo": "2026-09-26T17:58:45+00:00"}
[2026-09-26 12:59:45] TX Python SDK azure-iot-device (MQTT sobre WebSockets 443) -> {"tempPasillo": 20.03, "humedadPasillo": 53.32, "deltaPresionPa": 21.2, "tsDispositivo": "2026-09-26T17:59:45+00:00"}
[2026-09-26 13:00:45] TX Python SDK azure-iot-device (MQTT sobre WebSockets 443) -> {"tempPasillo": 20.4, "humedadPasillo": 54.22, "deltaPresionPa": 19.5, "tsDispositivo": "2026-09-26T18:00:45+00:00"}
[2026-09-26 13:01:46] TX Python SDK azure-iot-device (MQTT sobre WebSockets 443) -> {"tempPasillo": 20.11, "humedadPasillo": 52.49, "deltaPresionPa": 18.7, "tsDispositivo": "2026-09-26T18:01:45+00:00"}
[2026-09-26 13:02:46] TX Python SDK azure-iot-device (MQTT sobre WebSockets 443) -> {"tempPasillo": 20.2, "humedadPasillo": 53.47, "deltaPresionPa": 20.3, "tsDispositivo": "2026-09-26T18:02:46+00:00"}
[2026-09-26 13:03:46] TX Python SDK azure-iot-device (MQTT sobre WebSockets 443) -> {"tempPasillo": 20.24, "humedadPasillo": 52.48, "deltaPresionPa": 21.6, "tsDispositivo": "2026-09-26T18:03:46+00:00"}
[2026-09-26 13:04:46] TX Python SDK azure-iot-device (MQTT sobre WebSockets 443) -> {"tempPasillo": 20.13, "humedadPasillo": 53.44, "deltaPresionPa": 18.4, "tsDispositivo": "2026-09-26T18:04:46+00:00"}
[2026-09-26 13:05:47] TX Python SDK azure-iot-device (MQTT sobre WebSockets 443) -> {"tempPasillo": 20.46, "humedadPasillo": 52.92, "deltaPresionPa": 20.0, "tsDispositivo": "2026-09-26T18:05:46+00:00"}
[2026-09-26 13:06:47] TX Python SDK azure-iot-device (MQTT sobre WebSockets 443) -> {"tempPasillo": 20.06, "humedadPasillo": 52.76, "deltaPresionPa": 21.2, "tsDispositivo": "2026-09-26T18:06:47+00:00"}
[2026-09-26 13:07:48] TX Python SDK azure-iot-device (MQTT sobre WebSockets 443) -> {"tempPasillo": 19.95, "humedadPasillo": 53.32, "deltaPresionPa": 17.2, "tsDispositivo": "2026-09-26T18:07:47+00:00"}
[2026-09-26 13:08:48] TX Python SDK azure-iot-device (MQTT sobre WebSockets 443) -> {"tempPasillo": 20.52, "humedadPasillo": 52.86, "deltaPresionPa": 18.6, "tsDispositivo": "2026-09-26T18:08:48+00:00"}
[2026-09-26 13:09:49] TX Python SDK azure-iot-device (MQTT sobre WebSockets 443) -> {"tempPasillo": 20.11, "humedadPasillo": 54.2, "deltaPresionPa": 21.2, "tsDispositivo": "2026-09-26T18:09:48+00:00"}
[2026-09-26 13:10:49] TX Python SDK azure-iot-device (MQTT sobre WebSockets 443) -> {"tempPasillo": 20.21, "humedadPasillo": 54.32, "deltaPresionPa": 20.6, "tsDispositivo": "2026-09-26T18:10:49+00:00"}
[2026-09-26 13:11:49] TX Python SDK azure-iot-device (MQTT sobre WebSockets 443) -> {"tempPasillo": 20.11, "humedadPasillo": 52.52, "deltaPresionPa": 18.0, "tsDispositivo": "2026-09-26T18:11:49+00:00"}
[2026-09-26 13:12:49] TX Python SDK azure-iot-device (MQTT sobre WebSockets 443) -> {"tempPasillo": 20.1, "humedadPasillo": 53.21, "deltaPresionPa": 20.8, "tsDispositivo": "2026-09-26T18:12:49+00:00"}
[2026-09-26 13:13:49] TX Python SDK azure-iot-device (MQTT sobre WebSockets 443) -> {"tempPasillo": 19.94, "humedadPasillo": 52.44, "deltaPresionPa": 19.2, "tsDispositivo": "2026-09-26T18:13:49+00:00"}
[2026-09-26 13:14:50] TX Python SDK azure-iot-device (MQTT sobre WebSockets 443) -> {"tempPasillo": 19.94, "humedadPasillo": 54.02, "deltaPresionPa": 22.0, "tsDispositivo": "2026-09-26T18:14:49+00:00"}
[2026-09-26 13:15:50] TX Python SDK azure-iot-device (MQTT sobre WebSockets 443) -> {"tempPasillo": 20.09, "humedadPasillo": 53.22, "deltaPresionPa": 19.2, "tsDispositivo": "2026-09-26T18:15:50+00:00"}
[2026-09-26 13:16:50] TX Python SDK azure-iot-device (MQTT sobre WebSockets 443) -> {"tempPasillo": 20.21, "humedadPasillo": 54.09, "deltaPresionPa": 21.5, "tsDispositivo": "2026-09-26T18:16:50+00:00"}
[2026-09-26 13:17:50] TX Python SDK azure-iot-device (MQTT sobre WebSockets 443) -> {"tempPasillo": 20.2, "humedadPasillo": 53.65, "deltaPresionPa": 17.8, "tsDispositivo": "2026-09-26T18:17:50+00:00"}
[2026-09-26 13:18:50] TX Python SDK azure-iot-device (MQTT sobre WebSockets 443) -> {"tempPasillo": 20.28, "humedadPasillo": 52.79, "deltaPresionPa": 19.4, "tsDispositivo": "2026-09-26T18:18:50+00:00"}
[2026-09-26 13:19:51] TX Python SDK azure-iot-device (MQTT sobre WebSockets 443) -> {"tempPasillo": 20.26, "humedadPasillo": 53.79, "deltaPresionPa": 19.6, "tsDispositivo": "2026-09-26T18:19:50+00:00"}
[2026-09-26 13:20:51] TX Python SDK azure-iot-device (MQTT sobre WebSockets 443) -> {"tempPasillo": 20.43, "humedadPasillo": 53.72, "deltaPresionPa": 17.7, "tsDispositivo": "2026-09-26T18:20:51+00:00"}
[2026-09-26 13:21:51] TX Python SDK azure-iot-device (MQTT sobre WebSockets 443) -> {"tempPasillo": 20.51, "humedadPasillo": 54.19, "deltaPresionPa": 18.0, "tsDispositivo": "2026-09-26T18:21:51+00:00"}
[2026-09-26 13:22:51] TX Python SDK azure-iot-device (MQTT sobre WebSockets 443) -> {"tempPasillo": 20.3, "humedadPasillo": 53.81, "deltaPresionPa": 17.6, "tsDispositivo": "2026-09-26T18:22:51+00:00"}
[2026-09-26 13:23:51] TX Python SDK azure-iot-device (MQTT sobre WebSockets 443) -> {"tempPasillo": 20.19, "humedadPasillo": 54.22, "deltaPresionPa": 20.2, "tsDispositivo": "2026-09-26T18:23:51+00:00"}
[2026-09-26 13:24:52] TX Python SDK azure-iot-device (MQTT sobre WebSockets 443) -> {"tempPasillo": 20.47, "humedadPasillo": 53.56, "deltaPresionPa": 18.0, "tsDispositivo": "2026-09-26T18:24:51+00:00"}
[2026-09-26 13:25:52] TX Python SDK azure-iot-device (MQTT sobre WebSockets 443) -> {"tempPasillo": 20.38, "humedadPasillo": 53.02, "deltaPresionPa": 21.9, "tsDispositivo": "2026-09-26T18:25:52+00:00"}
[2026-09-26 13:26:52] TX Python SDK azure-iot-device (MQTT sobre WebSockets 443) -> {"tempPasillo": 20.09, "humedadPasillo": 52.72, "deltaPresionPa": 20.9, "tsDispositivo": "2026-09-26T18:26:52+00:00"}
[2026-09-26 13:27:52] TX Python SDK azure-iot-device (MQTT sobre WebSockets 443) -> {"tempPasillo": 20.5, "humedadPasillo": 54.04, "deltaPresionPa": 18.9, "tsDispositivo": "2026-09-26T18:27:52+00:00"}
[2026-09-26 13:28:52] TX Python SDK azure-iot-device (MQTT sobre WebSockets 443) -> {"tempPasillo": 20.11, "humedadPasillo": 53.43, "deltaPresionPa": 20.6, "tsDispositivo": "2026-09-26T18:28:52+00:00"}
[2026-09-26 13:29:53] TX Python SDK azure-iot-device (MQTT sobre WebSockets 443) -> {"tempPasillo": 20.07, "humedadPasillo": 52.36, "deltaPresionPa": 21.6, "tsDispositivo": "2026-09-26T18:29:52+00:00"}
[2026-09-26 13:30:53] TX Python SDK azure-iot-device (MQTT sobre WebSockets 443) -> {"tempPasillo": 20.21, "humedadPasillo": 52.73, "deltaPresionPa": 20.2, "tsDispositivo": "2026-09-26T18:30:53+00:00"}
[2026-09-26 13:31:53] TX Python SDK azure-iot-device (MQTT sobre WebSockets 443) -> {"tempPasillo": 20.06, "humedadPasillo": 52.93, "deltaPresionPa": 18.3, "tsDispositivo": "2026-09-26T18:31:53+00:00"}
[2026-09-26 13:32:53] TX Python SDK azure-iot-device (MQTT sobre WebSockets 443) -> {"tempPasillo": 20.09, "humedadPasillo": 52.94, "deltaPresionPa": 21.4, "tsDispositivo": "2026-09-26T18:32:53+00:00"}
[2026-09-26 13:33:57] TX Python SDK azure-iot-device (MQTT sobre WebSockets 443) -> {"tempPasillo": 20.27, "humedadPasillo": 52.38, "deltaPresionPa": 19.2, "tsDispositivo": "2026-09-26T18:33:55+00:00"}
[2026-09-26 13:34:57] TX Python SDK azure-iot-device (MQTT sobre WebSockets 443) -> {"tempPasillo": 20.16, "humedadPasillo": 52.46, "deltaPresionPa": 18.9, "tsDispositivo": "2026-09-26T18:34:57+00:00"}
[2026-09-26 13:35:59] TX Python SDK azure-iot-device (MQTT sobre WebSockets 443) -> {"tempPasillo": 20.34, "humedadPasillo": 52.91, "deltaPresionPa": 18.2, "tsDispositivo": "2026-09-26T18:35:58+00:00"}
[2026-09-26 13:37:01] TX Python SDK azure-iot-device (MQTT sobre WebSockets 443) -> {"tempPasillo": 20.09, "humedadPasillo": 53.98, "deltaPresionPa": 21.8, "tsDispositivo": "2026-09-26T18:37:01+00:00"}
[2026-09-26 13:38:02] TX Python SDK azure-iot-device (MQTT sobre WebSockets 443) -> {"tempPasillo": 20.54, "humedadPasillo": 52.29, "deltaPresionPa": 17.5, "tsDispositivo": "2026-09-26T18:38:01+00:00"}
[2026-09-26 13:39:02] TX Python SDK azure-iot-device (MQTT sobre WebSockets 443) -> {"tempPasillo": 20.5, "humedadPasillo": 53.0, "deltaPresionPa": 18.3, "tsDispositivo": "2026-09-26T18:39:02+00:00"}
[2026-09-26 13:40:02] TX Python SDK azure-iot-device (MQTT sobre WebSockets 443) -> {"tempPasillo": 20.46, "humedadPasillo": 52.41, "deltaPresionPa": 21.5, "tsDispositivo": "2026-09-26T18:40:02+00:00"}
[2026-09-26 13:41:02] TX Python SDK azure-iot-device (MQTT sobre WebSockets 443) -> {"tempPasillo": 20.04, "humedadPasillo": 52.72, "deltaPresionPa": 21.5, "tsDispositivo": "2026-09-26T18:41:02+00:00"}
[2026-09-26 13:42:02] TX Python SDK azure-iot-device (MQTT sobre WebSockets 443) -> {"tempPasillo": 20.28, "humedadPasillo": 53.67, "deltaPresionPa": 21.4, "tsDispositivo": "2026-09-26T18:42:02+00:00"}
[2026-09-26 13:43:03] TX Python SDK azure-iot-device (MQTT sobre WebSockets 443) -> {"tempPasillo": 20.15, "humedadPasillo": 53.74, "deltaPresionPa": 18.9, "tsDispositivo": "2026-09-26T18:43:02+00:00"}
[2026-09-26 13:44:03] TX Python SDK azure-iot-device (MQTT sobre WebSockets 443) -> {"tempPasillo": 20.06, "humedadPasillo": 52.8, "deltaPresionPa": 20.2, "tsDispositivo": "2026-09-26T18:44:03+00:00"}
[2026-09-26 13:45:03] TX Python SDK azure-iot-device (MQTT sobre WebSockets 443) -> {"tempPasillo": 20.0, "humedadPasillo": 53.09, "deltaPresionPa": 21.9, "tsDispositivo": "2026-09-26T18:45:03+00:00"}
[2026-09-26 13:46:03] TX Python SDK azure-iot-device (MQTT sobre WebSockets 443) -> {"tempPasillo": 20.18, "humedadPasillo": 52.96, "deltaPresionPa": 17.3, "tsDispositivo": "2026-09-26T18:46:03+00:00"}
[2026-09-26 13:47:03] TX Python SDK azure-iot-device (MQTT sobre WebSockets 443) -> {"tempPasillo": 20.44, "humedadPasillo": 53.63, "deltaPresionPa": 21.9, "tsDispositivo": "2026-09-26T18:47:03+00:00"}
[2026-09-26 13:48:03] TX Python SDK azure-iot-device (MQTT sobre WebSockets 443) -> {"tempPasillo": 20.05, "humedadPasillo": 52.55, "deltaPresionPa": 22.1, "tsDispositivo": "2026-09-26T18:48:03+00:00"}
[2026-09-26 13:49:04] TX Python SDK azure-iot-device (MQTT sobre WebSockets 443) -> {"tempPasillo": 20.12, "humedadPasillo": 52.9, "deltaPresionPa": 19.3, "tsDispositivo": "2026-09-26T18:49:03+00:00"}
[2026-09-26 13:50:04] TX Python SDK azure-iot-device (MQTT sobre WebSockets 443) -> {"tempPasillo": 20.37, "humedadPasillo": 53.05, "deltaPresionPa": 17.6, "tsDispositivo": "2026-09-26T18:50:04+00:00"}
[2026-09-26 13:51:04] TX Python SDK azure-iot-device (MQTT sobre WebSockets 443) -> {"tempPasillo": 20.48, "humedadPasillo": 53.69, "deltaPresionPa": 19.9, "tsDispositivo": "2026-09-26T18:51:04+00:00"}
[2026-09-26 13:52:04] TX Python SDK azure-iot-device (MQTT sobre WebSockets 443) -> {"tempPasillo": 20.14, "humedadPasillo": 52.6, "deltaPresionPa": 18.0, "tsDispositivo": "2026-09-26T18:52:04+00:00"}
[2026-09-26 13:53:04] TX Python SDK azure-iot-device (MQTT sobre WebSockets 443) -> {"tempPasillo": 20.53, "humedadPasillo": 53.06, "deltaPresionPa": 19.5, "tsDispositivo": "2026-09-26T18:53:04+00:00"}
[2026-09-26 13:54:05] TX Python SDK azure-iot-device (MQTT sobre WebSockets 443) -> {"tempPasillo": 19.98, "humedadPasillo": 52.4, "deltaPresionPa": 17.6, "tsDispositivo": "2026-09-26T18:54:04+00:00"}
[2026-09-26 13:55:05] TX Python SDK azure-iot-device (MQTT sobre WebSockets 443) -> {"tempPasillo": 20.08, "humedadPasillo": 52.69, "deltaPresionPa": 17.4, "tsDispositivo": "2026-09-26T18:55:05+00:00"}
[2026-09-26 13:56:05] TX Python SDK azure-iot-device (MQTT sobre WebSockets 443) -> {"tempPasillo": 20.05, "humedadPasillo": 53.43, "deltaPresionPa": 18.9, "tsDispositivo": "2026-09-26T18:56:05+00:00"}
[2026-09-26 13:57:05] TX Python SDK azure-iot-device (MQTT sobre WebSockets 443) -> {"tempPasillo": 20.31, "humedadPasillo": 52.86, "deltaPresionPa": 19.4, "tsDispositivo": "2026-09-26T18:57:05+00:00"}
[2026-09-26 13:58:06] TX Python SDK azure-iot-device (MQTT sobre WebSockets 443) -> {"tempPasillo": 19.98, "humedadPasillo": 53.38, "deltaPresionPa": 21.0, "tsDispositivo": "2026-09-26T18:58:05+00:00"}
[2026-09-26 13:59:06] TX Python SDK azure-iot-device (MQTT sobre WebSockets 443) -> {"tempPasillo": 20.56, "humedadPasillo": 53.65, "deltaPresionPa": 20.5, "tsDispositivo": "2026-09-26T18:59:06+00:00"}
[2026-09-26 14:00:06] TX Python SDK azure-iot-device (MQTT sobre WebSockets 443) -> {"tempPasillo": 20.19, "humedadPasillo": 53.32, "deltaPresionPa": 18.1, "tsDispositivo": "2026-09-26T19:00:06+00:00"}
[2026-09-26 14:01:06] TX Python SDK azure-iot-device (MQTT sobre WebSockets 443) -> {"tempPasillo": 20.27, "humedadPasillo": 52.16, "deltaPresionPa": 18.5, "tsDispositivo": "2026-09-26T19:01:06+00:00"}
[2026-09-26 14:02:06] TX Python SDK azure-iot-device (MQTT sobre WebSockets 443) -> {"tempPasillo": 20.04, "humedadPasillo": 53.28, "deltaPresionPa": 22.0, "tsDispositivo": "2026-09-26T19:02:06+00:00"}
[2026-09-26 14:03:06] TX Python SDK azure-iot-device (MQTT sobre WebSockets 443) -> {"tempPasillo": 20.12, "humedadPasillo": 52.24, "deltaPresionPa": 19.6, "tsDispositivo": "2026-09-26T19:03:06+00:00"}
[2026-09-26 14:04:07] TX Python SDK azure-iot-device (MQTT sobre WebSockets 443) -> {"tempPasillo": 20.38, "humedadPasillo": 52.52, "deltaPresionPa": 21.1, "tsDispositivo": "2026-09-26T19:04:07+00:00"}
[2026-09-26 14:05:07] TX Python SDK azure-iot-device (MQTT sobre WebSockets 443) -> {"tempPasillo": 20.11, "humedadPasillo": 52.7, "deltaPresionPa": 22.0, "tsDispositivo": "2026-09-26T19:05:07+00:00"}
[2026-09-26 14:06:07] TX Python SDK azure-iot-device (MQTT sobre WebSockets 443) -> {"tempPasillo": 20.05, "humedadPasillo": 52.61, "deltaPresionPa": 18.2, "tsDispositivo": "2026-09-26T19:06:07+00:00"}
[2026-09-26 14:07:07] TX Python SDK azure-iot-device (MQTT sobre WebSockets 443) -> {"tempPasillo": 20.26, "humedadPasillo": 52.95, "deltaPresionPa": 18.1, "tsDispositivo": "2026-09-26T19:07:07+00:00"}
[2026-09-26 14:08:08] TX Python SDK azure-iot-device (MQTT sobre WebSockets 443) -> {"tempPasillo": 20.34, "humedadPasillo": 52.92, "deltaPresionPa": 19.9, "tsDispositivo": "2026-09-26T19:08:07+00:00"}
[2026-09-26 14:09:08] TX Python SDK azure-iot-device (MQTT sobre WebSockets 443) -> {"tempPasillo": 20.51, "humedadPasillo": 52.75, "deltaPresionPa": 18.5, "tsDispositivo": "2026-09-26T19:09:08+00:00"}
[2026-09-26 14:10:08] TX Python SDK azure-iot-device (MQTT sobre WebSockets 443) -> {"tempPasillo": 20.23, "humedadPasillo": 51.73, "deltaPresionPa": 17.9, "tsDispositivo": "2026-09-26T19:10:08+00:00"}
[2026-09-26 14:11:08] TX Python SDK azure-iot-device (MQTT sobre WebSockets 443) -> {"tempPasillo": 20.28, "humedadPasillo": 53.46, "deltaPresionPa": 18.7, "tsDispositivo": "2026-09-26T19:11:08+00:00"}
[2026-09-26 14:12:08] TX Python SDK azure-iot-device (MQTT sobre WebSockets 443) -> {"tempPasillo": 20.21, "humedadPasillo": 53.27, "deltaPresionPa": 18.8, "tsDispositivo": "2026-09-26T19:12:08+00:00"}
[2026-09-26 14:13:08] TX Python SDK azure-iot-device (MQTT sobre WebSockets 443) -> {"tempPasillo": 20.15, "humedadPasillo": 51.92, "deltaPresionPa": 18.7, "tsDispositivo": "2026-09-26T19:13:08+00:00"}
[2026-09-26 14:14:09] TX Python SDK azure-iot-device (MQTT sobre WebSockets 443) -> {"tempPasillo": 20.44, "humedadPasillo": 53.18, "deltaPresionPa": 21.3, "tsDispositivo": "2026-09-26T19:14:08+00:00"}
[2026-09-26 14:15:09] TX Python SDK azure-iot-device (MQTT sobre WebSockets 443) -> {"tempPasillo": 20.22, "humedadPasillo": 51.74, "deltaPresionPa": 21.6, "tsDispositivo": "2026-09-26T19:15:09+00:00"}
[2026-09-26 14:16:09] TX Python SDK azure-iot-device (MQTT sobre WebSockets 443) -> {"tempPasillo": 20.33, "humedadPasillo": 53.4, "deltaPresionPa": 21.0, "tsDispositivo": "2026-09-26T19:16:09+00:00"}
[2026-09-26 14:17:10] TX Python SDK azure-iot-device (MQTT sobre WebSockets 443) -> {"tempPasillo": 20.1, "humedadPasillo": 52.67, "deltaPresionPa": 19.3, "tsDispositivo": "2026-09-26T19:17:09+00:00"}
[2026-09-26 14:18:10] TX Python SDK azure-iot-device (MQTT sobre WebSockets 443) -> {"tempPasillo": 20.35, "humedadPasillo": 52.48, "deltaPresionPa": 19.0, "tsDispositivo": "2026-09-26T19:18:10+00:00"}
[2026-09-26 14:19:10] TX Python SDK azure-iot-device (MQTT sobre WebSockets 443) -> {"tempPasillo": 20.04, "humedadPasillo": 52.81, "deltaPresionPa": 21.3, "tsDispositivo": "2026-09-26T19:19:10+00:00"}
[2026-09-26 14:20:11] TX Python SDK azure-iot-device (MQTT sobre WebSockets 443) -> {"tempPasillo": 20.16, "humedadPasillo": 52.04, "deltaPresionPa": 19.4, "tsDispositivo": "2026-09-26T19:20:10+00:00"}
[2026-09-26 14:21:11] TX Python SDK azure-iot-device (MQTT sobre WebSockets 443) -> {"tempPasillo": 20.54, "humedadPasillo": 51.93, "deltaPresionPa": 17.5, "tsDispositivo": "2026-09-26T19:21:11+00:00"}
[2026-09-26 14:22:11] TX Python SDK azure-iot-device (MQTT sobre WebSockets 443) -> {"tempPasillo": 20.45, "humedadPasillo": 53.06, "deltaPresionPa": 21.9, "tsDispositivo": "2026-09-26T19:22:11+00:00"}
[2026-09-26 14:23:11] TX Python SDK azure-iot-device (MQTT sobre WebSockets 443) -> {"tempPasillo": 20.3, "humedadPasillo": 52.06, "deltaPresionPa": 20.5, "tsDispositivo": "2026-09-26T19:23:11+00:00"}
[2026-09-26 14:24:12] TX Python SDK azure-iot-device (MQTT sobre WebSockets 443) -> {"tempPasillo": 20.5, "humedadPasillo": 51.96, "deltaPresionPa": 22.2, "tsDispositivo": "2026-09-26T19:24:11+00:00"}
[2026-09-26 14:25:12] TX Python SDK azure-iot-device (MQTT sobre WebSockets 443) -> {"tempPasillo": 20.42, "humedadPasillo": 52.61, "deltaPresionPa": 19.7, "tsDispositivo": "2026-09-26T19:25:12+00:00"}
[2026-09-26 14:26:12] TX Python SDK azure-iot-device (MQTT sobre WebSockets 443) -> {"tempPasillo": 20.26, "humedadPasillo": 53.2, "deltaPresionPa": 18.7, "tsDispositivo": "2026-09-26T19:26:12+00:00"}
[2026-09-26 14:27:12] TX Python SDK azure-iot-device (MQTT sobre WebSockets 443) -> {"tempPasillo": 20.21, "humedadPasillo": 52.66, "deltaPresionPa": 17.9, "tsDispositivo": "2026-09-26T19:27:12+00:00"}
[2026-09-26 14:28:13] TX Python SDK azure-iot-device (MQTT sobre WebSockets 443) -> {"tempPasillo": 20.17, "humedadPasillo": 53.15, "deltaPresionPa": 21.3, "tsDispositivo": "2026-09-26T19:28:12+00:00"}
[2026-09-26 14:29:13] TX Python SDK azure-iot-device (MQTT sobre WebSockets 443) -> {"tempPasillo": 20.08, "humedadPasillo": 52.95, "deltaPresionPa": 21.5, "tsDispositivo": "2026-09-26T19:29:13+00:00"}
[2026-09-26 14:30:14] TX Python SDK azure-iot-device (MQTT sobre WebSockets 443) -> {"tempPasillo": 20.4, "humedadPasillo": 52.62, "deltaPresionPa": 19.6, "tsDispositivo": "2026-09-26T19:30:13+00:00"}
[2026-09-26 14:31:14] TX Python SDK azure-iot-device (MQTT sobre WebSockets 443) -> {"tempPasillo": 20.05, "humedadPasillo": 51.82, "deltaPresionPa": 21.9, "tsDispositivo": "2026-09-26T19:31:14+00:00"}
[2026-09-26 14:32:14] TX Python SDK azure-iot-device (MQTT sobre WebSockets 443) -> {"tempPasillo": 20.2, "humedadPasillo": 51.52, "deltaPresionPa": 20.6, "tsDispositivo": "2026-09-26T19:32:14+00:00"}
[2026-09-26 14:33:15] TX Python SDK azure-iot-device (MQTT sobre WebSockets 443) -> {"tempPasillo": 20.45, "humedadPasillo": 52.95, "deltaPresionPa": 19.8, "tsDispositivo": "2026-09-26T19:33:14+00:00"}
[2026-09-26 14:34:16] TX Python SDK azure-iot-device (MQTT sobre WebSockets 443) -> {"tempPasillo": 20.12, "humedadPasillo": 51.47, "deltaPresionPa": 20.5, "tsDispositivo": "2026-09-26T19:34:15+00:00"}
[2026-09-26 14:35:16] TX Python SDK azure-iot-device (MQTT sobre WebSockets 443) -> {"tempPasillo": 20.04, "humedadPasillo": 52.85, "deltaPresionPa": 19.6, "tsDispositivo": "2026-09-26T19:35:16+00:00"}
[2026-09-26 14:36:17] TX Python SDK azure-iot-device (MQTT sobre WebSockets 443) -> {"tempPasillo": 20.29, "humedadPasillo": 52.83, "deltaPresionPa": 21.2, "tsDispositivo": "2026-09-26T19:36:16+00:00"}
[2026-09-26 14:37:20] TX Python SDK azure-iot-device (MQTT sobre WebSockets 443) -> {"tempPasillo": 20.02, "humedadPasillo": 51.44, "deltaPresionPa": 19.3, "tsDispositivo": "2026-09-26T19:37:18+00:00"}
[2026-09-26 14:38:24] TX Python SDK azure-iot-device (MQTT sobre WebSockets 443) -> {"tempPasillo": 20.47, "humedadPasillo": 52.87, "deltaPresionPa": 21.9, "tsDispositivo": "2026-09-26T19:38:23+00:00"}
[2026-09-26 14:39:24] TX Python SDK azure-iot-device (MQTT sobre WebSockets 443) -> {"tempPasillo": 20.12, "humedadPasillo": 51.82, "deltaPresionPa": 20.2, "tsDispositivo": "2026-09-26T19:39:24+00:00"}
[2026-09-26 14:40:24] TX Python SDK azure-iot-device (MQTT sobre WebSockets 443) -> {"tempPasillo": 20.05, "humedadPasillo": 51.31, "deltaPresionPa": 17.7, "tsDispositivo": "2026-09-26T19:40:24+00:00"}
[2026-09-26 14:41:24] TX Python SDK azure-iot-device (MQTT sobre WebSockets 443) -> {"tempPasillo": 20.23, "humedadPasillo": 52.64, "deltaPresionPa": 18.8, "tsDispositivo": "2026-09-26T19:41:24+00:00"}
[2026-09-26 14:42:25] TX Python SDK azure-iot-device (MQTT sobre WebSockets 443) -> {"tempPasillo": 20.24, "humedadPasillo": 52.22, "deltaPresionPa": 17.5, "tsDispositivo": "2026-09-26T19:42:24+00:00"}
[2026-09-26 14:43:25] TX Python SDK azure-iot-device (MQTT sobre WebSockets 443) -> {"tempPasillo": 20.55, "humedadPasillo": 52.53, "deltaPresionPa": 19.4, "tsDispositivo": "2026-09-26T19:43:25+00:00"}
[2026-09-26 14:44:25] TX Python SDK azure-iot-device (MQTT sobre WebSockets 443) -> {"tempPasillo": 20.51, "humedadPasillo": 51.81, "deltaPresionPa": 19.0, "tsDispositivo": "2026-09-26T19:44:25+00:00"}
[2026-09-26 14:45:25] TX Python SDK azure-iot-device (MQTT sobre WebSockets 443) -> {"tempPasillo": 20.0, "humedadPasillo": 51.56, "deltaPresionPa": 20.3, "tsDispositivo": "2026-09-26T19:45:25+00:00"}
[2026-09-26 14:46:26] TX Python SDK azure-iot-device (MQTT sobre WebSockets 443) -> {"tempPasillo": 20.5, "humedadPasillo": 51.63, "deltaPresionPa": 18.7, "tsDispositivo": "2026-09-26T19:46:25+00:00"}
[2026-09-26 14:47:26] TX Python SDK azure-iot-device (MQTT sobre WebSockets 443) -> {"tempPasillo": 20.18, "humedadPasillo": 52.37, "deltaPresionPa": 21.6, "tsDispositivo": "2026-09-26T19:47:26+00:00"}
[2026-09-26 14:48:26] TX Python SDK azure-iot-device (MQTT sobre WebSockets 443) -> {"tempPasillo": 20.31, "humedadPasillo": 52.1, "deltaPresionPa": 17.7, "tsDispositivo": "2026-09-26T19:48:26+00:00"}
[2026-09-26 14:49:26] TX Python SDK azure-iot-device (MQTT sobre WebSockets 443) -> {"tempPasillo": 20.18, "humedadPasillo": 51.23, "deltaPresionPa": 21.0, "tsDispositivo": "2026-09-26T19:49:26+00:00"}
[2026-09-26 14:50:26] TX Python SDK azure-iot-device (MQTT sobre WebSockets 443) -> {"tempPasillo": 20.49, "humedadPasillo": 52.02, "deltaPresionPa": 20.4, "tsDispositivo": "2026-09-26T19:50:26+00:00"}
[2026-09-26 14:51:27] TX Python SDK azure-iot-device (MQTT sobre WebSockets 443) -> {"tempPasillo": 20.15, "humedadPasillo": 51.92, "deltaPresionPa": 21.2, "tsDispositivo": "2026-09-26T19:51:26+00:00"}
[2026-09-26 14:52:27] TX Python SDK azure-iot-device (MQTT sobre WebSockets 443) -> {"tempPasillo": 20.56, "humedadPasillo": 52.28, "deltaPresionPa": 21.5, "tsDispositivo": "2026-09-26T19:52:27+00:00"}
[2026-09-26 14:53:28] TX Python SDK azure-iot-device (MQTT sobre WebSockets 443) -> {"tempPasillo": 20.43, "humedadPasillo": 51.53, "deltaPresionPa": 20.0, "tsDispositivo": "2026-09-26T19:53:27+00:00"}
[2026-09-26 14:54:28] TX Python SDK azure-iot-device (MQTT sobre WebSockets 443) -> {"tempPasillo": 20.26, "humedadPasillo": 51.13, "deltaPresionPa": 21.4, "tsDispositivo": "2026-09-26T19:54:28+00:00"}
[2026-09-26 14:55:28] TX Python SDK azure-iot-device (MQTT sobre WebSockets 443) -> {"tempPasillo": 19.99, "humedadPasillo": 51.8, "deltaPresionPa": 19.4, "tsDispositivo": "2026-09-26T19:55:28+00:00"}
[2026-09-26 14:56:28] TX Python SDK azure-iot-device (MQTT sobre WebSockets 443) -> {"tempPasillo": 20.02, "humedadPasillo": 52.58, "deltaPresionPa": 18.4, "tsDispositivo": "2026-09-26T19:56:28+00:00"}
[2026-09-26 14:57:28] TX Python SDK azure-iot-device (MQTT sobre WebSockets 443) -> {"tempPasillo": 20.44, "humedadPasillo": 52.73, "deltaPresionPa": 21.2, "tsDispositivo": "2026-09-26T19:57:28+00:00"}
[2026-09-26 14:58:29] TX Python SDK azure-iot-device (MQTT sobre WebSockets 443) -> {"tempPasillo": 20.28, "humedadPasillo": 52.58, "deltaPresionPa": 18.5, "tsDispositivo": "2026-09-26T19:58:28+00:00"}
[2026-09-26 14:59:29] TX Python SDK azure-iot-device (MQTT sobre WebSockets 443) -> {"tempPasillo": 20.03, "humedadPasillo": 52.12, "deltaPresionPa": 18.5, "tsDispositivo": "2026-09-26T19:59:29+00:00"}
[2026-09-26 15:00:29] TX Python SDK azure-iot-device (MQTT sobre WebSockets 443) -> {"tempPasillo": 20.45, "humedadPasillo": 51.19, "deltaPresionPa": 19.4, "tsDispositivo": "2026-09-26T20:00:29+00:00"}
[2026-09-26 15:01:29] TX Python SDK azure-iot-device (MQTT sobre WebSockets 443) -> {"tempPasillo": 20.5, "humedadPasillo": 52.71, "deltaPresionPa": 21.9, "tsDispositivo": "2026-09-26T20:01:29+00:00"}
[2026-09-26 15:02:30] TX Python SDK azure-iot-device (MQTT sobre WebSockets 443) -> {"tempPasillo": 20.33, "humedadPasillo": 52.13, "deltaPresionPa": 17.9, "tsDispositivo": "2026-09-26T20:02:29+00:00"}
[2026-09-26 15:03:30] TX Python SDK azure-iot-device (MQTT sobre WebSockets 443) -> {"tempPasillo": 20.2, "humedadPasillo": 51.56, "deltaPresionPa": 18.9, "tsDispositivo": "2026-09-26T20:03:30+00:00"}
[2026-09-26 15:04:30] TX Python SDK azure-iot-device (MQTT sobre WebSockets 443) -> {"tempPasillo": 20.27, "humedadPasillo": 51.13, "deltaPresionPa": 21.9, "tsDispositivo": "2026-09-26T20:04:30+00:00"}
[2026-09-26 15:05:30] TX Python SDK azure-iot-device (MQTT sobre WebSockets 443) -> {"tempPasillo": 20.17, "humedadPasillo": 52.66, "deltaPresionPa": 19.6, "tsDispositivo": "2026-09-26T20:05:30+00:00"}
[2026-09-26 15:06:31] TX Python SDK azure-iot-device (MQTT sobre WebSockets 443) -> {"tempPasillo": 20.14, "humedadPasillo": 50.91, "deltaPresionPa": 18.9, "tsDispositivo": "2026-09-26T20:06:30+00:00"}
[2026-09-26 15:07:31] TX Python SDK azure-iot-device (MQTT sobre WebSockets 443) -> {"tempPasillo": 20.39, "humedadPasillo": 51.14, "deltaPresionPa": 21.9, "tsDispositivo": "2026-09-26T20:07:31+00:00"}
[2026-09-26 15:08:31] TX Python SDK azure-iot-device (MQTT sobre WebSockets 443) -> {"tempPasillo": 20.58, "humedadPasillo": 50.96, "deltaPresionPa": 21.7, "tsDispositivo": "2026-09-26T20:08:31+00:00"}
[2026-09-26 15:09:31] TX Python SDK azure-iot-device (MQTT sobre WebSockets 443) -> {"tempPasillo": 20.14, "humedadPasillo": 51.24, "deltaPresionPa": 19.5, "tsDispositivo": "2026-09-26T20:09:31+00:00"}
[2026-09-26 15:10:31] TX Python SDK azure-iot-device (MQTT sobre WebSockets 443) -> {"tempPasillo": 20.32, "humedadPasillo": 52.15, "deltaPresionPa": 20.0, "tsDispositivo": "2026-09-26T20:10:31+00:00"}
[2026-09-26 15:11:32] TX Python SDK azure-iot-device (MQTT sobre WebSockets 443) -> {"tempPasillo": 20.29, "humedadPasillo": 52.56, "deltaPresionPa": 20.7, "tsDispositivo": "2026-09-26T20:11:31+00:00"}
[2026-09-26 15:12:32] TX Python SDK azure-iot-device (MQTT sobre WebSockets 443) -> {"tempPasillo": 20.08, "humedadPasillo": 52.63, "deltaPresionPa": 17.2, "tsDispositivo": "2026-09-26T20:12:32+00:00"}
[2026-09-26 15:13:32] TX Python SDK azure-iot-device (MQTT sobre WebSockets 443) -> {"tempPasillo": 20.0, "humedadPasillo": 51.21, "deltaPresionPa": 21.6, "tsDispositivo": "2026-09-26T20:13:32+00:00"}
[2026-09-26 15:14:32] TX Python SDK azure-iot-device (MQTT sobre WebSockets 443) -> {"tempPasillo": 20.2, "humedadPasillo": 51.36, "deltaPresionPa": 19.0, "tsDispositivo": "2026-09-26T20:14:32+00:00"}
[2026-09-26 15:15:32] TX Python SDK azure-iot-device (MQTT sobre WebSockets 443) -> {"tempPasillo": 20.41, "humedadPasillo": 51.72, "deltaPresionPa": 20.5, "tsDispositivo": "2026-09-26T20:15:32+00:00"}
[2026-09-26 15:16:33] TX Python SDK azure-iot-device (MQTT sobre WebSockets 443) -> {"tempPasillo": 20.47, "humedadPasillo": 50.84, "deltaPresionPa": 19.7, "tsDispositivo": "2026-09-26T20:16:32+00:00"}
[2026-09-26 15:17:33] TX Python SDK azure-iot-device (MQTT sobre WebSockets 443) -> {"tempPasillo": 19.99, "humedadPasillo": 52.19, "deltaPresionPa": 21.7, "tsDispositivo": "2026-09-26T20:17:33+00:00"}
[2026-09-26 15:18:33] TX Python SDK azure-iot-device (MQTT sobre WebSockets 443) -> {"tempPasillo": 20.1, "humedadPasillo": 51.99, "deltaPresionPa": 20.7, "tsDispositivo": "2026-09-26T20:18:33+00:00"}
[2026-09-26 15:19:33] TX Python SDK azure-iot-device (MQTT sobre WebSockets 443) -> {"tempPasillo": 20.2, "humedadPasillo": 52.28, "deltaPresionPa": 20.4, "tsDispositivo": "2026-09-26T20:19:33+00:00"}
[2026-09-26 15:20:33] TX Python SDK azure-iot-device (MQTT sobre WebSockets 443) -> {"tempPasillo": 20.13, "humedadPasillo": 50.94, "deltaPresionPa": 20.1, "tsDispositivo": "2026-09-26T20:20:33+00:00"}
[2026-09-26 15:21:34] TX Python SDK azure-iot-device (MQTT sobre WebSockets 443) -> {"tempPasillo": 20.22, "humedadPasillo": 51.88, "deltaPresionPa": 21.4, "tsDispositivo": "2026-09-26T20:21:33+00:00"}
[2026-09-26 15:22:34] TX Python SDK azure-iot-device (MQTT sobre WebSockets 443) -> {"tempPasillo": 20.15, "humedadPasillo": 51.11, "deltaPresionPa": 17.7, "tsDispositivo": "2026-09-26T20:22:34+00:00"}
