[2026-09-24 14:27:17] INFO  DPS: id_scope=0ne00FE1F90 registration_id=DC-RACKC-03 transporte=mqtt
[2026-09-24 14:27:27] INFO  DPS OK en 3.1 s -> hub iotc-ce764639-456d-4e61-9e9c-e64c9a818624.azure-devices.net | estado=assigned | DC-RACKC-03
iotc-ce764639-456d-4e61-9e9c-e64c9a818624.azure-devices.net
initialAssignment
null
[2026-09-24 14:27:28] INFO  MQTT/TLS conectado a IoT Central
[2026-09-24 14:27:28] INFO  propiedades reportadas: {'zona': 'Rack C', 'ubicacion': 'Sala blanca - fila C (DC-ANDES-1)', 'origenEnvio': 'Python SDK azure-iot-device (MQTT 8883)', 'fabricante': 'Raspberry Pi 4B + Sensorica SHT31', 'modelo': 'Nodo-Py-MQTT/1.0', 'versionFirmware': '1.4.0', 'intervaloMuestreo': 30}
[2026-09-24 14:27:29] TX Python SDK azure-iot-device (MQTT 8883) -> {"tempIntake": 22.25, "tempExhaust": 33.5, "humedadRack": 50.29, "tsDispositivo": "2026-09-24T19:27:28+00:00"}
[2026-09-24 14:28:04] TX Python SDK azure-iot-device (MQTT 8883) -> {"tempIntake": 22.23, "tempExhaust": 33.97, "humedadRack": 48.42, "tsDispositivo": "2026-09-24T19:28:04+00:00"}
[2026-09-24 14:28:34] TX Python SDK azure-iot-device (MQTT 8883) -> {"tempIntake": 22.21, "tempExhaust": 33.68, "humedadRack": 50.33, "tsDispositivo": "2026-09-24T19:28:34+00:00"}
[2026-09-24 14:29:05] TX Python SDK azure-iot-device (MQTT 8883) -> {"tempIntake": 22.29, "tempExhaust": 33.77, "humedadRack": 49.29, "tsDispositivo": "2026-09-24T19:29:04+00:00"}
[2026-09-24 14:29:35] TX Python SDK azure-iot-device (MQTT 8883) -> {"tempIntake": 22.31, "tempExhaust": 33.59, "humedadRack": 50.13, "tsDispositivo": "2026-09-24T19:29:35+00:00"}
[2026-09-24 14:30:10] TX Python SDK azure-iot-device (MQTT 8883) -> {"tempIntake": 22.34, "tempExhaust": 34.05, "humedadRack": 50.36, "tsDispositivo": "2026-09-24T19:30:05+00:00"}
[2026-09-24 14:30:40] TX Python SDK azure-iot-device (MQTT 8883) -> {"tempIntake": 22.24, "tempExhaust": 33.84, "humedadRack": 50.37, "tsDispositivo": "2026-09-24T19:30:40+00:00"}
[2026-09-24 14:31:12] TX Python SDK azure-iot-device (MQTT 8883) -> {"tempIntake": 22.37, "tempExhaust": 33.56, "humedadRack": 50.05, "tsDispositivo": "2026-09-24T19:31:10+00:00"}
[2026-09-24 14:31:53] TX Python SDK azure-iot-device (MQTT 8883) -> {"tempIntake": 22.38, "tempExhaust": 33.02, "humedadRack": 49.51, "tsDispositivo": "2026-09-24T19:31:42+00:00"}
[2026-09-24 14:32:23] TX Python SDK azure-iot-device (MQTT 8883) -> {"tempIntake": 22.15, "tempExhaust": 33.09, "humedadRack": 50.41, "tsDispositivo": "2026-09-24T19:32:23+00:00"}
[2026-09-24 14:33:02] TX Python SDK azure-iot-device (MQTT 8883) -> {"tempIntake": 21.77, "tempExhaust": 33.48, "humedadRack": 48.96, "tsDispositivo": "2026-09-24T19:32:53+00:00"}
[2026-09-24 14:33:33] TX Python SDK azure-iot-device (MQTT 8883) -> {"tempIntake": 22.4, "tempExhaust": 34.1, "humedadRack": 49.77, "tsDispositivo": "2026-09-24T19:33:32+00:00"}
[2026-09-24 14:34:03] TX Python SDK azure-iot-device (MQTT 8883) -> {"tempIntake": 22.23, "tempExhaust": 33.92, "humedadRack": 48.18, "tsDispositivo": "2026-09-24T19:34:03+00:00"}
[2026-09-24 14:34:46] TX Python SDK azure-iot-device (MQTT 8883) -> {"tempIntake": 21.76, "tempExhaust": 32.75, "humedadRack": 49.25, "tsDispositivo": "2026-09-24T19:34:33+00:00"}
[2026-09-24 14:35:17] TX Python SDK azure-iot-device (MQTT 8883) -> {"tempIntake": 22.15, "tempExhaust": 33.41, "humedadRack": 48.59, "tsDispositivo": "2026-09-24T19:35:16+00:00"}
[2026-09-24 14:35:47] TX Python SDK azure-iot-device (MQTT 8883) -> {"tempIntake": 22.33, "tempExhaust": 33.46, "humedadRack": 49.17, "tsDispositivo": "2026-09-24T19:35:47+00:00"}
[2026-09-24 14:36:17] TX Python SDK azure-iot-device (MQTT 8883) -> {"tempIntake": 21.88, "tempExhaust": 32.84, "humedadRack": 49.88, "tsDispositivo": "2026-09-24T19:36:17+00:00"}
[2026-09-24 14:36:52] TX Python SDK azure-iot-device (MQTT 8883) -> {"tempIntake": 22.25, "tempExhaust": 33.59, "humedadRack": 50.29, "tsDispositivo": "2026-09-24T19:36:47+00:00"}
[2026-09-24 14:37:36] TX Python SDK azure-iot-device (MQTT 8883) -> {"tempIntake": 22.11, "tempExhaust": 33.28, "humedadRack": 49.47, "tsDispositivo": "2026-09-24T19:37:22+00:00"}
[2026-09-24 14:38:06] TX Python SDK azure-iot-device (MQTT 8883) -> {"tempIntake": 22.36, "tempExhaust": 33.95, "humedadRack": 48.65, "tsDispositivo": "2026-09-24T19:38:06+00:00"}
[2026-09-24 14:38:39] TX Python SDK azure-iot-device (MQTT 8883) -> {"tempIntake": 22.27, "tempExhaust": 33.0, "humedadRack": 50.27, "tsDispositivo": "2026-09-24T19:38:36+00:00"}
[2026-09-24 14:39:09] TX Python SDK azure-iot-device (MQTT 8883) -> {"tempIntake": 21.82, "tempExhaust": 32.82, "humedadRack": 49.2, "tsDispositivo": "2026-09-24T19:39:09+00:00"}
[2026-09-24 14:39:43] TX Python SDK azure-iot-device (MQTT 8883) -> {"tempIntake": 22.27, "tempExhaust": 33.48, "humedadRack": 50.04, "tsDispositivo": "2026-09-24T19:39:39+00:00"}
[2026-09-24 14:40:13] TX Python SDK azure-iot-device (MQTT 8883) -> {"tempIntake": 22.4, "tempExhaust": 33.5, "humedadRack": 49.39, "tsDispositivo": "2026-09-24T19:40:13+00:00"}
[2026-09-24 14:40:45] TX Python SDK azure-iot-device (MQTT 8883) -> {"tempIntake": 21.84, "tempExhaust": 32.63, "humedadRack": 48.55, "tsDispositivo": "2026-09-24T19:40:43+00:00"}
[2026-09-24 14:41:15] TX Python SDK azure-iot-device (MQTT 8883) -> {"tempIntake": 21.74, "tempExhaust": 33.5, "humedadRack": 48.06, "tsDispositivo": "2026-09-24T19:41:15+00:00"}
[2026-09-24 14:41:51] TX Python SDK azure-iot-device (MQTT 8883) -> {"tempIntake": 22.12, "tempExhaust": 33.59, "humedadRack": 48.51, "tsDispositivo": "2026-09-24T19:41:45+00:00"}
[2026-09-24 14:42:25] TX Python SDK azure-iot-device (MQTT 8883) -> {"tempIntake": 21.78, "tempExhaust": 33.35, "humedadRack": 48.22, "tsDispositivo": "2026-09-24T19:42:21+00:00"}
[2026-09-24 14:42:56] TX Python SDK azure-iot-device (MQTT 8883) -> {"tempIntake": 22.12, "tempExhaust": 33.17, "humedadRack": 48.21, "tsDispositivo": "2026-09-24T19:42:55+00:00"}
[2026-09-24 14:43:26] TX Python SDK azure-iot-device (MQTT 8883) -> {"tempIntake": 21.78, "tempExhaust": 33.1, "humedadRack": 48.75, "tsDispositivo": "2026-09-24T19:43:26+00:00"}
[2026-09-24 14:44:00] TX Python SDK azure-iot-device (MQTT 8883) -> {"tempIntake": 21.74, "tempExhaust": 32.76, "humedadRack": 49.24, "tsDispositivo": "2026-09-24T19:43:56+00:00"}
[2026-09-24 14:44:42] TX Python SDK azure-iot-device (MQTT 8883) -> {"tempIntake": 22.36, "tempExhaust": 33.53, "humedadRack": 49.35, "tsDispositivo": "2026-09-24T19:44:30+00:00"}
[2026-09-24 14:45:12] TX Python SDK azure-iot-device (MQTT 8883) -> {"tempIntake": 22.21, "tempExhaust": 33.59, "humedadRack": 48.28, "tsDispositivo": "2026-09-24T19:45:12+00:00"}
[2026-09-24 14:45:43] TX Python SDK azure-iot-device (MQTT 8883) -> {"tempIntake": 21.98, "tempExhaust": 33.67, "humedadRack": 48.86, "tsDispositivo": "2026-09-24T19:45:42+00:00"}
[2026-09-24 14:46:19] TX Python SDK azure-iot-device (MQTT 8883) -> {"tempIntake": 22.35, "tempExhaust": 33.67, "humedadRack": 48.74, "tsDispositivo": "2026-09-24T19:46:13+00:00"}
[2026-09-24 14:46:49] TX Python SDK azure-iot-device (MQTT 8883) -> {"tempIntake": 22.26, "tempExhaust": 33.56, "humedadRack": 47.8, "tsDispositivo": "2026-09-24T19:46:49+00:00"}
[2026-09-24 14:47:20] TX Python SDK azure-iot-device (MQTT 8883) -> {"tempIntake": 22.15, "tempExhaust": 33.61, "humedadRack": 49.71, "tsDispositivo": "2026-09-24T19:47:19+00:00"}
[2026-09-24 14:48:03] TX Python SDK azure-iot-device (MQTT 8883) -> {"tempIntake": 21.89, "tempExhaust": 33.69, "humedadRack": 48.39, "tsDispositivo": "2026-09-24T19:47:50+00:00"}
[2026-09-24 14:48:45] TX Python SDK azure-iot-device (MQTT 8883) -> {"tempIntake": 21.73, "tempExhaust": 33.5, "humedadRack": 49.37, "tsDispositivo": "2026-09-24T19:48:33+00:00"}
[2026-09-24 14:49:21] TX Python SDK azure-iot-device (MQTT 8883) -> {"tempIntake": 21.94, "tempExhaust": 32.65, "humedadRack": 49.22, "tsDispositivo": "2026-09-24T19:49:15+00:00"}
[2026-09-24 14:49:58] TX Python SDK azure-iot-device (MQTT 8883) -> {"tempIntake": 21.99, "tempExhaust": 33.33, "humedadRack": 49.13, "tsDispositivo": "2026-09-24T19:49:51+00:00"}
[2026-09-24 14:50:44] TX Python SDK azure-iot-device (MQTT 8883) -> {"tempIntake": 22.1, "tempExhaust": 33.13, "humedadRack": 47.99, "tsDispositivo": "2026-09-24T19:50:28+00:00"}
[2026-09-24 14:51:14] TX Python SDK azure-iot-device (MQTT 8883) -> {"tempIntake": 21.89, "tempExhaust": 33.58, "humedadRack": 49.22, "tsDispositivo": "2026-09-24T19:51:14+00:00"}
[2026-09-24 14:51:44] TX Python SDK azure-iot-device (MQTT 8883) -> {"tempIntake": 22.27, "tempExhaust": 33.51, "humedadRack": 49.94, "tsDispositivo": "2026-09-24T19:51:44+00:00"}
[2026-09-24 14:52:38] TX Python SDK azure-iot-device (MQTT 8883) -> {"tempIntake": 22.23, "tempExhaust": 33.99, "humedadRack": 48.52, "tsDispositivo": "2026-09-24T19:52:14+00:00"}
[2026-09-24 14:53:39] TX Python SDK azure-iot-device (MQTT 8883) -> {"tempIntake": 21.8, "tempExhaust": 32.77, "humedadRack": 49.49, "tsDispositivo": "2026-09-24T19:53:08+00:00"}
[2026-09-24 14:54:10] TX Python SDK azure-iot-device (MQTT 8883) -> {"tempIntake": 22.26, "tempExhaust": 33.0, "humedadRack": 48.15, "tsDispositivo": "2026-09-24T19:54:09+00:00"}
[2026-09-24 14:54:42] TX Python SDK azure-iot-device (MQTT 8883) -> {"tempIntake": 21.99, "tempExhaust": 33.57, "humedadRack": 47.58, "tsDispositivo": "2026-09-24T19:54:40+00:00"}
[2026-09-24 14:55:12] TX Python SDK azure-iot-device (MQTT 8883) -> {"tempIntake": 22.12, "tempExhaust": 32.9, "humedadRack": 48.12, "tsDispositivo": "2026-09-24T19:55:12+00:00"}
[2026-09-24 14:55:48] TX Python SDK azure-iot-device (MQTT 8883) -> {"tempIntake": 21.9, "tempExhaust": 32.87, "humedadRack": 49.58, "tsDispositivo": "2026-09-24T19:55:42+00:00"}
[2026-09-24 14:56:34] TX Python SDK azure-iot-device (MQTT 8883) -> {"tempIntake": 21.77, "tempExhaust": 32.85, "humedadRack": 48.45, "tsDispositivo": "2026-09-24T19:56:18+00:00"}
[2026-09-24 14:57:05] TX Python SDK azure-iot-device (MQTT 8883) -> {"tempIntake": 22.3, "tempExhaust": 33.41, "humedadRack": 48.63, "tsDispositivo": "2026-09-24T19:57:04+00:00"}
[2026-09-24 14:57:35] TX Python SDK azure-iot-device (MQTT 8883) -> {"tempIntake": 21.92, "tempExhaust": 33.28, "humedadRack": 48.88, "tsDispositivo": "2026-09-24T19:57:35+00:00"}
[2026-09-24 14:58:06] TX Python SDK azure-iot-device (MQTT 8883) -> {"tempIntake": 21.86, "tempExhaust": 32.8, "humedadRack": 49.75, "tsDispositivo": "2026-09-24T19:58:05+00:00"}
[2026-09-24 14:58:38] TX Python SDK azure-iot-device (MQTT 8883) -> {"tempIntake": 21.98, "tempExhaust": 33.54, "humedadRack": 48.64, "tsDispositivo": "2026-09-24T19:58:38+00:00"}
[2026-09-24 14:59:32] TX Python SDK azure-iot-device (MQTT 8883) -> {"tempIntake": 22.34, "tempExhaust": 33.46, "humedadRack": 48.83, "tsDispositivo": "2026-09-24T19:59:32+00:00"}
[2026-09-24 15:00:02] TX Python SDK azure-iot-device (MQTT 8883) -> {"tempIntake": 22.21, "tempExhaust": 33.9, "humedadRack": 49.43, "tsDispositivo": "2026-09-24T20:00:02+00:00"}
[2026-09-24 15:00:43] TX Python SDK azure-iot-device (MQTT 8883) -> {"tempIntake": 21.95, "tempExhaust": 33.57, "humedadRack": 48.38, "tsDispositivo": "2026-09-24T20:00:42+00:00"}
[2026-09-24 15:01:13] TX Python SDK azure-iot-device (MQTT 8883) -> {"tempIntake": 21.89, "tempExhaust": 33.08, "humedadRack": 48.52, "tsDispositivo": "2026-09-24T20:01:13+00:00"}
[2026-09-24 15:01:43] TX Python SDK azure-iot-device (MQTT 8883) -> {"tempIntake": 22.18, "tempExhaust": 33.53, "humedadRack": 49.67, "tsDispositivo": "2026-09-24T20:01:43+00:00"}
[2026-09-24 15:02:13] TX Python SDK azure-iot-device (MQTT 8883) -> {"tempIntake": 21.98, "tempExhaust": 32.97, "humedadRack": 48.47, "tsDispositivo": "2026-09-24T20:02:13+00:00"}
[2026-09-24 15:02:44] TX Python SDK azure-iot-device (MQTT 8883) -> {"tempIntake": 21.8, "tempExhaust": 33.15, "humedadRack": 48.84, "tsDispositivo": "2026-09-24T20:02:43+00:00"}
[2026-09-24 15:03:14] TX Python SDK azure-iot-device (MQTT 8883) -> {"tempIntake": 22.33, "tempExhaust": 33.05, "humedadRack": 48.28, "tsDispositivo": "2026-09-24T20:03:14+00:00"}
[2026-09-24 15:03:44] TX Python SDK azure-iot-device (MQTT 8883) -> {"tempIntake": 22.01, "tempExhaust": 33.3, "humedadRack": 49.21, "tsDispositivo": "2026-09-24T20:03:44+00:00"}
[2026-09-24 15:04:14] TX Python SDK azure-iot-device (MQTT 8883) -> {"tempIntake": 22.04, "tempExhaust": 33.27, "humedadRack": 49.43, "tsDispositivo": "2026-09-24T20:04:14+00:00"}
[2026-09-24 15:04:45] TX Python SDK azure-iot-device (MQTT 8883) -> {"tempIntake": 22.17, "tempExhaust": 32.79, "humedadRack": 47.42, "tsDispositivo": "2026-09-24T20:04:44+00:00"}
[2026-09-24 15:05:15] TX Python SDK azure-iot-device (MQTT 8883) -> {"tempIntake": 21.96, "tempExhaust": 32.76, "humedadRack": 47.29, "tsDispositivo": "2026-09-24T20:05:15+00:00"}
[2026-09-24 15:05:45] TX Python SDK azure-iot-device (MQTT 8883) -> {"tempIntake": 21.84, "tempExhaust": 33.1, "humedadRack": 48.74, "tsDispositivo": "2026-09-24T20:05:45+00:00"}
[2026-09-24 15:06:15] TX Python SDK azure-iot-device (MQTT 8883) -> {"tempIntake": 21.86, "tempExhaust": 33.58, "humedadRack": 48.05, "tsDispositivo": "2026-09-24T20:06:15+00:00"}
[2026-09-24 15:06:45] TX Python SDK azure-iot-device (MQTT 8883) -> {"tempIntake": 22.41, "tempExhaust": 33.69, "humedadRack": 47.3, "tsDispositivo": "2026-09-24T20:06:45+00:00"}
[2026-09-24 15:07:16] TX Python SDK azure-iot-device (MQTT 8883) -> {"tempIntake": 21.84, "tempExhaust": 33.09, "humedadRack": 48.06, "tsDispositivo": "2026-09-24T20:07:15+00:00"}
[2026-09-24 15:07:46] TX Python SDK azure-iot-device (MQTT 8883) -> {"tempIntake": 22.14, "tempExhaust": 33.7, "humedadRack": 49.08, "tsDispositivo": "2026-09-24T20:07:46+00:00"}
[2026-09-24 15:08:16] TX Python SDK azure-iot-device (MQTT 8883) -> {"tempIntake": 22.03, "tempExhaust": 33.17, "humedadRack": 47.23, "tsDispositivo": "2026-09-24T20:08:16+00:00"}
[2026-09-24 15:08:46] TX Python SDK azure-iot-device (MQTT 8883) -> {"tempIntake": 22.16, "tempExhaust": 33.39, "humedadRack": 48.83, "tsDispositivo": "2026-09-24T20:08:46+00:00"}
[2026-09-24 15:09:17] TX Python SDK azure-iot-device (MQTT 8883) -> {"tempIntake": 22.11, "tempExhaust": 32.94, "humedadRack": 49.02, "tsDispositivo": "2026-09-24T20:09:16+00:00"}
[2026-09-24 15:09:47] TX Python SDK azure-iot-device (MQTT 8883) -> {"tempIntake": 22.06, "tempExhaust": 33.25, "humedadRack": 48.6, "tsDispositivo": "2026-09-24T20:09:47+00:00"}
[2026-09-24 15:10:17] TX Python SDK azure-iot-device (MQTT 8883) -> {"tempIntake": 21.81, "tempExhaust": 32.74, "humedadRack": 48.42, "tsDispositivo": "2026-09-24T20:10:17+00:00"}
[2026-09-24 15:10:47] TX Python SDK azure-iot-device (MQTT 8883) -> {"tempIntake": 21.81, "tempExhaust": 32.82, "humedadRack": 48.13, "tsDispositivo": "2026-09-24T20:10:47+00:00"}
[2026-09-24 15:11:17] TX Python SDK azure-iot-device (MQTT 8883) -> {"tempIntake": 21.74, "tempExhaust": 33.17, "humedadRack": 48.85, "tsDispositivo": "2026-09-24T20:11:17+00:00"}
[2026-09-24 15:11:48] TX Python SDK azure-iot-device (MQTT 8883) -> {"tempIntake": 22.24, "tempExhaust": 32.83, "humedadRack": 47.16, "tsDispositivo": "2026-09-24T20:11:47+00:00"}
[2026-09-24 15:12:18] TX Python SDK azure-iot-device (MQTT 8883) -> {"tempIntake": 22.04, "tempExhaust": 33.54, "humedadRack": 49.22, "tsDispositivo": "2026-09-24T20:12:18+00:00"}
[2026-09-24 15:12:48] TX Python SDK azure-iot-device (MQTT 8883) -> {"tempIntake": 22.19, "tempExhaust": 32.87, "humedadRack": 47.16, "tsDispositivo": "2026-09-24T20:12:48+00:00"}
[2026-09-24 15:13:18] TX Python SDK azure-iot-device (MQTT 8883) -> {"tempIntake": 22.14, "tempExhaust": 33.09, "humedadRack": 48.86, "tsDispositivo": "2026-09-24T20:13:18+00:00"}
[2026-09-24 15:13:49] TX Python SDK azure-iot-device (MQTT 8883) -> {"tempIntake": 21.72, "tempExhaust": 33.1, "humedadRack": 49.17, "tsDispositivo": "2026-09-24T20:13:48+00:00"}
[2026-09-24 15:14:19] TX Python SDK azure-iot-device (MQTT 8883) -> {"tempIntake": 21.81, "tempExhaust": 32.55, "humedadRack": 48.19, "tsDispositivo": "2026-09-24T20:14:19+00:00"}
[2026-09-24 15:14:49] TX Python SDK azure-iot-device (MQTT 8883) -> {"tempIntake": 22.29, "tempExhaust": 33.93, "humedadRack": 47.63, "tsDispositivo": "2026-09-24T20:14:49+00:00"}
[2026-09-24 15:15:19] TX Python SDK azure-iot-device (MQTT 8883) -> {"tempIntake": 22.36, "tempExhaust": 33.57, "humedadRack": 48.13, "tsDispositivo": "2026-09-24T20:15:19+00:00"}
[2026-09-24 15:15:49] TX Python SDK azure-iot-device (MQTT 8883) -> {"tempIntake": 22.16, "tempExhaust": 33.2, "humedadRack": 47.0, "tsDispositivo": "2026-09-24T20:15:49+00:00"}
[2026-09-24 15:16:20] TX Python SDK azure-iot-device (MQTT 8883) -> {"tempIntake": 22.06, "tempExhaust": 33.8, "humedadRack": 49.19, "tsDispositivo": "2026-09-24T20:16:20+00:00"}
[2026-09-24 15:16:50] TX Python SDK azure-iot-device (MQTT 8883) -> {"tempIntake": 22.3, "tempExhaust": 33.79, "humedadRack": 48.52, "tsDispositivo": "2026-09-24T20:16:50+00:00"}
[2026-09-24 15:17:20] TX Python SDK azure-iot-device (MQTT 8883) -> {"tempIntake": 22.02, "tempExhaust": 32.98, "humedadRack": 47.41, "tsDispositivo": "2026-09-24T20:17:20+00:00"}
[2026-09-24 15:17:50] TX Python SDK azure-iot-device (MQTT 8883) -> {"tempIntake": 22.28, "tempExhaust": 33.66, "humedadRack": 47.44, "tsDispositivo": "2026-09-24T20:17:50+00:00"}
[2026-09-24 15:18:21] TX Python SDK azure-iot-device (MQTT 8883) -> {"tempIntake": 21.85, "tempExhaust": 33.7, "humedadRack": 48.28, "tsDispositivo": "2026-09-24T20:18:20+00:00"}
[2026-09-24 15:18:51] TX Python SDK azure-iot-device (MQTT 8883) -> {"tempIntake": 21.83, "tempExhaust": 33.38, "humedadRack": 47.86, "tsDispositivo": "2026-09-24T20:18:51+00:00"}
[2026-09-24 15:19:22] TX Python SDK azure-iot-device (MQTT 8883) -> {"tempIntake": 21.88, "tempExhaust": 33.52, "humedadRack": 48.39, "tsDispositivo": "2026-09-24T20:19:21+00:00"}
[2026-09-24 15:19:52] TX Python SDK azure-iot-device (MQTT 8883) -> {"tempIntake": 22.13, "tempExhaust": 33.87, "humedadRack": 48.88, "tsDispositivo": "2026-09-24T20:19:52+00:00"}
[2026-09-24 15:20:22] TX Python SDK azure-iot-device (MQTT 8883) -> {"tempIntake": 21.85, "tempExhaust": 33.19, "humedadRack": 48.03, "tsDispositivo": "2026-09-24T20:20:22+00:00"}
[2026-09-24 15:20:52] TX Python SDK azure-iot-device (MQTT 8883) -> {"tempIntake": 21.98, "tempExhaust": 33.28, "humedadRack": 46.94, "tsDispositivo": "2026-09-24T20:20:52+00:00"}
[2026-09-24 15:21:23] TX Python SDK azure-iot-device (MQTT 8883) -> {"tempIntake": 22.24, "tempExhaust": 33.36, "humedadRack": 48.49, "tsDispositivo": "2026-09-24T20:21:22+00:00"}
[2026-09-24 15:21:53] TX Python SDK azure-iot-device (MQTT 8883) -> {"tempIntake": 22.37, "tempExhaust": 34.16, "humedadRack": 47.42, "tsDispositivo": "2026-09-24T20:21:53+00:00"}
[2026-09-24 15:22:23] TX Python SDK azure-iot-device (MQTT 8883) -> {"tempIntake": 21.89, "tempExhaust": 33.22, "humedadRack": 47.99, "tsDispositivo": "2026-09-24T20:22:23+00:00"}
[2026-09-24 15:22:53] TX Python SDK azure-iot-device (MQTT 8883) -> {"tempIntake": 22.04, "tempExhaust": 33.18, "humedadRack": 47.85, "tsDispositivo": "2026-09-24T20:22:53+00:00"}
[2026-09-24 15:23:23] TX Python SDK azure-iot-device (MQTT 8883) -> {"tempIntake": 22.05, "tempExhaust": 33.03, "humedadRack": 48.61, "tsDispositivo": "2026-09-24T20:23:23+00:00"}
[2026-09-24 15:23:54] TX Python SDK azure-iot-device (MQTT 8883) -> {"tempIntake": 21.78, "tempExhaust": 32.51, "humedadRack": 47.39, "tsDispositivo": "2026-09-24T20:23:53+00:00"}
[2026-09-24 15:24:24] TX Python SDK azure-iot-device (MQTT 8883) -> {"tempIntake": 22.32, "tempExhaust": 33.47, "humedadRack": 48.79, "tsDispositivo": "2026-09-24T20:24:24+00:00"}
[2026-09-24 15:24:54] TX Python SDK azure-iot-device (MQTT 8883) -> {"tempIntake": 22.32, "tempExhaust": 33.69, "humedadRack": 48.78, "tsDispositivo": "2026-09-24T20:24:54+00:00"}
[2026-09-24 15:25:24] TX Python SDK azure-iot-device (MQTT 8883) -> {"tempIntake": 22.3, "tempExhaust": 33.66, "humedadRack": 48.96, "tsDispositivo": "2026-09-24T20:25:24+00:00"}
[2026-09-24 15:25:28] INFO  TWIN desired: {'$version': 2, 'modoOperacion': 'Normal', 'umbralHumedad': 60, 'umbralPM25': 35, 'umbralTemperatura': 27}
[2026-09-24 15:25:55] TX Python SDK azure-iot-device (MQTT 8883) -> {"tempIntake": 22.1, "tempExhaust": 33.05, "humedadRack": 46.84, "tsDispositivo": "2026-09-24T20:25:54+00:00"}
[2026-09-24 15:26:25] TX Python SDK azure-iot-device (MQTT 8883) -> {"tempIntake": 22.1, "tempExhaust": 32.86, "humedadRack": 47.1, "tsDispositivo": "2026-09-24T20:26:25+00:00"}
[2026-09-24 15:26:55] TX Python SDK azure-iot-device (MQTT 8883) -> {"tempIntake": 21.92, "tempExhaust": 32.68, "humedadRack": 48.83, "tsDispositivo": "2026-09-24T20:26:55+00:00"}
[2026-09-24 15:27:25] TX Python SDK azure-iot-device (MQTT 8883) -> {"tempIntake": 21.96, "tempExhaust": 33.72, "humedadRack": 48.25, "tsDispositivo": "2026-09-24T20:27:25+00:00"}
[2026-09-24 15:27:55] TX Python SDK azure-iot-device (MQTT 8883) -> {"tempIntake": 21.91, "tempExhaust": 33.4, "humedadRack": 48.87, "tsDispositivo": "2026-09-24T20:27:55+00:00"}
[2026-09-24 15:28:26] TX Python SDK azure-iot-device (MQTT 8883) -> {"tempIntake": 22.08, "tempExhaust": 32.95, "humedadRack": 47.84, "tsDispositivo": "2026-09-24T20:28:25+00:00"}
[2026-09-24 15:28:56] TX Python SDK azure-iot-device (MQTT 8883) -> {"tempIntake": 22.37, "tempExhaust": 34.21, "humedadRack": 47.21, "tsDispositivo": "2026-09-24T20:28:56+00:00"}
[2026-09-24 15:29:26] TX Python SDK azure-iot-device (MQTT 8883) -> {"tempIntake": 22.0, "tempExhaust": 33.31, "humedadRack": 48.72, "tsDispositivo": "2026-09-24T20:29:26+00:00"}
[2026-09-24 15:29:56] TX Python SDK azure-iot-device (MQTT 8883) -> {"tempIntake": 22.26, "tempExhaust": 33.95, "humedadRack": 46.87, "tsDispositivo": "2026-09-24T20:29:56+00:00"}
[2026-09-24 15:30:27] TX Python SDK azure-iot-device (MQTT 8883) -> {"tempIntake": 21.85, "tempExhaust": 33.68, "humedadRack": 46.76, "tsDispositivo": "2026-09-24T20:30:26+00:00"}
[2026-09-24 15:30:57] TX Python SDK azure-iot-device (MQTT 8883) -> {"tempIntake": 22.41, "tempExhaust": 34.18, "humedadRack": 48.65, "tsDispositivo": "2026-09-24T20:30:57+00:00"}
[2026-09-24 15:31:27] TX Python SDK azure-iot-device (MQTT 8883) -> {"tempIntake": 21.82, "tempExhaust": 32.94, "humedadRack": 47.8, "tsDispositivo": "2026-09-24T20:31:27+00:00"}
[2026-09-24 15:31:57] TX Python SDK azure-iot-device (MQTT 8883) -> {"tempIntake": 22.04, "tempExhaust": 33.88, "humedadRack": 48.22, "tsDispositivo": "2026-09-24T20:31:57+00:00"}
[2026-09-24 15:32:28] TX Python SDK azure-iot-device (MQTT 8883) -> {"tempIntake": 22.05, "tempExhaust": 32.93, "humedadRack": 47.68, "tsDispositivo": "2026-09-24T20:32:27+00:00"}
[2026-09-24 15:32:58] TX Python SDK azure-iot-device (MQTT 8883) -> {"tempIntake": 21.91, "tempExhaust": 33.15, "humedadRack": 47.51, "tsDispositivo": "2026-09-24T20:32:58+00:00"}
[2026-09-24 15:33:28] TX Python SDK azure-iot-device (MQTT 8883) -> {"tempIntake": 22.16, "tempExhaust": 33.18, "humedadRack": 47.22, "tsDispositivo": "2026-09-24T20:33:28+00:00"}
[2026-09-24 15:33:58] TX Python SDK azure-iot-device (MQTT 8883) -> {"tempIntake": 22.11, "tempExhaust": 32.81, "humedadRack": 48.25, "tsDispositivo": "2026-09-24T20:33:58+00:00"}
[2026-09-24 15:34:29] TX Python SDK azure-iot-device (MQTT 8883) -> {"tempIntake": 22.24, "tempExhaust": 34.08, "humedadRack": 47.13, "tsDispositivo": "2026-09-24T20:34:28+00:00"}
[2026-09-24 15:34:59] TX Python SDK azure-iot-device (MQTT 8883) -> {"tempIntake": 22.4, "tempExhaust": 34.17, "humedadRack": 48.8, "tsDispositivo": "2026-09-24T20:34:59+00:00"}
[2026-09-24 15:35:29] TX Python SDK azure-iot-device (MQTT 8883) -> {"tempIntake": 21.77, "tempExhaust": 33.48, "humedadRack": 47.04, "tsDispositivo": "2026-09-24T20:35:29+00:00"}
[2026-09-24 15:35:59] TX Python SDK azure-iot-device (MQTT 8883) -> {"tempIntake": 21.86, "tempExhaust": 32.75, "humedadRack": 48.82, "tsDispositivo": "2026-09-24T20:35:59+00:00"}
[2026-09-24 15:36:30] TX Python SDK azure-iot-device (MQTT 8883) -> {"tempIntake": 22.37, "tempExhaust": 33.26, "humedadRack": 47.5, "tsDispositivo": "2026-09-24T20:36:29+00:00"}
[2026-09-24 15:37:00] TX Python SDK azure-iot-device (MQTT 8883) -> {"tempIntake": 22.24, "tempExhaust": 33.21, "humedadRack": 48.31, "tsDispositivo": "2026-09-24T20:37:00+00:00"}
[2026-09-24 15:37:30] TX Python SDK azure-iot-device (MQTT 8883) -> {"tempIntake": 21.9, "tempExhaust": 32.95, "humedadRack": 47.75, "tsDispositivo": "2026-09-24T20:37:30+00:00"}
[2026-09-24 15:38:00] TX Python SDK azure-iot-device (MQTT 8883) -> {"tempIntake": 22.41, "tempExhaust": 33.83, "humedadRack": 47.81, "tsDispositivo": "2026-09-24T20:38:00+00:00"}
[2026-09-24 15:38:30] TX Python SDK azure-iot-device (MQTT 8883) -> {"tempIntake": 22.23, "tempExhaust": 33.8, "humedadRack": 47.11, "tsDispositivo": "2026-09-24T20:38:30+00:00"}
[2026-09-24 15:39:01] TX Python SDK azure-iot-device (MQTT 8883) -> {"tempIntake": 22.02, "tempExhaust": 33.02, "humedadRack": 46.93, "tsDispositivo": "2026-09-24T20:39:00+00:00"}
[2026-09-24 15:39:31] TX Python SDK azure-iot-device (MQTT 8883) -> {"tempIntake": 21.77, "tempExhaust": 32.66, "humedadRack": 47.48, "tsDispositivo": "2026-09-24T20:39:31+00:00"}
[2026-09-24 15:40:01] TX Python SDK azure-iot-device (MQTT 8883) -> {"tempIntake": 22.27, "tempExhaust": 33.86, "humedadRack": 48.01, "tsDispositivo": "2026-09-24T20:40:01+00:00"}
[2026-09-24 15:40:31] TX Python SDK azure-iot-device (MQTT 8883) -> {"tempIntake": 21.88, "tempExhaust": 32.98, "humedadRack": 47.97, "tsDispositivo": "2026-09-24T20:40:31+00:00"}
[2026-09-24 15:41:02] TX Python SDK azure-iot-device (MQTT 8883) -> {"tempIntake": 21.73, "tempExhaust": 32.45, "humedadRack": 47.91, "tsDispositivo": "2026-09-24T20:41:01+00:00"}
[2026-09-24 15:41:32] TX Python SDK azure-iot-device (MQTT 8883) -> {"tempIntake": 21.99, "tempExhaust": 33.28, "humedadRack": 48.21, "tsDispositivo": "2026-09-24T20:41:32+00:00"}
[2026-09-24 15:42:02] TX Python SDK azure-iot-device (MQTT 8883) -> {"tempIntake": 22.32, "tempExhaust": 33.69, "humedadRack": 46.48, "tsDispositivo": "2026-09-24T20:42:02+00:00"}
[2026-09-24 15:42:32] TX Python SDK azure-iot-device (MQTT 8883) -> {"tempIntake": 22.23, "tempExhaust": 33.81, "humedadRack": 47.93, "tsDispositivo": "2026-09-24T20:42:32+00:00"}
[2026-09-24 15:43:03] TX Python SDK azure-iot-device (MQTT 8883) -> {"tempIntake": 22.24, "tempExhaust": 32.95, "humedadRack": 46.87, "tsDispositivo": "2026-09-24T20:43:02+00:00"}
[2026-09-24 15:43:33] TX Python SDK azure-iot-device (MQTT 8883) -> {"tempIntake": 22.27, "tempExhaust": 33.1, "humedadRack": 47.28, "tsDispositivo": "2026-09-24T20:43:33+00:00"}
[2026-09-24 15:44:03] TX Python SDK azure-iot-device (MQTT 8883) -> {"tempIntake": 22.33, "tempExhaust": 33.34, "humedadRack": 47.26, "tsDispositivo": "2026-09-24T20:44:03+00:00"}
[2026-09-24 15:44:33] TX Python SDK azure-iot-device (MQTT 8883) -> {"tempIntake": 22.04, "tempExhaust": 33.14, "humedadRack": 47.12, "tsDispositivo": "2026-09-24T20:44:33+00:00"}
[2026-09-24 15:45:04] TX Python SDK azure-iot-device (MQTT 8883) -> {"tempIntake": 21.83, "tempExhaust": 32.66, "humedadRack": 48.58, "tsDispositivo": "2026-09-24T20:45:03+00:00"}
[2026-09-24 15:45:34] TX Python SDK azure-iot-device (MQTT 8883) -> {"tempIntake": 21.97, "tempExhaust": 33.34, "humedadRack": 47.09, "tsDispositivo": "2026-09-24T20:45:34+00:00"}
[2026-09-24 15:46:04] TX Python SDK azure-iot-device (MQTT 8883) -> {"tempIntake": 22.23, "tempExhaust": 33.22, "humedadRack": 48.22, "tsDispositivo": "2026-09-24T20:46:04+00:00"}
[2026-09-24 15:46:34] TX Python SDK azure-iot-device (MQTT 8883) -> {"tempIntake": 22.34, "tempExhaust": 33.55, "humedadRack": 48.43, "tsDispositivo": "2026-09-24T20:46:34+00:00"}
[2026-09-24 15:47:04] TX Python SDK azure-iot-device (MQTT 8883) -> {"tempIntake": 22.09, "tempExhaust": 32.73, "humedadRack": 46.52, "tsDispositivo": "2026-09-24T20:47:04+00:00"}
[2026-09-24 15:47:35] TX Python SDK azure-iot-device (MQTT 8883) -> {"tempIntake": 22.05, "tempExhaust": 33.06, "humedadRack": 46.2, "tsDispositivo": "2026-09-24T20:47:34+00:00"}
[2026-09-24 15:48:05] TX Python SDK azure-iot-device (MQTT 8883) -> {"tempIntake": 21.77, "tempExhaust": 33.55, "humedadRack": 46.32, "tsDispositivo": "2026-09-24T20:48:05+00:00"}
[2026-09-24 15:48:35] TX Python SDK azure-iot-device (MQTT 8883) -> {"tempIntake": 21.71, "tempExhaust": 33.14, "humedadRack": 46.61, "tsDispositivo": "2026-09-24T20:48:35+00:00"}
[2026-09-24 15:49:05] TX Python SDK azure-iot-device (MQTT 8883) -> {"tempIntake": 21.91, "tempExhaust": 33.78, "humedadRack": 46.83, "tsDispositivo": "2026-09-24T20:49:05+00:00"}
[2026-09-24 15:49:36] TX Python SDK azure-iot-device (MQTT 8883) -> {"tempIntake": 22.28, "tempExhaust": 33.79, "humedadRack": 48.25, "tsDispositivo": "2026-09-24T20:49:35+00:00"}
[2026-09-24 15:50:06] TX Python SDK azure-iot-device (MQTT 8883) -> {"tempIntake": 21.79, "tempExhaust": 32.96, "humedadRack": 47.64, "tsDispositivo": "2026-09-24T20:50:06+00:00"}
[2026-09-24 15:50:36] TX Python SDK azure-iot-device (MQTT 8883) -> {"tempIntake": 21.92, "tempExhaust": 32.89, "humedadRack": 46.25, "tsDispositivo": "2026-09-24T20:50:36+00:00"}
[2026-09-24 15:51:06] TX Python SDK azure-iot-device (MQTT 8883) -> {"tempIntake": 22.26, "tempExhaust": 33.45, "humedadRack": 47.69, "tsDispositivo": "2026-09-24T20:51:06+00:00"}
[2026-09-24 15:51:37] TX Python SDK azure-iot-device (MQTT 8883) -> {"tempIntake": 21.82, "tempExhaust": 32.58, "humedadRack": 46.18, "tsDispositivo": "2026-09-24T20:51:36+00:00"}
[2026-09-24 15:52:07] TX Python SDK azure-iot-device (MQTT 8883) -> {"tempIntake": 21.77, "tempExhaust": 33.38, "humedadRack": 46.75, "tsDispositivo": "2026-09-24T20:52:07+00:00"}
[2026-09-24 15:52:37] TX Python SDK azure-iot-device (MQTT 8883) -> {"tempIntake": 22.04, "tempExhaust": 33.6, "humedadRack": 46.63, "tsDispositivo": "2026-09-24T20:52:37+00:00"}
[2026-09-24 15:53:08] TX Python SDK azure-iot-device (MQTT 8883) -> {"tempIntake": 22.27, "tempExhaust": 33.41, "humedadRack": 47.6, "tsDispositivo": "2026-09-24T20:53:07+00:00"}
[2026-09-24 15:53:38] TX Python SDK azure-iot-device (MQTT 8883) -> {"tempIntake": 21.92, "tempExhaust": 33.05, "humedadRack": 48.09, "tsDispositivo": "2026-09-24T20:53:38+00:00"}
[2026-09-24 15:54:08] TX Python SDK azure-iot-device (MQTT 8883) -> {"tempIntake": 22.08, "tempExhaust": 32.71, "humedadRack": 48.07, "tsDispositivo": "2026-09-24T20:54:08+00:00"}
[2026-09-24 15:54:39] TX Python SDK azure-iot-device (MQTT 8883) -> {"tempIntake": 22.18, "tempExhaust": 33.29, "humedadRack": 46.96, "tsDispositivo": "2026-09-24T20:54:38+00:00"}
[2026-09-24 15:55:09] TX Python SDK azure-iot-device (MQTT 8883) -> {"tempIntake": 21.89, "tempExhaust": 33.22, "humedadRack": 46.94, "tsDispositivo": "2026-09-24T20:55:09+00:00"}
[2026-09-24 15:55:39] TX Python SDK azure-iot-device (MQTT 8883) -> {"tempIntake": 22.07, "tempExhaust": 33.81, "humedadRack": 46.54, "tsDispositivo": "2026-09-24T20:55:39+00:00"}
[2026-09-24 15:56:09] TX Python SDK azure-iot-device (MQTT 8883) -> {"tempIntake": 22.34, "tempExhaust": 33.48, "humedadRack": 47.08, "tsDispositivo": "2026-09-24T20:56:09+00:00"}
[2026-09-24 15:56:39] TX Python SDK azure-iot-device (MQTT 8883) -> {"tempIntake": 21.77, "tempExhaust": 32.73, "humedadRack": 48.0, "tsDispositivo": "2026-09-24T20:56:39+00:00"}
[2026-09-24 15:57:10] TX Python SDK azure-iot-device (MQTT 8883) -> {"tempIntake": 22.05, "tempExhaust": 33.69, "humedadRack": 47.77, "tsDispositivo": "2026-09-24T20:57:09+00:00"}
[2026-09-24 15:57:40] TX Python SDK azure-iot-device (MQTT 8883) -> {"tempIntake": 22.38, "tempExhaust": 34.04, "humedadRack": 47.49, "tsDispositivo": "2026-09-24T20:57:40+00:00"}
[2026-09-24 15:58:10] TX Python SDK azure-iot-device (MQTT 8883) -> {"tempIntake": 22.34, "tempExhaust": 33.23, "humedadRack": 47.56, "tsDispositivo": "2026-09-24T20:58:10+00:00"}
[2026-09-24 15:58:40] TX Python SDK azure-iot-device (MQTT 8883) -> {"tempIntake": 21.85, "tempExhaust": 32.84, "humedadRack": 46.69, "tsDispositivo": "2026-09-24T20:58:40+00:00"}
[2026-09-24 15:59:11] TX Python SDK azure-iot-device (MQTT 8883) -> {"tempIntake": 22.07, "tempExhaust": 33.24, "humedadRack": 46.01, "tsDispositivo": "2026-09-24T20:59:10+00:00"}
[2026-09-24 15:59:41] TX Python SDK azure-iot-device (MQTT 8883) -> {"tempIntake": 21.74, "tempExhaust": 33.18, "humedadRack": 47.21, "tsDispositivo": "2026-09-24T20:59:41+00:00"}
[2026-09-24 16:00:11] TX Python SDK azure-iot-device (MQTT 8883) -> {"tempIntake": 21.85, "tempExhaust": 33.02, "humedadRack": 47.32, "tsDispositivo": "2026-09-24T21:00:11+00:00"}
[2026-09-24 16:00:41] TX Python SDK azure-iot-device (MQTT 8883) -> {"tempIntake": 22.38, "tempExhaust": 33.52, "humedadRack": 47.82, "tsDispositivo": "2026-09-24T21:00:41+00:00"}
[2026-09-24 16:01:12] TX Python SDK azure-iot-device (MQTT 8883) -> {"tempIntake": 22.08, "tempExhaust": 32.75, "humedadRack": 47.75, "tsDispositivo": "2026-09-24T21:01:11+00:00"}
[2026-09-24 16:01:42] TX Python SDK azure-iot-device (MQTT 8883) -> {"tempIntake": 22.02, "tempExhaust": 33.53, "humedadRack": 46.34, "tsDispositivo": "2026-09-24T21:01:42+00:00"}
[2026-09-24 16:02:12] TX Python SDK azure-iot-device (MQTT 8883) -> {"tempIntake": 22.01, "tempExhaust": 33.32, "humedadRack": 46.13, "tsDispositivo": "2026-09-24T21:02:12+00:00"}
[2026-09-24 16:02:42] TX Python SDK azure-iot-device (MQTT 8883) -> {"tempIntake": 22.2, "tempExhaust": 33.8, "humedadRack": 48.1, "tsDispositivo": "2026-09-24T21:02:42+00:00"}
[2026-09-24 16:03:13] TX Python SDK azure-iot-device (MQTT 8883) -> {"tempIntake": 21.73, "tempExhaust": 32.45, "humedadRack": 46.76, "tsDispositivo": "2026-09-24T21:03:12+00:00"}
[2026-09-24 16:03:43] TX Python SDK azure-iot-device (MQTT 8883) -> {"tempIntake": 22.3, "tempExhaust": 33.49, "humedadRack": 46.62, "tsDispositivo": "2026-09-24T21:03:43+00:00"}
[2026-09-24 16:04:13] TX Python SDK azure-iot-device (MQTT 8883) -> {"tempIntake": 22.3, "tempExhaust": 33.74, "humedadRack": 47.37, "tsDispositivo": "2026-09-24T21:04:13+00:00"}
[2026-09-24 16:04:43] TX Python SDK azure-iot-device (MQTT 8883) -> {"tempIntake": 22.21, "tempExhaust": 33.73, "humedadRack": 46.08, "tsDispositivo": "2026-09-24T21:04:43+00:00"}
[2026-09-24 16:05:13] TX Python SDK azure-iot-device (MQTT 8883) -> {"tempIntake": 21.73, "tempExhaust": 33.0, "humedadRack": 47.64, "tsDispositivo": "2026-09-24T21:05:13+00:00"}
[2026-09-24 16:05:44] TX Python SDK azure-iot-device (MQTT 8883) -> {"tempIntake": 22.03, "tempExhaust": 33.58, "humedadRack": 46.6, "tsDispositivo": "2026-09-24T21:05:43+00:00"}
[2026-09-24 16:06:14] TX Python SDK azure-iot-device (MQTT 8883) -> {"tempIntake": 22.29, "tempExhaust": 33.88, "humedadRack": 47.09, "tsDispositivo": "2026-09-24T21:06:14+00:00"}
[2026-09-24 16:06:44] TX Python SDK azure-iot-device (MQTT 8883) -> {"tempIntake": 21.98, "tempExhaust": 32.98, "humedadRack": 47.04, "tsDispositivo": "2026-09-24T21:06:44+00:00"}
[2026-09-24 16:07:14] TX Python SDK azure-iot-device (MQTT 8883) -> {"tempIntake": 22.04, "tempExhaust": 33.28, "humedadRack": 47.61, "tsDispositivo": "2026-09-24T21:07:14+00:00"}
[2026-09-24 16:07:45] TX Python SDK azure-iot-device (MQTT 8883) -> {"tempIntake": 22.23, "tempExhaust": 33.97, "humedadRack": 47.48, "tsDispositivo": "2026-09-24T21:07:44+00:00"}
[2026-09-24 16:08:15] TX Python SDK azure-iot-device (MQTT 8883) -> {"tempIntake": 21.95, "tempExhaust": 32.93, "humedadRack": 47.23, "tsDispositivo": "2026-09-24T21:08:15+00:00"}
[2026-09-24 16:08:45] TX Python SDK azure-iot-device (MQTT 8883) -> {"tempIntake": 22.39, "tempExhaust": 33.71, "humedadRack": 47.44, "tsDispositivo": "2026-09-24T21:08:45+00:00"}
[2026-09-24 16:09:15] TX Python SDK azure-iot-device (MQTT 8883) -> {"tempIntake": 22.43, "tempExhaust": 34.17, "humedadRack": 45.81, "tsDispositivo": "2026-09-24T21:09:15+00:00"}
[2026-09-24 16:09:46] TX Python SDK azure-iot-device (MQTT 8883) -> {"tempIntake": 22.37, "tempExhaust": 33.78, "humedadRack": 46.02, "tsDispositivo": "2026-09-24T21:09:45+00:00"}
[2026-09-24 16:10:16] TX Python SDK azure-iot-device (MQTT 8883) -> {"tempIntake": 22.12, "tempExhaust": 33.88, "humedadRack": 45.99, "tsDispositivo": "2026-09-24T21:10:16+00:00"}
[2026-09-24 16:10:46] TX Python SDK azure-iot-device (MQTT 8883) -> {"tempIntake": 21.86, "tempExhaust": 32.89, "humedadRack": 46.98, "tsDispositivo": "2026-09-24T21:10:46+00:00"}
[2026-09-24 16:11:16] TX Python SDK azure-iot-device (MQTT 8883) -> {"tempIntake": 21.79, "tempExhaust": 33.47, "humedadRack": 46.4, "tsDispositivo": "2026-09-24T21:11:16+00:00"}
[2026-09-24 16:11:47] TX Python SDK azure-iot-device (MQTT 8883) -> {"tempIntake": 21.85, "tempExhaust": 32.89, "humedadRack": 47.42, "tsDispositivo": "2026-09-24T21:11:46+00:00"}
[2026-09-24 16:12:17] TX Python SDK azure-iot-device (MQTT 8883) -> {"tempIntake": 21.78, "tempExhaust": 33.11, "humedadRack": 47.17, "tsDispositivo": "2026-09-24T21:12:17+00:00"}
[2026-09-24 16:12:47] TX Python SDK azure-iot-device (MQTT 8883) -> {"tempIntake": 21.8, "tempExhaust": 33.26, "humedadRack": 45.84, "tsDispositivo": "2026-09-24T21:12:47+00:00"}
[2026-09-24 16:13:17] TX Python SDK azure-iot-device (MQTT 8883) -> {"tempIntake": 22.03, "tempExhaust": 33.37, "humedadRack": 46.88, "tsDispositivo": "2026-09-24T21:13:17+00:00"}
[2026-09-24 16:13:47] TX Python SDK azure-iot-device (MQTT 8883) -> {"tempIntake": 21.73, "tempExhaust": 32.66, "humedadRack": 47.8, "tsDispositivo": "2026-09-24T21:13:47+00:00"}
[2026-09-24 16:14:18] TX Python SDK azure-iot-device (MQTT 8883) -> {"tempIntake": 21.84, "tempExhaust": 33.31, "humedadRack": 45.69, "tsDispositivo": "2026-09-24T21:14:17+00:00"}
[2026-09-24 16:14:48] TX Python SDK azure-iot-device (MQTT 8883) -> {"tempIntake": 21.95, "tempExhaust": 33.59, "humedadRack": 46.95, "tsDispositivo": "2026-09-24T21:14:48+00:00"}
[2026-09-24 16:15:18] TX Python SDK azure-iot-device (MQTT 8883) -> {"tempIntake": 21.85, "tempExhaust": 33.35, "humedadRack": 47.75, "tsDispositivo": "2026-09-24T21:15:18+00:00"}
[2026-09-24 16:15:48] TX Python SDK azure-iot-device (MQTT 8883) -> {"tempIntake": 22.3, "tempExhaust": 33.14, "humedadRack": 45.59, "tsDispositivo": "2026-09-24T21:15:48+00:00"}
[2026-09-24 16:16:19] TX Python SDK azure-iot-device (MQTT 8883) -> {"tempIntake": 21.92, "tempExhaust": 33.11, "humedadRack": 45.45, "tsDispositivo": "2026-09-24T21:16:18+00:00"}
[2026-09-24 16:16:49] TX Python SDK azure-iot-device (MQTT 8883) -> {"tempIntake": 21.91, "tempExhaust": 32.68, "humedadRack": 47.71, "tsDispositivo": "2026-09-24T21:16:49+00:00"}
[2026-09-24 16:17:19] TX Python SDK azure-iot-device (MQTT 8883) -> {"tempIntake": 21.81, "tempExhaust": 32.54, "humedadRack": 45.69, "tsDispositivo": "2026-09-24T21:17:19+00:00"}
[2026-09-24 16:17:49] TX Python SDK azure-iot-device (MQTT 8883) -> {"tempIntake": 22.36, "tempExhaust": 33.93, "humedadRack": 46.07, "tsDispositivo": "2026-09-24T21:17:49+00:00"}
[2026-09-24 16:18:19] TX Python SDK azure-iot-device (MQTT 8883) -> {"tempIntake": 21.89, "tempExhaust": 33.36, "humedadRack": 47.55, "tsDispositivo": "2026-09-24T21:18:19+00:00"}
[2026-09-24 16:18:50] TX Python SDK azure-iot-device (MQTT 8883) -> {"tempIntake": 22.29, "tempExhaust": 34.12, "humedadRack": 45.42, "tsDispositivo": "2026-09-24T21:18:49+00:00"}
[2026-09-24 16:19:20] TX Python SDK azure-iot-device (MQTT 8883) -> {"tempIntake": 22.13, "tempExhaust": 32.95, "humedadRack": 47.69, "tsDispositivo": "2026-09-24T21:19:20+00:00"}
[2026-09-24 16:19:50] TX Python SDK azure-iot-device (MQTT 8883) -> {"tempIntake": 21.72, "tempExhaust": 32.71, "humedadRack": 46.16, "tsDispositivo": "2026-09-24T21:19:50+00:00"}
[2026-09-24 16:20:20] TX Python SDK azure-iot-device (MQTT 8883) -> {"tempIntake": 21.87, "tempExhaust": 32.66, "humedadRack": 45.53, "tsDispositivo": "2026-09-24T21:20:20+00:00"}
[2026-09-24 16:20:50] TX Python SDK azure-iot-device (MQTT 8883) -> {"tempIntake": 21.88, "tempExhaust": 32.63, "humedadRack": 45.58, "tsDispositivo": "2026-09-24T21:20:50+00:00"}
[2026-09-24 16:21:21] TX Python SDK azure-iot-device (MQTT 8883) -> {"tempIntake": 22.12, "tempExhaust": 33.47, "humedadRack": 45.73, "tsDispositivo": "2026-09-24T21:21:20+00:00"}
[2026-09-24 16:21:51] TX Python SDK azure-iot-device (MQTT 8883) -> {"tempIntake": 22.32, "tempExhaust": 33.82, "humedadRack": 47.0, "tsDispositivo": "2026-09-24T21:21:51+00:00"}
[2026-09-24 16:22:21] TX Python SDK azure-iot-device (MQTT 8883) -> {"tempIntake": 21.93, "tempExhaust": 32.91, "humedadRack": 47.04, "tsDispositivo": "2026-09-24T21:22:21+00:00"}
[2026-09-24 16:22:51] TX Python SDK azure-iot-device (MQTT 8883) -> {"tempIntake": 21.79, "tempExhaust": 32.92, "humedadRack": 45.4, "tsDispositivo": "2026-09-24T21:22:51+00:00"}
[2026-09-24 16:23:21] TX Python SDK azure-iot-device (MQTT 8883) -> {"tempIntake": 21.81, "tempExhaust": 32.57, "humedadRack": 45.77, "tsDispositivo": "2026-09-24T21:23:21+00:00"}
[2026-09-24 16:23:52] TX Python SDK azure-iot-device (MQTT 8883) -> {"tempIntake": 21.84, "tempExhaust": 32.81, "humedadRack": 46.91, "tsDispositivo": "2026-09-24T21:23:51+00:00"}
[2026-09-24 16:24:22] TX Python SDK azure-iot-device (MQTT 8883) -> {"tempIntake": 22.2, "tempExhaust": 32.94, "humedadRack": 46.11, "tsDispositivo": "2026-09-24T21:24:22+00:00"}
[2026-09-24 16:24:52] TX Python SDK azure-iot-device (MQTT 8883) -> {"tempIntake": 22.33, "tempExhaust": 34.12, "humedadRack": 46.53, "tsDispositivo": "2026-09-24T21:24:52+00:00"}
[2026-09-24 16:29:28] INFO  DPS: id_scope=0ne00FE1F90 registration_id=DC-RACKC-03 transporte=mqtt
[2026-09-24 16:29:31] INFO  DPS OK en 3.0 s -> hub iotc-ce764639-456d-4e61-9e9c-e64c9a818624.azure-devices.net | estado=assigned | DC-RACKC-03
iotc-ce764639-456d-4e61-9e9c-e64c9a818624.azure-devices.net
initialAssignment
null
[2026-09-24 16:29:32] INFO  MQTT/TLS conectado a IoT Central
[2026-09-24 16:29:32] INFO  propiedades reportadas: {'zona': 'Rack C', 'ubicacion': 'Sala blanca - fila C (DC-ANDES-1)', 'origenEnvio': 'Python SDK azure-iot-device (MQTT 8883)', 'fabricante': 'Raspberry Pi 4B + Sensorica SHT31', 'modelo': 'Nodo-Py-MQTT/1.0', 'versionFirmware': '1.4.0', 'intervaloMuestreo': 30}
[2026-09-24 16:29:32] TX Python SDK azure-iot-device (MQTT 8883) -> {"tempIntake": 22.32, "tempExhaust": 33.12, "humedadRack": 45.51, "tsDispositivo": "2026-09-24T21:29:32+00:00"}
[2026-09-24 16:30:02] TX Python SDK azure-iot-device (MQTT 8883) -> {"tempIntake": 22.31, "tempExhaust": 34.09, "humedadRack": 46.66, "tsDispositivo": "2026-09-24T21:30:02+00:00"}
[2026-09-24 16:30:33] TX Python SDK azure-iot-device (MQTT 8883) -> {"tempIntake": 22.38, "tempExhaust": 33.36, "humedadRack": 46.96, "tsDispositivo": "2026-09-24T21:30:32+00:00"}
[2026-09-24 16:31:03] TX Python SDK azure-iot-device (MQTT 8883) -> {"tempIntake": 22.27, "tempExhaust": 32.99, "humedadRack": 45.18, "tsDispositivo": "2026-09-24T21:31:03+00:00"}
[2026-09-24 16:31:33] TX Python SDK azure-iot-device (MQTT 8883) -> {"tempIntake": 21.9, "tempExhaust": 33.34, "humedadRack": 47.33, "tsDispositivo": "2026-09-24T21:31:33+00:00"}
[2026-09-24 16:32:03] TX Python SDK azure-iot-device (MQTT 8883) -> {"tempIntake": 22.25, "tempExhaust": 33.4, "humedadRack": 46.07, "tsDispositivo": "2026-09-24T21:32:03+00:00"}
[2026-09-24 16:32:33] TX Python SDK azure-iot-device (MQTT 8883) -> {"tempIntake": 21.85, "tempExhaust": 32.69, "humedadRack": 47.32, "tsDispositivo": "2026-09-24T21:32:33+00:00"}
[2026-09-24 16:33:04] TX Python SDK azure-iot-device (MQTT 8883) -> {"tempIntake": 22.15, "tempExhaust": 32.87, "humedadRack": 45.18, "tsDispositivo": "2026-09-24T21:33:03+00:00"}
[2026-09-24 16:33:34] TX Python SDK azure-iot-device (MQTT 8883) -> {"tempIntake": 22.35, "tempExhaust": 34.04, "humedadRack": 46.04, "tsDispositivo": "2026-09-24T21:33:34+00:00"}
[2026-09-24 16:34:04] TX Python SDK azure-iot-device (MQTT 8883) -> {"tempIntake": 22.33, "tempExhaust": 33.05, "humedadRack": 45.81, "tsDispositivo": "2026-09-24T21:34:04+00:00"}
[2026-09-24 16:34:34] TX Python SDK azure-iot-device (MQTT 8883) -> {"tempIntake": 22.02, "tempExhaust": 32.79, "humedadRack": 45.11, "tsDispositivo": "2026-09-24T21:34:34+00:00"}
[2026-09-24 16:35:05] TX Python SDK azure-iot-device (MQTT 8883) -> {"tempIntake": 21.98, "tempExhaust": 32.98, "humedadRack": 46.88, "tsDispositivo": "2026-09-24T21:35:04+00:00"}
[2026-09-24 16:35:35] TX Python SDK azure-iot-device (MQTT 8883) -> {"tempIntake": 21.83, "tempExhaust": 33.06, "humedadRack": 46.77, "tsDispositivo": "2026-09-24T21:35:35+00:00"}
[2026-09-24 16:36:05] TX Python SDK azure-iot-device (MQTT 8883) -> {"tempIntake": 22.35, "tempExhaust": 33.91, "humedadRack": 47.02, "tsDispositivo": "2026-09-24T21:36:05+00:00"}
[2026-09-24 16:36:35] TX Python SDK azure-iot-device (MQTT 8883) -> {"tempIntake": 21.86, "tempExhaust": 33.0, "humedadRack": 45.29, "tsDispositivo": "2026-09-24T21:36:35+00:00"}
[2026-09-24 16:37:06] TX Python SDK azure-iot-device (MQTT 8883) -> {"tempIntake": 22.21, "tempExhaust": 33.74, "humedadRack": 44.95, "tsDispositivo": "2026-09-24T21:37:05+00:00"}
[2026-09-24 16:37:36] TX Python SDK azure-iot-device (MQTT 8883) -> {"tempIntake": 22.08, "tempExhaust": 32.95, "humedadRack": 47.19, "tsDispositivo": "2026-09-24T21:37:36+00:00"}
[2026-09-24 16:38:06] TX Python SDK azure-iot-device (MQTT 8883) -> {"tempIntake": 22.07, "tempExhaust": 32.82, "humedadRack": 47.11, "tsDispositivo": "2026-09-24T21:38:06+00:00"}
[2026-09-24 16:38:36] TX Python SDK azure-iot-device (MQTT 8883) -> {"tempIntake": 22.1, "tempExhaust": 33.75, "humedadRack": 45.51, "tsDispositivo": "2026-09-24T21:38:36+00:00"}
[2026-09-24 16:39:07] TX Python SDK azure-iot-device (MQTT 8883) -> {"tempIntake": 21.88, "tempExhaust": 33.08, "humedadRack": 45.9, "tsDispositivo": "2026-09-24T21:39:06+00:00"}
[2026-09-24 16:39:37] TX Python SDK azure-iot-device (MQTT 8883) -> {"tempIntake": 22.2, "tempExhaust": 33.3, "humedadRack": 44.9, "tsDispositivo": "2026-09-24T21:39:37+00:00"}
[2026-09-24 16:40:07] TX Python SDK azure-iot-device (MQTT 8883) -> {"tempIntake": 22.33, "tempExhaust": 33.63, "humedadRack": 46.86, "tsDispositivo": "2026-09-24T21:40:07+00:00"}
[2026-09-24 16:40:37] TX Python SDK azure-iot-device (MQTT 8883) -> {"tempIntake": 22.09, "tempExhaust": 33.56, "humedadRack": 47.13, "tsDispositivo": "2026-09-24T21:40:37+00:00"}
[2026-09-24 16:41:07] TX Python SDK azure-iot-device (MQTT 8883) -> {"tempIntake": 22.28, "tempExhaust": 33.46, "humedadRack": 46.82, "tsDispositivo": "2026-09-24T21:41:07+00:00"}
[2026-09-24 16:41:38] TX Python SDK azure-iot-device (MQTT 8883) -> {"tempIntake": 22.21, "tempExhaust": 33.81, "humedadRack": 46.03, "tsDispositivo": "2026-09-24T21:41:37+00:00"}
[2026-09-24 16:42:08] TX Python SDK azure-iot-device (MQTT 8883) -> {"tempIntake": 22.38, "tempExhaust": 33.63, "humedadRack": 45.7, "tsDispositivo": "2026-09-24T21:42:08+00:00"}
[2026-09-24 16:42:38] TX Python SDK azure-iot-device (MQTT 8883) -> {"tempIntake": 22.31, "tempExhaust": 33.25, "humedadRack": 45.81, "tsDispositivo": "2026-09-24T21:42:38+00:00"}
[2026-09-24 16:43:08] TX Python SDK azure-iot-device (MQTT 8883) -> {"tempIntake": 22.02, "tempExhaust": 33.09, "humedadRack": 46.79, "tsDispositivo": "2026-09-24T21:43:08+00:00"}
[2026-09-24 16:43:38] TX Python SDK azure-iot-device (MQTT 8883) -> {"tempIntake": 21.79, "tempExhaust": 32.9, "humedadRack": 44.83, "tsDispositivo": "2026-09-24T21:43:38+00:00"}
[2026-09-24 16:44:09] TX Python SDK azure-iot-device (MQTT 8883) -> {"tempIntake": 21.96, "tempExhaust": 33.44, "humedadRack": 46.85, "tsDispositivo": "2026-09-24T21:44:08+00:00"}
[2026-09-24 16:44:39] TX Python SDK azure-iot-device (MQTT 8883) -> {"tempIntake": 22.0, "tempExhaust": 33.47, "humedadRack": 44.88, "tsDispositivo": "2026-09-24T21:44:39+00:00"}
[2026-09-24 16:45:09] TX Python SDK azure-iot-device (MQTT 8883) -> {"tempIntake": 21.69, "tempExhaust": 32.39, "humedadRack": 46.39, "tsDispositivo": "2026-09-24T21:45:09+00:00"}
[2026-09-24 16:45:39] TX Python SDK azure-iot-device (MQTT 8883) -> {"tempIntake": 22.16, "tempExhaust": 33.44, "humedadRack": 45.79, "tsDispositivo": "2026-09-24T21:45:39+00:00"}
[2026-09-24 16:46:09] TX Python SDK azure-iot-device (MQTT 8883) -> {"tempIntake": 21.72, "tempExhaust": 33.35, "humedadRack": 46.05, "tsDispositivo": "2026-09-24T21:46:09+00:00"}
[2026-09-24 16:46:40] TX Python SDK azure-iot-device (MQTT 8883) -> {"tempIntake": 21.7, "tempExhaust": 32.94, "humedadRack": 45.57, "tsDispositivo": "2026-09-24T21:46:40+00:00"}
[2026-09-24 16:47:10] TX Python SDK azure-iot-device (MQTT 8883) -> {"tempIntake": 21.97, "tempExhaust": 32.76, "humedadRack": 46.45, "tsDispositivo": "2026-09-24T21:47:10+00:00"}
[2026-09-24 16:47:40] TX Python SDK azure-iot-device (MQTT 8883) -> {"tempIntake": 21.85, "tempExhaust": 32.95, "humedadRack": 46.8, "tsDispositivo": "2026-09-24T21:47:40+00:00"}
[2026-09-24 16:48:10] TX Python SDK azure-iot-device (MQTT 8883) -> {"tempIntake": 21.91, "tempExhaust": 32.59, "humedadRack": 46.11, "tsDispositivo": "2026-09-24T21:48:10+00:00"}
[2026-09-24 16:48:41] TX Python SDK azure-iot-device (MQTT 8883) -> {"tempIntake": 22.15, "tempExhaust": 33.29, "humedadRack": 45.0, "tsDispositivo": "2026-09-24T21:48:40+00:00"}
[2026-09-24 16:49:11] TX Python SDK azure-iot-device (MQTT 8883) -> {"tempIntake": 22.12, "tempExhaust": 32.79, "humedadRack": 46.9, "tsDispositivo": "2026-09-24T21:49:11+00:00"}
[2026-09-24 16:49:41] TX Python SDK azure-iot-device (MQTT 8883) -> {"tempIntake": 22.03, "tempExhaust": 33.74, "humedadRack": 45.28, "tsDispositivo": "2026-09-24T21:49:41+00:00"}
[2026-09-24 16:50:11] TX Python SDK azure-iot-device (MQTT 8883) -> {"tempIntake": 22.02, "tempExhaust": 33.36, "humedadRack": 46.82, "tsDispositivo": "2026-09-24T21:50:11+00:00"}
[2026-09-24 16:50:41] TX Python SDK azure-iot-device (MQTT 8883) -> {"tempIntake": 22.02, "tempExhaust": 33.7, "humedadRack": 46.36, "tsDispositivo": "2026-09-24T21:50:41+00:00"}
[2026-09-24 16:51:12] TX Python SDK azure-iot-device (MQTT 8883) -> {"tempIntake": 21.96, "tempExhaust": 33.56, "humedadRack": 46.02, "tsDispositivo": "2026-09-24T21:51:11+00:00"}
[2026-09-24 16:51:42] TX Python SDK azure-iot-device (MQTT 8883) -> {"tempIntake": 22.1, "tempExhaust": 33.91, "humedadRack": 46.79, "tsDispositivo": "2026-09-24T21:51:42+00:00"}
[2026-09-24 16:52:12] TX Python SDK azure-iot-device (MQTT 8883) -> {"tempIntake": 22.01, "tempExhaust": 33.06, "humedadRack": 46.02, "tsDispositivo": "2026-09-24T21:52:12+00:00"}
[2026-09-24 16:52:42] TX Python SDK azure-iot-device (MQTT 8883) -> {"tempIntake": 21.82, "tempExhaust": 32.51, "humedadRack": 44.86, "tsDispositivo": "2026-09-24T21:52:42+00:00"}
[2026-09-24 16:53:12] TX Python SDK azure-iot-device (MQTT 8883) -> {"tempIntake": 22.08, "tempExhaust": 33.83, "humedadRack": 46.18, "tsDispositivo": "2026-09-24T21:53:12+00:00"}
[2026-09-24 16:53:43] TX Python SDK azure-iot-device (MQTT 8883) -> {"tempIntake": 22.14, "tempExhaust": 33.75, "humedadRack": 44.59, "tsDispositivo": "2026-09-24T21:53:42+00:00"}
[2026-09-24 16:54:13] TX Python SDK azure-iot-device (MQTT 8883) -> {"tempIntake": 21.78, "tempExhaust": 33.22, "humedadRack": 45.62, "tsDispositivo": "2026-09-24T21:54:13+00:00"}
[2026-09-24 16:54:43] TX Python SDK azure-iot-device (MQTT 8883) -> {"tempIntake": 22.37, "tempExhaust": 33.9, "humedadRack": 45.2, "tsDispositivo": "2026-09-24T21:54:43+00:00"}
[2026-09-24 16:55:13] TX Python SDK azure-iot-device (MQTT 8883) -> {"tempIntake": 21.97, "tempExhaust": 33.37, "humedadRack": 44.4, "tsDispositivo": "2026-09-24T21:55:13+00:00"}
[2026-09-24 16:55:44] TX Python SDK azure-iot-device (MQTT 8883) -> {"tempIntake": 22.04, "tempExhaust": 33.65, "humedadRack": 45.95, "tsDispositivo": "2026-09-24T21:55:43+00:00"}
[2026-09-24 16:56:14] TX Python SDK azure-iot-device (MQTT 8883) -> {"tempIntake": 21.79, "tempExhaust": 33.24, "humedadRack": 44.73, "tsDispositivo": "2026-09-24T21:56:14+00:00"}
[2026-09-24 16:56:44] TX Python SDK azure-iot-device (MQTT 8883) -> {"tempIntake": 22.19, "tempExhaust": 32.91, "humedadRack": 46.09, "tsDispositivo": "2026-09-24T21:56:44+00:00"}
[2026-09-24 16:57:15] TX Python SDK azure-iot-device (MQTT 8883) -> {"tempIntake": 22.28, "tempExhaust": 32.92, "humedadRack": 46.68, "tsDispositivo": "2026-09-24T21:57:14+00:00"}
[2026-09-24 16:57:45] TX Python SDK azure-iot-device (MQTT 8883) -> {"tempIntake": 21.82, "tempExhaust": 32.64, "humedadRack": 45.28, "tsDispositivo": "2026-09-24T21:57:45+00:00"}
[2026-09-24 16:58:15] TX Python SDK azure-iot-device (MQTT 8883) -> {"tempIntake": 22.23, "tempExhaust": 32.87, "humedadRack": 44.73, "tsDispositivo": "2026-09-24T21:58:15+00:00"}
[2026-09-24 16:58:45] TX Python SDK azure-iot-device (MQTT 8883) -> {"tempIntake": 21.92, "tempExhaust": 32.86, "humedadRack": 44.37, "tsDispositivo": "2026-09-24T21:58:45+00:00"}
[2026-09-24 16:59:15] TX Python SDK azure-iot-device (MQTT 8883) -> {"tempIntake": 22.29, "tempExhaust": 33.97, "humedadRack": 45.41, "tsDispositivo": "2026-09-24T21:59:15+00:00"}
[2026-09-24 16:59:46] TX Python SDK azure-iot-device (MQTT 8883) -> {"tempIntake": 22.09, "tempExhaust": 33.55, "humedadRack": 45.92, "tsDispositivo": "2026-09-24T21:59:45+00:00"}
[2026-09-24 17:00:16] TX Python SDK azure-iot-device (MQTT 8883) -> {"tempIntake": 21.72, "tempExhaust": 32.79, "humedadRack": 44.67, "tsDispositivo": "2026-09-24T22:00:16+00:00"}
[2026-09-24 17:00:46] TX Python SDK azure-iot-device (MQTT 8883) -> {"tempIntake": 22.14, "tempExhaust": 32.95, "humedadRack": 45.85, "tsDispositivo": "2026-09-24T22:00:46+00:00"}
[2026-09-24 17:01:16] TX Python SDK azure-iot-device (MQTT 8883) -> {"tempIntake": 21.84, "tempExhaust": 32.75, "humedadRack": 46.42, "tsDispositivo": "2026-09-24T22:01:16+00:00"}
[2026-09-24 17:01:47] TX Python SDK azure-iot-device (MQTT 8883) -> {"tempIntake": 21.97, "tempExhaust": 32.79, "humedadRack": 46.09, "tsDispositivo": "2026-09-24T22:01:46+00:00"}
[2026-09-24 17:02:17] TX Python SDK azure-iot-device (MQTT 8883) -> {"tempIntake": 22.38, "tempExhaust": 33.11, "humedadRack": 45.35, "tsDispositivo": "2026-09-24T22:02:17+00:00"}
[2026-09-24 17:02:47] TX Python SDK azure-iot-device (MQTT 8883) -> {"tempIntake": 22.14, "tempExhaust": 33.52, "humedadRack": 44.97, "tsDispositivo": "2026-09-24T22:02:47+00:00"}
[2026-09-24 17:03:17] TX Python SDK azure-iot-device (MQTT 8883) -> {"tempIntake": 22.29, "tempExhaust": 33.4, "humedadRack": 45.43, "tsDispositivo": "2026-09-24T22:03:17+00:00"}
[2026-09-24 17:03:47] TX Python SDK azure-iot-device (MQTT 8883) -> {"tempIntake": 22.32, "tempExhaust": 33.33, "humedadRack": 45.8, "tsDispositivo": "2026-09-24T22:03:47+00:00"}
[2026-09-24 17:04:18] TX Python SDK azure-iot-device (MQTT 8883) -> {"tempIntake": 22.17, "tempExhaust": 33.07, "humedadRack": 44.91, "tsDispositivo": "2026-09-24T22:04:17+00:00"}
[2026-09-24 17:04:48] TX Python SDK azure-iot-device (MQTT 8883) -> {"tempIntake": 21.98, "tempExhaust": 33.04, "humedadRack": 46.43, "tsDispositivo": "2026-09-24T22:04:48+00:00"}
[2026-09-24 17:05:18] TX Python SDK azure-iot-device (MQTT 8883) -> {"tempIntake": 22.18, "tempExhaust": 33.64, "humedadRack": 46.35, "tsDispositivo": "2026-09-24T22:05:18+00:00"}
[2026-09-24 17:05:48] TX Python SDK azure-iot-device (MQTT 8883) -> {"tempIntake": 22.23, "tempExhaust": 33.6, "humedadRack": 45.07, "tsDispositivo": "2026-09-24T22:05:48+00:00"}
[2026-09-24 17:06:19] TX Python SDK azure-iot-device (MQTT 8883) -> {"tempIntake": 21.82, "tempExhaust": 33.04, "humedadRack": 44.72, "tsDispositivo": "2026-09-24T22:06:18+00:00"}
[2026-09-24 17:06:49] TX Python SDK azure-iot-device (MQTT 8883) -> {"tempIntake": 21.8, "tempExhaust": 33.5, "humedadRack": 46.46, "tsDispositivo": "2026-09-24T22:06:49+00:00"}
[2026-09-24 17:07:19] TX Python SDK azure-iot-device (MQTT 8883) -> {"tempIntake": 21.95, "tempExhaust": 32.74, "humedadRack": 46.42, "tsDispositivo": "2026-09-24T22:07:19+00:00"}
[2026-09-24 17:07:49] TX Python SDK azure-iot-device (MQTT 8883) -> {"tempIntake": 22.01, "tempExhaust": 32.64, "humedadRack": 44.25, "tsDispositivo": "2026-09-24T22:07:49+00:00"}
[2026-09-24 17:08:19] TX Python SDK azure-iot-device (MQTT 8883) -> {"tempIntake": 22.26, "tempExhaust": 33.64, "humedadRack": 45.21, "tsDispositivo": "2026-09-24T22:08:19+00:00"}
[2026-09-24 17:08:50] TX Python SDK azure-iot-device (MQTT 8883) -> {"tempIntake": 22.26, "tempExhaust": 33.71, "humedadRack": 44.89, "tsDispositivo": "2026-09-24T22:08:49+00:00"}
[2026-09-24 17:09:20] TX Python SDK azure-iot-device (MQTT 8883) -> {"tempIntake": 21.87, "tempExhaust": 33.48, "humedadRack": 44.49, "tsDispositivo": "2026-09-24T22:09:20+00:00"}
[2026-09-24 17:09:50] TX Python SDK azure-iot-device (MQTT 8883) -> {"tempIntake": 21.74, "tempExhaust": 32.59, "humedadRack": 44.82, "tsDispositivo": "2026-09-24T22:09:50+00:00"}
[2026-09-24 17:10:20] TX Python SDK azure-iot-device (MQTT 8883) -> {"tempIntake": 22.3, "tempExhaust": 33.61, "humedadRack": 44.45, "tsDispositivo": "2026-09-24T22:10:20+00:00"}
[2026-09-24 17:10:50] TX Python SDK azure-iot-device (MQTT 8883) -> {"tempIntake": 22.26, "tempExhaust": 33.43, "humedadRack": 45.66, "tsDispositivo": "2026-09-24T22:10:50+00:00"}
[2026-09-24 17:11:21] TX Python SDK azure-iot-device (MQTT 8883) -> {"tempIntake": 22.19, "tempExhaust": 33.66, "humedadRack": 45.74, "tsDispositivo": "2026-09-24T22:11:20+00:00"}
[2026-09-24 17:11:51] TX Python SDK azure-iot-device (MQTT 8883) -> {"tempIntake": 21.89, "tempExhaust": 33.54, "humedadRack": 45.83, "tsDispositivo": "2026-09-24T22:11:51+00:00"}
[2026-09-24 17:12:21] TX Python SDK azure-iot-device (MQTT 8883) -> {"tempIntake": 22.27, "tempExhaust": 33.25, "humedadRack": 45.37, "tsDispositivo": "2026-09-24T22:12:21+00:00"}
[2026-09-24 17:12:51] TX Python SDK azure-iot-device (MQTT 8883) -> {"tempIntake": 21.84, "tempExhaust": 32.88, "humedadRack": 45.99, "tsDispositivo": "2026-09-24T22:12:51+00:00"}
[2026-09-24 17:13:22] TX Python SDK azure-iot-device (MQTT 8883) -> {"tempIntake": 22.24, "tempExhaust": 33.3, "humedadRack": 45.36, "tsDispositivo": "2026-09-24T22:13:21+00:00"}
[2026-09-24 17:13:52] TX Python SDK azure-iot-device (MQTT 8883) -> {"tempIntake": 21.71, "tempExhaust": 32.81, "humedadRack": 44.33, "tsDispositivo": "2026-09-24T22:13:52+00:00"}
[2026-09-24 17:14:22] TX Python SDK azure-iot-device (MQTT 8883) -> {"tempIntake": 21.85, "tempExhaust": 32.66, "humedadRack": 46.15, "tsDispositivo": "2026-09-24T22:14:22+00:00"}
[2026-09-24 17:14:52] TX Python SDK azure-iot-device (MQTT 8883) -> {"tempIntake": 21.78, "tempExhaust": 32.72, "humedadRack": 44.94, "tsDispositivo": "2026-09-24T22:14:52+00:00"}
[2026-09-24 17:15:22] TX Python SDK azure-iot-device (MQTT 8883) -> {"tempIntake": 22.05, "tempExhaust": 32.77, "humedadRack": 44.65, "tsDispositivo": "2026-09-24T22:15:22+00:00"}
[2026-09-24 17:15:53] TX Python SDK azure-iot-device (MQTT 8883) -> {"tempIntake": 22.07, "tempExhaust": 33.6, "humedadRack": 44.24, "tsDispositivo": "2026-09-24T22:15:52+00:00"}
[2026-09-24 17:16:23] TX Python SDK azure-iot-device (MQTT 8883) -> {"tempIntake": 21.68, "tempExhaust": 32.77, "humedadRack": 43.9, "tsDispositivo": "2026-09-24T22:16:23+00:00"}
[2026-09-24 17:16:53] TX Python SDK azure-iot-device (MQTT 8883) -> {"tempIntake": 22.38, "tempExhaust": 33.18, "humedadRack": 46.2, "tsDispositivo": "2026-09-24T22:16:53+00:00"}
[2026-09-24 17:17:23] TX Python SDK azure-iot-device (MQTT 8883) -> {"tempIntake": 21.84, "tempExhaust": 32.71, "humedadRack": 44.87, "tsDispositivo": "2026-09-24T22:17:23+00:00"}
[2026-09-24 17:17:53] TX Python SDK azure-iot-device (MQTT 8883) -> {"tempIntake": 22.16, "tempExhaust": 33.6, "humedadRack": 44.16, "tsDispositivo": "2026-09-24T22:17:53+00:00"}
[2026-09-24 17:18:24] TX Python SDK azure-iot-device (MQTT 8883) -> {"tempIntake": 21.95, "tempExhaust": 32.85, "humedadRack": 43.79, "tsDispositivo": "2026-09-24T22:18:23+00:00"}
[2026-09-24 17:18:54] TX Python SDK azure-iot-device (MQTT 8883) -> {"tempIntake": 21.75, "tempExhaust": 32.67, "humedadRack": 45.41, "tsDispositivo": "2026-09-24T22:18:54+00:00"}
[2026-09-24 17:19:24] TX Python SDK azure-iot-device (MQTT 8883) -> {"tempIntake": 21.98, "tempExhaust": 33.39, "humedadRack": 43.98, "tsDispositivo": "2026-09-24T22:19:24+00:00"}
[2026-09-24 17:19:54] TX Python SDK azure-iot-device (MQTT 8883) -> {"tempIntake": 22.34, "tempExhaust": 33.85, "humedadRack": 44.64, "tsDispositivo": "2026-09-24T22:19:54+00:00"}
[2026-09-24 17:20:24] TX Python SDK azure-iot-device (MQTT 8883) -> {"tempIntake": 21.75, "tempExhaust": 32.52, "humedadRack": 43.98, "tsDispositivo": "2026-09-24T22:20:24+00:00"}
[2026-09-24 17:20:55] TX Python SDK azure-iot-device (MQTT 8883) -> {"tempIntake": 21.98, "tempExhaust": 33.1, "humedadRack": 45.71, "tsDispositivo": "2026-09-24T22:20:54+00:00"}
[2026-09-24 17:21:25] TX Python SDK azure-iot-device (MQTT 8883) -> {"tempIntake": 22.04, "tempExhaust": 32.77, "humedadRack": 43.98, "tsDispositivo": "2026-09-24T22:21:25+00:00"}
[2026-09-24 17:21:55] TX Python SDK azure-iot-device (MQTT 8883) -> {"tempIntake": 21.75, "tempExhaust": 32.85, "humedadRack": 45.16, "tsDispositivo": "2026-09-24T22:21:55+00:00"}
[2026-09-24 17:22:25] TX Python SDK azure-iot-device (MQTT 8883) -> {"tempIntake": 21.98, "tempExhaust": 33.42, "humedadRack": 44.28, "tsDispositivo": "2026-09-24T22:22:25+00:00"}
[2026-09-24 17:22:55] TX Python SDK azure-iot-device (MQTT 8883) -> {"tempIntake": 22.16, "tempExhaust": 33.58, "humedadRack": 43.96, "tsDispositivo": "2026-09-24T22:22:55+00:00"}
[2026-09-24 17:23:26] TX Python SDK azure-iot-device (MQTT 8883) -> {"tempIntake": 21.83, "tempExhaust": 32.48, "humedadRack": 45.15, "tsDispositivo": "2026-09-24T22:23:25+00:00"}
[2026-09-24 17:23:56] TX Python SDK azure-iot-device (MQTT 8883) -> {"tempIntake": 22.21, "tempExhaust": 33.16, "humedadRack": 44.26, "tsDispositivo": "2026-09-24T22:23:56+00:00"}
[2026-09-24 17:24:26] TX Python SDK azure-iot-device (MQTT 8883) -> {"tempIntake": 22.24, "tempExhaust": 32.94, "humedadRack": 43.7, "tsDispositivo": "2026-09-24T22:24:26+00:00"}
[2026-09-24 17:24:56] TX Python SDK azure-iot-device (MQTT 8883) -> {"tempIntake": 21.76, "tempExhaust": 32.31, "humedadRack": 45.38, "tsDispositivo": "2026-09-24T22:24:56+00:00"}
[2026-09-24 17:25:26] TX Python SDK azure-iot-device (MQTT 8883) -> {"tempIntake": 22.32, "tempExhaust": 33.5, "humedadRack": 44.29, "tsDispositivo": "2026-09-24T22:25:26+00:00"}
[2026-09-24 17:25:57] TX Python SDK azure-iot-device (MQTT 8883) -> {"tempIntake": 22.05, "tempExhaust": 32.89, "humedadRack": 45.64, "tsDispositivo": "2026-09-24T22:25:56+00:00"}
[2026-09-24 17:26:27] TX Python SDK azure-iot-device (MQTT 8883) -> {"tempIntake": 21.81, "tempExhaust": 33.22, "humedadRack": 43.76, "tsDispositivo": "2026-09-24T22:26:27+00:00"}
[2026-09-24 17:26:57] TX Python SDK azure-iot-device (MQTT 8883) -> {"tempIntake": 21.72, "tempExhaust": 32.43, "humedadRack": 44.37, "tsDispositivo": "2026-09-24T22:26:57+00:00"}
[2026-09-24 17:27:27] TX Python SDK azure-iot-device (MQTT 8883) -> {"tempIntake": 22.23, "tempExhaust": 33.59, "humedadRack": 44.39, "tsDispositivo": "2026-09-24T22:27:27+00:00"}
[2026-09-24 17:27:31] INFO  TWIN desired: {'$version': 2, 'modoOperacion': 'Normal', 'umbralHumedad': 60, 'umbralPM25': 35, 'umbralTemperatura': 27}
[2026-09-24 17:27:57] TX Python SDK azure-iot-device (MQTT 8883) -> {"tempIntake": 22.25, "tempExhaust": 32.81, "humedadRack": 43.88, "tsDispositivo": "2026-09-24T22:27:57+00:00"}
[2026-09-24 17:28:28] TX Python SDK azure-iot-device (MQTT 8883) -> {"tempIntake": 22.01, "tempExhaust": 32.91, "humedadRack": 43.79, "tsDispositivo": "2026-09-24T22:28:27+00:00"}
[2026-09-24 17:28:58] TX Python SDK azure-iot-device (MQTT 8883) -> {"tempIntake": 22.0, "tempExhaust": 33.01, "humedadRack": 43.86, "tsDispositivo": "2026-09-24T22:28:58+00:00"}
[2026-09-24 17:29:28] TX Python SDK azure-iot-device (MQTT 8883) -> {"tempIntake": 22.27, "tempExhaust": 33.41, "humedadRack": 43.56, "tsDispositivo": "2026-09-24T22:29:28+00:00"}
[2026-09-24 17:29:58] TX Python SDK azure-iot-device (MQTT 8883) -> {"tempIntake": 21.84, "tempExhaust": 33.22, "humedadRack": 44.26, "tsDispositivo": "2026-09-24T22:29:58+00:00"}
[2026-09-24 17:30:29] TX Python SDK azure-iot-device (MQTT 8883) -> {"tempIntake": 22.01, "tempExhaust": 33.67, "humedadRack": 45.23, "tsDispositivo": "2026-09-24T22:30:28+00:00"}
[2026-09-24 17:30:59] TX Python SDK azure-iot-device (MQTT 8883) -> {"tempIntake": 21.78, "tempExhaust": 33.38, "humedadRack": 43.98, "tsDispositivo": "2026-09-24T22:30:59+00:00"}
[2026-09-24 17:31:29] TX Python SDK azure-iot-device (MQTT 8883) -> {"tempIntake": 22.32, "tempExhaust": 33.85, "humedadRack": 44.3, "tsDispositivo": "2026-09-24T22:31:29+00:00"}
[2026-09-24 17:31:59] TX Python SDK azure-iot-device (MQTT 8883) -> {"tempIntake": 22.39, "tempExhaust": 33.62, "humedadRack": 45.14, "tsDispositivo": "2026-09-24T22:31:59+00:00"}
[2026-09-24 17:32:29] TX Python SDK azure-iot-device (MQTT 8883) -> {"tempIntake": 21.92, "tempExhaust": 32.7, "humedadRack": 43.96, "tsDispositivo": "2026-09-24T22:32:29+00:00"}
[2026-09-24 17:33:00] TX Python SDK azure-iot-device (MQTT 8883) -> {"tempIntake": 21.69, "tempExhaust": 32.25, "humedadRack": 44.62, "tsDispositivo": "2026-09-24T22:32:59+00:00"}
[2026-09-24 17:33:30] TX Python SDK azure-iot-device (MQTT 8883) -> {"tempIntake": 22.35, "tempExhaust": 33.11, "humedadRack": 44.48, "tsDispositivo": "2026-09-24T22:33:30+00:00"}
[2026-09-24 17:34:00] TX Python SDK azure-iot-device (MQTT 8883) -> {"tempIntake": 22.28, "tempExhaust": 32.95, "humedadRack": 45.48, "tsDispositivo": "2026-09-24T22:34:00+00:00"}
[2026-09-24 17:34:30] TX Python SDK azure-iot-device (MQTT 8883) -> {"tempIntake": 21.79, "tempExhaust": 33.27, "humedadRack": 44.57, "tsDispositivo": "2026-09-24T22:34:30+00:00"}
[2026-09-24 17:35:00] TX Python SDK azure-iot-device (MQTT 8883) -> {"tempIntake": 22.16, "tempExhaust": 33.22, "humedadRack": 44.34, "tsDispositivo": "2026-09-24T22:35:00+00:00"}
[2026-09-24 17:35:31] TX Python SDK azure-iot-device (MQTT 8883) -> {"tempIntake": 22.07, "tempExhaust": 32.61, "humedadRack": 45.2, "tsDispositivo": "2026-09-24T22:35:30+00:00"}
[2026-09-24 17:36:01] TX Python SDK azure-iot-device (MQTT 8883) -> {"tempIntake": 21.69, "tempExhaust": 32.95, "humedadRack": 43.52, "tsDispositivo": "2026-09-24T22:36:01+00:00"}
[2026-09-24 17:36:31] TX Python SDK azure-iot-device (MQTT 8883) -> {"tempIntake": 21.79, "tempExhaust": 32.26, "humedadRack": 44.34, "tsDispositivo": "2026-09-24T22:36:31+00:00"}
[2026-09-24 17:37:01] TX Python SDK azure-iot-device (MQTT 8883) -> {"tempIntake": 22.11, "tempExhaust": 32.8, "humedadRack": 44.51, "tsDispositivo": "2026-09-24T22:37:01+00:00"}
[2026-09-24 17:37:31] TX Python SDK azure-iot-device (MQTT 8883) -> {"tempIntake": 21.67, "tempExhaust": 32.44, "humedadRack": 44.57, "tsDispositivo": "2026-09-24T22:37:31+00:00"}
[2026-09-24 17:38:02] TX Python SDK azure-iot-device (MQTT 8883) -> {"tempIntake": 21.69, "tempExhaust": 33.03, "humedadRack": 44.75, "tsDispositivo": "2026-09-24T22:38:01+00:00"}
[2026-09-24 17:38:32] TX Python SDK azure-iot-device (MQTT 8883) -> {"tempIntake": 22.13, "tempExhaust": 33.65, "humedadRack": 43.74, "tsDispositivo": "2026-09-24T22:38:32+00:00"}
[2026-09-24 17:39:02] TX Python SDK azure-iot-device (MQTT 8883) -> {"tempIntake": 21.67, "tempExhaust": 33.0, "humedadRack": 43.72, "tsDispositivo": "2026-09-24T22:39:02+00:00"}
[2026-09-24 17:39:32] TX Python SDK azure-iot-device (MQTT 8883) -> {"tempIntake": 22.06, "tempExhaust": 32.47, "humedadRack": 44.39, "tsDispositivo": "2026-09-24T22:39:32+00:00"}
[2026-09-24 17:40:02] TX Python SDK azure-iot-device (MQTT 8883) -> {"tempIntake": 21.85, "tempExhaust": 33.32, "humedadRack": 43.61, "tsDispositivo": "2026-09-24T22:40:02+00:00"}
[2026-09-24 17:40:34] TX Python SDK azure-iot-device (MQTT 8883) -> {"tempIntake": 21.9, "tempExhaust": 33.59, "humedadRack": 44.67, "tsDispositivo": "2026-09-24T22:40:32+00:00"}
[2026-09-24 17:41:04] TX Python SDK azure-iot-device (MQTT 8883) -> {"tempIntake": 21.71, "tempExhaust": 33.35, "humedadRack": 45.59, "tsDispositivo": "2026-09-24T22:41:04+00:00"}
[2026-09-24 17:41:34] TX Python SDK azure-iot-device (MQTT 8883) -> {"tempIntake": 22.17, "tempExhaust": 33.31, "humedadRack": 43.59, "tsDispositivo": "2026-09-24T22:41:34+00:00"}
[2026-09-24 17:42:04] TX Python SDK azure-iot-device (MQTT 8883) -> {"tempIntake": 21.78, "tempExhaust": 32.56, "humedadRack": 44.88, "tsDispositivo": "2026-09-24T22:42:04+00:00"}
[2026-09-24 17:42:34] TX Python SDK azure-iot-device (MQTT 8883) -> {"tempIntake": 21.89, "tempExhaust": 32.74, "humedadRack": 45.09, "tsDispositivo": "2026-09-24T22:42:34+00:00"}
[2026-09-24 17:43:05] TX Python SDK azure-iot-device (MQTT 8883) -> {"tempIntake": 21.88, "tempExhaust": 33.19, "humedadRack": 43.71, "tsDispositivo": "2026-09-24T22:43:04+00:00"}
[2026-09-24 17:43:35] TX Python SDK azure-iot-device (MQTT 8883) -> {"tempIntake": 22.12, "tempExhaust": 32.75, "humedadRack": 45.11, "tsDispositivo": "2026-09-24T22:43:35+00:00"}
[2026-09-24 17:44:05] TX Python SDK azure-iot-device (MQTT 8883) -> {"tempIntake": 21.81, "tempExhaust": 33.26, "humedadRack": 43.87, "tsDispositivo": "2026-09-24T22:44:05+00:00"}
[2026-09-24 17:44:35] TX Python SDK azure-iot-device (MQTT 8883) -> {"tempIntake": 21.82, "tempExhaust": 33.22, "humedadRack": 44.94, "tsDispositivo": "2026-09-24T22:44:35+00:00"}
[2026-09-24 17:45:06] TX Python SDK azure-iot-device (MQTT 8883) -> {"tempIntake": 22.14, "tempExhaust": 33.39, "humedadRack": 43.57, "tsDispositivo": "2026-09-24T22:45:05+00:00"}
[2026-09-24 17:45:36] TX Python SDK azure-iot-device (MQTT 8883) -> {"tempIntake": 21.9, "tempExhaust": 32.97, "humedadRack": 43.57, "tsDispositivo": "2026-09-24T22:45:36+00:00"}
[2026-09-24 17:46:06] TX Python SDK azure-iot-device (MQTT 8883) -> {"tempIntake": 21.72, "tempExhaust": 32.28, "humedadRack": 43.85, "tsDispositivo": "2026-09-24T22:46:06+00:00"}
[2026-09-24 17:46:36] TX Python SDK azure-iot-device (MQTT 8883) -> {"tempIntake": 21.78, "tempExhaust": 33.09, "humedadRack": 44.21, "tsDispositivo": "2026-09-24T22:46:36+00:00"}
[2026-09-24 17:47:06] TX Python SDK azure-iot-device (MQTT 8883) -> {"tempIntake": 21.71, "tempExhaust": 33.38, "humedadRack": 44.3, "tsDispositivo": "2026-09-24T22:47:06+00:00"}
[2026-09-24 17:47:37] TX Python SDK azure-iot-device (MQTT 8883) -> {"tempIntake": 21.91, "tempExhaust": 33.48, "humedadRack": 43.38, "tsDispositivo": "2026-09-24T22:47:36+00:00"}
[2026-09-24 17:48:07] TX Python SDK azure-iot-device (MQTT 8883) -> {"tempIntake": 22.27, "tempExhaust": 33.25, "humedadRack": 43.39, "tsDispositivo": "2026-09-24T22:48:07+00:00"}
[2026-09-24 17:48:37] TX Python SDK azure-iot-device (MQTT 8883) -> {"tempIntake": 22.04, "tempExhaust": 32.81, "humedadRack": 45.37, "tsDispositivo": "2026-09-24T22:48:37+00:00"}
[2026-09-24 17:49:07] TX Python SDK azure-iot-device (MQTT 8883) -> {"tempIntake": 22.03, "tempExhaust": 33.55, "humedadRack": 43.79, "tsDispositivo": "2026-09-24T22:49:07+00:00"}
[2026-09-24 17:49:37] TX Python SDK azure-iot-device (MQTT 8883) -> {"tempIntake": 22.09, "tempExhaust": 33.63, "humedadRack": 44.64, "tsDispositivo": "2026-09-24T22:49:37+00:00"}
[2026-09-24 17:50:08] TX Python SDK azure-iot-device (MQTT 8883) -> {"tempIntake": 22.14, "tempExhaust": 33.73, "humedadRack": 43.66, "tsDispositivo": "2026-09-24T22:50:07+00:00"}
[2026-09-24 17:50:38] TX Python SDK azure-iot-device (MQTT 8883) -> {"tempIntake": 21.72, "tempExhaust": 32.17, "humedadRack": 45.09, "tsDispositivo": "2026-09-24T22:50:38+00:00"}
[2026-09-24 17:51:08] TX Python SDK azure-iot-device (MQTT 8883) -> {"tempIntake": 21.85, "tempExhaust": 32.74, "humedadRack": 44.31, "tsDispositivo": "2026-09-24T22:51:08+00:00"}
[2026-09-24 17:51:38] TX Python SDK azure-iot-device (MQTT 8883) -> {"tempIntake": 21.87, "tempExhaust": 32.6, "humedadRack": 43.01, "tsDispositivo": "2026-09-24T22:51:38+00:00"}
[2026-09-24 17:52:08] TX Python SDK azure-iot-device (MQTT 8883) -> {"tempIntake": 22.33, "tempExhaust": 33.61, "humedadRack": 43.07, "tsDispositivo": "2026-09-24T22:52:08+00:00"}
[2026-09-24 17:52:39] TX Python SDK azure-iot-device (MQTT 8883) -> {"tempIntake": 22.05, "tempExhaust": 33.45, "humedadRack": 44.9, "tsDispositivo": "2026-09-24T22:52:38+00:00"}
[2026-09-24 17:53:09] TX Python SDK azure-iot-device (MQTT 8883) -> {"tempIntake": 21.9, "tempExhaust": 33.19, "humedadRack": 43.98, "tsDispositivo": "2026-09-24T22:53:09+00:00"}
[2026-09-24 17:53:39] TX Python SDK azure-iot-device (MQTT 8883) -> {"tempIntake": 21.93, "tempExhaust": 32.58, "humedadRack": 44.64, "tsDispositivo": "2026-09-24T22:53:39+00:00"}
[2026-09-24 17:54:10] TX Python SDK azure-iot-device (MQTT 8883) -> {"tempIntake": 21.98, "tempExhaust": 33.45, "humedadRack": 43.58, "tsDispositivo": "2026-09-24T22:54:09+00:00"}
[2026-09-24 17:54:40] TX Python SDK azure-iot-device (MQTT 8883) -> {"tempIntake": 22.03, "tempExhaust": 32.81, "humedadRack": 43.48, "tsDispositivo": "2026-09-24T22:54:40+00:00"}
[2026-09-24 17:55:10] TX Python SDK azure-iot-device (MQTT 8883) -> {"tempIntake": 21.8, "tempExhaust": 32.4, "humedadRack": 44.75, "tsDispositivo": "2026-09-24T22:55:10+00:00"}
[2026-09-24 17:55:40] TX Python SDK azure-iot-device (MQTT 8883) -> {"tempIntake": 22.27, "tempExhaust": 33.93, "humedadRack": 43.01, "tsDispositivo": "2026-09-24T22:55:40+00:00"}
[2026-09-24 17:56:10] TX Python SDK azure-iot-device (MQTT 8883) -> {"tempIntake": 22.16, "tempExhaust": 33.56, "humedadRack": 44.92, "tsDispositivo": "2026-09-24T22:56:10+00:00"}
[2026-09-24 17:56:41] TX Python SDK azure-iot-device (MQTT 8883) -> {"tempIntake": 22.21, "tempExhaust": 33.61, "humedadRack": 42.89, "tsDispositivo": "2026-09-24T22:56:40+00:00"}
[2026-09-24 17:57:11] TX Python SDK azure-iot-device (MQTT 8883) -> {"tempIntake": 21.83, "tempExhaust": 33.13, "humedadRack": 43.68, "tsDispositivo": "2026-09-24T22:57:11+00:00"}
[2026-09-24 17:57:41] TX Python SDK azure-iot-device (MQTT 8883) -> {"tempIntake": 21.78, "tempExhaust": 33.24, "humedadRack": 44.62, "tsDispositivo": "2026-09-24T22:57:41+00:00"}
[2026-09-24 17:58:11] TX Python SDK azure-iot-device (MQTT 8883) -> {"tempIntake": 21.87, "tempExhaust": 33.14, "humedadRack": 43.8, "tsDispositivo": "2026-09-24T22:58:11+00:00"}
[2026-09-24 17:58:41] TX Python SDK azure-iot-device (MQTT 8883) -> {"tempIntake": 22.26, "tempExhaust": 32.91, "humedadRack": 43.89, "tsDispositivo": "2026-09-24T22:58:41+00:00"}
[2026-09-24 17:59:12] TX Python SDK azure-iot-device (MQTT 8883) -> {"tempIntake": 21.72, "tempExhaust": 32.71, "humedadRack": 43.82, "tsDispositivo": "2026-09-24T22:59:11+00:00"}
[2026-09-24 17:59:42] TX Python SDK azure-iot-device (MQTT 8883) -> {"tempIntake": 21.72, "tempExhaust": 32.37, "humedadRack": 42.95, "tsDispositivo": "2026-09-24T22:59:42+00:00"}
[2026-09-24 18:00:12] TX Python SDK azure-iot-device (MQTT 8883) -> {"tempIntake": 22.12, "tempExhaust": 33.48, "humedadRack": 44.21, "tsDispositivo": "2026-09-24T23:00:12+00:00"}
[2026-09-24 18:00:42] TX Python SDK azure-iot-device (MQTT 8883) -> {"tempIntake": 22.34, "tempExhaust": 32.95, "humedadRack": 44.92, "tsDispositivo": "2026-09-24T23:00:42+00:00"}
[2026-09-24 18:01:13] TX Python SDK azure-iot-device (MQTT 8883) -> {"tempIntake": 21.79, "tempExhaust": 32.75, "humedadRack": 44.32, "tsDispositivo": "2026-09-24T23:01:12+00:00"}
[2026-09-24 18:01:43] TX Python SDK azure-iot-device (MQTT 8883) -> {"tempIntake": 22.22, "tempExhaust": 33.76, "humedadRack": 43.91, "tsDispositivo": "2026-09-24T23:01:43+00:00"}
[2026-09-24 18:02:13] TX Python SDK azure-iot-device (MQTT 8883) -> {"tempIntake": 22.24, "tempExhaust": 33.79, "humedadRack": 44.13, "tsDispositivo": "2026-09-24T23:02:13+00:00"}
[2026-09-24 18:02:43] TX Python SDK azure-iot-device (MQTT 8883) -> {"tempIntake": 22.07, "tempExhaust": 32.57, "humedadRack": 44.32, "tsDispositivo": "2026-09-24T23:02:43+00:00"}
[2026-09-24 18:03:13] TX Python SDK azure-iot-device (MQTT 8883) -> {"tempIntake": 22.31, "tempExhaust": 33.19, "humedadRack": 44.28, "tsDispositivo": "2026-09-24T23:03:13+00:00"}
[2026-09-24 18:03:44] TX Python SDK azure-iot-device (MQTT 8883) -> {"tempIntake": 21.86, "tempExhaust": 32.61, "humedadRack": 43.94, "tsDispositivo": "2026-09-24T23:03:43+00:00"}
[2026-09-24 18:04:14] TX Python SDK azure-iot-device (MQTT 8883) -> {"tempIntake": 22.27, "tempExhaust": 33.8, "humedadRack": 44.55, "tsDispositivo": "2026-09-24T23:04:14+00:00"}
[2026-09-24 18:04:44] TX Python SDK azure-iot-device (MQTT 8883) -> {"tempIntake": 22.05, "tempExhaust": 33.68, "humedadRack": 44.01, "tsDispositivo": "2026-09-24T23:04:44+00:00"}
[2026-09-24 18:05:14] TX Python SDK azure-iot-device (MQTT 8883) -> {"tempIntake": 22.29, "tempExhaust": 33.94, "humedadRack": 42.87, "tsDispositivo": "2026-09-24T23:05:14+00:00"}
[2026-09-24 18:05:44] TX Python SDK azure-iot-device (MQTT 8883) -> {"tempIntake": 21.87, "tempExhaust": 32.58, "humedadRack": 43.04, "tsDispositivo": "2026-09-24T23:05:44+00:00"}
[2026-09-24 18:06:15] TX Python SDK azure-iot-device (MQTT 8883) -> {"tempIntake": 21.65, "tempExhaust": 32.91, "humedadRack": 44.29, "tsDispositivo": "2026-09-24T23:06:14+00:00"}
[2026-09-24 18:06:45] TX Python SDK azure-iot-device (MQTT 8883) -> {"tempIntake": 22.3, "tempExhaust": 33.27, "humedadRack": 44.22, "tsDispositivo": "2026-09-24T23:06:45+00:00"}
[2026-09-24 18:07:15] TX Python SDK azure-iot-device (MQTT 8883) -> {"tempIntake": 22.18, "tempExhaust": 33.33, "humedadRack": 43.15, "tsDispositivo": "2026-09-24T23:07:15+00:00"}
[2026-09-24 18:07:45] TX Python SDK azure-iot-device (MQTT 8883) -> {"tempIntake": 22.31, "tempExhaust": 32.96, "humedadRack": 42.78, "tsDispositivo": "2026-09-24T23:07:45+00:00"}
[2026-09-24 18:08:15] TX Python SDK azure-iot-device (MQTT 8883) -> {"tempIntake": 21.81, "tempExhaust": 32.8, "humedadRack": 42.64, "tsDispositivo": "2026-09-24T23:08:15+00:00"}
[2026-09-24 18:08:46] TX Python SDK azure-iot-device (MQTT 8883) -> {"tempIntake": 21.94, "tempExhaust": 32.49, "humedadRack": 42.94, "tsDispositivo": "2026-09-24T23:08:45+00:00"}
[2026-09-24 18:09:16] TX Python SDK azure-iot-device (MQTT 8883) -> {"tempIntake": 22.36, "tempExhaust": 33.69, "humedadRack": 44.05, "tsDispositivo": "2026-09-24T23:09:16+00:00"}
[2026-09-24 18:09:46] TX Python SDK azure-iot-device (MQTT 8883) -> {"tempIntake": 21.88, "tempExhaust": 32.58, "humedadRack": 43.78, "tsDispositivo": "2026-09-24T23:09:46+00:00"}
[2026-09-24 18:10:16] TX Python SDK azure-iot-device (MQTT 8883) -> {"tempIntake": 21.64, "tempExhaust": 32.37, "humedadRack": 43.85, "tsDispositivo": "2026-09-24T23:10:16+00:00"}
[2026-09-24 18:10:46] TX Python SDK azure-iot-device (MQTT 8883) -> {"tempIntake": 22.01, "tempExhaust": 33.63, "humedadRack": 44.5, "tsDispositivo": "2026-09-24T23:10:46+00:00"}
[2026-09-24 18:11:17] TX Python SDK azure-iot-device (MQTT 8883) -> {"tempIntake": 22.25, "tempExhaust": 33.24, "humedadRack": 44.42, "tsDispositivo": "2026-09-24T23:11:16+00:00"}
[2026-09-24 18:11:47] TX Python SDK azure-iot-device (MQTT 8883) -> {"tempIntake": 21.67, "tempExhaust": 32.69, "humedadRack": 43.2, "tsDispositivo": "2026-09-24T23:11:47+00:00"}
[2026-09-24 18:12:17] TX Python SDK azure-iot-device (MQTT 8883) -> {"tempIntake": 22.22, "tempExhaust": 33.7, "humedadRack": 42.73, "tsDispositivo": "2026-09-24T23:12:17+00:00"}
[2026-09-24 18:12:47] TX Python SDK azure-iot-device (MQTT 8883) -> {"tempIntake": 21.94, "tempExhaust": 33.22, "humedadRack": 44.22, "tsDispositivo": "2026-09-24T23:12:47+00:00"}
[2026-09-24 18:13:18] TX Python SDK azure-iot-device (MQTT 8883) -> {"tempIntake": 21.92, "tempExhaust": 33.13, "humedadRack": 44.71, "tsDispositivo": "2026-09-24T23:13:17+00:00"}
[2026-09-24 18:13:48] TX Python SDK azure-iot-device (MQTT 8883) -> {"tempIntake": 22.04, "tempExhaust": 33.13, "humedadRack": 43.64, "tsDispositivo": "2026-09-24T23:13:48+00:00"}
[2026-09-24 18:14:19] TX Python SDK azure-iot-device (MQTT 8883) -> {"tempIntake": 21.77, "tempExhaust": 33.14, "humedadRack": 42.54, "tsDispositivo": "2026-09-24T23:14:18+00:00"}
[2026-09-24 18:14:49] TX Python SDK azure-iot-device (MQTT 8883) -> {"tempIntake": 21.84, "tempExhaust": 32.48, "humedadRack": 43.73, "tsDispositivo": "2026-09-24T23:14:49+00:00"}
[2026-09-24 18:15:19] TX Python SDK azure-iot-device (MQTT 8883) -> {"tempIntake": 21.82, "tempExhaust": 32.7, "humedadRack": 44.6, "tsDispositivo": "2026-09-24T23:15:19+00:00"}
[2026-09-24 18:15:49] TX Python SDK azure-iot-device (MQTT 8883) -> {"tempIntake": 21.95, "tempExhaust": 33.05, "humedadRack": 44.39, "tsDispositivo": "2026-09-24T23:15:49+00:00"}
[2026-09-24 18:16:19] TX Python SDK azure-iot-device (MQTT 8883) -> {"tempIntake": 21.69, "tempExhaust": 32.54, "humedadRack": 44.79, "tsDispositivo": "2026-09-24T23:16:19+00:00"}
[2026-09-24 18:16:50] TX Python SDK azure-iot-device (MQTT 8883) -> {"tempIntake": 22.25, "tempExhaust": 33.37, "humedadRack": 44.02, "tsDispositivo": "2026-09-24T23:16:49+00:00"}
[2026-09-24 18:17:20] TX Python SDK azure-iot-device (MQTT 8883) -> {"tempIntake": 21.92, "tempExhaust": 33.48, "humedadRack": 43.58, "tsDispositivo": "2026-09-24T23:17:20+00:00"}
[2026-09-24 18:17:50] TX Python SDK azure-iot-device (MQTT 8883) -> {"tempIntake": 22.32, "tempExhaust": 33.23, "humedadRack": 42.96, "tsDispositivo": "2026-09-24T23:17:50+00:00"}
[2026-09-24 18:18:20] TX Python SDK azure-iot-device (MQTT 8883) -> {"tempIntake": 21.99, "tempExhaust": 33.6, "humedadRack": 44.45, "tsDispositivo": "2026-09-24T23:18:20+00:00"}
[2026-09-24 18:18:50] TX Python SDK azure-iot-device (MQTT 8883) -> {"tempIntake": 21.95, "tempExhaust": 32.95, "humedadRack": 44.27, "tsDispositivo": "2026-09-24T23:18:50+00:00"}
[2026-09-24 18:19:21] TX Python SDK azure-iot-device (MQTT 8883) -> {"tempIntake": 21.69, "tempExhaust": 32.8, "humedadRack": 43.38, "tsDispositivo": "2026-09-24T23:19:20+00:00"}
[2026-09-24 18:19:51] TX Python SDK azure-iot-device (MQTT 8883) -> {"tempIntake": 21.81, "tempExhaust": 32.17, "humedadRack": 42.43, "tsDispositivo": "2026-09-24T23:19:51+00:00"}
[2026-09-24 18:20:21] TX Python SDK azure-iot-device (MQTT 8883) -> {"tempIntake": 21.95, "tempExhaust": 32.77, "humedadRack": 44.56, "tsDispositivo": "2026-09-24T23:20:21+00:00"}
[2026-09-24 18:20:51] TX Python SDK azure-iot-device (MQTT 8883) -> {"tempIntake": 22.13, "tempExhaust": 33.47, "humedadRack": 44.62, "tsDispositivo": "2026-09-24T23:20:51+00:00"}
[2026-09-24 18:21:22] TX Python SDK azure-iot-device (MQTT 8883) -> {"tempIntake": 22.06, "tempExhaust": 33.56, "humedadRack": 44.22, "tsDispositivo": "2026-09-24T23:21:21+00:00"}
[2026-09-24 18:21:52] TX Python SDK azure-iot-device (MQTT 8883) -> {"tempIntake": 21.65, "tempExhaust": 33.06, "humedadRack": 42.38, "tsDispositivo": "2026-09-24T23:21:52+00:00"}
[2026-09-24 18:22:22] TX Python SDK azure-iot-device (MQTT 8883) -> {"tempIntake": 21.72, "tempExhaust": 32.88, "humedadRack": 43.01, "tsDispositivo": "2026-09-24T23:22:22+00:00"}
[2026-09-24 18:22:52] TX Python SDK azure-iot-device (MQTT 8883) -> {"tempIntake": 21.98, "tempExhaust": 33.21, "humedadRack": 43.85, "tsDispositivo": "2026-09-24T23:22:52+00:00"}
[2026-09-24 18:23:22] TX Python SDK azure-iot-device (MQTT 8883) -> {"tempIntake": 22.11, "tempExhaust": 32.72, "humedadRack": 43.14, "tsDispositivo": "2026-09-24T23:23:22+00:00"}
[2026-09-24 18:23:53] TX Python SDK azure-iot-device (MQTT 8883) -> {"tempIntake": 21.7, "tempExhaust": 32.62, "humedadRack": 43.55, "tsDispositivo": "2026-09-24T23:23:52+00:00"}
[2026-09-24 18:24:23] TX Python SDK azure-iot-device (MQTT 8883) -> {"tempIntake": 21.8, "tempExhaust": 33.01, "humedadRack": 44.08, "tsDispositivo": "2026-09-24T23:24:23+00:00"}
[2026-09-24 18:24:53] TX Python SDK azure-iot-device (MQTT 8883) -> {"tempIntake": 22.26, "tempExhaust": 33.35, "humedadRack": 43.65, "tsDispositivo": "2026-09-24T23:24:53+00:00"}
[2026-09-24 18:25:23] TX Python SDK azure-iot-device (MQTT 8883) -> {"tempIntake": 21.88, "tempExhaust": 32.83, "humedadRack": 44.54, "tsDispositivo": "2026-09-24T23:25:23+00:00"}
[2026-09-24 18:25:54] TX Python SDK azure-iot-device (MQTT 8883) -> {"tempIntake": 22.29, "tempExhaust": 33.14, "humedadRack": 43.38, "tsDispositivo": "2026-09-24T23:25:53+00:00"}
[2026-09-24 18:26:24] TX Python SDK azure-iot-device (MQTT 8883) -> {"tempIntake": 21.81, "tempExhaust": 32.47, "humedadRack": 42.63, "tsDispositivo": "2026-09-24T23:26:24+00:00"}
[2026-09-24 18:26:54] TX Python SDK azure-iot-device (MQTT 8883) -> {"tempIntake": 22.03, "tempExhaust": 32.7, "humedadRack": 44.25, "tsDispositivo": "2026-09-24T23:26:54+00:00"}
[2026-09-24 18:27:24] TX Python SDK azure-iot-device (MQTT 8883) -> {"tempIntake": 22.3, "tempExhaust": 33.28, "humedadRack": 43.47, "tsDispositivo": "2026-09-24T23:27:24+00:00"}
[2026-09-24 18:27:54] TX Python SDK azure-iot-device (MQTT 8883) -> {"tempIntake": 21.87, "tempExhaust": 33.15, "humedadRack": 44.22, "tsDispositivo": "2026-09-24T23:27:54+00:00"}
[2026-09-24 18:28:25] TX Python SDK azure-iot-device (MQTT 8883) -> {"tempIntake": 21.97, "tempExhaust": 33.1, "humedadRack": 43.63, "tsDispositivo": "2026-09-24T23:28:24+00:00"}
[2026-09-24 18:28:55] TX Python SDK azure-iot-device (MQTT 8883) -> {"tempIntake": 21.72, "tempExhaust": 32.23, "humedadRack": 44.03, "tsDispositivo": "2026-09-24T23:28:55+00:00"}
[2026-09-24 18:29:25] TX Python SDK azure-iot-device (MQTT 8883) -> {"tempIntake": 21.98, "tempExhaust": 32.47, "humedadRack": 42.68, "tsDispositivo": "2026-09-24T23:29:25+00:00"}
[2026-09-24 18:29:55] TX Python SDK azure-iot-device (MQTT 8883) -> {"tempIntake": 22.29, "tempExhaust": 32.96, "humedadRack": 43.29, "tsDispositivo": "2026-09-24T23:29:55+00:00"}
[2026-09-24 18:30:26] TX Python SDK azure-iot-device (MQTT 8883) -> {"tempIntake": 21.93, "tempExhaust": 33.02, "humedadRack": 44.43, "tsDispositivo": "2026-09-24T23:30:25+00:00"}
[2026-09-24 18:30:56] TX Python SDK azure-iot-device (MQTT 8883) -> {"tempIntake": 22.14, "tempExhaust": 32.81, "humedadRack": 43.06, "tsDispositivo": "2026-09-24T23:30:56+00:00"}
[2026-09-24 18:31:26] TX Python SDK azure-iot-device (MQTT 8883) -> {"tempIntake": 21.76, "tempExhaust": 33.21, "humedadRack": 43.37, "tsDispositivo": "2026-09-24T23:31:26+00:00"}
[2026-09-24 18:31:56] TX Python SDK azure-iot-device (MQTT 8883) -> {"tempIntake": 21.9, "tempExhaust": 32.33, "humedadRack": 44.43, "tsDispositivo": "2026-09-24T23:31:56+00:00"}
[2026-09-24 18:32:26] TX Python SDK azure-iot-device (MQTT 8883) -> {"tempIntake": 21.72, "tempExhaust": 32.76, "humedadRack": 44.22, "tsDispositivo": "2026-09-24T23:32:26+00:00"}
[2026-09-24 18:32:57] TX Python SDK azure-iot-device (MQTT 8883) -> {"tempIntake": 22.24, "tempExhaust": 32.75, "humedadRack": 43.33, "tsDispositivo": "2026-09-24T23:32:56+00:00"}
[2026-09-24 18:33:27] TX Python SDK azure-iot-device (MQTT 8883) -> {"tempIntake": 21.77, "tempExhaust": 32.65, "humedadRack": 43.64, "tsDispositivo": "2026-09-24T23:33:27+00:00"}
[2026-09-24 18:33:57] TX Python SDK azure-iot-device (MQTT 8883) -> {"tempIntake": 21.79, "tempExhaust": 32.43, "humedadRack": 43.24, "tsDispositivo": "2026-09-24T23:33:57+00:00"}
[2026-09-24 18:34:27] TX Python SDK azure-iot-device (MQTT 8883) -> {"tempIntake": 22.25, "tempExhaust": 32.56, "humedadRack": 42.78, "tsDispositivo": "2026-09-24T23:34:27+00:00"}
[2026-09-24 18:34:58] TX Python SDK azure-iot-device (MQTT 8883) -> {"tempIntake": 22.0, "tempExhaust": 33.5, "humedadRack": 42.93, "tsDispositivo": "2026-09-24T23:34:57+00:00"}
[2026-09-24 18:35:28] TX Python SDK azure-iot-device (MQTT 8883) -> {"tempIntake": 21.96, "tempExhaust": 33.22, "humedadRack": 43.69, "tsDispositivo": "2026-09-24T23:35:28+00:00"}
[2026-09-24 18:35:58] TX Python SDK azure-iot-device (MQTT 8883) -> {"tempIntake": 21.74, "tempExhaust": 32.31, "humedadRack": 42.69, "tsDispositivo": "2026-09-24T23:35:58+00:00"}
[2026-09-24 18:36:28] TX Python SDK azure-iot-device (MQTT 8883) -> {"tempIntake": 22.16, "tempExhaust": 33.18, "humedadRack": 42.17, "tsDispositivo": "2026-09-24T23:36:28+00:00"}
[2026-09-24 18:36:58] TX Python SDK azure-iot-device (MQTT 8883) -> {"tempIntake": 21.9, "tempExhaust": 32.47, "humedadRack": 44.05, "tsDispositivo": "2026-09-24T23:36:58+00:00"}
[2026-09-24 18:37:29] TX Python SDK azure-iot-device (MQTT 8883) -> {"tempIntake": 21.67, "tempExhaust": 33.29, "humedadRack": 43.33, "tsDispositivo": "2026-09-24T23:37:28+00:00"}
[2026-09-24 18:37:59] TX Python SDK azure-iot-device (MQTT 8883) -> {"tempIntake": 22.11, "tempExhaust": 32.64, "humedadRack": 42.39, "tsDispositivo": "2026-09-24T23:37:59+00:00"}
[2026-09-24 18:38:29] TX Python SDK azure-iot-device (MQTT 8883) -> {"tempIntake": 21.71, "tempExhaust": 32.87, "humedadRack": 43.03, "tsDispositivo": "2026-09-24T23:38:29+00:00"}
[2026-09-24 18:38:59] TX Python SDK azure-iot-device (MQTT 8883) -> {"tempIntake": 22.28, "tempExhaust": 33.11, "humedadRack": 43.8, "tsDispositivo": "2026-09-24T23:38:59+00:00"}
[2026-09-24 18:39:29] TX Python SDK azure-iot-device (MQTT 8883) -> {"tempIntake": 22.05, "tempExhaust": 32.99, "humedadRack": 43.25, "tsDispositivo": "2026-09-24T23:39:29+00:00"}
[2026-09-24 18:40:00] TX Python SDK azure-iot-device (MQTT 8883) -> {"tempIntake": 21.74, "tempExhaust": 32.86, "humedadRack": 42.59, "tsDispositivo": "2026-09-24T23:39:59+00:00"}
[2026-09-24 18:40:30] TX Python SDK azure-iot-device (MQTT 8883) -> {"tempIntake": 21.94, "tempExhaust": 32.53, "humedadRack": 42.86, "tsDispositivo": "2026-09-24T23:40:30+00:00"}
[2026-09-24 18:41:00] TX Python SDK azure-iot-device (MQTT 8883) -> {"tempIntake": 21.71, "tempExhaust": 32.5, "humedadRack": 42.81, "tsDispositivo": "2026-09-24T23:41:00+00:00"}
[2026-09-24 18:41:30] TX Python SDK azure-iot-device (MQTT 8883) -> {"tempIntake": 22.07, "tempExhaust": 32.84, "humedadRack": 42.63, "tsDispositivo": "2026-09-24T23:41:30+00:00"}
[2026-09-24 18:42:01] TX Python SDK azure-iot-device (MQTT 8883) -> {"tempIntake": 21.95, "tempExhaust": 32.65, "humedadRack": 43.31, "tsDispositivo": "2026-09-24T23:42:00+00:00"}
[2026-09-24 18:42:31] TX Python SDK azure-iot-device (MQTT 8883) -> {"tempIntake": 22.28, "tempExhaust": 33.66, "humedadRack": 42.75, "tsDispositivo": "2026-09-24T23:42:31+00:00"}
[2026-09-24 18:43:01] TX Python SDK azure-iot-device (MQTT 8883) -> {"tempIntake": 21.73, "tempExhaust": 32.62, "humedadRack": 43.87, "tsDispositivo": "2026-09-24T23:43:01+00:00"}
[2026-09-24 18:43:31] TX Python SDK azure-iot-device (MQTT 8883) -> {"tempIntake": 22.33, "tempExhaust": 33.34, "humedadRack": 42.06, "tsDispositivo": "2026-09-24T23:43:31+00:00"}
[2026-09-24 18:44:01] TX Python SDK azure-iot-device (MQTT 8883) -> {"tempIntake": 22.1, "tempExhaust": 33.25, "humedadRack": 42.95, "tsDispositivo": "2026-09-24T23:44:01+00:00"}
[2026-09-24 18:44:32] TX Python SDK azure-iot-device (MQTT 8883) -> {"tempIntake": 22.19, "tempExhaust": 33.68, "humedadRack": 44.2, "tsDispositivo": "2026-09-24T23:44:31+00:00"}
[2026-09-24 18:45:02] TX Python SDK azure-iot-device (MQTT 8883) -> {"tempIntake": 21.8, "tempExhaust": 32.89, "humedadRack": 42.6, "tsDispositivo": "2026-09-24T23:45:02+00:00"}
[2026-09-24 18:45:32] TX Python SDK azure-iot-device (MQTT 8883) -> {"tempIntake": 21.97, "tempExhaust": 33.4, "humedadRack": 42.78, "tsDispositivo": "2026-09-24T23:45:32+00:00"}
[2026-09-24 18:46:02] TX Python SDK azure-iot-device (MQTT 8883) -> {"tempIntake": 22.2, "tempExhaust": 32.84, "humedadRack": 42.5, "tsDispositivo": "2026-09-24T23:46:02+00:00"}
[2026-09-24 18:46:33] TX Python SDK azure-iot-device (MQTT 8883) -> {"tempIntake": 21.93, "tempExhaust": 33.36, "humedadRack": 43.39, "tsDispositivo": "2026-09-24T23:46:32+00:00"}
[2026-09-24 18:47:03] TX Python SDK azure-iot-device (MQTT 8883) -> {"tempIntake": 21.87, "tempExhaust": 33.19, "humedadRack": 42.03, "tsDispositivo": "2026-09-24T23:47:03+00:00"}
[2026-09-24 18:47:33] TX Python SDK azure-iot-device (MQTT 8883) -> {"tempIntake": 21.69, "tempExhaust": 31.97, "humedadRack": 43.87, "tsDispositivo": "2026-09-24T23:47:33+00:00"}
[2026-09-24 18:48:03] TX Python SDK azure-iot-device (MQTT 8883) -> {"tempIntake": 22.11, "tempExhaust": 33.3, "humedadRack": 41.93, "tsDispositivo": "2026-09-24T23:48:03+00:00"}
[2026-09-24 18:48:33] TX Python SDK azure-iot-device (MQTT 8883) -> {"tempIntake": 21.82, "tempExhaust": 32.67, "humedadRack": 43.35, "tsDispositivo": "2026-09-24T23:48:33+00:00"}
[2026-09-24 18:49:04] TX Python SDK azure-iot-device (MQTT 8883) -> {"tempIntake": 22.15, "tempExhaust": 32.83, "humedadRack": 42.14, "tsDispositivo": "2026-09-24T23:49:03+00:00"}
[2026-09-24 18:49:34] TX Python SDK azure-iot-device (MQTT 8883) -> {"tempIntake": 22.24, "tempExhaust": 33.47, "humedadRack": 41.97, "tsDispositivo": "2026-09-24T23:49:34+00:00"}
[2026-09-24 18:50:04] TX Python SDK azure-iot-device (MQTT 8883) -> {"tempIntake": 22.09, "tempExhaust": 32.59, "humedadRack": 42.69, "tsDispositivo": "2026-09-24T23:50:04+00:00"}
[2026-09-24 18:50:34] TX Python SDK azure-iot-device (MQTT 8883) -> {"tempIntake": 22.2, "tempExhaust": 32.93, "humedadRack": 43.42, "tsDispositivo": "2026-09-24T23:50:34+00:00"}
[2026-09-24 18:51:04] TX Python SDK azure-iot-device (MQTT 8883) -> {"tempIntake": 21.96, "tempExhaust": 32.94, "humedadRack": 42.93, "tsDispositivo": "2026-09-24T23:51:04+00:00"}
[2026-09-24 18:51:35] TX Python SDK azure-iot-device (MQTT 8883) -> {"tempIntake": 22.01, "tempExhaust": 32.49, "humedadRack": 43.87, "tsDispositivo": "2026-09-24T23:51:34+00:00"}
[2026-09-24 18:52:05] TX Python SDK azure-iot-device (MQTT 8883) -> {"tempIntake": 22.2, "tempExhaust": 33.03, "humedadRack": 43.63, "tsDispositivo": "2026-09-24T23:52:05+00:00"}
[2026-09-24 18:52:35] TX Python SDK azure-iot-device (MQTT 8883) -> {"tempIntake": 21.77, "tempExhaust": 32.92, "humedadRack": 43.89, "tsDispositivo": "2026-09-24T23:52:35+00:00"}
[2026-09-24 18:53:05] TX Python SDK azure-iot-device (MQTT 8883) -> {"tempIntake": 22.14, "tempExhaust": 33.59, "humedadRack": 42.3, "tsDispositivo": "2026-09-24T23:53:05+00:00"}
[2026-09-24 18:53:36] TX Python SDK azure-iot-device (MQTT 8883) -> {"tempIntake": 21.67, "tempExhaust": 32.1, "humedadRack": 42.53, "tsDispositivo": "2026-09-24T23:53:35+00:00"}
[2026-09-24 18:54:06] TX Python SDK azure-iot-device (MQTT 8883) -> {"tempIntake": 21.83, "tempExhaust": 32.65, "humedadRack": 42.87, "tsDispositivo": "2026-09-24T23:54:06+00:00"}
[2026-09-24 18:54:36] TX Python SDK azure-iot-device (MQTT 8883) -> {"tempIntake": 21.69, "tempExhaust": 32.61, "humedadRack": 43.53, "tsDispositivo": "2026-09-24T23:54:36+00:00"}
[2026-09-24 18:55:06] TX Python SDK azure-iot-device (MQTT 8883) -> {"tempIntake": 22.32, "tempExhaust": 33.74, "humedadRack": 42.39, "tsDispositivo": "2026-09-24T23:55:06+00:00"}
[2026-09-24 18:55:36] TX Python SDK azure-iot-device (MQTT 8883) -> {"tempIntake": 21.92, "tempExhaust": 33.2, "humedadRack": 43.32, "tsDispositivo": "2026-09-24T23:55:36+00:00"}
[2026-09-24 18:56:07] TX Python SDK azure-iot-device (MQTT 8883) -> {"tempIntake": 22.29, "tempExhaust": 33.14, "humedadRack": 43.26, "tsDispositivo": "2026-09-24T23:56:06+00:00"}
[2026-09-24 18:56:37] TX Python SDK azure-iot-device (MQTT 8883) -> {"tempIntake": 21.73, "tempExhaust": 33.21, "humedadRack": 43.09, "tsDispositivo": "2026-09-24T23:56:37+00:00"}
[2026-09-24 18:57:07] TX Python SDK azure-iot-device (MQTT 8883) -> {"tempIntake": 22.2, "tempExhaust": 32.6, "humedadRack": 42.73, "tsDispositivo": "2026-09-24T23:57:07+00:00"}
[2026-09-24 18:57:37] TX Python SDK azure-iot-device (MQTT 8883) -> {"tempIntake": 22.0, "tempExhaust": 33.45, "humedadRack": 41.75, "tsDispositivo": "2026-09-24T23:57:37+00:00"}
[2026-09-24 18:58:08] TX Python SDK azure-iot-device (MQTT 8883) -> {"tempIntake": 21.96, "tempExhaust": 33.45, "humedadRack": 43.89, "tsDispositivo": "2026-09-24T23:58:07+00:00"}
[2026-09-24 18:58:38] TX Python SDK azure-iot-device (MQTT 8883) -> {"tempIntake": 22.0, "tempExhaust": 32.62, "humedadRack": 42.0, "tsDispositivo": "2026-09-24T23:58:38+00:00"}
[2026-09-24 18:59:08] TX Python SDK azure-iot-device (MQTT 8883) -> {"tempIntake": 21.95, "tempExhaust": 32.43, "humedadRack": 42.11, "tsDispositivo": "2026-09-24T23:59:08+00:00"}
[2026-09-24 18:59:38] TX Python SDK azure-iot-device (MQTT 8883) -> {"tempIntake": 21.72, "tempExhaust": 32.69, "humedadRack": 42.36, "tsDispositivo": "2026-09-24T23:59:38+00:00"}
[2026-09-24 19:00:09] TX Python SDK azure-iot-device (MQTT 8883) -> {"tempIntake": 22.08, "tempExhaust": 33.54, "humedadRack": 42.72, "tsDispositivo": "2026-09-25T00:00:08+00:00"}
[2026-09-24 19:00:39] TX Python SDK azure-iot-device (MQTT 8883) -> {"tempIntake": 22.12, "tempExhaust": 33.64, "humedadRack": 43.08, "tsDispositivo": "2026-09-25T00:00:39+00:00"}
[2026-09-24 19:01:09] TX Python SDK azure-iot-device (MQTT 8883) -> {"tempIntake": 22.29, "tempExhaust": 32.82, "humedadRack": 42.76, "tsDispositivo": "2026-09-25T00:01:09+00:00"}
[2026-09-24 19:01:39] TX Python SDK azure-iot-device (MQTT 8883) -> {"tempIntake": 21.78, "tempExhaust": 32.22, "humedadRack": 43.65, "tsDispositivo": "2026-09-25T00:01:39+00:00"}
[2026-09-24 19:02:09] TX Python SDK azure-iot-device (MQTT 8883) -> {"tempIntake": 21.71, "tempExhaust": 32.34, "humedadRack": 43.84, "tsDispositivo": "2026-09-25T00:02:09+00:00"}
[2026-09-24 19:02:40] TX Python SDK azure-iot-device (MQTT 8883) -> {"tempIntake": 22.0, "tempExhaust": 33.4, "humedadRack": 42.28, "tsDispositivo": "2026-09-25T00:02:39+00:00"}
[2026-09-24 19:03:10] TX Python SDK azure-iot-device (MQTT 8883) -> {"tempIntake": 21.95, "tempExhaust": 33.36, "humedadRack": 42.4, "tsDispositivo": "2026-09-25T00:03:10+00:00"}
[2026-09-24 19:03:40] TX Python SDK azure-iot-device (MQTT 8883) -> {"tempIntake": 21.85, "tempExhaust": 33.13, "humedadRack": 42.83, "tsDispositivo": "2026-09-25T00:03:40+00:00"}
[2026-09-24 19:04:11] TX Python SDK azure-iot-device (MQTT 8883) -> {"tempIntake": 21.81, "tempExhaust": 32.57, "humedadRack": 42.81, "tsDispositivo": "2026-09-25T00:04:10+00:00"}
[2026-09-24 19:04:41] TX Python SDK azure-iot-device (MQTT 8883) -> {"tempIntake": 22.12, "tempExhaust": 33.36, "humedadRack": 43.59, "tsDispositivo": "2026-09-25T00:04:41+00:00"}
[2026-09-24 19:05:11] TX Python SDK azure-iot-device (MQTT 8883) -> {"tempIntake": 22.27, "tempExhaust": 33.04, "humedadRack": 43.48, "tsDispositivo": "2026-09-25T00:05:11+00:00"}
[2026-09-24 19:05:41] TX Python SDK azure-iot-device (MQTT 8883) -> {"tempIntake": 21.69, "tempExhaust": 32.23, "humedadRack": 41.72, "tsDispositivo": "2026-09-25T00:05:41+00:00"}
[2026-09-24 19:06:12] TX Python SDK azure-iot-device (MQTT 8883) -> {"tempIntake": 22.15, "tempExhaust": 33.04, "humedadRack": 42.35, "tsDispositivo": "2026-09-25T00:06:11+00:00"}
[2026-09-24 19:06:42] TX Python SDK azure-iot-device (MQTT 8883) -> {"tempIntake": 22.08, "tempExhaust": 32.8, "humedadRack": 43.35, "tsDispositivo": "2026-09-25T00:06:42+00:00"}
[2026-09-24 19:07:12] TX Python SDK azure-iot-device (MQTT 8883) -> {"tempIntake": 21.73, "tempExhaust": 32.29, "humedadRack": 43.34, "tsDispositivo": "2026-09-25T00:07:12+00:00"}
[2026-09-24 19:07:42] TX Python SDK azure-iot-device (MQTT 8883) -> {"tempIntake": 22.31, "tempExhaust": 32.64, "humedadRack": 42.62, "tsDispositivo": "2026-09-25T00:07:42+00:00"}
[2026-09-24 19:08:13] TX Python SDK azure-iot-device (MQTT 8883) -> {"tempIntake": 22.12, "tempExhaust": 33.02, "humedadRack": 42.21, "tsDispositivo": "2026-09-25T00:08:12+00:00"}
[2026-09-24 19:08:43] TX Python SDK azure-iot-device (MQTT 8883) -> {"tempIntake": 21.95, "tempExhaust": 32.85, "humedadRack": 42.38, "tsDispositivo": "2026-09-25T00:08:43+00:00"}
[2026-09-24 19:09:13] TX Python SDK azure-iot-device (MQTT 8883) -> {"tempIntake": 22.13, "tempExhaust": 32.57, "humedadRack": 41.95, "tsDispositivo": "2026-09-25T00:09:13+00:00"}
[2026-09-24 19:09:43] TX Python SDK azure-iot-device (MQTT 8883) -> {"tempIntake": 21.64, "tempExhaust": 31.93, "humedadRack": 41.69, "tsDispositivo": "2026-09-25T00:09:43+00:00"}
[2026-09-24 19:10:14] TX Python SDK azure-iot-device (MQTT 8883) -> {"tempIntake": 21.83, "tempExhaust": 32.76, "humedadRack": 41.83, "tsDispositivo": "2026-09-25T00:10:13+00:00"}
[2026-09-24 19:10:44] TX Python SDK azure-iot-device (MQTT 8883) -> {"tempIntake": 21.89, "tempExhaust": 32.67, "humedadRack": 42.98, "tsDispositivo": "2026-09-25T00:10:44+00:00"}
[2026-09-24 19:11:14] TX Python SDK azure-iot-device (MQTT 8883) -> {"tempIntake": 21.82, "tempExhaust": 32.37, "humedadRack": 42.77, "tsDispositivo": "2026-09-25T00:11:14+00:00"}
[2026-09-24 19:11:44] TX Python SDK azure-iot-device (MQTT 8883) -> {"tempIntake": 21.76, "tempExhaust": 32.37, "humedadRack": 42.32, "tsDispositivo": "2026-09-25T00:11:44+00:00"}
[2026-09-24 19:12:15] TX Python SDK azure-iot-device (MQTT 8883) -> {"tempIntake": 22.11, "tempExhaust": 33.39, "humedadRack": 43.04, "tsDispositivo": "2026-09-25T00:12:14+00:00"}
[2026-09-24 19:12:45] TX Python SDK azure-iot-device (MQTT 8883) -> {"tempIntake": 21.73, "tempExhaust": 32.84, "humedadRack": 42.81, "tsDispositivo": "2026-09-25T00:12:45+00:00"}
[2026-09-24 19:13:15] TX Python SDK azure-iot-device (MQTT 8883) -> {"tempIntake": 22.19, "tempExhaust": 33.63, "humedadRack": 43.37, "tsDispositivo": "2026-09-25T00:13:15+00:00"}
[2026-09-24 19:13:45] TX Python SDK azure-iot-device (MQTT 8883) -> {"tempIntake": 22.11, "tempExhaust": 32.64, "humedadRack": 42.38, "tsDispositivo": "2026-09-25T00:13:45+00:00"}
[2026-09-24 19:14:15] TX Python SDK azure-iot-device (MQTT 8883) -> {"tempIntake": 22.06, "tempExhaust": 33.28, "humedadRack": 43.33, "tsDispositivo": "2026-09-25T00:14:15+00:00"}
[2026-09-24 19:14:46] TX Python SDK azure-iot-device (MQTT 8883) -> {"tempIntake": 22.14, "tempExhaust": 33.43, "humedadRack": 42.43, "tsDispositivo": "2026-09-25T00:14:45+00:00"}
[2026-09-24 19:15:16] TX Python SDK azure-iot-device (MQTT 8883) -> {"tempIntake": 22.19, "tempExhaust": 33.4, "humedadRack": 43.35, "tsDispositivo": "2026-09-25T00:15:16+00:00"}
[2026-09-24 19:15:46] TX Python SDK azure-iot-device (MQTT 8883) -> {"tempIntake": 21.97, "tempExhaust": 32.5, "humedadRack": 42.83, "tsDispositivo": "2026-09-25T00:15:46+00:00"}
[2026-09-24 19:16:16] TX Python SDK azure-iot-device (MQTT 8883) -> {"tempIntake": 21.72, "tempExhaust": 32.52, "humedadRack": 42.53, "tsDispositivo": "2026-09-25T00:16:16+00:00"}
[2026-09-24 19:16:47] TX Python SDK azure-iot-device (MQTT 8883) -> {"tempIntake": 21.77, "tempExhaust": 32.44, "humedadRack": 42.45, "tsDispositivo": "2026-09-25T00:16:46+00:00"}
[2026-09-24 19:17:17] TX Python SDK azure-iot-device (MQTT 8883) -> {"tempIntake": 22.26, "tempExhaust": 32.7, "humedadRack": 41.31, "tsDispositivo": "2026-09-25T00:17:17+00:00"}
[2026-09-24 19:17:47] TX Python SDK azure-iot-device (MQTT 8883) -> {"tempIntake": 21.62, "tempExhaust": 32.69, "humedadRack": 41.57, "tsDispositivo": "2026-09-25T00:17:47+00:00"}
[2026-09-24 19:18:17] TX Python SDK azure-iot-device (MQTT 8883) -> {"tempIntake": 22.2, "tempExhaust": 32.93, "humedadRack": 41.36, "tsDispositivo": "2026-09-25T00:18:17+00:00"}
[2026-09-24 19:18:48] TX Python SDK azure-iot-device (MQTT 8883) -> {"tempIntake": 22.09, "tempExhaust": 33.19, "humedadRack": 43.32, "tsDispositivo": "2026-09-25T00:18:47+00:00"}
[2026-09-24 19:19:18] TX Python SDK azure-iot-device (MQTT 8883) -> {"tempIntake": 22.01, "tempExhaust": 32.95, "humedadRack": 42.55, "tsDispositivo": "2026-09-25T00:19:18+00:00"}
[2026-09-24 19:19:48] TX Python SDK azure-iot-device (MQTT 8883) -> {"tempIntake": 21.93, "tempExhaust": 32.59, "humedadRack": 41.34, "tsDispositivo": "2026-09-25T00:19:48+00:00"}
[2026-09-24 19:20:18] TX Python SDK azure-iot-device (MQTT 8883) -> {"tempIntake": 21.76, "tempExhaust": 33.07, "humedadRack": 42.15, "tsDispositivo": "2026-09-25T00:20:18+00:00"}
[2026-09-24 19:20:48] TX Python SDK azure-iot-device (MQTT 8883) -> {"tempIntake": 22.29, "tempExhaust": 33.37, "humedadRack": 42.71, "tsDispositivo": "2026-09-25T00:20:48+00:00"}
[2026-09-24 19:21:19] TX Python SDK azure-iot-device (MQTT 8883) -> {"tempIntake": 21.85, "tempExhaust": 32.05, "humedadRack": 42.24, "tsDispositivo": "2026-09-25T00:21:18+00:00"}
[2026-09-24 19:21:49] TX Python SDK azure-iot-device (MQTT 8883) -> {"tempIntake": 21.98, "tempExhaust": 32.93, "humedadRack": 42.4, "tsDispositivo": "2026-09-25T00:21:49+00:00"}
[2026-09-24 19:22:19] TX Python SDK azure-iot-device (MQTT 8883) -> {"tempIntake": 21.92, "tempExhaust": 33.03, "humedadRack": 42.27, "tsDispositivo": "2026-09-25T00:22:19+00:00"}
[2026-09-24 19:22:49] TX Python SDK azure-iot-device (MQTT 8883) -> {"tempIntake": 21.68, "tempExhaust": 31.93, "humedadRack": 42.92, "tsDispositivo": "2026-09-25T00:22:49+00:00"}
[2026-09-24 19:23:20] TX Python SDK azure-iot-device (MQTT 8883) -> {"tempIntake": 21.85, "tempExhaust": 32.19, "humedadRack": 42.58, "tsDispositivo": "2026-09-25T00:23:19+00:00"}
[2026-09-24 19:23:50] TX Python SDK azure-iot-device (MQTT 8883) -> {"tempIntake": 21.98, "tempExhaust": 32.29, "humedadRack": 42.0, "tsDispositivo": "2026-09-25T00:23:50+00:00"}
[2026-09-24 19:24:20] TX Python SDK azure-iot-device (MQTT 8883) -> {"tempIntake": 21.67, "tempExhaust": 32.4, "humedadRack": 42.88, "tsDispositivo": "2026-09-25T00:24:20+00:00"}
[2026-09-24 19:24:50] TX Python SDK azure-iot-device (MQTT 8883) -> {"tempIntake": 21.78, "tempExhaust": 32.16, "humedadRack": 42.59, "tsDispositivo": "2026-09-25T00:24:50+00:00"}
[2026-09-24 19:25:20] TX Python SDK azure-iot-device (MQTT 8883) -> {"tempIntake": 22.29, "tempExhaust": 32.73, "humedadRack": 42.71, "tsDispositivo": "2026-09-25T00:25:20+00:00"}
[2026-09-24 19:25:51] TX Python SDK azure-iot-device (MQTT 8883) -> {"tempIntake": 22.13, "tempExhaust": 33.33, "humedadRack": 42.94, "tsDispositivo": "2026-09-25T00:25:51+00:00"}
[2026-09-24 19:26:21] TX Python SDK azure-iot-device (MQTT 8883) -> {"tempIntake": 21.92, "tempExhaust": 32.95, "humedadRack": 43.48, "tsDispositivo": "2026-09-25T00:26:21+00:00"}
[2026-09-24 19:26:51] TX Python SDK azure-iot-device (MQTT 8883) -> {"tempIntake": 21.91, "tempExhaust": 32.94, "humedadRack": 42.43, "tsDispositivo": "2026-09-25T00:26:51+00:00"}
[2026-09-24 19:27:21] TX Python SDK azure-iot-device (MQTT 8883) -> {"tempIntake": 21.88, "tempExhaust": 33.18, "humedadRack": 42.69, "tsDispositivo": "2026-09-25T00:27:21+00:00"}
[2026-09-24 19:27:52] TX Python SDK azure-iot-device (MQTT 8883) -> {"tempIntake": 21.99, "tempExhaust": 32.39, "humedadRack": 43.09, "tsDispositivo": "2026-09-25T00:27:51+00:00"}
[2026-09-24 19:28:22] TX Python SDK azure-iot-device (MQTT 8883) -> {"tempIntake": 21.98, "tempExhaust": 33.05, "humedadRack": 42.11, "tsDispositivo": "2026-09-25T00:28:22+00:00"}
[2026-09-24 19:28:52] TX Python SDK azure-iot-device (MQTT 8883) -> {"tempIntake": 22.14, "tempExhaust": 32.58, "humedadRack": 42.59, "tsDispositivo": "2026-09-25T00:28:52+00:00"}
[2026-09-24 19:29:22] TX Python SDK azure-iot-device (MQTT 8883) -> {"tempIntake": 21.86, "tempExhaust": 33.01, "humedadRack": 41.45, "tsDispositivo": "2026-09-25T00:29:22+00:00"}
[2026-09-24 19:29:53] TX Python SDK azure-iot-device (MQTT 8883) -> {"tempIntake": 21.79, "tempExhaust": 32.12, "humedadRack": 43.15, "tsDispositivo": "2026-09-25T00:29:52+00:00"}
[2026-09-24 19:30:23] TX Python SDK azure-iot-device (MQTT 8883) -> {"tempIntake": 22.24, "tempExhaust": 33.0, "humedadRack": 41.58, "tsDispositivo": "2026-09-25T00:30:23+00:00"}
[2026-09-24 19:30:53] TX Python SDK azure-iot-device (MQTT 8883) -> {"tempIntake": 21.64, "tempExhaust": 31.91, "humedadRack": 41.98, "tsDispositivo": "2026-09-25T00:30:53+00:00"}
[2026-09-24 19:31:23] TX Python SDK azure-iot-device (MQTT 8883) -> {"tempIntake": 21.75, "tempExhaust": 31.99, "humedadRack": 43.26, "tsDispositivo": "2026-09-25T00:31:23+00:00"}
[2026-09-24 19:31:54] TX Python SDK azure-iot-device (MQTT 8883) -> {"tempIntake": 22.1, "tempExhaust": 32.83, "humedadRack": 41.98, "tsDispositivo": "2026-09-25T00:31:53+00:00"}
[2026-09-24 19:32:24] TX Python SDK azure-iot-device (MQTT 8883) -> {"tempIntake": 22.24, "tempExhaust": 32.79, "humedadRack": 42.03, "tsDispositivo": "2026-09-25T00:32:24+00:00"}
[2026-09-24 19:32:54] TX Python SDK azure-iot-device (MQTT 8883) -> {"tempIntake": 21.69, "tempExhaust": 32.58, "humedadRack": 41.45, "tsDispositivo": "2026-09-25T00:32:54+00:00"}
[2026-09-24 19:33:24] TX Python SDK azure-iot-device (MQTT 8883) -> {"tempIntake": 22.1, "tempExhaust": 33.34, "humedadRack": 42.62, "tsDispositivo": "2026-09-25T00:33:24+00:00"}
[2026-09-24 19:33:54] TX Python SDK azure-iot-device (MQTT 8883) -> {"tempIntake": 21.93, "tempExhaust": 32.96, "humedadRack": 43.1, "tsDispositivo": "2026-09-25T00:33:54+00:00"}
[2026-09-24 19:34:25] TX Python SDK azure-iot-device (MQTT 8883) -> {"tempIntake": 21.81, "tempExhaust": 32.44, "humedadRack": 42.68, "tsDispositivo": "2026-09-25T00:34:24+00:00"}
[2026-09-24 19:34:55] TX Python SDK azure-iot-device (MQTT 8883) -> {"tempIntake": 22.28, "tempExhaust": 33.11, "humedadRack": 42.44, "tsDispositivo": "2026-09-25T00:34:55+00:00"}
[2026-09-24 19:35:25] TX Python SDK azure-iot-device (MQTT 8883) -> {"tempIntake": 21.96, "tempExhaust": 33.17, "humedadRack": 42.89, "tsDispositivo": "2026-09-25T00:35:25+00:00"}
[2026-09-24 19:35:55] TX Python SDK azure-iot-device (MQTT 8883) -> {"tempIntake": 22.3, "tempExhaust": 33.41, "humedadRack": 42.04, "tsDispositivo": "2026-09-25T00:35:55+00:00"}
[2026-09-24 19:36:26] TX Python SDK azure-iot-device (MQTT 8883) -> {"tempIntake": 21.64, "tempExhaust": 32.72, "humedadRack": 41.64, "tsDispositivo": "2026-09-25T00:36:25+00:00"}
[2026-09-24 19:36:56] TX Python SDK azure-iot-device (MQTT 8883) -> {"tempIntake": 21.79, "tempExhaust": 33.09, "humedadRack": 41.0, "tsDispositivo": "2026-09-25T00:36:56+00:00"}
[2026-09-24 19:37:26] TX Python SDK azure-iot-device (MQTT 8883) -> {"tempIntake": 22.2, "tempExhaust": 32.92, "humedadRack": 42.48, "tsDispositivo": "2026-09-25T00:37:26+00:00"}
[2026-09-24 19:37:56] TX Python SDK azure-iot-device (MQTT 8883) -> {"tempIntake": 21.88, "tempExhaust": 32.96, "humedadRack": 42.53, "tsDispositivo": "2026-09-25T00:37:56+00:00"}
[2026-09-24 19:38:27] TX Python SDK azure-iot-device (MQTT 8883) -> {"tempIntake": 21.79, "tempExhaust": 32.2, "humedadRack": 41.15, "tsDispositivo": "2026-09-25T00:38:26+00:00"}
[2026-09-24 19:38:57] TX Python SDK azure-iot-device (MQTT 8883) -> {"tempIntake": 22.02, "tempExhaust": 33.08, "humedadRack": 42.78, "tsDispositivo": "2026-09-25T00:38:57+00:00"}
[2026-09-24 19:39:27] TX Python SDK azure-iot-device (MQTT 8883) -> {"tempIntake": 22.18, "tempExhaust": 32.65, "humedadRack": 41.59, "tsDispositivo": "2026-09-25T00:39:27+00:00"}
[2026-09-24 19:39:57] TX Python SDK azure-iot-device (MQTT 8883) -> {"tempIntake": 21.95, "tempExhaust": 33.31, "humedadRack": 42.01, "tsDispositivo": "2026-09-25T00:39:57+00:00"}
[2026-09-24 19:40:27] TX Python SDK azure-iot-device (MQTT 8883) -> {"tempIntake": 21.87, "tempExhaust": 33.25, "humedadRack": 42.0, "tsDispositivo": "2026-09-25T00:40:27+00:00"}
[2026-09-24 19:40:58] TX Python SDK azure-iot-device (MQTT 8883) -> {"tempIntake": 22.07, "tempExhaust": 33.43, "humedadRack": 43.06, "tsDispositivo": "2026-09-25T00:40:57+00:00"}
[2026-09-24 19:41:28] TX Python SDK azure-iot-device (MQTT 8883) -> {"tempIntake": 21.76, "tempExhaust": 32.33, "humedadRack": 40.96, "tsDispositivo": "2026-09-25T00:41:28+00:00"}
[2026-09-24 19:41:58] TX Python SDK azure-iot-device (MQTT 8883) -> {"tempIntake": 21.72, "tempExhaust": 33.02, "humedadRack": 42.08, "tsDispositivo": "2026-09-25T00:41:58+00:00"}
[2026-09-24 19:42:28] TX Python SDK azure-iot-device (MQTT 8883) -> {"tempIntake": 22.12, "tempExhaust": 33.44, "humedadRack": 41.44, "tsDispositivo": "2026-09-25T00:42:28+00:00"}
[2026-09-24 19:43:00] TX Python SDK azure-iot-device (MQTT 8883) -> {"tempIntake": 22.01, "tempExhaust": 32.38, "humedadRack": 42.74, "tsDispositivo": "2026-09-25T00:42:59+00:00"}
[2026-09-24 19:43:38] TX Python SDK azure-iot-device (MQTT 8883) -> {"tempIntake": 22.11, "tempExhaust": 32.84, "humedadRack": 42.42, "tsDispositivo": "2026-09-25T00:43:32+00:00"}
[2026-09-24 19:44:11] TX Python SDK azure-iot-device (MQTT 8883) -> {"tempIntake": 22.14, "tempExhaust": 33.11, "humedadRack": 41.07, "tsDispositivo": "2026-09-25T00:44:08+00:00"}
[2026-09-24 19:44:42] TX Python SDK azure-iot-device (MQTT 8883) -> {"tempIntake": 21.6, "tempExhaust": 32.03, "humedadRack": 42.65, "tsDispositivo": "2026-09-25T00:44:41+00:00"}
[2026-09-24 19:45:13] TX Python SDK azure-iot-device (MQTT 8883) -> {"tempIntake": 22.19, "tempExhaust": 32.79, "humedadRack": 42.95, "tsDispositivo": "2026-09-25T00:45:12+00:00"}
[2026-09-24 19:45:43] TX Python SDK azure-iot-device (MQTT 8883) -> {"tempIntake": 21.64, "tempExhaust": 32.6, "humedadRack": 41.11, "tsDispositivo": "2026-09-25T00:45:43+00:00"}
[2026-09-24 19:46:13] TX Python SDK azure-iot-device (MQTT 8883) -> {"tempIntake": 21.92, "tempExhaust": 32.31, "humedadRack": 41.0, "tsDispositivo": "2026-09-25T00:46:13+00:00"}
[2026-09-24 19:46:44] TX Python SDK azure-iot-device (MQTT 8883) -> {"tempIntake": 21.99, "tempExhaust": 32.92, "humedadRack": 41.84, "tsDispositivo": "2026-09-25T00:46:43+00:00"}
[2026-09-24 19:47:14] TX Python SDK azure-iot-device (MQTT 8883) -> {"tempIntake": 21.84, "tempExhaust": 33.01, "humedadRack": 42.91, "tsDispositivo": "2026-09-25T00:47:14+00:00"}
[2026-09-24 19:47:44] TX Python SDK azure-iot-device (MQTT 8883) -> {"tempIntake": 21.67, "tempExhaust": 32.43, "humedadRack": 41.23, "tsDispositivo": "2026-09-25T00:47:44+00:00"}
[2026-09-24 19:48:14] TX Python SDK azure-iot-device (MQTT 8883) -> {"tempIntake": 21.67, "tempExhaust": 32.35, "humedadRack": 42.86, "tsDispositivo": "2026-09-25T00:48:14+00:00"}
[2026-09-24 19:48:44] TX Python SDK azure-iot-device (MQTT 8883) -> {"tempIntake": 21.88, "tempExhaust": 33.22, "humedadRack": 42.83, "tsDispositivo": "2026-09-25T00:48:44+00:00"}
[2026-09-24 19:49:15] TX Python SDK azure-iot-device (MQTT 8883) -> {"tempIntake": 21.86, "tempExhaust": 32.74, "humedadRack": 40.99, "tsDispositivo": "2026-09-25T00:49:14+00:00"}
[2026-09-24 19:49:45] TX Python SDK azure-iot-device (MQTT 8883) -> {"tempIntake": 21.67, "tempExhaust": 33.02, "humedadRack": 42.42, "tsDispositivo": "2026-09-25T00:49:45+00:00"}
[2026-09-24 19:50:15] TX Python SDK azure-iot-device (MQTT 8883) -> {"tempIntake": 21.77, "tempExhaust": 32.65, "humedadRack": 42.19, "tsDispositivo": "2026-09-25T00:50:15+00:00"}
[2026-09-24 19:50:45] TX Python SDK azure-iot-device (MQTT 8883) -> {"tempIntake": 22.13, "tempExhaust": 32.73, "humedadRack": 41.34, "tsDispositivo": "2026-09-25T00:50:45+00:00"}
[2026-09-24 19:51:16] TX Python SDK azure-iot-device (MQTT 8883) -> {"tempIntake": 21.88, "tempExhaust": 32.8, "humedadRack": 43.1, "tsDispositivo": "2026-09-25T00:51:15+00:00"}
[2026-09-24 19:51:46] TX Python SDK azure-iot-device (MQTT 8883) -> {"tempIntake": 22.16, "tempExhaust": 32.69, "humedadRack": 42.25, "tsDispositivo": "2026-09-25T00:51:46+00:00"}
[2026-09-24 19:52:16] TX Python SDK azure-iot-device (MQTT 8883) -> {"tempIntake": 22.29, "tempExhaust": 33.35, "humedadRack": 42.87, "tsDispositivo": "2026-09-25T00:52:16+00:00"}
[2026-09-24 19:52:46] TX Python SDK azure-iot-device (MQTT 8883) -> {"tempIntake": 21.99, "tempExhaust": 32.33, "humedadRack": 42.12, "tsDispositivo": "2026-09-25T00:52:46+00:00"}
[2026-09-24 19:53:17] TX Python SDK azure-iot-device (MQTT 8883) -> {"tempIntake": 22.11, "tempExhaust": 32.81, "humedadRack": 43.03, "tsDispositivo": "2026-09-25T00:53:16+00:00"}
[2026-09-24 19:53:47] TX Python SDK azure-iot-device (MQTT 8883) -> {"tempIntake": 21.71, "tempExhaust": 33.0, "humedadRack": 41.89, "tsDispositivo": "2026-09-25T00:53:47+00:00"}
[2026-09-24 19:54:17] TX Python SDK azure-iot-device (MQTT 8883) -> {"tempIntake": 21.75, "tempExhaust": 32.12, "humedadRack": 41.03, "tsDispositivo": "2026-09-25T00:54:17+00:00"}
[2026-09-24 19:54:47] TX Python SDK azure-iot-device (MQTT 8883) -> {"tempIntake": 22.06, "tempExhaust": 32.32, "humedadRack": 41.68, "tsDispositivo": "2026-09-25T00:54:47+00:00"}
[2026-09-24 19:55:31] INFO  DPS: id_scope=0ne00FE1F90 registration_id=DC-RACKC-03 transporte=mqtt
[2026-09-24 19:55:34] INFO  DPS OK en 3.0 s -> hub iotc-ce764639-456d-4e61-9e9c-e64c9a818624.azure-devices.net | estado=assigned | DC-RACKC-03
iotc-ce764639-456d-4e61-9e9c-e64c9a818624.azure-devices.net
initialAssignment
null
[2026-09-24 19:55:35] INFO  MQTT/TLS conectado a IoT Central
[2026-09-24 19:55:35] INFO  propiedades reportadas: {'zona': 'Rack C', 'ubicacion': 'Sala blanca - fila C (DC-ANDES-1)', 'origenEnvio': 'Python SDK azure-iot-device (MQTT 8883)', 'fabricante': 'Raspberry Pi 4B + Sensorica SHT31', 'modelo': 'Nodo-Py-MQTT/1.0', 'versionFirmware': '1.4.0', 'intervaloMuestreo': 30}
[2026-09-24 19:55:35] TX Python SDK azure-iot-device (MQTT 8883) -> {"tempIntake": 21.7, "tempExhaust": 32.26, "humedadRack": 41.31, "tsDispositivo": "2026-09-25T00:55:35+00:00"}
[2026-09-24 19:56:05] TX Python SDK azure-iot-device (MQTT 8883) -> {"tempIntake": 21.89, "tempExhaust": 32.12, "humedadRack": 41.11, "tsDispositivo": "2026-09-25T00:56:05+00:00"}
[2026-09-24 19:56:36] TX Python SDK azure-iot-device (MQTT 8883) -> {"tempIntake": 21.62, "tempExhaust": 32.57, "humedadRack": 42.49, "tsDispositivo": "2026-09-25T00:56:35+00:00"}
[2026-09-24 19:57:06] TX Python SDK azure-iot-device (MQTT 8883) -> {"tempIntake": 21.65, "tempExhaust": 32.08, "humedadRack": 42.18, "tsDispositivo": "2026-09-25T00:57:06+00:00"}
[2026-09-24 19:57:19] INFO  DPS: id_scope=0ne00FE1F90 registration_id=DC-RACKC-03 transporte=mqtt
[2026-09-24 19:57:22] INFO  DPS OK en 3.1 s -> hub iotc-ce764639-456d-4e61-9e9c-e64c9a818624.azure-devices.net | estado=assigned | DC-RACKC-03
iotc-ce764639-456d-4e61-9e9c-e64c9a818624.azure-devices.net
initialAssignment
null
[2026-09-24 19:57:23] INFO  MQTT/TLS conectado a IoT Central
[2026-09-24 19:57:23] INFO  propiedades reportadas: {'zona': 'Rack C', 'ubicacion': 'Sala blanca - fila C (DC-ANDES-1)', 'origenEnvio': 'Python SDK azure-iot-device (MQTT 8883)', 'fabricante': 'Raspberry Pi 4B + Sensorica SHT31', 'modelo': 'Nodo-Py-MQTT/1.0', 'versionFirmware': '1.4.0', 'intervaloMuestreo': 30}
[2026-09-24 19:57:24] TX Python SDK azure-iot-device (MQTT 8883) -> {"tempIntake": 21.93, "tempExhaust": 32.61, "humedadRack": 41.57, "tsDispositivo": "2026-09-25T00:57:23+00:00"}
[2026-09-24 19:57:54] TX Python SDK azure-iot-device (MQTT 8883) -> {"tempIntake": 22.13, "tempExhaust": 32.31, "humedadRack": 42.49, "tsDispositivo": "2026-09-25T00:57:54+00:00"}
[2026-09-24 19:58:24] TX Python SDK azure-iot-device (MQTT 8883) -> {"tempIntake": 21.65, "tempExhaust": 31.8, "humedadRack": 42.17, "tsDispositivo": "2026-09-25T00:58:24+00:00"}
[2026-09-24 19:58:58] INFO  DPS: id_scope=0ne00FE1F90 registration_id=DC-RACKC-03 transporte=mqtt
[2026-09-24 19:59:02] INFO  DPS OK en 3.0 s -> hub iotc-ce764639-456d-4e61-9e9c-e64c9a818624.azure-devices.net | estado=assigned | DC-RACKC-03
iotc-ce764639-456d-4e61-9e9c-e64c9a818624.azure-devices.net
initialAssignment
null
[2026-09-24 19:59:03] INFO  MQTT/TLS conectado a IoT Central
[2026-09-24 19:59:03] INFO  propiedades reportadas: {'zona': 'Rack C', 'ubicacion': 'Sala blanca - fila C (DC-ANDES-1)', 'origenEnvio': 'Python SDK azure-iot-device (MQTT 8883)', 'fabricante': 'Raspberry Pi 4B + Sensorica SHT31', 'modelo': 'Nodo-Py-MQTT/1.0', 'versionFirmware': '1.4.0', 'intervaloMuestreo': 30}
[2026-09-24 19:59:03] TX Python SDK azure-iot-device (MQTT 8883) -> {"tempIntake": 21.99, "tempExhaust": 32.84, "humedadRack": 41.22, "tsDispositivo": "2026-09-25T00:59:03+00:00"}
[2026-09-24 19:59:33] TX Python SDK azure-iot-device (MQTT 8883) -> {"tempIntake": 22.27, "tempExhaust": 32.47, "humedadRack": 41.44, "tsDispositivo": "2026-09-25T00:59:33+00:00"}
[2026-09-24 20:00:04] TX Python SDK azure-iot-device (MQTT 8883) -> {"tempIntake": 21.6, "tempExhaust": 32.05, "humedadRack": 41.81, "tsDispositivo": "2026-09-25T01:00:03+00:00"}
[2026-09-24 20:00:34] TX Python SDK azure-iot-device (MQTT 8883) -> {"tempIntake": 21.72, "tempExhaust": 32.91, "humedadRack": 41.58, "tsDispositivo": "2026-09-25T01:00:34+00:00"}
[2026-09-24 20:01:04] TX Python SDK azure-iot-device (MQTT 8883) -> {"tempIntake": 21.74, "tempExhaust": 32.3, "humedadRack": 42.94, "tsDispositivo": "2026-09-25T01:01:04+00:00"}
[2026-09-24 20:01:34] TX Python SDK azure-iot-device (MQTT 8883) -> {"tempIntake": 21.99, "tempExhaust": 32.31, "humedadRack": 40.59, "tsDispositivo": "2026-09-25T01:01:34+00:00"}
[2026-09-24 20:02:04] TX Python SDK azure-iot-device (MQTT 8883) -> {"tempIntake": 21.8, "tempExhaust": 32.2, "humedadRack": 41.24, "tsDispositivo": "2026-09-25T01:02:04+00:00"}
[2026-09-24 20:02:35] TX Python SDK azure-iot-device (MQTT 8883) -> {"tempIntake": 22.13, "tempExhaust": 33.33, "humedadRack": 41.06, "tsDispositivo": "2026-09-25T01:02:34+00:00"}
[2026-09-24 20:03:05] TX Python SDK azure-iot-device (MQTT 8883) -> {"tempIntake": 21.56, "tempExhaust": 32.81, "humedadRack": 42.35, "tsDispositivo": "2026-09-25T01:03:05+00:00"}
[2026-09-24 20:03:35] TX Python SDK azure-iot-device (MQTT 8883) -> {"tempIntake": 22.1, "tempExhaust": 32.43, "humedadRack": 40.79, "tsDispositivo": "2026-09-25T01:03:35+00:00"}
[2026-09-24 20:04:05] TX Python SDK azure-iot-device (MQTT 8883) -> {"tempIntake": 21.87, "tempExhaust": 32.75, "humedadRack": 40.66, "tsDispositivo": "2026-09-25T01:04:05+00:00"}
[2026-09-24 20:04:36] TX Python SDK azure-iot-device (MQTT 8883) -> {"tempIntake": 21.66, "tempExhaust": 31.92, "humedadRack": 40.64, "tsDispositivo": "2026-09-25T01:04:35+00:00"}
[2026-09-24 20:05:06] TX Python SDK azure-iot-device (MQTT 8883) -> {"tempIntake": 22.19, "tempExhaust": 32.32, "humedadRack": 41.92, "tsDispositivo": "2026-09-25T01:05:06+00:00"}
[2026-09-24 20:05:36] TX Python SDK azure-iot-device (MQTT 8883) -> {"tempIntake": 22.17, "tempExhaust": 32.31, "humedadRack": 41.79, "tsDispositivo": "2026-09-25T01:05:36+00:00"}
[2026-09-25 15:37:40] INFO  DPS: id_scope=0ne00FE1F90 registration_id=DC-RACKC-03 transporte=mqtt
[2026-09-25 15:37:42] INFO  DPS OK en 2.9 s -> hub iotc-ce764639-456d-4e61-9e9c-e64c9a818624.azure-devices.net | estado=assigned | DC-RACKC-03
iotc-ce764639-456d-4e61-9e9c-e64c9a818624.azure-devices.net
initialAssignment
null
[2026-09-25 15:37:43] INFO  MQTT/TLS conectado a IoT Central
[2026-09-25 15:37:44] INFO  propiedades reportadas: {'zona': 'Rack C', 'ubicacion': 'Sala blanca - fila C (DC-ANDES-1)', 'origenEnvio': 'Python SDK azure-iot-device (MQTT 8883)', 'fabricante': 'Raspberry Pi 4B + Sensorica SHT31', 'modelo': 'Nodo-Py-MQTT/1.0', 'versionFirmware': '1.4.0', 'intervaloMuestreo': 30}
[2026-09-25 15:37:44] TX Python SDK azure-iot-device (MQTT 8883) -> {"tempIntake": 22.2, "tempExhaust": 33.29, "humedadRack": 47.99, "tsDispositivo": "2026-09-25T20:37:44+00:00"}
[2026-09-25 15:38:14] TX Python SDK azure-iot-device (MQTT 8883) -> {"tempIntake": 22.39, "tempExhaust": 34.09, "humedadRack": 47.82, "tsDispositivo": "2026-09-25T20:38:14+00:00"}
[2026-09-25 15:38:44] TX Python SDK azure-iot-device (MQTT 8883) -> {"tempIntake": 22.21, "tempExhaust": 32.97, "humedadRack": 48.18, "tsDispositivo": "2026-09-25T20:38:44+00:00"}
[2026-09-25 15:39:15] TX Python SDK azure-iot-device (MQTT 8883) -> {"tempIntake": 22.28, "tempExhaust": 33.38, "humedadRack": 48.23, "tsDispositivo": "2026-09-25T20:39:14+00:00"}
[2026-09-25 15:39:45] TX Python SDK azure-iot-device (MQTT 8883) -> {"tempIntake": 21.95, "tempExhaust": 33.08, "humedadRack": 47.36, "tsDispositivo": "2026-09-25T20:39:45+00:00"}
[2026-09-25 15:40:15] TX Python SDK azure-iot-device (MQTT 8883) -> {"tempIntake": 22.12, "tempExhaust": 32.89, "humedadRack": 47.32, "tsDispositivo": "2026-09-25T20:40:15+00:00"}
[2026-09-25 15:40:45] TX Python SDK azure-iot-device (MQTT 8883) -> {"tempIntake": 21.89, "tempExhaust": 33.61, "humedadRack": 47.88, "tsDispositivo": "2026-09-25T20:40:45+00:00"}
[2026-09-25 15:41:15] TX Python SDK azure-iot-device (MQTT 8883) -> {"tempIntake": 21.79, "tempExhaust": 33.55, "humedadRack": 46.81, "tsDispositivo": "2026-09-25T20:41:15+00:00"}
[2026-09-25 15:41:46] TX Python SDK azure-iot-device (MQTT 8883) -> {"tempIntake": 22.1, "tempExhaust": 33.43, "humedadRack": 48.37, "tsDispositivo": "2026-09-25T20:41:45+00:00"}
[2026-09-25 15:42:16] TX Python SDK azure-iot-device (MQTT 8883) -> {"tempIntake": 21.71, "tempExhaust": 32.77, "humedadRack": 47.84, "tsDispositivo": "2026-09-25T20:42:16+00:00"}
[2026-09-25 15:42:46] TX Python SDK azure-iot-device (MQTT 8883) -> {"tempIntake": 22.2, "tempExhaust": 33.02, "humedadRack": 46.47, "tsDispositivo": "2026-09-25T20:42:46+00:00"}
[2026-09-25 15:43:16] TX Python SDK azure-iot-device (MQTT 8883) -> {"tempIntake": 22.04, "tempExhaust": 33.5, "humedadRack": 47.01, "tsDispositivo": "2026-09-25T20:43:16+00:00"}
[2026-09-25 15:43:47] TX Python SDK azure-iot-device (MQTT 8883) -> {"tempIntake": 22.3, "tempExhaust": 33.09, "humedadRack": 47.18, "tsDispositivo": "2026-09-25T20:43:46+00:00"}
[2026-09-25 15:44:17] TX Python SDK azure-iot-device (MQTT 8883) -> {"tempIntake": 21.88, "tempExhaust": 32.92, "humedadRack": 47.6, "tsDispositivo": "2026-09-25T20:44:17+00:00"}
[2026-09-25 15:44:47] TX Python SDK azure-iot-device (MQTT 8883) -> {"tempIntake": 22.21, "tempExhaust": 33.47, "humedadRack": 47.38, "tsDispositivo": "2026-09-25T20:44:47+00:00"}
[2026-09-25 15:45:17] TX Python SDK azure-iot-device (MQTT 8883) -> {"tempIntake": 22.1, "tempExhaust": 33.74, "humedadRack": 47.55, "tsDispositivo": "2026-09-25T20:45:17+00:00"}
[2026-09-25 15:45:47] TX Python SDK azure-iot-device (MQTT 8883) -> {"tempIntake": 22.21, "tempExhaust": 33.37, "humedadRack": 48.23, "tsDispositivo": "2026-09-25T20:45:47+00:00"}
[2026-09-25 15:46:18] TX Python SDK azure-iot-device (MQTT 8883) -> {"tempIntake": 22.17, "tempExhaust": 33.25, "humedadRack": 48.25, "tsDispositivo": "2026-09-25T20:46:17+00:00"}
[2026-09-25 15:46:48] TX Python SDK azure-iot-device (MQTT 8883) -> {"tempIntake": 22.38, "tempExhaust": 33.31, "humedadRack": 47.47, "tsDispositivo": "2026-09-25T20:46:48+00:00"}
[2026-09-25 15:47:18] TX Python SDK azure-iot-device (MQTT 8883) -> {"tempIntake": 21.8, "tempExhaust": 32.98, "humedadRack": 46.3, "tsDispositivo": "2026-09-25T20:47:18+00:00"}
[2026-09-25 15:47:48] TX Python SDK azure-iot-device (MQTT 8883) -> {"tempIntake": 22.24, "tempExhaust": 33.94, "humedadRack": 47.33, "tsDispositivo": "2026-09-25T20:47:48+00:00"}
[2026-09-25 15:48:18] TX Python SDK azure-iot-device (MQTT 8883) -> {"tempIntake": 22.3, "tempExhaust": 33.14, "humedadRack": 48.15, "tsDispositivo": "2026-09-25T20:48:18+00:00"}
[2026-09-25 15:48:49] TX Python SDK azure-iot-device (MQTT 8883) -> {"tempIntake": 21.89, "tempExhaust": 33.31, "humedadRack": 46.98, "tsDispositivo": "2026-09-25T20:48:48+00:00"}
[2026-09-25 15:49:19] TX Python SDK azure-iot-device (MQTT 8883) -> {"tempIntake": 22.17, "tempExhaust": 33.78, "humedadRack": 47.44, "tsDispositivo": "2026-09-25T20:49:19+00:00"}
[2026-09-25 15:49:49] TX Python SDK azure-iot-device (MQTT 8883) -> {"tempIntake": 22.33, "tempExhaust": 33.02, "humedadRack": 46.23, "tsDispositivo": "2026-09-25T20:49:49+00:00"}
[2026-09-25 15:50:19] TX Python SDK azure-iot-device (MQTT 8883) -> {"tempIntake": 22.1, "tempExhaust": 32.96, "humedadRack": 47.41, "tsDispositivo": "2026-09-25T20:50:19+00:00"}
[2026-09-25 15:50:49] TX Python SDK azure-iot-device (MQTT 8883) -> {"tempIntake": 22.13, "tempExhaust": 32.95, "humedadRack": 46.82, "tsDispositivo": "2026-09-25T20:50:49+00:00"}
[2026-09-25 15:51:20] TX Python SDK azure-iot-device (MQTT 8883) -> {"tempIntake": 22.24, "tempExhaust": 33.39, "humedadRack": 47.57, "tsDispositivo": "2026-09-25T20:51:19+00:00"}
[2026-09-25 15:51:50] TX Python SDK azure-iot-device (MQTT 8883) -> {"tempIntake": 21.98, "tempExhaust": 32.66, "humedadRack": 47.19, "tsDispositivo": "2026-09-25T20:51:50+00:00"}
[2026-09-25 15:52:20] TX Python SDK azure-iot-device (MQTT 8883) -> {"tempIntake": 21.96, "tempExhaust": 32.99, "humedadRack": 46.55, "tsDispositivo": "2026-09-25T20:52:20+00:00"}
[2026-09-25 15:52:50] TX Python SDK azure-iot-device (MQTT 8883) -> {"tempIntake": 22.32, "tempExhaust": 33.79, "humedadRack": 48.13, "tsDispositivo": "2026-09-25T20:52:50+00:00"}
[2026-09-25 15:53:21] TX Python SDK azure-iot-device (MQTT 8883) -> {"tempIntake": 21.93, "tempExhaust": 33.18, "humedadRack": 47.66, "tsDispositivo": "2026-09-25T20:53:20+00:00"}
[2026-09-25 15:53:51] TX Python SDK azure-iot-device (MQTT 8883) -> {"tempIntake": 21.99, "tempExhaust": 33.74, "humedadRack": 47.68, "tsDispositivo": "2026-09-25T20:53:51+00:00"}
[2026-09-25 15:54:21] TX Python SDK azure-iot-device (MQTT 8883) -> {"tempIntake": 21.9, "tempExhaust": 32.75, "humedadRack": 48.22, "tsDispositivo": "2026-09-25T20:54:21+00:00"}
[2026-09-25 15:54:51] TX Python SDK azure-iot-device (MQTT 8883) -> {"tempIntake": 22.32, "tempExhaust": 33.49, "humedadRack": 46.19, "tsDispositivo": "2026-09-25T20:54:51+00:00"}
[2026-09-25 15:55:21] TX Python SDK azure-iot-device (MQTT 8883) -> {"tempIntake": 22.12, "tempExhaust": 33.92, "humedadRack": 46.79, "tsDispositivo": "2026-09-25T20:55:21+00:00"}
[2026-09-25 15:55:52] TX Python SDK azure-iot-device (MQTT 8883) -> {"tempIntake": 22.38, "tempExhaust": 33.09, "humedadRack": 48.3, "tsDispositivo": "2026-09-25T20:55:51+00:00"}
[2026-09-25 15:56:22] TX Python SDK azure-iot-device (MQTT 8883) -> {"tempIntake": 22.07, "tempExhaust": 32.98, "humedadRack": 45.99, "tsDispositivo": "2026-09-25T20:56:22+00:00"}
[2026-09-25 15:56:52] TX Python SDK azure-iot-device (MQTT 8883) -> {"tempIntake": 22.26, "tempExhaust": 33.53, "humedadRack": 46.82, "tsDispositivo": "2026-09-25T20:56:52+00:00"}
[2026-09-25 15:57:22] TX Python SDK azure-iot-device (MQTT 8883) -> {"tempIntake": 22.3, "tempExhaust": 32.98, "humedadRack": 47.51, "tsDispositivo": "2026-09-25T20:57:22+00:00"}
[2026-09-25 15:57:52] TX Python SDK azure-iot-device (MQTT 8883) -> {"tempIntake": 22.1, "tempExhaust": 33.52, "humedadRack": 46.18, "tsDispositivo": "2026-09-25T20:57:52+00:00"}
[2026-09-25 15:58:23] TX Python SDK azure-iot-device (MQTT 8883) -> {"tempIntake": 22.38, "tempExhaust": 33.69, "humedadRack": 46.47, "tsDispositivo": "2026-09-25T20:58:22+00:00"}
[2026-09-25 15:58:53] TX Python SDK azure-iot-device (MQTT 8883) -> {"tempIntake": 22.04, "tempExhaust": 33.53, "humedadRack": 45.84, "tsDispositivo": "2026-09-25T20:58:53+00:00"}
[2026-09-25 15:59:23] TX Python SDK azure-iot-device (MQTT 8883) -> {"tempIntake": 21.91, "tempExhaust": 32.58, "humedadRack": 46.74, "tsDispositivo": "2026-09-25T20:59:23+00:00"}
[2026-09-25 15:59:53] TX Python SDK azure-iot-device (MQTT 8883) -> {"tempIntake": 21.95, "tempExhaust": 33.75, "humedadRack": 46.89, "tsDispositivo": "2026-09-25T20:59:53+00:00"}
[2026-09-25 16:00:23] TX Python SDK azure-iot-device (MQTT 8883) -> {"tempIntake": 22.01, "tempExhaust": 33.02, "humedadRack": 46.94, "tsDispositivo": "2026-09-25T21:00:23+00:00"}
[2026-09-25 16:00:54] TX Python SDK azure-iot-device (MQTT 8883) -> {"tempIntake": 22.41, "tempExhaust": 34.03, "humedadRack": 47.9, "tsDispositivo": "2026-09-25T21:00:53+00:00"}
[2026-09-25 16:01:24] TX Python SDK azure-iot-device (MQTT 8883) -> {"tempIntake": 21.81, "tempExhaust": 32.64, "humedadRack": 47.1, "tsDispositivo": "2026-09-25T21:01:24+00:00"}
[2026-09-25 16:01:54] TX Python SDK azure-iot-device (MQTT 8883) -> {"tempIntake": 22.32, "tempExhaust": 33.85, "humedadRack": 45.95, "tsDispositivo": "2026-09-25T21:01:54+00:00"}
[2026-09-25 16:02:24] TX Python SDK azure-iot-device (MQTT 8883) -> {"tempIntake": 22.4, "tempExhaust": 33.84, "humedadRack": 46.69, "tsDispositivo": "2026-09-25T21:02:24+00:00"}
[2026-09-25 16:02:55] TX Python SDK azure-iot-device (MQTT 8883) -> {"tempIntake": 22.31, "tempExhaust": 33.1, "humedadRack": 45.93, "tsDispositivo": "2026-09-25T21:02:54+00:00"}
[2026-09-25 16:03:25] TX Python SDK azure-iot-device (MQTT 8883) -> {"tempIntake": 22.03, "tempExhaust": 33.6, "humedadRack": 47.84, "tsDispositivo": "2026-09-25T21:03:25+00:00"}
[2026-09-25 16:03:55] TX Python SDK azure-iot-device (MQTT 8883) -> {"tempIntake": 21.82, "tempExhaust": 33.38, "humedadRack": 47.92, "tsDispositivo": "2026-09-25T21:03:55+00:00"}
[2026-09-25 16:04:25] TX Python SDK azure-iot-device (MQTT 8883) -> {"tempIntake": 22.27, "tempExhaust": 33.5, "humedadRack": 46.06, "tsDispositivo": "2026-09-25T21:04:25+00:00"}
[2026-09-25 16:04:55] TX Python SDK azure-iot-device (MQTT 8883) -> {"tempIntake": 22.32, "tempExhaust": 33.72, "humedadRack": 47.36, "tsDispositivo": "2026-09-25T21:04:55+00:00"}
[2026-09-25 16:05:26] TX Python SDK azure-iot-device (MQTT 8883) -> {"tempIntake": 22.24, "tempExhaust": 33.25, "humedadRack": 46.51, "tsDispositivo": "2026-09-25T21:05:25+00:00"}
[2026-09-25 16:05:56] TX Python SDK azure-iot-device (MQTT 8883) -> {"tempIntake": 22.09, "tempExhaust": 33.26, "humedadRack": 47.15, "tsDispositivo": "2026-09-25T21:05:56+00:00"}
[2026-09-25 16:06:26] TX Python SDK azure-iot-device (MQTT 8883) -> {"tempIntake": 21.98, "tempExhaust": 32.56, "humedadRack": 47.99, "tsDispositivo": "2026-09-25T21:06:26+00:00"}
[2026-09-25 16:06:56] TX Python SDK azure-iot-device (MQTT 8883) -> {"tempIntake": 21.84, "tempExhaust": 32.79, "humedadRack": 45.73, "tsDispositivo": "2026-09-25T21:06:56+00:00"}
[2026-09-25 16:07:26] TX Python SDK azure-iot-device (MQTT 8883) -> {"tempIntake": 22.06, "tempExhaust": 33.22, "humedadRack": 47.71, "tsDispositivo": "2026-09-25T21:07:26+00:00"}
[2026-09-25 16:07:57] TX Python SDK azure-iot-device (MQTT 8883) -> {"tempIntake": 22.34, "tempExhaust": 33.55, "humedadRack": 45.96, "tsDispositivo": "2026-09-25T21:07:56+00:00"}
[2026-09-25 16:08:27] TX Python SDK azure-iot-device (MQTT 8883) -> {"tempIntake": 22.27, "tempExhaust": 33.83, "humedadRack": 46.83, "tsDispositivo": "2026-09-25T21:08:27+00:00"}
[2026-09-25 16:08:57] TX Python SDK azure-iot-device (MQTT 8883) -> {"tempIntake": 21.96, "tempExhaust": 33.11, "humedadRack": 46.18, "tsDispositivo": "2026-09-25T21:08:57+00:00"}
[2026-09-25 16:09:27] TX Python SDK azure-iot-device (MQTT 8883) -> {"tempIntake": 21.85, "tempExhaust": 32.53, "humedadRack": 47.17, "tsDispositivo": "2026-09-25T21:09:27+00:00"}
[2026-09-25 16:09:57] TX Python SDK azure-iot-device (MQTT 8883) -> {"tempIntake": 21.88, "tempExhaust": 32.76, "humedadRack": 45.85, "tsDispositivo": "2026-09-25T21:09:57+00:00"}
[2026-09-25 16:10:28] TX Python SDK azure-iot-device (MQTT 8883) -> {"tempIntake": 22.07, "tempExhaust": 33.88, "humedadRack": 45.63, "tsDispositivo": "2026-09-25T21:10:27+00:00"}
[2026-09-25 16:10:58] TX Python SDK azure-iot-device (MQTT 8883) -> {"tempIntake": 22.06, "tempExhaust": 33.52, "humedadRack": 46.78, "tsDispositivo": "2026-09-25T21:10:58+00:00"}
[2026-09-25 16:11:28] TX Python SDK azure-iot-device (MQTT 8883) -> {"tempIntake": 22.18, "tempExhaust": 33.12, "humedadRack": 47.54, "tsDispositivo": "2026-09-25T21:11:28+00:00"}
[2026-09-25 16:11:58] TX Python SDK azure-iot-device (MQTT 8883) -> {"tempIntake": 22.0, "tempExhaust": 32.99, "humedadRack": 46.12, "tsDispositivo": "2026-09-25T21:11:58+00:00"}
[2026-09-25 16:12:29] TX Python SDK azure-iot-device (MQTT 8883) -> {"tempIntake": 22.21, "tempExhaust": 32.92, "humedadRack": 46.82, "tsDispositivo": "2026-09-25T21:12:28+00:00"}
[2026-09-25 16:12:59] TX Python SDK azure-iot-device (MQTT 8883) -> {"tempIntake": 22.1, "tempExhaust": 33.74, "humedadRack": 45.98, "tsDispositivo": "2026-09-25T21:12:59+00:00"}
[2026-09-25 16:13:29] TX Python SDK azure-iot-device (MQTT 8883) -> {"tempIntake": 22.19, "tempExhaust": 33.13, "humedadRack": 46.53, "tsDispositivo": "2026-09-25T21:13:29+00:00"}
[2026-09-25 16:13:59] TX Python SDK azure-iot-device (MQTT 8883) -> {"tempIntake": 22.05, "tempExhaust": 32.61, "humedadRack": 46.86, "tsDispositivo": "2026-09-25T21:13:59+00:00"}
[2026-09-25 16:14:29] TX Python SDK azure-iot-device (MQTT 8883) -> {"tempIntake": 21.87, "tempExhaust": 32.7, "humedadRack": 46.65, "tsDispositivo": "2026-09-25T21:14:29+00:00"}
[2026-09-25 16:15:00] TX Python SDK azure-iot-device (MQTT 8883) -> {"tempIntake": 21.85, "tempExhaust": 33.32, "humedadRack": 47.2, "tsDispositivo": "2026-09-25T21:14:59+00:00"}
[2026-09-25 16:15:30] TX Python SDK azure-iot-device (MQTT 8883) -> {"tempIntake": 21.98, "tempExhaust": 33.16, "humedadRack": 47.33, "tsDispositivo": "2026-09-25T21:15:30+00:00"}
[2026-09-25 16:16:00] TX Python SDK azure-iot-device (MQTT 8883) -> {"tempIntake": 22.38, "tempExhaust": 33.07, "humedadRack": 46.99, "tsDispositivo": "2026-09-25T21:16:00+00:00"}
[2026-09-25 16:16:30] TX Python SDK azure-iot-device (MQTT 8883) -> {"tempIntake": 22.32, "tempExhaust": 33.03, "humedadRack": 45.69, "tsDispositivo": "2026-09-25T21:16:30+00:00"}
[2026-09-25 16:17:00] TX Python SDK azure-iot-device (MQTT 8883) -> {"tempIntake": 22.05, "tempExhaust": 33.14, "humedadRack": 46.62, "tsDispositivo": "2026-09-25T21:17:00+00:00"}
[2026-09-25 16:17:31] TX Python SDK azure-iot-device (MQTT 8883) -> {"tempIntake": 22.05, "tempExhaust": 33.4, "humedadRack": 46.9, "tsDispositivo": "2026-09-25T21:17:31+00:00"}
[2026-09-25 16:18:01] TX Python SDK azure-iot-device (MQTT 8883) -> {"tempIntake": 21.92, "tempExhaust": 33.21, "humedadRack": 46.19, "tsDispositivo": "2026-09-25T21:18:01+00:00"}
[2026-09-25 16:18:31] TX Python SDK azure-iot-device (MQTT 8883) -> {"tempIntake": 21.82, "tempExhaust": 32.91, "humedadRack": 47.19, "tsDispositivo": "2026-09-25T21:18:31+00:00"}
[2026-09-25 16:19:01] TX Python SDK azure-iot-device (MQTT 8883) -> {"tempIntake": 22.28, "tempExhaust": 32.98, "humedadRack": 47.11, "tsDispositivo": "2026-09-25T21:19:01+00:00"}
[2026-09-25 16:19:32] TX Python SDK azure-iot-device (MQTT 8883) -> {"tempIntake": 22.27, "tempExhaust": 33.74, "humedadRack": 45.96, "tsDispositivo": "2026-09-25T21:19:31+00:00"}
[2026-09-25 16:20:02] TX Python SDK azure-iot-device (MQTT 8883) -> {"tempIntake": 22.2, "tempExhaust": 33.86, "humedadRack": 46.65, "tsDispositivo": "2026-09-25T21:20:02+00:00"}
[2026-09-25 16:20:32] TX Python SDK azure-iot-device (MQTT 8883) -> {"tempIntake": 21.83, "tempExhaust": 33.56, "humedadRack": 46.15, "tsDispositivo": "2026-09-25T21:20:32+00:00"}
[2026-09-25 16:21:02] TX Python SDK azure-iot-device (MQTT 8883) -> {"tempIntake": 22.21, "tempExhaust": 33.2, "humedadRack": 46.56, "tsDispositivo": "2026-09-25T21:21:02+00:00"}
[2026-09-25 16:21:32] TX Python SDK azure-iot-device (MQTT 8883) -> {"tempIntake": 22.03, "tempExhaust": 33.31, "humedadRack": 46.38, "tsDispositivo": "2026-09-25T21:21:32+00:00"}
[2026-09-25 16:22:03] TX Python SDK azure-iot-device (MQTT 8883) -> {"tempIntake": 21.9, "tempExhaust": 33.22, "humedadRack": 46.98, "tsDispositivo": "2026-09-25T21:22:02+00:00"}
[2026-09-25 16:22:33] TX Python SDK azure-iot-device (MQTT 8883) -> {"tempIntake": 21.74, "tempExhaust": 32.76, "humedadRack": 45.68, "tsDispositivo": "2026-09-25T21:22:33+00:00"}
[2026-09-25 16:23:03] TX Python SDK azure-iot-device (MQTT 8883) -> {"tempIntake": 21.79, "tempExhaust": 33.51, "humedadRack": 45.86, "tsDispositivo": "2026-09-25T21:23:03+00:00"}
[2026-09-25 16:23:33] TX Python SDK azure-iot-device (MQTT 8883) -> {"tempIntake": 22.27, "tempExhaust": 33.15, "humedadRack": 47.26, "tsDispositivo": "2026-09-25T21:23:33+00:00"}
[2026-09-25 16:24:03] TX Python SDK azure-iot-device (MQTT 8883) -> {"tempIntake": 22.23, "tempExhaust": 33.15, "humedadRack": 45.82, "tsDispositivo": "2026-09-25T21:24:03+00:00"}
[2026-09-25 16:24:34] TX Python SDK azure-iot-device (MQTT 8883) -> {"tempIntake": 22.33, "tempExhaust": 33.6, "humedadRack": 45.29, "tsDispositivo": "2026-09-25T21:24:33+00:00"}
[2026-09-25 16:25:04] TX Python SDK azure-iot-device (MQTT 8883) -> {"tempIntake": 21.81, "tempExhaust": 33.09, "humedadRack": 45.96, "tsDispositivo": "2026-09-25T21:25:04+00:00"}
[2026-09-25 16:25:34] TX Python SDK azure-iot-device (MQTT 8883) -> {"tempIntake": 22.09, "tempExhaust": 33.11, "humedadRack": 46.59, "tsDispositivo": "2026-09-25T21:25:34+00:00"}
[2026-09-25 16:26:04] TX Python SDK azure-iot-device (MQTT 8883) -> {"tempIntake": 22.22, "tempExhaust": 33.94, "humedadRack": 47.28, "tsDispositivo": "2026-09-25T21:26:04+00:00"}
[2026-09-25 16:26:35] TX Python SDK azure-iot-device (MQTT 8883) -> {"tempIntake": 22.34, "tempExhaust": 33.99, "humedadRack": 45.93, "tsDispositivo": "2026-09-25T21:26:34+00:00"}
[2026-09-25 16:27:05] TX Python SDK azure-iot-device (MQTT 8883) -> {"tempIntake": 22.13, "tempExhaust": 33.24, "humedadRack": 46.59, "tsDispositivo": "2026-09-25T21:27:05+00:00"}
[2026-09-25 16:27:35] TX Python SDK azure-iot-device (MQTT 8883) -> {"tempIntake": 22.04, "tempExhaust": 33.3, "humedadRack": 47.44, "tsDispositivo": "2026-09-25T21:27:35+00:00"}
[2026-09-25 16:28:05] TX Python SDK azure-iot-device (MQTT 8883) -> {"tempIntake": 22.22, "tempExhaust": 33.43, "humedadRack": 45.16, "tsDispositivo": "2026-09-25T21:28:05+00:00"}
[2026-09-25 16:28:35] TX Python SDK azure-iot-device (MQTT 8883) -> {"tempIntake": 22.36, "tempExhaust": 33.44, "humedadRack": 46.22, "tsDispositivo": "2026-09-25T21:28:35+00:00"}
[2026-09-25 16:29:06] TX Python SDK azure-iot-device (MQTT 8883) -> {"tempIntake": 21.94, "tempExhaust": 32.92, "humedadRack": 45.31, "tsDispositivo": "2026-09-25T21:29:05+00:00"}
[2026-09-25 16:29:36] TX Python SDK azure-iot-device (MQTT 8883) -> {"tempIntake": 22.34, "tempExhaust": 33.81, "humedadRack": 45.42, "tsDispositivo": "2026-09-25T21:29:36+00:00"}
[2026-09-25 16:30:06] TX Python SDK azure-iot-device (MQTT 8883) -> {"tempIntake": 22.32, "tempExhaust": 34.03, "humedadRack": 45.64, "tsDispositivo": "2026-09-25T21:30:06+00:00"}
[2026-09-25 16:30:36] TX Python SDK azure-iot-device (MQTT 8883) -> {"tempIntake": 21.79, "tempExhaust": 32.54, "humedadRack": 45.86, "tsDispositivo": "2026-09-25T21:30:36+00:00"}
[2026-09-25 16:31:06] TX Python SDK azure-iot-device (MQTT 8883) -> {"tempIntake": 22.31, "tempExhaust": 33.16, "humedadRack": 45.87, "tsDispositivo": "2026-09-25T21:31:06+00:00"}
[2026-09-25 16:31:37] TX Python SDK azure-iot-device (MQTT 8883) -> {"tempIntake": 22.38, "tempExhaust": 34.06, "humedadRack": 47.08, "tsDispositivo": "2026-09-25T21:31:36+00:00"}
[2026-09-25 16:32:07] TX Python SDK azure-iot-device (MQTT 8883) -> {"tempIntake": 21.81, "tempExhaust": 33.5, "humedadRack": 45.67, "tsDispositivo": "2026-09-25T21:32:07+00:00"}
[2026-09-25 16:32:37] TX Python SDK azure-iot-device (MQTT 8883) -> {"tempIntake": 22.21, "tempExhaust": 33.07, "humedadRack": 46.36, "tsDispositivo": "2026-09-25T21:32:37+00:00"}
[2026-09-25 16:33:07] TX Python SDK azure-iot-device (MQTT 8883) -> {"tempIntake": 21.97, "tempExhaust": 33.53, "humedadRack": 44.99, "tsDispositivo": "2026-09-25T21:33:07+00:00"}
[2026-09-25 16:33:38] TX Python SDK azure-iot-device (MQTT 8883) -> {"tempIntake": 22.43, "tempExhaust": 33.32, "humedadRack": 45.36, "tsDispositivo": "2026-09-25T21:33:37+00:00"}
[2026-09-25 16:34:08] TX Python SDK azure-iot-device (MQTT 8883) -> {"tempIntake": 22.23, "tempExhaust": 32.88, "humedadRack": 46.7, "tsDispositivo": "2026-09-25T21:34:08+00:00"}
[2026-09-25 16:34:38] TX Python SDK azure-iot-device (MQTT 8883) -> {"tempIntake": 22.21, "tempExhaust": 33.48, "humedadRack": 46.26, "tsDispositivo": "2026-09-25T21:34:38+00:00"}
[2026-09-25 16:35:08] TX Python SDK azure-iot-device (MQTT 8883) -> {"tempIntake": 22.24, "tempExhaust": 33.37, "humedadRack": 45.92, "tsDispositivo": "2026-09-25T21:35:08+00:00"}
[2026-09-25 16:35:38] TX Python SDK azure-iot-device (MQTT 8883) -> {"tempIntake": 22.07, "tempExhaust": 33.0, "humedadRack": 45.37, "tsDispositivo": "2026-09-25T21:35:38+00:00"}
[2026-09-25 16:35:43] INFO  TWIN desired: {'$version': 2, 'modoOperacion': 'Normal', 'umbralHumedad': 60, 'umbralPM25': 35, 'umbralTemperatura': 27}
[2026-09-25 16:36:09] TX Python SDK azure-iot-device (MQTT 8883) -> {"tempIntake": 21.8, "tempExhaust": 33.24, "humedadRack": 45.03, "tsDispositivo": "2026-09-25T21:36:08+00:00"}
[2026-09-25 16:36:39] TX Python SDK azure-iot-device (MQTT 8883) -> {"tempIntake": 22.02, "tempExhaust": 33.02, "humedadRack": 46.51, "tsDispositivo": "2026-09-25T21:36:39+00:00"}
[2026-09-25 16:37:09] TX Python SDK azure-iot-device (MQTT 8883) -> {"tempIntake": 22.35, "tempExhaust": 33.09, "humedadRack": 46.19, "tsDispositivo": "2026-09-25T21:37:09+00:00"}
[2026-09-25 16:37:39] TX Python SDK azure-iot-device (MQTT 8883) -> {"tempIntake": 22.32, "tempExhaust": 33.55, "humedadRack": 46.74, "tsDispositivo": "2026-09-25T21:37:39+00:00"}
[2026-09-25 16:38:09] TX Python SDK azure-iot-device (MQTT 8883) -> {"tempIntake": 22.4, "tempExhaust": 33.51, "humedadRack": 44.97, "tsDispositivo": "2026-09-25T21:38:09+00:00"}
[2026-09-25 16:38:40] TX Python SDK azure-iot-device (MQTT 8883) -> {"tempIntake": 22.31, "tempExhaust": 33.68, "humedadRack": 46.73, "tsDispositivo": "2026-09-25T21:38:39+00:00"}
[2026-09-25 16:39:10] TX Python SDK azure-iot-device (MQTT 8883) -> {"tempIntake": 21.81, "tempExhaust": 32.89, "humedadRack": 45.59, "tsDispositivo": "2026-09-25T21:39:10+00:00"}
[2026-09-25 16:39:40] TX Python SDK azure-iot-device (MQTT 8883) -> {"tempIntake": 21.78, "tempExhaust": 32.33, "humedadRack": 44.91, "tsDispositivo": "2026-09-25T21:39:40+00:00"}
[2026-09-25 16:40:10] TX Python SDK azure-iot-device (MQTT 8883) -> {"tempIntake": 22.27, "tempExhaust": 32.96, "humedadRack": 46.54, "tsDispositivo": "2026-09-25T21:40:10+00:00"}
[2026-09-25 16:40:40] TX Python SDK azure-iot-device (MQTT 8883) -> {"tempIntake": 22.17, "tempExhaust": 33.53, "humedadRack": 46.19, "tsDispositivo": "2026-09-25T21:40:40+00:00"}
[2026-09-25 16:41:11] TX Python SDK azure-iot-device (MQTT 8883) -> {"tempIntake": 22.12, "tempExhaust": 33.63, "humedadRack": 46.44, "tsDispositivo": "2026-09-25T21:41:10+00:00"}
[2026-09-25 16:41:41] TX Python SDK azure-iot-device (MQTT 8883) -> {"tempIntake": 22.02, "tempExhaust": 32.95, "humedadRack": 47.05, "tsDispositivo": "2026-09-25T21:41:41+00:00"}
[2026-09-25 16:42:11] TX Python SDK azure-iot-device (MQTT 8883) -> {"tempIntake": 21.7, "tempExhaust": 32.3, "humedadRack": 46.73, "tsDispositivo": "2026-09-25T21:42:11+00:00"}
[2026-09-25 16:42:41] TX Python SDK azure-iot-device (MQTT 8883) -> {"tempIntake": 22.06, "tempExhaust": 33.26, "humedadRack": 45.04, "tsDispositivo": "2026-09-25T21:42:41+00:00"}
[2026-09-25 16:43:11] TX Python SDK azure-iot-device (MQTT 8883) -> {"tempIntake": 21.82, "tempExhaust": 32.82, "humedadRack": 46.96, "tsDispositivo": "2026-09-25T21:43:11+00:00"}
[2026-09-25 16:43:42] TX Python SDK azure-iot-device (MQTT 8883) -> {"tempIntake": 22.34, "tempExhaust": 33.23, "humedadRack": 45.34, "tsDispositivo": "2026-09-25T21:43:41+00:00"}
[2026-09-25 16:44:12] TX Python SDK azure-iot-device (MQTT 8883) -> {"tempIntake": 22.09, "tempExhaust": 33.75, "humedadRack": 45.25, "tsDispositivo": "2026-09-25T21:44:12+00:00"}
[2026-09-25 16:44:42] TX Python SDK azure-iot-device (MQTT 8883) -> {"tempIntake": 22.08, "tempExhaust": 32.77, "humedadRack": 46.02, "tsDispositivo": "2026-09-25T21:44:42+00:00"}
[2026-09-25 16:45:12] TX Python SDK azure-iot-device (MQTT 8883) -> {"tempIntake": 21.81, "tempExhaust": 33.56, "humedadRack": 46.81, "tsDispositivo": "2026-09-25T21:45:12+00:00"}
[2026-09-25 16:45:42] TX Python SDK azure-iot-device (MQTT 8883) -> {"tempIntake": 21.82, "tempExhaust": 33.1, "humedadRack": 46.65, "tsDispositivo": "2026-09-25T21:45:42+00:00"}
[2026-09-25 16:46:13] TX Python SDK azure-iot-device (MQTT 8883) -> {"tempIntake": 22.25, "tempExhaust": 33.9, "humedadRack": 46.94, "tsDispositivo": "2026-09-25T21:46:12+00:00"}
[2026-09-25 16:46:43] TX Python SDK azure-iot-device (MQTT 8883) -> {"tempIntake": 22.27, "tempExhaust": 34.01, "humedadRack": 46.62, "tsDispositivo": "2026-09-25T21:46:43+00:00"}
[2026-09-25 16:47:13] TX Python SDK azure-iot-device (MQTT 8883) -> {"tempIntake": 22.24, "tempExhaust": 33.06, "humedadRack": 45.33, "tsDispositivo": "2026-09-25T21:47:13+00:00"}
[2026-09-25 16:47:43] TX Python SDK azure-iot-device (MQTT 8883) -> {"tempIntake": 21.79, "tempExhaust": 32.48, "humedadRack": 45.3, "tsDispositivo": "2026-09-25T21:47:43+00:00"}
[2026-09-25 16:48:13] TX Python SDK azure-iot-device (MQTT 8883) -> {"tempIntake": 21.96, "tempExhaust": 32.96, "humedadRack": 44.69, "tsDispositivo": "2026-09-25T21:48:13+00:00"}
[2026-09-25 16:48:44] TX Python SDK azure-iot-device (MQTT 8883) -> {"tempIntake": 21.94, "tempExhaust": 33.57, "humedadRack": 46.81, "tsDispositivo": "2026-09-25T21:48:43+00:00"}
[2026-09-25 16:49:14] TX Python SDK azure-iot-device (MQTT 8883) -> {"tempIntake": 22.22, "tempExhaust": 32.94, "humedadRack": 46.02, "tsDispositivo": "2026-09-25T21:49:14+00:00"}
[2026-09-25 16:49:44] TX Python SDK azure-iot-device (MQTT 8883) -> {"tempIntake": 22.41, "tempExhaust": 33.53, "humedadRack": 45.83, "tsDispositivo": "2026-09-25T21:49:44+00:00"}
[2026-09-25 16:50:14] TX Python SDK azure-iot-device (MQTT 8883) -> {"tempIntake": 22.25, "tempExhaust": 33.76, "humedadRack": 45.56, "tsDispositivo": "2026-09-25T21:50:14+00:00"}
[2026-09-25 16:50:44] TX Python SDK azure-iot-device (MQTT 8883) -> {"tempIntake": 22.41, "tempExhaust": 33.89, "humedadRack": 45.34, "tsDispositivo": "2026-09-25T21:50:44+00:00"}
[2026-09-25 16:51:15] TX Python SDK azure-iot-device (MQTT 8883) -> {"tempIntake": 22.01, "tempExhaust": 33.18, "humedadRack": 46.27, "tsDispositivo": "2026-09-25T21:51:14+00:00"}
[2026-09-25 16:51:45] TX Python SDK azure-iot-device (MQTT 8883) -> {"tempIntake": 21.99, "tempExhaust": 32.66, "humedadRack": 45.55, "tsDispositivo": "2026-09-25T21:51:45+00:00"}
[2026-09-25 16:52:15] TX Python SDK azure-iot-device (MQTT 8883) -> {"tempIntake": 21.78, "tempExhaust": 33.21, "humedadRack": 45.37, "tsDispositivo": "2026-09-25T21:52:15+00:00"}
[2026-09-25 16:52:45] TX Python SDK azure-iot-device (MQTT 8883) -> {"tempIntake": 22.1, "tempExhaust": 33.73, "humedadRack": 45.39, "tsDispositivo": "2026-09-25T21:52:45+00:00"}
[2026-09-25 16:53:15] TX Python SDK azure-iot-device (MQTT 8883) -> {"tempIntake": 22.07, "tempExhaust": 32.85, "humedadRack": 46.42, "tsDispositivo": "2026-09-25T21:53:15+00:00"}
[2026-09-25 16:53:46] TX Python SDK azure-iot-device (MQTT 8883) -> {"tempIntake": 21.8, "tempExhaust": 33.45, "humedadRack": 46.69, "tsDispositivo": "2026-09-25T21:53:45+00:00"}
[2026-09-25 16:54:16] TX Python SDK azure-iot-device (MQTT 8883) -> {"tempIntake": 22.4, "tempExhaust": 33.47, "humedadRack": 46.35, "tsDispositivo": "2026-09-25T21:54:16+00:00"}
[2026-09-25 16:54:46] TX Python SDK azure-iot-device (MQTT 8883) -> {"tempIntake": 21.92, "tempExhaust": 33.64, "humedadRack": 44.66, "tsDispositivo": "2026-09-25T21:54:46+00:00"}
[2026-09-25 16:55:16] TX Python SDK azure-iot-device (MQTT 8883) -> {"tempIntake": 22.04, "tempExhaust": 33.08, "humedadRack": 46.09, "tsDispositivo": "2026-09-25T21:55:16+00:00"}
[2026-09-25 16:55:46] TX Python SDK azure-iot-device (MQTT 8883) -> {"tempIntake": 22.13, "tempExhaust": 32.97, "humedadRack": 44.7, "tsDispositivo": "2026-09-25T21:55:46+00:00"}
[2026-09-25 16:56:17] TX Python SDK azure-iot-device (MQTT 8883) -> {"tempIntake": 21.82, "tempExhaust": 32.77, "humedadRack": 45.57, "tsDispositivo": "2026-09-25T21:56:16+00:00"}
[2026-09-25 16:56:47] TX Python SDK azure-iot-device (MQTT 8883) -> {"tempIntake": 22.16, "tempExhaust": 32.86, "humedadRack": 46.54, "tsDispositivo": "2026-09-25T21:56:47+00:00"}
[2026-09-25 16:57:17] TX Python SDK azure-iot-device (MQTT 8883) -> {"tempIntake": 21.9, "tempExhaust": 32.82, "humedadRack": 45.3, "tsDispositivo": "2026-09-25T21:57:17+00:00"}
[2026-09-25 16:57:47] TX Python SDK azure-iot-device (MQTT 8883) -> {"tempIntake": 22.03, "tempExhaust": 33.47, "humedadRack": 46.31, "tsDispositivo": "2026-09-25T21:57:47+00:00"}
[2026-09-25 16:58:17] TX Python SDK azure-iot-device (MQTT 8883) -> {"tempIntake": 22.13, "tempExhaust": 33.75, "humedadRack": 46.02, "tsDispositivo": "2026-09-25T21:58:17+00:00"}
[2026-09-25 16:58:47] TX Python SDK azure-iot-device (MQTT 8883) -> {"tempIntake": 21.91, "tempExhaust": 32.85, "humedadRack": 46.11, "tsDispositivo": "2026-09-25T21:58:47+00:00"}
[2026-09-25 16:59:18] TX Python SDK azure-iot-device (MQTT 8883) -> {"tempIntake": 22.06, "tempExhaust": 33.45, "humedadRack": 46.62, "tsDispositivo": "2026-09-25T21:59:17+00:00"}
[2026-09-25 16:59:48] TX Python SDK azure-iot-device (MQTT 8883) -> {"tempIntake": 22.06, "tempExhaust": 32.7, "humedadRack": 45.53, "tsDispositivo": "2026-09-25T21:59:48+00:00"}
[2026-09-25 17:00:18] TX Python SDK azure-iot-device (MQTT 8883) -> {"tempIntake": 22.37, "tempExhaust": 33.51, "humedadRack": 44.63, "tsDispositivo": "2026-09-25T22:00:18+00:00"}
[2026-09-25 17:00:48] TX Python SDK azure-iot-device (MQTT 8883) -> {"tempIntake": 21.86, "tempExhaust": 33.24, "humedadRack": 45.25, "tsDispositivo": "2026-09-25T22:00:48+00:00"}
[2026-09-25 17:01:19] TX Python SDK azure-iot-device (MQTT 8883) -> {"tempIntake": 21.83, "tempExhaust": 32.7, "humedadRack": 46.16, "tsDispositivo": "2026-09-25T22:01:18+00:00"}
[2026-09-25 17:01:49] TX Python SDK azure-iot-device (MQTT 8883) -> {"tempIntake": 22.33, "tempExhaust": 33.77, "humedadRack": 46.17, "tsDispositivo": "2026-09-25T22:01:49+00:00"}
[2026-09-25 17:02:19] TX Python SDK azure-iot-device (MQTT 8883) -> {"tempIntake": 21.86, "tempExhaust": 33.51, "humedadRack": 44.97, "tsDispositivo": "2026-09-25T22:02:19+00:00"}
[2026-09-25 17:02:49] TX Python SDK azure-iot-device (MQTT 8883) -> {"tempIntake": 22.2, "tempExhaust": 33.88, "humedadRack": 45.01, "tsDispositivo": "2026-09-25T22:02:49+00:00"}
[2026-09-25 17:03:19] TX Python SDK azure-iot-device (MQTT 8883) -> {"tempIntake": 21.73, "tempExhaust": 32.99, "humedadRack": 45.59, "tsDispositivo": "2026-09-25T22:03:19+00:00"}
[2026-09-25 17:03:50] TX Python SDK azure-iot-device (MQTT 8883) -> {"tempIntake": 22.12, "tempExhaust": 32.77, "humedadRack": 44.71, "tsDispositivo": "2026-09-25T22:03:49+00:00"}
[2026-09-25 17:04:20] TX Python SDK azure-iot-device (MQTT 8883) -> {"tempIntake": 22.21, "tempExhaust": 33.02, "humedadRack": 45.13, "tsDispositivo": "2026-09-25T22:04:20+00:00"}
[2026-09-25 17:04:50] TX Python SDK azure-iot-device (MQTT 8883) -> {"tempIntake": 21.84, "tempExhaust": 32.94, "humedadRack": 45.34, "tsDispositivo": "2026-09-25T22:04:50+00:00"}
[2026-09-25 17:05:20] TX Python SDK azure-iot-device (MQTT 8883) -> {"tempIntake": 21.8, "tempExhaust": 32.88, "humedadRack": 46.3, "tsDispositivo": "2026-09-25T22:05:20+00:00"}
[2026-09-25 17:05:51] TX Python SDK azure-iot-device (MQTT 8883) -> {"tempIntake": 21.88, "tempExhaust": 33.17, "humedadRack": 46.39, "tsDispositivo": "2026-09-25T22:05:50+00:00"}
[2026-09-25 17:06:21] TX Python SDK azure-iot-device (MQTT 8883) -> {"tempIntake": 22.26, "tempExhaust": 33.51, "humedadRack": 45.98, "tsDispositivo": "2026-09-25T22:06:21+00:00"}
[2026-09-25 17:06:51] TX Python SDK azure-iot-device (MQTT 8883) -> {"tempIntake": 21.74, "tempExhaust": 33.24, "humedadRack": 46.24, "tsDispositivo": "2026-09-25T22:06:51+00:00"}
[2026-09-25 17:07:22] TX Python SDK azure-iot-device (MQTT 8883) -> {"tempIntake": 21.69, "tempExhaust": 32.37, "humedadRack": 45.14, "tsDispositivo": "2026-09-25T22:07:21+00:00"}
[2026-09-25 17:07:52] TX Python SDK azure-iot-device (MQTT 8883) -> {"tempIntake": 22.3, "tempExhaust": 32.76, "humedadRack": 46.41, "tsDispositivo": "2026-09-25T22:07:52+00:00"}
[2026-09-25 17:08:23] TX Python SDK azure-iot-device (MQTT 8883) -> {"tempIntake": 21.72, "tempExhaust": 33.27, "humedadRack": 45.21, "tsDispositivo": "2026-09-25T22:08:22+00:00"}
[2026-09-25 17:08:53] TX Python SDK azure-iot-device (MQTT 8883) -> {"tempIntake": 22.27, "tempExhaust": 32.94, "humedadRack": 46.16, "tsDispositivo": "2026-09-25T22:08:53+00:00"}
[2026-09-25 17:09:23] TX Python SDK azure-iot-device (MQTT 8883) -> {"tempIntake": 22.03, "tempExhaust": 33.09, "humedadRack": 44.38, "tsDispositivo": "2026-09-25T22:09:23+00:00"}
[2026-09-25 17:09:53] TX Python SDK azure-iot-device (MQTT 8883) -> {"tempIntake": 21.87, "tempExhaust": 33.59, "humedadRack": 45.2, "tsDispositivo": "2026-09-25T22:09:53+00:00"}
[2026-09-25 17:10:23] TX Python SDK azure-iot-device (MQTT 8883) -> {"tempIntake": 22.23, "tempExhaust": 33.36, "humedadRack": 44.75, "tsDispositivo": "2026-09-25T22:10:23+00:00"}
[2026-09-25 17:10:54] TX Python SDK azure-iot-device (MQTT 8883) -> {"tempIntake": 21.76, "tempExhaust": 32.69, "humedadRack": 44.34, "tsDispositivo": "2026-09-25T22:10:53+00:00"}
[2026-09-25 17:11:24] TX Python SDK azure-iot-device (MQTT 8883) -> {"tempIntake": 22.21, "tempExhaust": 33.0, "humedadRack": 44.42, "tsDispositivo": "2026-09-25T22:11:24+00:00"}
[2026-09-25 17:11:54] TX Python SDK azure-iot-device (MQTT 8883) -> {"tempIntake": 22.02, "tempExhaust": 33.27, "humedadRack": 46.14, "tsDispositivo": "2026-09-25T22:11:54+00:00"}
[2026-09-25 17:12:24] TX Python SDK azure-iot-device (MQTT 8883) -> {"tempIntake": 21.96, "tempExhaust": 33.19, "humedadRack": 44.84, "tsDispositivo": "2026-09-25T22:12:24+00:00"}
[2026-09-25 17:12:55] TX Python SDK azure-iot-device (MQTT 8883) -> {"tempIntake": 22.39, "tempExhaust": 33.94, "humedadRack": 45.47, "tsDispositivo": "2026-09-25T22:12:54+00:00"}
[2026-09-25 17:13:25] TX Python SDK azure-iot-device (MQTT 8883) -> {"tempIntake": 21.92, "tempExhaust": 32.63, "humedadRack": 44.25, "tsDispositivo": "2026-09-25T22:13:25+00:00"}
[2026-09-25 17:13:55] TX Python SDK azure-iot-device (MQTT 8883) -> {"tempIntake": 21.77, "tempExhaust": 33.35, "humedadRack": 45.34, "tsDispositivo": "2026-09-25T22:13:55+00:00"}
[2026-09-25 17:14:25] TX Python SDK azure-iot-device (MQTT 8883) -> {"tempIntake": 22.29, "tempExhaust": 33.68, "humedadRack": 43.95, "tsDispositivo": "2026-09-25T22:14:25+00:00"}
[2026-09-25 17:14:55] TX Python SDK azure-iot-device (MQTT 8883) -> {"tempIntake": 22.29, "tempExhaust": 33.91, "humedadRack": 44.27, "tsDispositivo": "2026-09-25T22:14:55+00:00"}
[2026-09-25 17:15:26] TX Python SDK azure-iot-device (MQTT 8883) -> {"tempIntake": 21.85, "tempExhaust": 33.07, "humedadRack": 45.51, "tsDispositivo": "2026-09-25T22:15:25+00:00"}
[2026-09-25 17:15:56] TX Python SDK azure-iot-device (MQTT 8883) -> {"tempIntake": 21.7, "tempExhaust": 32.26, "humedadRack": 44.31, "tsDispositivo": "2026-09-25T22:15:56+00:00"}
[2026-09-25 17:16:26] TX Python SDK azure-iot-device (MQTT 8883) -> {"tempIntake": 22.25, "tempExhaust": 33.97, "humedadRack": 44.62, "tsDispositivo": "2026-09-25T22:16:26+00:00"}
[2026-09-25 17:16:56] TX Python SDK azure-iot-device (MQTT 8883) -> {"tempIntake": 22.12, "tempExhaust": 32.94, "humedadRack": 46.2, "tsDispositivo": "2026-09-25T22:16:56+00:00"}
[2026-09-25 17:17:27] TX Python SDK azure-iot-device (MQTT 8883) -> {"tempIntake": 22.07, "tempExhaust": 32.95, "humedadRack": 45.47, "tsDispositivo": "2026-09-25T22:17:26+00:00"}
[2026-09-25 17:17:57] TX Python SDK azure-iot-device (MQTT 8883) -> {"tempIntake": 22.35, "tempExhaust": 33.66, "humedadRack": 45.65, "tsDispositivo": "2026-09-25T22:17:57+00:00"}
[2026-09-25 17:18:27] TX Python SDK azure-iot-device (MQTT 8883) -> {"tempIntake": 22.22, "tempExhaust": 33.07, "humedadRack": 43.94, "tsDispositivo": "2026-09-25T22:18:27+00:00"}
[2026-09-25 17:18:58] TX Python SDK azure-iot-device (MQTT 8883) -> {"tempIntake": 21.99, "tempExhaust": 33.73, "humedadRack": 45.22, "tsDispositivo": "2026-09-25T22:18:57+00:00"}
[2026-09-25 17:19:28] TX Python SDK azure-iot-device (MQTT 8883) -> {"tempIntake": 22.08, "tempExhaust": 33.68, "humedadRack": 43.95, "tsDispositivo": "2026-09-25T22:19:28+00:00"}
[2026-09-25 17:19:58] TX Python SDK azure-iot-device (MQTT 8883) -> {"tempIntake": 21.87, "tempExhaust": 33.32, "humedadRack": 44.32, "tsDispositivo": "2026-09-25T22:19:58+00:00"}
[2026-09-25 17:20:29] TX Python SDK azure-iot-device (MQTT 8883) -> {"tempIntake": 21.71, "tempExhaust": 33.1, "humedadRack": 45.62, "tsDispositivo": "2026-09-25T22:20:28+00:00"}
[2026-09-25 17:20:59] TX Python SDK azure-iot-device (MQTT 8883) -> {"tempIntake": 21.79, "tempExhaust": 33.17, "humedadRack": 44.65, "tsDispositivo": "2026-09-25T22:20:59+00:00"}
[2026-09-25 17:21:29] TX Python SDK azure-iot-device (MQTT 8883) -> {"tempIntake": 22.19, "tempExhaust": 33.23, "humedadRack": 44.05, "tsDispositivo": "2026-09-25T22:21:29+00:00"}
[2026-09-25 17:21:59] TX Python SDK azure-iot-device (MQTT 8883) -> {"tempIntake": 22.31, "tempExhaust": 32.94, "humedadRack": 43.87, "tsDispositivo": "2026-09-25T22:21:59+00:00"}
[2026-09-25 17:22:29] TX Python SDK azure-iot-device (MQTT 8883) -> {"tempIntake": 22.22, "tempExhaust": 33.35, "humedadRack": 46.0, "tsDispositivo": "2026-09-25T22:22:29+00:00"}
[2026-09-25 17:23:00] TX Python SDK azure-iot-device (MQTT 8883) -> {"tempIntake": 22.11, "tempExhaust": 32.92, "humedadRack": 44.54, "tsDispositivo": "2026-09-25T22:22:59+00:00"}
[2026-09-25 17:23:30] TX Python SDK azure-iot-device (MQTT 8883) -> {"tempIntake": 22.32, "tempExhaust": 32.82, "humedadRack": 44.37, "tsDispositivo": "2026-09-25T22:23:30+00:00"}
[2026-09-25 17:24:00] TX Python SDK azure-iot-device (MQTT 8883) -> {"tempIntake": 22.01, "tempExhaust": 32.98, "humedadRack": 45.32, "tsDispositivo": "2026-09-25T22:24:00+00:00"}
[2026-09-25 17:24:30] TX Python SDK azure-iot-device (MQTT 8883) -> {"tempIntake": 21.84, "tempExhaust": 33.37, "humedadRack": 45.82, "tsDispositivo": "2026-09-25T22:24:30+00:00"}
[2026-09-25 17:25:01] TX Python SDK azure-iot-device (MQTT 8883) -> {"tempIntake": 22.09, "tempExhaust": 32.84, "humedadRack": 43.72, "tsDispositivo": "2026-09-25T22:25:00+00:00"}
[2026-09-25 17:25:31] TX Python SDK azure-iot-device (MQTT 8883) -> {"tempIntake": 21.96, "tempExhaust": 33.41, "humedadRack": 44.72, "tsDispositivo": "2026-09-25T22:25:31+00:00"}
[2026-09-25 17:26:01] TX Python SDK azure-iot-device (MQTT 8883) -> {"tempIntake": 21.84, "tempExhaust": 33.21, "humedadRack": 44.19, "tsDispositivo": "2026-09-25T22:26:01+00:00"}
[2026-09-25 17:26:31] TX Python SDK azure-iot-device (MQTT 8883) -> {"tempIntake": 22.02, "tempExhaust": 33.64, "humedadRack": 43.62, "tsDispositivo": "2026-09-25T22:26:31+00:00"}
[2026-09-25 17:27:02] TX Python SDK azure-iot-device (MQTT 8883) -> {"tempIntake": 22.29, "tempExhaust": 33.1, "humedadRack": 45.33, "tsDispositivo": "2026-09-25T22:27:01+00:00"}
[2026-09-25 17:27:32] TX Python SDK azure-iot-device (MQTT 8883) -> {"tempIntake": 21.97, "tempExhaust": 32.45, "humedadRack": 43.79, "tsDispositivo": "2026-09-25T22:27:32+00:00"}
[2026-09-25 17:28:02] TX Python SDK azure-iot-device (MQTT 8883) -> {"tempIntake": 22.09, "tempExhaust": 32.74, "humedadRack": 45.94, "tsDispositivo": "2026-09-25T22:28:02+00:00"}
[2026-09-25 17:28:33] TX Python SDK azure-iot-device (MQTT 8883) -> {"tempIntake": 21.7, "tempExhaust": 32.71, "humedadRack": 45.9, "tsDispositivo": "2026-09-25T22:28:32+00:00"}
[2026-09-25 17:29:04] TX Python SDK azure-iot-device (MQTT 8883) -> {"tempIntake": 21.88, "tempExhaust": 33.37, "humedadRack": 45.85, "tsDispositivo": "2026-09-25T22:29:03+00:00"}
[2026-09-25 17:29:34] TX Python SDK azure-iot-device (MQTT 8883) -> {"tempIntake": 21.74, "tempExhaust": 33.01, "humedadRack": 45.61, "tsDispositivo": "2026-09-25T22:29:34+00:00"}
[2026-09-25 17:30:04] TX Python SDK azure-iot-device (MQTT 8883) -> {"tempIntake": 21.99, "tempExhaust": 33.3, "humedadRack": 45.38, "tsDispositivo": "2026-09-25T22:30:04+00:00"}
[2026-09-25 17:30:34] TX Python SDK azure-iot-device (MQTT 8883) -> {"tempIntake": 22.23, "tempExhaust": 32.99, "humedadRack": 45.2, "tsDispositivo": "2026-09-25T22:30:34+00:00"}
[2026-09-25 17:31:05] TX Python SDK azure-iot-device (MQTT 8883) -> {"tempIntake": 21.73, "tempExhaust": 32.74, "humedadRack": 45.21, "tsDispositivo": "2026-09-25T22:31:05+00:00"}
[2026-09-25 17:31:35] TX Python SDK azure-iot-device (MQTT 8883) -> {"tempIntake": 22.19, "tempExhaust": 33.12, "humedadRack": 45.4, "tsDispositivo": "2026-09-25T22:31:35+00:00"}
[2026-09-25 17:32:06] TX Python SDK azure-iot-device (MQTT 8883) -> {"tempIntake": 21.98, "tempExhaust": 32.96, "humedadRack": 43.86, "tsDispositivo": "2026-09-25T22:32:05+00:00"}
[2026-09-25 17:32:36] TX Python SDK azure-iot-device (MQTT 8883) -> {"tempIntake": 22.38, "tempExhaust": 33.91, "humedadRack": 44.7, "tsDispositivo": "2026-09-25T22:32:36+00:00"}
[2026-09-25 17:33:06] TX Python SDK azure-iot-device (MQTT 8883) -> {"tempIntake": 21.91, "tempExhaust": 33.51, "humedadRack": 45.63, "tsDispositivo": "2026-09-25T22:33:06+00:00"}
[2026-09-25 17:33:36] TX Python SDK azure-iot-device (MQTT 8883) -> {"tempIntake": 22.2, "tempExhaust": 33.45, "humedadRack": 44.56, "tsDispositivo": "2026-09-25T22:33:36+00:00"}
[2026-09-25 17:34:06] TX Python SDK azure-iot-device (MQTT 8883) -> {"tempIntake": 22.1, "tempExhaust": 32.83, "humedadRack": 45.48, "tsDispositivo": "2026-09-25T22:34:06+00:00"}
[2026-09-25 17:34:37] TX Python SDK azure-iot-device (MQTT 8883) -> {"tempIntake": 21.97, "tempExhaust": 32.95, "humedadRack": 43.43, "tsDispositivo": "2026-09-25T22:34:36+00:00"}
[2026-09-25 17:35:07] TX Python SDK azure-iot-device (MQTT 8883) -> {"tempIntake": 22.11, "tempExhaust": 33.61, "humedadRack": 44.37, "tsDispositivo": "2026-09-25T22:35:07+00:00"}
[2026-09-25 17:35:37] TX Python SDK azure-iot-device (MQTT 8883) -> {"tempIntake": 21.99, "tempExhaust": 32.94, "humedadRack": 45.55, "tsDispositivo": "2026-09-25T22:35:37+00:00"}
[2026-09-25 17:36:07] TX Python SDK azure-iot-device (MQTT 8883) -> {"tempIntake": 22.05, "tempExhaust": 32.72, "humedadRack": 45.09, "tsDispositivo": "2026-09-25T22:36:07+00:00"}
[2026-09-25 17:36:38] TX Python SDK azure-iot-device (MQTT 8883) -> {"tempIntake": 21.96, "tempExhaust": 33.22, "humedadRack": 44.98, "tsDispositivo": "2026-09-25T22:36:37+00:00"}
[2026-09-25 17:37:08] TX Python SDK azure-iot-device (MQTT 8883) -> {"tempIntake": 22.19, "tempExhaust": 32.93, "humedadRack": 45.0, "tsDispositivo": "2026-09-25T22:37:08+00:00"}
[2026-09-25 17:37:39] TX Python SDK azure-iot-device (MQTT 8883) -> {"tempIntake": 21.95, "tempExhaust": 32.61, "humedadRack": 43.32, "tsDispositivo": "2026-09-25T22:37:38+00:00"}
[2026-09-25 17:38:09] TX Python SDK azure-iot-device (MQTT 8883) -> {"tempIntake": 21.97, "tempExhaust": 33.41, "humedadRack": 45.56, "tsDispositivo": "2026-09-25T22:38:09+00:00"}
[2026-09-25 17:38:39] TX Python SDK azure-iot-device (MQTT 8883) -> {"tempIntake": 22.26, "tempExhaust": 33.49, "humedadRack": 45.62, "tsDispositivo": "2026-09-25T22:38:39+00:00"}
[2026-09-25 17:39:09] TX Python SDK azure-iot-device (MQTT 8883) -> {"tempIntake": 21.92, "tempExhaust": 32.67, "humedadRack": 43.43, "tsDispositivo": "2026-09-25T22:39:09+00:00"}
[2026-09-25 17:39:39] TX Python SDK azure-iot-device (MQTT 8883) -> {"tempIntake": 21.86, "tempExhaust": 32.46, "humedadRack": 45.04, "tsDispositivo": "2026-09-25T22:39:39+00:00"}
[2026-09-25 17:40:10] TX Python SDK azure-iot-device (MQTT 8883) -> {"tempIntake": 21.79, "tempExhaust": 32.7, "humedadRack": 45.1, "tsDispositivo": "2026-09-25T22:40:09+00:00"}
[2026-09-25 17:40:40] TX Python SDK azure-iot-device (MQTT 8883) -> {"tempIntake": 22.07, "tempExhaust": 32.66, "humedadRack": 44.4, "tsDispositivo": "2026-09-25T22:40:40+00:00"}
[2026-09-25 17:41:10] TX Python SDK azure-iot-device (MQTT 8883) -> {"tempIntake": 22.08, "tempExhaust": 33.67, "humedadRack": 44.61, "tsDispositivo": "2026-09-25T22:41:10+00:00"}
[2026-09-25 17:41:40] TX Python SDK azure-iot-device (MQTT 8883) -> {"tempIntake": 22.02, "tempExhaust": 33.23, "humedadRack": 45.57, "tsDispositivo": "2026-09-25T22:41:40+00:00"}
[2026-09-25 17:42:10] TX Python SDK azure-iot-device (MQTT 8883) -> {"tempIntake": 22.36, "tempExhaust": 33.44, "humedadRack": 44.24, "tsDispositivo": "2026-09-25T22:42:10+00:00"}
[2026-09-25 17:42:41] TX Python SDK azure-iot-device (MQTT 8883) -> {"tempIntake": 22.14, "tempExhaust": 33.12, "humedadRack": 44.75, "tsDispositivo": "2026-09-25T22:42:40+00:00"}
[2026-09-25 17:43:11] TX Python SDK azure-iot-device (MQTT 8883) -> {"tempIntake": 22.01, "tempExhaust": 33.18, "humedadRack": 45.23, "tsDispositivo": "2026-09-25T22:43:11+00:00"}
[2026-09-25 17:43:41] TX Python SDK azure-iot-device (MQTT 8883) -> {"tempIntake": 22.25, "tempExhaust": 32.86, "humedadRack": 45.36, "tsDispositivo": "2026-09-25T22:43:41+00:00"}
[2026-09-25 17:44:11] TX Python SDK azure-iot-device (MQTT 8883) -> {"tempIntake": 22.34, "tempExhaust": 32.89, "humedadRack": 45.47, "tsDispositivo": "2026-09-25T22:44:11+00:00"}
[2026-09-25 17:44:42] TX Python SDK azure-iot-device (MQTT 8883) -> {"tempIntake": 21.83, "tempExhaust": 32.96, "humedadRack": 43.62, "tsDispositivo": "2026-09-25T22:44:41+00:00"}
[2026-09-25 17:45:12] TX Python SDK azure-iot-device (MQTT 8883) -> {"tempIntake": 21.74, "tempExhaust": 32.69, "humedadRack": 44.71, "tsDispositivo": "2026-09-25T22:45:12+00:00"}
[2026-09-25 17:45:42] TX Python SDK azure-iot-device (MQTT 8883) -> {"tempIntake": 22.19, "tempExhaust": 33.27, "humedadRack": 43.2, "tsDispositivo": "2026-09-25T22:45:42+00:00"}
[2026-09-25 17:46:13] TX Python SDK azure-iot-device (MQTT 8883) -> {"tempIntake": 22.08, "tempExhaust": 33.01, "humedadRack": 44.76, "tsDispositivo": "2026-09-25T22:46:12+00:00"}
[2026-09-25 17:46:43] TX Python SDK azure-iot-device (MQTT 8883) -> {"tempIntake": 21.99, "tempExhaust": 33.13, "humedadRack": 44.22, "tsDispositivo": "2026-09-25T22:46:43+00:00"}
[2026-09-25 17:47:13] TX Python SDK azure-iot-device (MQTT 8883) -> {"tempIntake": 22.09, "tempExhaust": 33.24, "humedadRack": 45.02, "tsDispositivo": "2026-09-25T22:47:13+00:00"}
[2026-09-25 17:47:43] TX Python SDK azure-iot-device (MQTT 8883) -> {"tempIntake": 21.93, "tempExhaust": 32.75, "humedadRack": 45.4, "tsDispositivo": "2026-09-25T22:47:43+00:00"}
[2026-09-25 17:48:14] TX Python SDK azure-iot-device (MQTT 8883) -> {"tempIntake": 21.95, "tempExhaust": 33.15, "humedadRack": 44.68, "tsDispositivo": "2026-09-25T22:48:13+00:00"}
[2026-09-25 17:48:45] TX Python SDK azure-iot-device (MQTT 8883) -> {"tempIntake": 22.03, "tempExhaust": 33.43, "humedadRack": 44.66, "tsDispositivo": "2026-09-25T22:48:44+00:00"}
[2026-09-25 17:49:15] TX Python SDK azure-iot-device (MQTT 8883) -> {"tempIntake": 21.8, "tempExhaust": 33.43, "humedadRack": 44.16, "tsDispositivo": "2026-09-25T22:49:15+00:00"}
[2026-09-25 17:49:46] TX Python SDK azure-iot-device (MQTT 8883) -> {"tempIntake": 22.33, "tempExhaust": 33.45, "humedadRack": 45.16, "tsDispositivo": "2026-09-25T22:49:45+00:00"}
[2026-09-25 17:50:16] TX Python SDK azure-iot-device (MQTT 8883) -> {"tempIntake": 21.75, "tempExhaust": 32.73, "humedadRack": 44.89, "tsDispositivo": "2026-09-25T22:50:16+00:00"}
[2026-09-25 17:50:46] TX Python SDK azure-iot-device (MQTT 8883) -> {"tempIntake": 21.92, "tempExhaust": 33.39, "humedadRack": 44.53, "tsDispositivo": "2026-09-25T22:50:46+00:00"}
[2026-09-25 17:51:16] TX Python SDK azure-iot-device (MQTT 8883) -> {"tempIntake": 21.82, "tempExhaust": 33.34, "humedadRack": 44.78, "tsDispositivo": "2026-09-25T22:51:16+00:00"}
[2026-09-25 17:51:47] TX Python SDK azure-iot-device (MQTT 8883) -> {"tempIntake": 22.22, "tempExhaust": 33.44, "humedadRack": 43.18, "tsDispositivo": "2026-09-25T22:51:46+00:00"}
[2026-09-25 17:52:17] TX Python SDK azure-iot-device (MQTT 8883) -> {"tempIntake": 21.75, "tempExhaust": 33.13, "humedadRack": 44.06, "tsDispositivo": "2026-09-25T22:52:17+00:00"}
[2026-09-25 17:52:47] TX Python SDK azure-iot-device (MQTT 8883) -> {"tempIntake": 22.33, "tempExhaust": 33.76, "humedadRack": 44.18, "tsDispositivo": "2026-09-25T22:52:47+00:00"}
[2026-09-25 17:53:17] TX Python SDK azure-iot-device (MQTT 8883) -> {"tempIntake": 22.06, "tempExhaust": 33.49, "humedadRack": 45.11, "tsDispositivo": "2026-09-25T22:53:17+00:00"}
[2026-09-25 17:53:49] TX Python SDK azure-iot-device (MQTT 8883) -> {"tempIntake": 21.94, "tempExhaust": 32.53, "humedadRack": 43.71, "tsDispositivo": "2026-09-25T22:53:47+00:00"}
[2026-09-25 17:54:19] TX Python SDK azure-iot-device (MQTT 8883) -> {"tempIntake": 22.22, "tempExhaust": 33.13, "humedadRack": 45.17, "tsDispositivo": "2026-09-25T22:54:19+00:00"}
[2026-09-25 17:54:50] TX Python SDK azure-iot-device (MQTT 8883) -> {"tempIntake": 22.24, "tempExhaust": 32.83, "humedadRack": 44.96, "tsDispositivo": "2026-09-25T22:54:49+00:00"}
[2026-09-25 17:55:20] TX Python SDK azure-iot-device (MQTT 8883) -> {"tempIntake": 21.89, "tempExhaust": 32.41, "humedadRack": 45.3, "tsDispositivo": "2026-09-25T22:55:20+00:00"}
[2026-09-25 17:55:50] TX Python SDK azure-iot-device (MQTT 8883) -> {"tempIntake": 22.29, "tempExhaust": 33.43, "humedadRack": 43.2, "tsDispositivo": "2026-09-25T22:55:50+00:00"}
[2026-09-25 17:56:21] TX Python SDK azure-iot-device (MQTT 8883) -> {"tempIntake": 22.33, "tempExhaust": 33.91, "humedadRack": 43.04, "tsDispositivo": "2026-09-25T22:56:20+00:00"}
[2026-09-25 17:56:52] TX Python SDK azure-iot-device (MQTT 8883) -> {"tempIntake": 21.78, "tempExhaust": 33.26, "humedadRack": 43.35, "tsDispositivo": "2026-09-25T22:56:51+00:00"}
[2026-09-25 17:57:22] TX Python SDK azure-iot-device (MQTT 8883) -> {"tempIntake": 22.31, "tempExhaust": 33.4, "humedadRack": 43.7, "tsDispositivo": "2026-09-25T22:57:22+00:00"}
[2026-09-25 17:57:53] TX Python SDK azure-iot-device (MQTT 8883) -> {"tempIntake": 22.06, "tempExhaust": 32.93, "humedadRack": 44.97, "tsDispositivo": "2026-09-25T22:57:52+00:00"}
[2026-09-25 17:58:23] TX Python SDK azure-iot-device (MQTT 8883) -> {"tempIntake": 22.04, "tempExhaust": 32.61, "humedadRack": 44.03, "tsDispositivo": "2026-09-25T22:58:23+00:00"}
[2026-09-25 17:58:53] TX Python SDK azure-iot-device (MQTT 8883) -> {"tempIntake": 22.15, "tempExhaust": 33.75, "humedadRack": 43.9, "tsDispositivo": "2026-09-25T22:58:53+00:00"}
[2026-09-25 17:59:23] TX Python SDK azure-iot-device (MQTT 8883) -> {"tempIntake": 21.76, "tempExhaust": 33.19, "humedadRack": 44.33, "tsDispositivo": "2026-09-25T22:59:23+00:00"}
[2026-09-25 17:59:54] TX Python SDK azure-iot-device (MQTT 8883) -> {"tempIntake": 21.92, "tempExhaust": 32.39, "humedadRack": 43.08, "tsDispositivo": "2026-09-25T22:59:53+00:00"}
[2026-09-25 18:00:24] TX Python SDK azure-iot-device (MQTT 8883) -> {"tempIntake": 22.21, "tempExhaust": 33.21, "humedadRack": 44.24, "tsDispositivo": "2026-09-25T23:00:24+00:00"}
[2026-09-25 18:00:54] TX Python SDK azure-iot-device (MQTT 8883) -> {"tempIntake": 22.26, "tempExhaust": 33.3, "humedadRack": 44.67, "tsDispositivo": "2026-09-25T23:00:54+00:00"}
[2026-09-25 18:01:24] TX Python SDK azure-iot-device (MQTT 8883) -> {"tempIntake": 22.03, "tempExhaust": 33.27, "humedadRack": 43.19, "tsDispositivo": "2026-09-25T23:01:24+00:00"}
[2026-09-25 18:01:55] TX Python SDK azure-iot-device (MQTT 8883) -> {"tempIntake": 22.03, "tempExhaust": 32.86, "humedadRack": 44.21, "tsDispositivo": "2026-09-25T23:01:54+00:00"}
[2026-09-25 18:02:25] TX Python SDK azure-iot-device (MQTT 8883) -> {"tempIntake": 22.04, "tempExhaust": 33.64, "humedadRack": 43.15, "tsDispositivo": "2026-09-25T23:02:25+00:00"}
[2026-09-25 18:02:56] TX Python SDK azure-iot-device (MQTT 8883) -> {"tempIntake": 22.1, "tempExhaust": 33.42, "humedadRack": 43.01, "tsDispositivo": "2026-09-25T23:02:55+00:00"}
[2026-09-25 18:03:26] TX Python SDK azure-iot-device (MQTT 8883) -> {"tempIntake": 22.24, "tempExhaust": 33.59, "humedadRack": 43.7, "tsDispositivo": "2026-09-25T23:03:26+00:00"}
[2026-09-25 18:03:56] TX Python SDK azure-iot-device (MQTT 8883) -> {"tempIntake": 22.17, "tempExhaust": 33.5, "humedadRack": 43.48, "tsDispositivo": "2026-09-25T23:03:56+00:00"}
[2026-09-25 18:04:27] TX Python SDK azure-iot-device (MQTT 8883) -> {"tempIntake": 22.23, "tempExhaust": 33.32, "humedadRack": 44.84, "tsDispositivo": "2026-09-25T23:04:26+00:00"}
[2026-09-25 18:04:59] TX Python SDK azure-iot-device (MQTT 8883) -> {"tempIntake": 21.95, "tempExhaust": 32.86, "humedadRack": 42.96, "tsDispositivo": "2026-09-25T23:04:57+00:00"}
[2026-09-25 18:05:30] TX Python SDK azure-iot-device (MQTT 8883) -> {"tempIntake": 22.32, "tempExhaust": 32.83, "humedadRack": 44.33, "tsDispositivo": "2026-09-25T23:05:29+00:00"}
[2026-09-25 18:06:00] TX Python SDK azure-iot-device (MQTT 8883) -> {"tempIntake": 22.19, "tempExhaust": 33.05, "humedadRack": 42.74, "tsDispositivo": "2026-09-25T23:06:00+00:00"}
[2026-09-25 18:06:31] TX Python SDK azure-iot-device (MQTT 8883) -> {"tempIntake": 22.23, "tempExhaust": 33.36, "humedadRack": 44.96, "tsDispositivo": "2026-09-25T23:06:30+00:00"}
[2026-09-25 18:07:01] TX Python SDK azure-iot-device (MQTT 8883) -> {"tempIntake": 22.3, "tempExhaust": 33.56, "humedadRack": 44.34, "tsDispositivo": "2026-09-25T23:07:01+00:00"}
[2026-09-25 18:07:31] TX Python SDK azure-iot-device (MQTT 8883) -> {"tempIntake": 21.7, "tempExhaust": 33.04, "humedadRack": 42.78, "tsDispositivo": "2026-09-25T23:07:31+00:00"}
[2026-09-25 18:08:01] TX Python SDK azure-iot-device (MQTT 8883) -> {"tempIntake": 21.94, "tempExhaust": 32.68, "humedadRack": 44.85, "tsDispositivo": "2026-09-25T23:08:01+00:00"}
[2026-09-25 18:08:31] TX Python SDK azure-iot-device (MQTT 8883) -> {"tempIntake": 21.66, "tempExhaust": 32.74, "humedadRack": 44.01, "tsDispositivo": "2026-09-25T23:08:31+00:00"}
[2026-09-25 18:09:02] TX Python SDK azure-iot-device (MQTT 8883) -> {"tempIntake": 21.95, "tempExhaust": 33.46, "humedadRack": 43.26, "tsDispositivo": "2026-09-25T23:09:01+00:00"}
[2026-09-25 18:09:32] TX Python SDK azure-iot-device (MQTT 8883) -> {"tempIntake": 22.28, "tempExhaust": 33.08, "humedadRack": 43.34, "tsDispositivo": "2026-09-25T23:09:32+00:00"}
[2026-09-25 18:10:12] TX Python SDK azure-iot-device (MQTT 8883) -> {"tempIntake": 21.96, "tempExhaust": 32.92, "humedadRack": 44.11, "tsDispositivo": "2026-09-25T23:10:02+00:00"}
[2026-09-25 18:10:42] TX Python SDK azure-iot-device (MQTT 8883) -> {"tempIntake": 21.96, "tempExhaust": 32.87, "humedadRack": 43.74, "tsDispositivo": "2026-09-25T23:10:42+00:00"}
[2026-09-25 18:11:13] TX Python SDK azure-iot-device (MQTT 8883) -> {"tempIntake": 22.16, "tempExhaust": 32.96, "humedadRack": 44.64, "tsDispositivo": "2026-09-25T23:11:12+00:00"}
[2026-09-25 18:11:43] TX Python SDK azure-iot-device (MQTT 8883) -> {"tempIntake": 22.34, "tempExhaust": 33.15, "humedadRack": 42.65, "tsDispositivo": "2026-09-25T23:11:43+00:00"}
[2026-09-25 18:12:13] TX Python SDK azure-iot-device (MQTT 8883) -> {"tempIntake": 22.04, "tempExhaust": 32.61, "humedadRack": 43.46, "tsDispositivo": "2026-09-25T23:12:13+00:00"}
[2026-09-25 18:12:43] TX Python SDK azure-iot-device (MQTT 8883) -> {"tempIntake": 21.98, "tempExhaust": 33.33, "humedadRack": 44.12, "tsDispositivo": "2026-09-25T23:12:43+00:00"}
[2026-09-25 18:13:13] TX Python SDK azure-iot-device (MQTT 8883) -> {"tempIntake": 22.3, "tempExhaust": 33.32, "humedadRack": 43.14, "tsDispositivo": "2026-09-25T23:13:13+00:00"}
[2026-09-25 18:13:44] TX Python SDK azure-iot-device (MQTT 8883) -> {"tempIntake": 22.33, "tempExhaust": 33.42, "humedadRack": 44.83, "tsDispositivo": "2026-09-25T23:13:43+00:00"}
[2026-09-25 18:14:14] TX Python SDK azure-iot-device (MQTT 8883) -> {"tempIntake": 22.27, "tempExhaust": 33.47, "humedadRack": 43.14, "tsDispositivo": "2026-09-25T23:14:14+00:00"}
[2026-09-25 18:14:44] TX Python SDK azure-iot-device (MQTT 8883) -> {"tempIntake": 21.8, "tempExhaust": 33.29, "humedadRack": 43.75, "tsDispositivo": "2026-09-25T23:14:44+00:00"}
[2026-09-25 18:15:14] TX Python SDK azure-iot-device (MQTT 8883) -> {"tempIntake": 22.13, "tempExhaust": 33.38, "humedadRack": 44.81, "tsDispositivo": "2026-09-25T23:15:14+00:00"}
[2026-09-25 18:15:44] TX Python SDK azure-iot-device (MQTT 8883) -> {"tempIntake": 22.34, "tempExhaust": 33.61, "humedadRack": 43.97, "tsDispositivo": "2026-09-25T23:15:44+00:00"}
[2026-09-25 18:16:15] TX Python SDK azure-iot-device (MQTT 8883) -> {"tempIntake": 22.3, "tempExhaust": 33.18, "humedadRack": 44.36, "tsDispositivo": "2026-09-25T23:16:14+00:00"}
[2026-09-25 18:16:45] TX Python SDK azure-iot-device (MQTT 8883) -> {"tempIntake": 22.2, "tempExhaust": 33.41, "humedadRack": 43.45, "tsDispositivo": "2026-09-25T23:16:45+00:00"}
[2026-09-25 18:17:15] TX Python SDK azure-iot-device (MQTT 8883) -> {"tempIntake": 21.96, "tempExhaust": 32.77, "humedadRack": 42.59, "tsDispositivo": "2026-09-25T23:17:15+00:00"}
[2026-09-25 18:17:46] TX Python SDK azure-iot-device (MQTT 8883) -> {"tempIntake": 22.24, "tempExhaust": 33.45, "humedadRack": 42.73, "tsDispositivo": "2026-09-25T23:17:45+00:00"}
[2026-09-25 18:18:16] TX Python SDK azure-iot-device (MQTT 8883) -> {"tempIntake": 21.83, "tempExhaust": 32.9, "humedadRack": 43.82, "tsDispositivo": "2026-09-25T23:18:16+00:00"}
[2026-09-25 18:18:46] TX Python SDK azure-iot-device (MQTT 8883) -> {"tempIntake": 21.77, "tempExhaust": 32.95, "humedadRack": 43.64, "tsDispositivo": "2026-09-25T23:18:46+00:00"}
[2026-09-25 18:19:16] TX Python SDK azure-iot-device (MQTT 8883) -> {"tempIntake": 21.84, "tempExhaust": 32.98, "humedadRack": 44.06, "tsDispositivo": "2026-09-25T23:19:16+00:00"}
[2026-09-25 18:19:47] TX Python SDK azure-iot-device (MQTT 8883) -> {"tempIntake": 22.29, "tempExhaust": 33.22, "humedadRack": 42.65, "tsDispositivo": "2026-09-25T23:19:46+00:00"}
[2026-09-25 18:20:17] TX Python SDK azure-iot-device (MQTT 8883) -> {"tempIntake": 22.22, "tempExhaust": 32.68, "humedadRack": 43.23, "tsDispositivo": "2026-09-25T23:20:17+00:00"}
[2026-09-25 18:20:47] TX Python SDK azure-iot-device (MQTT 8883) -> {"tempIntake": 21.88, "tempExhaust": 32.46, "humedadRack": 43.33, "tsDispositivo": "2026-09-25T23:20:47+00:00"}
[2026-09-25 18:21:17] TX Python SDK azure-iot-device (MQTT 8883) -> {"tempIntake": 21.97, "tempExhaust": 32.41, "humedadRack": 43.66, "tsDispositivo": "2026-09-25T23:21:17+00:00"}
[2026-09-25 18:21:47] TX Python SDK azure-iot-device (MQTT 8883) -> {"tempIntake": 21.83, "tempExhaust": 32.91, "humedadRack": 43.79, "tsDispositivo": "2026-09-25T23:21:47+00:00"}
[2026-09-25 18:22:18] TX Python SDK azure-iot-device (MQTT 8883) -> {"tempIntake": 22.03, "tempExhaust": 32.49, "humedadRack": 44.05, "tsDispositivo": "2026-09-25T23:22:17+00:00"}
[2026-09-25 18:22:48] TX Python SDK azure-iot-device (MQTT 8883) -> {"tempIntake": 21.97, "tempExhaust": 33.54, "humedadRack": 43.06, "tsDispositivo": "2026-09-25T23:22:48+00:00"}
[2026-09-25 18:23:18] TX Python SDK azure-iot-device (MQTT 8883) -> {"tempIntake": 21.84, "tempExhaust": 33.06, "humedadRack": 44.41, "tsDispositivo": "2026-09-25T23:23:18+00:00"}
[2026-09-25 18:23:48] TX Python SDK azure-iot-device (MQTT 8883) -> {"tempIntake": 22.09, "tempExhaust": 32.52, "humedadRack": 43.52, "tsDispositivo": "2026-09-25T23:23:48+00:00"}
[2026-09-25 18:24:18] TX Python SDK azure-iot-device (MQTT 8883) -> {"tempIntake": 22.16, "tempExhaust": 32.75, "humedadRack": 43.35, "tsDispositivo": "2026-09-25T23:24:18+00:00"}
[2026-09-25 18:24:49] TX Python SDK azure-iot-device (MQTT 8883) -> {"tempIntake": 22.24, "tempExhaust": 33.13, "humedadRack": 43.79, "tsDispositivo": "2026-09-25T23:24:48+00:00"}
[2026-09-25 18:25:19] TX Python SDK azure-iot-device (MQTT 8883) -> {"tempIntake": 21.72, "tempExhaust": 32.73, "humedadRack": 44.56, "tsDispositivo": "2026-09-25T23:25:19+00:00"}
[2026-09-25 18:25:49] TX Python SDK azure-iot-device (MQTT 8883) -> {"tempIntake": 21.89, "tempExhaust": 32.44, "humedadRack": 43.0, "tsDispositivo": "2026-09-25T23:25:49+00:00"}
[2026-09-25 18:26:19] TX Python SDK azure-iot-device (MQTT 8883) -> {"tempIntake": 22.1, "tempExhaust": 33.39, "humedadRack": 43.24, "tsDispositivo": "2026-09-25T23:26:19+00:00"}
[2026-09-25 18:26:49] TX Python SDK azure-iot-device (MQTT 8883) -> {"tempIntake": 21.77, "tempExhaust": 32.93, "humedadRack": 43.65, "tsDispositivo": "2026-09-25T23:26:49+00:00"}
[2026-09-25 18:27:20] TX Python SDK azure-iot-device (MQTT 8883) -> {"tempIntake": 21.84, "tempExhaust": 32.59, "humedadRack": 42.5, "tsDispositivo": "2026-09-25T23:27:19+00:00"}
[2026-09-25 18:27:50] TX Python SDK azure-iot-device (MQTT 8883) -> {"tempIntake": 22.3, "tempExhaust": 33.54, "humedadRack": 42.3, "tsDispositivo": "2026-09-25T23:27:50+00:00"}
[2026-09-25 18:28:20] TX Python SDK azure-iot-device (MQTT 8883) -> {"tempIntake": 22.23, "tempExhaust": 32.9, "humedadRack": 43.95, "tsDispositivo": "2026-09-25T23:28:20+00:00"}
[2026-09-25 18:28:50] TX Python SDK azure-iot-device (MQTT 8883) -> {"tempIntake": 21.88, "tempExhaust": 32.63, "humedadRack": 43.31, "tsDispositivo": "2026-09-25T23:28:50+00:00"}
[2026-09-25 18:29:20] TX Python SDK azure-iot-device (MQTT 8883) -> {"tempIntake": 22.08, "tempExhaust": 33.65, "humedadRack": 42.38, "tsDispositivo": "2026-09-25T23:29:20+00:00"}
[2026-09-25 18:29:51] TX Python SDK azure-iot-device (MQTT 8883) -> {"tempIntake": 22.0, "tempExhaust": 32.42, "humedadRack": 42.88, "tsDispositivo": "2026-09-25T23:29:50+00:00"}
[2026-09-25 18:30:21] TX Python SDK azure-iot-device (MQTT 8883) -> {"tempIntake": 21.77, "tempExhaust": 32.57, "humedadRack": 43.85, "tsDispositivo": "2026-09-25T23:30:21+00:00"}
[2026-09-25 18:30:51] TX Python SDK azure-iot-device (MQTT 8883) -> {"tempIntake": 21.94, "tempExhaust": 32.59, "humedadRack": 43.03, "tsDispositivo": "2026-09-25T23:30:51+00:00"}
[2026-09-25 18:31:21] TX Python SDK azure-iot-device (MQTT 8883) -> {"tempIntake": 22.13, "tempExhaust": 33.57, "humedadRack": 42.4, "tsDispositivo": "2026-09-25T23:31:21+00:00"}
[2026-09-25 18:31:51] TX Python SDK azure-iot-device (MQTT 8883) -> {"tempIntake": 21.92, "tempExhaust": 32.36, "humedadRack": 43.44, "tsDispositivo": "2026-09-25T23:31:51+00:00"}
[2026-09-25 18:32:22] TX Python SDK azure-iot-device (MQTT 8883) -> {"tempIntake": 21.73, "tempExhaust": 32.37, "humedadRack": 42.25, "tsDispositivo": "2026-09-25T23:32:21+00:00"}
[2026-09-25 18:32:52] TX Python SDK azure-iot-device (MQTT 8883) -> {"tempIntake": 21.66, "tempExhaust": 32.66, "humedadRack": 43.83, "tsDispositivo": "2026-09-25T23:32:52+00:00"}
[2026-09-25 18:33:22] TX Python SDK azure-iot-device (MQTT 8883) -> {"tempIntake": 22.22, "tempExhaust": 32.91, "humedadRack": 43.59, "tsDispositivo": "2026-09-25T23:33:22+00:00"}
[2026-09-25 18:33:52] TX Python SDK azure-iot-device (MQTT 8883) -> {"tempIntake": 22.04, "tempExhaust": 32.78, "humedadRack": 43.95, "tsDispositivo": "2026-09-25T23:33:52+00:00"}
[2026-09-25 18:34:22] TX Python SDK azure-iot-device (MQTT 8883) -> {"tempIntake": 22.01, "tempExhaust": 33.12, "humedadRack": 42.3, "tsDispositivo": "2026-09-25T23:34:22+00:00"}
[2026-09-25 18:34:53] TX Python SDK azure-iot-device (MQTT 8883) -> {"tempIntake": 21.83, "tempExhaust": 33.02, "humedadRack": 44.43, "tsDispositivo": "2026-09-25T23:34:52+00:00"}
[2026-09-25 18:35:23] TX Python SDK azure-iot-device (MQTT 8883) -> {"tempIntake": 22.13, "tempExhaust": 32.82, "humedadRack": 42.27, "tsDispositivo": "2026-09-25T23:35:23+00:00"}
[2026-09-25 18:35:53] TX Python SDK azure-iot-device (MQTT 8883) -> {"tempIntake": 21.79, "tempExhaust": 33.34, "humedadRack": 44.18, "tsDispositivo": "2026-09-25T23:35:53+00:00"}
[2026-09-25 18:36:23] TX Python SDK azure-iot-device (MQTT 8883) -> {"tempIntake": 22.01, "tempExhaust": 32.38, "humedadRack": 42.24, "tsDispositivo": "2026-09-25T23:36:23+00:00"}
[2026-09-25 18:36:53] TX Python SDK azure-iot-device (MQTT 8883) -> {"tempIntake": 21.9, "tempExhaust": 32.4, "humedadRack": 42.08, "tsDispositivo": "2026-09-25T23:36:53+00:00"}
[2026-09-25 18:37:24] TX Python SDK azure-iot-device (MQTT 8883) -> {"tempIntake": 22.22, "tempExhaust": 33.57, "humedadRack": 43.91, "tsDispositivo": "2026-09-25T23:37:23+00:00"}
[2026-09-25 18:37:54] TX Python SDK azure-iot-device (MQTT 8883) -> {"tempIntake": 21.8, "tempExhaust": 33.34, "humedadRack": 43.25, "tsDispositivo": "2026-09-25T23:37:54+00:00"}
[2026-09-25 18:38:24] TX Python SDK azure-iot-device (MQTT 8883) -> {"tempIntake": 21.86, "tempExhaust": 32.79, "humedadRack": 43.03, "tsDispositivo": "2026-09-25T23:38:24+00:00"}
[2026-09-25 18:38:54] TX Python SDK azure-iot-device (MQTT 8883) -> {"tempIntake": 21.73, "tempExhaust": 32.98, "humedadRack": 43.18, "tsDispositivo": "2026-09-25T23:38:54+00:00"}
[2026-09-25 18:39:24] TX Python SDK azure-iot-device (MQTT 8883) -> {"tempIntake": 21.78, "tempExhaust": 33.15, "humedadRack": 42.92, "tsDispositivo": "2026-09-25T23:39:24+00:00"}
[2026-09-25 18:39:55] TX Python SDK azure-iot-device (MQTT 8883) -> {"tempIntake": 21.78, "tempExhaust": 33.31, "humedadRack": 43.47, "tsDispositivo": "2026-09-25T23:39:54+00:00"}
[2026-09-25 18:40:25] TX Python SDK azure-iot-device (MQTT 8883) -> {"tempIntake": 21.7, "tempExhaust": 32.11, "humedadRack": 43.59, "tsDispositivo": "2026-09-25T23:40:25+00:00"}
[2026-09-25 18:40:55] TX Python SDK azure-iot-device (MQTT 8883) -> {"tempIntake": 22.07, "tempExhaust": 33.56, "humedadRack": 43.73, "tsDispositivo": "2026-09-25T23:40:55+00:00"}
[2026-09-25 18:41:25] TX Python SDK azure-iot-device (MQTT 8883) -> {"tempIntake": 22.34, "tempExhaust": 32.95, "humedadRack": 42.75, "tsDispositivo": "2026-09-25T23:41:25+00:00"}
[2026-09-25 18:41:55] TX Python SDK azure-iot-device (MQTT 8883) -> {"tempIntake": 21.94, "tempExhaust": 33.14, "humedadRack": 43.77, "tsDispositivo": "2026-09-25T23:41:55+00:00"}
[2026-09-25 18:42:26] TX Python SDK azure-iot-device (MQTT 8883) -> {"tempIntake": 22.33, "tempExhaust": 33.07, "humedadRack": 43.66, "tsDispositivo": "2026-09-25T23:42:25+00:00"}
[2026-09-25 18:42:56] TX Python SDK azure-iot-device (MQTT 8883) -> {"tempIntake": 21.91, "tempExhaust": 33.15, "humedadRack": 42.59, "tsDispositivo": "2026-09-25T23:42:56+00:00"}
[2026-09-25 18:43:26] TX Python SDK azure-iot-device (MQTT 8883) -> {"tempIntake": 21.91, "tempExhaust": 32.29, "humedadRack": 43.97, "tsDispositivo": "2026-09-25T23:43:26+00:00"}
[2026-09-25 18:43:56] TX Python SDK azure-iot-device (MQTT 8883) -> {"tempIntake": 21.94, "tempExhaust": 33.44, "humedadRack": 43.24, "tsDispositivo": "2026-09-25T23:43:56+00:00"}
[2026-09-25 18:44:27] TX Python SDK azure-iot-device (MQTT 8883) -> {"tempIntake": 22.15, "tempExhaust": 32.76, "humedadRack": 43.25, "tsDispositivo": "2026-09-25T23:44:26+00:00"}
[2026-09-25 18:44:57] TX Python SDK azure-iot-device (MQTT 8883) -> {"tempIntake": 22.28, "tempExhaust": 33.51, "humedadRack": 44.09, "tsDispositivo": "2026-09-25T23:44:57+00:00"}
[2026-09-25 18:45:27] TX Python SDK azure-iot-device (MQTT 8883) -> {"tempIntake": 21.98, "tempExhaust": 32.78, "humedadRack": 43.98, "tsDispositivo": "2026-09-25T23:45:27+00:00"}
[2026-09-25 18:45:57] TX Python SDK azure-iot-device (MQTT 8883) -> {"tempIntake": 21.85, "tempExhaust": 32.27, "humedadRack": 42.27, "tsDispositivo": "2026-09-25T23:45:57+00:00"}
[2026-09-25 18:46:27] TX Python SDK azure-iot-device (MQTT 8883) -> {"tempIntake": 22.0, "tempExhaust": 32.66, "humedadRack": 42.25, "tsDispositivo": "2026-09-25T23:46:27+00:00"}
[2026-09-25 18:46:58] TX Python SDK azure-iot-device (MQTT 8883) -> {"tempIntake": 21.79, "tempExhaust": 32.37, "humedadRack": 41.92, "tsDispositivo": "2026-09-25T23:46:57+00:00"}
[2026-09-25 18:47:28] TX Python SDK azure-iot-device (MQTT 8883) -> {"tempIntake": 22.27, "tempExhaust": 32.91, "humedadRack": 43.97, "tsDispositivo": "2026-09-25T23:47:28+00:00"}
[2026-09-25 18:47:58] TX Python SDK azure-iot-device (MQTT 8883) -> {"tempIntake": 21.75, "tempExhaust": 33.07, "humedadRack": 41.83, "tsDispositivo": "2026-09-25T23:47:58+00:00"}
[2026-09-25 18:48:28] TX Python SDK azure-iot-device (MQTT 8883) -> {"tempIntake": 21.75, "tempExhaust": 32.81, "humedadRack": 41.88, "tsDispositivo": "2026-09-25T23:48:28+00:00"}
[2026-09-25 18:48:58] TX Python SDK azure-iot-device (MQTT 8883) -> {"tempIntake": 22.27, "tempExhaust": 32.81, "humedadRack": 42.5, "tsDispositivo": "2026-09-25T23:48:58+00:00"}
[2026-09-25 18:49:29] TX Python SDK azure-iot-device (MQTT 8883) -> {"tempIntake": 21.77, "tempExhaust": 32.75, "humedadRack": 43.93, "tsDispositivo": "2026-09-25T23:49:28+00:00"}
[2026-09-25 18:49:59] TX Python SDK azure-iot-device (MQTT 8883) -> {"tempIntake": 21.81, "tempExhaust": 33.17, "humedadRack": 43.29, "tsDispositivo": "2026-09-25T23:49:59+00:00"}
[2026-09-25 18:50:29] TX Python SDK azure-iot-device (MQTT 8883) -> {"tempIntake": 22.09, "tempExhaust": 33.23, "humedadRack": 43.24, "tsDispositivo": "2026-09-25T23:50:29+00:00"}
[2026-09-25 18:50:59] TX Python SDK azure-iot-device (MQTT 8883) -> {"tempIntake": 21.94, "tempExhaust": 33.05, "humedadRack": 41.97, "tsDispositivo": "2026-09-25T23:50:59+00:00"}
[2026-09-25 18:51:29] TX Python SDK azure-iot-device (MQTT 8883) -> {"tempIntake": 22.07, "tempExhaust": 33.3, "humedadRack": 43.48, "tsDispositivo": "2026-09-25T23:51:29+00:00"}
[2026-09-25 18:52:00] TX Python SDK azure-iot-device (MQTT 8883) -> {"tempIntake": 22.23, "tempExhaust": 32.69, "humedadRack": 42.85, "tsDispositivo": "2026-09-25T23:51:59+00:00"}
[2026-09-25 18:52:30] TX Python SDK azure-iot-device (MQTT 8883) -> {"tempIntake": 22.02, "tempExhaust": 33.15, "humedadRack": 41.78, "tsDispositivo": "2026-09-25T23:52:30+00:00"}
[2026-09-25 18:53:00] TX Python SDK azure-iot-device (MQTT 8883) -> {"tempIntake": 21.93, "tempExhaust": 32.33, "humedadRack": 43.29, "tsDispositivo": "2026-09-25T23:53:00+00:00"}
[2026-09-25 18:53:30] TX Python SDK azure-iot-device (MQTT 8883) -> {"tempIntake": 21.68, "tempExhaust": 32.98, "humedadRack": 43.21, "tsDispositivo": "2026-09-25T23:53:30+00:00"}
[2026-09-25 18:54:00] TX Python SDK azure-iot-device (MQTT 8883) -> {"tempIntake": 21.89, "tempExhaust": 32.71, "humedadRack": 43.9, "tsDispositivo": "2026-09-25T23:54:00+00:00"}
[2026-09-25 18:54:31] TX Python SDK azure-iot-device (MQTT 8883) -> {"tempIntake": 21.82, "tempExhaust": 32.56, "humedadRack": 41.69, "tsDispositivo": "2026-09-25T23:54:30+00:00"}
[2026-09-25 18:55:01] TX Python SDK azure-iot-device (MQTT 8883) -> {"tempIntake": 22.29, "tempExhaust": 33.53, "humedadRack": 43.74, "tsDispositivo": "2026-09-25T23:55:01+00:00"}
[2026-09-25 18:55:31] TX Python SDK azure-iot-device (MQTT 8883) -> {"tempIntake": 21.64, "tempExhaust": 32.31, "humedadRack": 43.76, "tsDispositivo": "2026-09-25T23:55:31+00:00"}
[2026-09-25 18:56:01] TX Python SDK azure-iot-device (MQTT 8883) -> {"tempIntake": 21.76, "tempExhaust": 32.67, "humedadRack": 42.25, "tsDispositivo": "2026-09-25T23:56:01+00:00"}
[2026-09-25 18:56:31] TX Python SDK azure-iot-device (MQTT 8883) -> {"tempIntake": 21.65, "tempExhaust": 32.67, "humedadRack": 42.74, "tsDispositivo": "2026-09-25T23:56:31+00:00"}
[2026-09-25 18:57:02] TX Python SDK azure-iot-device (MQTT 8883) -> {"tempIntake": 21.71, "tempExhaust": 32.7, "humedadRack": 43.15, "tsDispositivo": "2026-09-25T23:57:01+00:00"}
[2026-09-25 18:57:32] TX Python SDK azure-iot-device (MQTT 8883) -> {"tempIntake": 22.11, "tempExhaust": 32.76, "humedadRack": 43.36, "tsDispositivo": "2026-09-25T23:57:32+00:00"}
[2026-09-25 18:58:02] TX Python SDK azure-iot-device (MQTT 8883) -> {"tempIntake": 21.66, "tempExhaust": 32.64, "humedadRack": 43.5, "tsDispositivo": "2026-09-25T23:58:02+00:00"}
[2026-09-25 18:58:32] TX Python SDK azure-iot-device (MQTT 8883) -> {"tempIntake": 22.0, "tempExhaust": 32.53, "humedadRack": 43.85, "tsDispositivo": "2026-09-25T23:58:32+00:00"}
[2026-09-25 18:59:02] TX Python SDK azure-iot-device (MQTT 8883) -> {"tempIntake": 21.97, "tempExhaust": 32.61, "humedadRack": 41.7, "tsDispositivo": "2026-09-25T23:59:02+00:00"}
[2026-09-25 18:59:33] TX Python SDK azure-iot-device (MQTT 8883) -> {"tempIntake": 21.98, "tempExhaust": 33.04, "humedadRack": 43.14, "tsDispositivo": "2026-09-25T23:59:32+00:00"}
[2026-09-25 19:12:04] INFO  DPS: id_scope=0ne00FE1F90 registration_id=DC-RACKC-03 transporte=mqtt
[2026-09-25 19:12:09] INFO  DPS OK en 3.9 s -> hub iotc-ce764639-456d-4e61-9e9c-e64c9a818624.azure-devices.net | estado=assigned | DC-RACKC-03
iotc-ce764639-456d-4e61-9e9c-e64c9a818624.azure-devices.net
initialAssignment
null
[2026-09-25 19:12:09] INFO  MQTT/TLS conectado a IoT Central
[2026-09-25 19:12:10] INFO  propiedades reportadas: {'zona': 'Rack C', 'ubicacion': 'Sala blanca - fila C (DC-ANDES-1)', 'origenEnvio': 'Python SDK azure-iot-device (MQTT 8883)', 'fabricante': 'Raspberry Pi 4B + Sensorica SHT31', 'modelo': 'Nodo-Py-MQTT/1.0', 'versionFirmware': '1.4.0', 'intervaloMuestreo': 30}
[2026-09-25 19:12:11] TX Python SDK azure-iot-device (MQTT 8883) -> {"tempIntake": 22.03, "tempExhaust": 33.36, "humedadRack": 41.39, "tsDispositivo": "2026-09-26T00:12:10+00:00"}
[2026-09-25 19:12:42] TX Python SDK azure-iot-device (MQTT 8883) -> {"tempIntake": 22.12, "tempExhaust": 32.88, "humedadRack": 42.85, "tsDispositivo": "2026-09-26T00:12:41+00:00"}
[2026-09-25 19:13:13] TX Python SDK azure-iot-device (MQTT 8883) -> {"tempIntake": 21.75, "tempExhaust": 33.24, "humedadRack": 41.75, "tsDispositivo": "2026-09-26T00:13:12+00:00"}
[2026-09-25 19:13:44] TX Python SDK azure-iot-device (MQTT 8883) -> {"tempIntake": 22.08, "tempExhaust": 32.63, "humedadRack": 42.92, "tsDispositivo": "2026-09-26T00:13:43+00:00"}
[2026-09-25 19:14:15] TX Python SDK azure-iot-device (MQTT 8883) -> {"tempIntake": 22.19, "tempExhaust": 33.16, "humedadRack": 42.49, "tsDispositivo": "2026-09-26T00:14:15+00:00"}
[2026-09-25 19:14:46] TX Python SDK azure-iot-device (MQTT 8883) -> {"tempIntake": 22.02, "tempExhaust": 32.51, "humedadRack": 42.96, "tsDispositivo": "2026-09-26T00:14:45+00:00"}
[2026-09-25 19:15:16] TX Python SDK azure-iot-device (MQTT 8883) -> {"tempIntake": 22.3, "tempExhaust": 32.63, "humedadRack": 41.98, "tsDispositivo": "2026-09-26T00:15:16+00:00"}
[2026-09-25 19:15:47] TX Python SDK azure-iot-device (MQTT 8883) -> {"tempIntake": 21.91, "tempExhaust": 32.97, "humedadRack": 41.43, "tsDispositivo": "2026-09-26T00:15:46+00:00"}
[2026-09-25 19:16:18] TX Python SDK azure-iot-device (MQTT 8883) -> {"tempIntake": 21.7, "tempExhaust": 32.8, "humedadRack": 42.58, "tsDispositivo": "2026-09-26T00:16:17+00:00"}
[2026-09-25 19:16:48] TX Python SDK azure-iot-device (MQTT 8883) -> {"tempIntake": 21.89, "tempExhaust": 32.56, "humedadRack": 42.95, "tsDispositivo": "2026-09-26T00:16:48+00:00"}
[2026-09-25 19:17:22] TX Python SDK azure-iot-device (MQTT 8883) -> {"tempIntake": 21.88, "tempExhaust": 32.4, "humedadRack": 42.39, "tsDispositivo": "2026-09-26T00:17:18+00:00"}
[2026-09-25 19:17:53] TX Python SDK azure-iot-device (MQTT 8883) -> {"tempIntake": 21.67, "tempExhaust": 31.98, "humedadRack": 41.7, "tsDispositivo": "2026-09-26T00:17:53+00:00"}
[2026-09-25 19:18:24] TX Python SDK azure-iot-device (MQTT 8883) -> {"tempIntake": 21.96, "tempExhaust": 32.41, "humedadRack": 42.38, "tsDispositivo": "2026-09-26T00:18:23+00:00"}
[2026-09-25 19:18:56] TX Python SDK azure-iot-device (MQTT 8883) -> {"tempIntake": 21.7, "tempExhaust": 32.69, "humedadRack": 43.5, "tsDispositivo": "2026-09-26T00:18:56+00:00"}
[2026-09-25 19:19:27] TX Python SDK azure-iot-device (MQTT 8883) -> {"tempIntake": 22.03, "tempExhaust": 32.91, "humedadRack": 41.38, "tsDispositivo": "2026-09-26T00:19:26+00:00"}
[2026-09-25 19:19:58] TX Python SDK azure-iot-device (MQTT 8883) -> {"tempIntake": 22.08, "tempExhaust": 33.26, "humedadRack": 43.46, "tsDispositivo": "2026-09-26T00:19:57+00:00"}
[2026-09-25 19:20:29] TX Python SDK azure-iot-device (MQTT 8883) -> {"tempIntake": 21.68, "tempExhaust": 32.05, "humedadRack": 41.45, "tsDispositivo": "2026-09-26T00:20:29+00:00"}
[2026-09-25 19:20:59] TX Python SDK azure-iot-device (MQTT 8883) -> {"tempIntake": 21.73, "tempExhaust": 33.03, "humedadRack": 43.16, "tsDispositivo": "2026-09-26T00:20:59+00:00"}
[2026-09-25 19:21:30] TX Python SDK azure-iot-device (MQTT 8883) -> {"tempIntake": 21.82, "tempExhaust": 33.17, "humedadRack": 41.53, "tsDispositivo": "2026-09-26T00:21:29+00:00"}
[2026-09-25 19:22:00] TX Python SDK azure-iot-device (MQTT 8883) -> {"tempIntake": 21.69, "tempExhaust": 31.97, "humedadRack": 42.63, "tsDispositivo": "2026-09-26T00:22:00+00:00"}
[2026-09-25 19:22:32] TX Python SDK azure-iot-device (MQTT 8883) -> {"tempIntake": 22.0, "tempExhaust": 32.56, "humedadRack": 42.41, "tsDispositivo": "2026-09-26T00:22:30+00:00"}
[2026-09-25 19:23:05] TX Python SDK azure-iot-device (MQTT 8883) -> {"tempIntake": 22.18, "tempExhaust": 32.63, "humedadRack": 41.36, "tsDispositivo": "2026-09-26T00:23:05+00:00"}
[2026-09-25 19:23:36] TX Python SDK azure-iot-device (MQTT 8883) -> {"tempIntake": 21.66, "tempExhaust": 32.82, "humedadRack": 42.91, "tsDispositivo": "2026-09-26T00:23:35+00:00"}
[2026-09-25 19:24:07] TX Python SDK azure-iot-device (MQTT 8883) -> {"tempIntake": 21.62, "tempExhaust": 32.94, "humedadRack": 41.46, "tsDispositivo": "2026-09-26T00:24:06+00:00"}
[2026-09-25 19:24:38] TX Python SDK azure-iot-device (MQTT 8883) -> {"tempIntake": 21.71, "tempExhaust": 32.58, "humedadRack": 42.34, "tsDispositivo": "2026-09-26T00:24:38+00:00"}
[2026-09-25 19:25:09] TX Python SDK azure-iot-device (MQTT 8883) -> {"tempIntake": 21.63, "tempExhaust": 32.47, "humedadRack": 41.95, "tsDispositivo": "2026-09-26T00:25:08+00:00"}
[2026-09-25 19:25:39] TX Python SDK azure-iot-device (MQTT 8883) -> {"tempIntake": 22.1, "tempExhaust": 33.34, "humedadRack": 42.36, "tsDispositivo": "2026-09-26T00:25:39+00:00"}
[2026-09-25 19:26:10] TX Python SDK azure-iot-device (MQTT 8883) -> {"tempIntake": 21.87, "tempExhaust": 33.24, "humedadRack": 42.09, "tsDispositivo": "2026-09-26T00:26:09+00:00"}
[2026-09-25 19:26:40] TX Python SDK azure-iot-device (MQTT 8883) -> {"tempIntake": 22.17, "tempExhaust": 32.99, "humedadRack": 42.37, "tsDispositivo": "2026-09-26T00:26:40+00:00"}
[2026-09-25 19:27:11] TX Python SDK azure-iot-device (MQTT 8883) -> {"tempIntake": 21.66, "tempExhaust": 32.85, "humedadRack": 42.39, "tsDispositivo": "2026-09-26T00:27:10+00:00"}
[2026-09-25 19:27:42] TX Python SDK azure-iot-device (MQTT 8883) -> {"tempIntake": 22.23, "tempExhaust": 32.7, "humedadRack": 42.87, "tsDispositivo": "2026-09-26T00:27:41+00:00"}
[2026-09-25 19:28:12] TX Python SDK azure-iot-device (MQTT 8883) -> {"tempIntake": 21.85, "tempExhaust": 32.48, "humedadRack": 41.86, "tsDispositivo": "2026-09-26T00:28:12+00:00"}
[2026-09-25 19:28:43] TX Python SDK azure-iot-device (MQTT 8883) -> {"tempIntake": 21.63, "tempExhaust": 32.85, "humedadRack": 42.87, "tsDispositivo": "2026-09-26T00:28:42+00:00"}
[2026-09-25 19:29:14] TX Python SDK azure-iot-device (MQTT 8883) -> {"tempIntake": 22.14, "tempExhaust": 33.34, "humedadRack": 42.46, "tsDispositivo": "2026-09-26T00:29:13+00:00"}
[2026-09-25 19:29:44] TX Python SDK azure-iot-device (MQTT 8883) -> {"tempIntake": 21.69, "tempExhaust": 32.17, "humedadRack": 42.42, "tsDispositivo": "2026-09-26T00:29:44+00:00"}
[2026-09-25 19:30:15] TX Python SDK azure-iot-device (MQTT 8883) -> {"tempIntake": 21.96, "tempExhaust": 32.43, "humedadRack": 41.7, "tsDispositivo": "2026-09-26T00:30:14+00:00"}
[2026-09-25 19:30:47] TX Python SDK azure-iot-device (MQTT 8883) -> {"tempIntake": 21.93, "tempExhaust": 32.27, "humedadRack": 43.17, "tsDispositivo": "2026-09-26T00:30:45+00:00"}
[2026-09-25 19:31:18] TX Python SDK azure-iot-device (MQTT 8883) -> {"tempIntake": 21.62, "tempExhaust": 31.96, "humedadRack": 42.19, "tsDispositivo": "2026-09-26T00:31:18+00:00"}
[2026-09-25 19:31:50] TX Python SDK azure-iot-device (MQTT 8883) -> {"tempIntake": 22.16, "tempExhaust": 33.03, "humedadRack": 42.83, "tsDispositivo": "2026-09-26T00:31:48+00:00"}
[2026-09-25 19:32:21] TX Python SDK azure-iot-device (MQTT 8883) -> {"tempIntake": 22.03, "tempExhaust": 32.6, "humedadRack": 42.91, "tsDispositivo": "2026-09-26T00:32:20+00:00"}
[2026-09-25 19:32:52] TX Python SDK azure-iot-device (MQTT 8883) -> {"tempIntake": 22.02, "tempExhaust": 32.77, "humedadRack": 41.44, "tsDispositivo": "2026-09-26T00:32:51+00:00"}
[2026-09-25 19:33:23] TX Python SDK azure-iot-device (MQTT 8883) -> {"tempIntake": 22.28, "tempExhaust": 33.68, "humedadRack": 43.06, "tsDispositivo": "2026-09-26T00:33:23+00:00"}
[2026-09-25 19:33:54] TX Python SDK azure-iot-device (MQTT 8883) -> {"tempIntake": 21.8, "tempExhaust": 32.93, "humedadRack": 41.09, "tsDispositivo": "2026-09-26T00:33:53+00:00"}
[2026-09-25 19:34:28] TX Python SDK azure-iot-device (MQTT 8883) -> {"tempIntake": 21.95, "tempExhaust": 33.12, "humedadRack": 42.11, "tsDispositivo": "2026-09-26T00:34:24+00:00"}
[2026-09-25 19:35:02] TX Python SDK azure-iot-device (MQTT 8883) -> {"tempIntake": 21.9, "tempExhaust": 32.65, "humedadRack": 42.05, "tsDispositivo": "2026-09-26T00:34:58+00:00"}
[2026-09-25 19:35:33] TX Python SDK azure-iot-device (MQTT 8883) -> {"tempIntake": 22.05, "tempExhaust": 33.31, "humedadRack": 42.75, "tsDispositivo": "2026-09-26T00:35:32+00:00"}
[2026-09-25 19:36:06] TX Python SDK azure-iot-device (MQTT 8883) -> {"tempIntake": 21.69, "tempExhaust": 32.03, "humedadRack": 42.94, "tsDispositivo": "2026-09-26T00:36:03+00:00"}
[2026-09-25 19:36:37] TX Python SDK azure-iot-device (MQTT 8883) -> {"tempIntake": 21.83, "tempExhaust": 33.05, "humedadRack": 42.79, "tsDispositivo": "2026-09-26T00:36:36+00:00"}
[2026-09-25 19:37:07] TX Python SDK azure-iot-device (MQTT 8883) -> {"tempIntake": 22.25, "tempExhaust": 33.46, "humedadRack": 42.71, "tsDispositivo": "2026-09-26T00:37:07+00:00"}
[2026-09-25 19:37:38] TX Python SDK azure-iot-device (MQTT 8883) -> {"tempIntake": 21.92, "tempExhaust": 32.94, "humedadRack": 40.99, "tsDispositivo": "2026-09-26T00:37:37+00:00"}
[2026-09-25 19:38:09] TX Python SDK azure-iot-device (MQTT 8883) -> {"tempIntake": 21.89, "tempExhaust": 32.54, "humedadRack": 41.56, "tsDispositivo": "2026-09-26T00:38:09+00:00"}
[2026-09-25 19:38:40] TX Python SDK azure-iot-device (MQTT 8883) -> {"tempIntake": 21.93, "tempExhaust": 33.05, "humedadRack": 43.17, "tsDispositivo": "2026-09-26T00:38:39+00:00"}
[2026-09-25 19:39:11] TX Python SDK azure-iot-device (MQTT 8883) -> {"tempIntake": 22.07, "tempExhaust": 32.97, "humedadRack": 42.65, "tsDispositivo": "2026-09-26T00:39:10+00:00"}
[2026-09-25 19:39:41] TX Python SDK azure-iot-device (MQTT 8883) -> {"tempIntake": 22.12, "tempExhaust": 32.97, "humedadRack": 40.98, "tsDispositivo": "2026-09-26T00:39:41+00:00"}
[2026-09-25 19:40:12] TX Python SDK azure-iot-device (MQTT 8883) -> {"tempIntake": 21.63, "tempExhaust": 32.71, "humedadRack": 42.87, "tsDispositivo": "2026-09-26T00:40:11+00:00"}
[2026-09-25 19:40:43] TX Python SDK azure-iot-device (MQTT 8883) -> {"tempIntake": 21.84, "tempExhaust": 33.14, "humedadRack": 41.31, "tsDispositivo": "2026-09-26T00:40:43+00:00"}
[2026-09-25 19:41:14] TX Python SDK azure-iot-device (MQTT 8883) -> {"tempIntake": 22.23, "tempExhaust": 32.85, "humedadRack": 42.54, "tsDispositivo": "2026-09-26T00:41:13+00:00"}
[2026-09-25 19:41:45] TX Python SDK azure-iot-device (MQTT 8883) -> {"tempIntake": 22.01, "tempExhaust": 32.94, "humedadRack": 41.92, "tsDispositivo": "2026-09-26T00:41:44+00:00"}
[2026-09-25 19:42:16] TX Python SDK azure-iot-device (MQTT 8883) -> {"tempIntake": 21.83, "tempExhaust": 33.13, "humedadRack": 41.03, "tsDispositivo": "2026-09-26T00:42:15+00:00"}
[2026-09-25 19:42:46] TX Python SDK azure-iot-device (MQTT 8883) -> {"tempIntake": 22.22, "tempExhaust": 33.35, "humedadRack": 42.94, "tsDispositivo": "2026-09-26T00:42:46+00:00"}
[2026-09-25 19:43:18] TX Python SDK azure-iot-device (MQTT 8883) -> {"tempIntake": 22.12, "tempExhaust": 32.87, "humedadRack": 42.3, "tsDispositivo": "2026-09-26T00:43:17+00:00"}
[2026-09-25 19:43:49] TX Python SDK azure-iot-device (MQTT 8883) -> {"tempIntake": 22.04, "tempExhaust": 32.59, "humedadRack": 42.23, "tsDispositivo": "2026-09-26T00:43:48+00:00"}
[2026-09-25 19:44:22] TX Python SDK azure-iot-device (MQTT 8883) -> {"tempIntake": 21.98, "tempExhaust": 33.16, "humedadRack": 42.23, "tsDispositivo": "2026-09-26T00:44:20+00:00"}
[2026-09-25 19:44:52] TX Python SDK azure-iot-device (MQTT 8883) -> {"tempIntake": 21.85, "tempExhaust": 32.81, "humedadRack": 42.97, "tsDispositivo": "2026-09-26T00:44:52+00:00"}
[2026-09-25 19:45:23] TX Python SDK azure-iot-device (MQTT 8883) -> {"tempIntake": 21.66, "tempExhaust": 31.8, "humedadRack": 42.24, "tsDispositivo": "2026-09-26T00:45:22+00:00"}
[2026-09-25 19:45:55] TX Python SDK azure-iot-device (MQTT 8883) -> {"tempIntake": 22.09, "tempExhaust": 32.79, "humedadRack": 42.51, "tsDispositivo": "2026-09-26T00:45:53+00:00"}
[2026-09-25 19:46:26] TX Python SDK azure-iot-device (MQTT 8883) -> {"tempIntake": 22.03, "tempExhaust": 32.83, "humedadRack": 42.76, "tsDispositivo": "2026-09-26T00:46:25+00:00"}
[2026-09-25 19:46:56] TX Python SDK azure-iot-device (MQTT 8883) -> {"tempIntake": 21.7, "tempExhaust": 32.99, "humedadRack": 42.01, "tsDispositivo": "2026-09-26T00:46:56+00:00"}
[2026-09-25 19:47:27] TX Python SDK azure-iot-device (MQTT 8883) -> {"tempIntake": 21.67, "tempExhaust": 31.95, "humedadRack": 41.8, "tsDispositivo": "2026-09-26T00:47:26+00:00"}
[2026-09-25 19:47:58] TX Python SDK azure-iot-device (MQTT 8883) -> {"tempIntake": 22.18, "tempExhaust": 32.9, "humedadRack": 41.8, "tsDispositivo": "2026-09-26T00:47:57+00:00"}
[2026-09-25 19:48:30] TX Python SDK azure-iot-device (MQTT 8883) -> {"tempIntake": 21.88, "tempExhaust": 32.56, "humedadRack": 42.93, "tsDispositivo": "2026-09-26T00:48:28+00:00"}
[2026-09-25 19:49:01] TX Python SDK azure-iot-device (MQTT 8883) -> {"tempIntake": 22.02, "tempExhaust": 32.28, "humedadRack": 41.76, "tsDispositivo": "2026-09-26T00:49:00+00:00"}
[2026-09-25 19:49:32] TX Python SDK azure-iot-device (MQTT 8883) -> {"tempIntake": 21.74, "tempExhaust": 32.72, "humedadRack": 40.81, "tsDispositivo": "2026-09-26T00:49:31+00:00"}
[2026-09-25 19:50:03] TX Python SDK azure-iot-device (MQTT 8883) -> {"tempIntake": 21.59, "tempExhaust": 32.04, "humedadRack": 40.96, "tsDispositivo": "2026-09-26T00:50:02+00:00"}
[2026-09-25 19:50:33] TX Python SDK azure-iot-device (MQTT 8883) -> {"tempIntake": 22.15, "tempExhaust": 32.37, "humedadRack": 40.9, "tsDispositivo": "2026-09-26T00:50:33+00:00"}
[2026-09-25 19:51:04] TX Python SDK azure-iot-device (MQTT 8883) -> {"tempIntake": 21.97, "tempExhaust": 33.01, "humedadRack": 41.87, "tsDispositivo": "2026-09-26T00:51:03+00:00"}
[2026-09-25 19:51:36] TX Python SDK azure-iot-device (MQTT 8883) -> {"tempIntake": 21.57, "tempExhaust": 32.82, "humedadRack": 42.7, "tsDispositivo": "2026-09-26T00:51:34+00:00"}
[2026-09-25 19:52:08] TX Python SDK azure-iot-device (MQTT 8883) -> {"tempIntake": 22.01, "tempExhaust": 32.49, "humedadRack": 42.56, "tsDispositivo": "2026-09-26T00:52:07+00:00"}
[2026-09-25 19:52:39] TX Python SDK azure-iot-device (MQTT 8883) -> {"tempIntake": 21.75, "tempExhaust": 32.1, "humedadRack": 41.19, "tsDispositivo": "2026-09-26T00:52:39+00:00"}
[2026-09-25 19:53:09] TX Python SDK azure-iot-device (MQTT 8883) -> {"tempIntake": 21.82, "tempExhaust": 32.69, "humedadRack": 41.21, "tsDispositivo": "2026-09-26T00:53:09+00:00"}
[2026-09-25 19:53:40] TX Python SDK azure-iot-device (MQTT 8883) -> {"tempIntake": 22.06, "tempExhaust": 32.88, "humedadRack": 41.87, "tsDispositivo": "2026-09-26T00:53:39+00:00"}
[2026-09-25 19:54:10] TX Python SDK azure-iot-device (MQTT 8883) -> {"tempIntake": 21.85, "tempExhaust": 33.09, "humedadRack": 42.9, "tsDispositivo": "2026-09-26T00:54:10+00:00"}
[2026-09-25 19:54:40] TX Python SDK azure-iot-device (MQTT 8883) -> {"tempIntake": 21.83, "tempExhaust": 32.19, "humedadRack": 41.3, "tsDispositivo": "2026-09-26T00:54:40+00:00"}
[2026-09-25 19:55:10] TX Python SDK azure-iot-device (MQTT 8883) -> {"tempIntake": 21.78, "tempExhaust": 32.93, "humedadRack": 41.96, "tsDispositivo": "2026-09-26T00:55:10+00:00"}
[2026-09-25 19:55:41] TX Python SDK azure-iot-device (MQTT 8883) -> {"tempIntake": 22.01, "tempExhaust": 33.04, "humedadRack": 41.75, "tsDispositivo": "2026-09-26T00:55:40+00:00"}
[2026-09-25 19:56:11] TX Python SDK azure-iot-device (MQTT 8883) -> {"tempIntake": 22.05, "tempExhaust": 32.92, "humedadRack": 42.39, "tsDispositivo": "2026-09-26T00:56:11+00:00"}
[2026-09-25 19:56:41] TX Python SDK azure-iot-device (MQTT 8883) -> {"tempIntake": 21.77, "tempExhaust": 31.99, "humedadRack": 41.39, "tsDispositivo": "2026-09-26T00:56:41+00:00"}
[2026-09-25 19:57:12] TX Python SDK azure-iot-device (MQTT 8883) -> {"tempIntake": 21.61, "tempExhaust": 32.51, "humedadRack": 42.83, "tsDispositivo": "2026-09-26T00:57:11+00:00"}
[2026-09-25 19:57:42] TX Python SDK azure-iot-device (MQTT 8883) -> {"tempIntake": 22.23, "tempExhaust": 33.08, "humedadRack": 41.45, "tsDispositivo": "2026-09-26T00:57:42+00:00"}
[2026-09-25 19:58:12] TX Python SDK azure-iot-device (MQTT 8883) -> {"tempIntake": 22.03, "tempExhaust": 32.42, "humedadRack": 42.73, "tsDispositivo": "2026-09-26T00:58:12+00:00"}
[2026-09-25 19:58:43] TX Python SDK azure-iot-device (MQTT 8883) -> {"tempIntake": 21.91, "tempExhaust": 32.7, "humedadRack": 41.4, "tsDispositivo": "2026-09-26T00:58:42+00:00"}
[2026-09-25 19:59:13] TX Python SDK azure-iot-device (MQTT 8883) -> {"tempIntake": 22.2, "tempExhaust": 33.5, "humedadRack": 42.72, "tsDispositivo": "2026-09-26T00:59:13+00:00"}
[2026-09-25 19:59:44] TX Python SDK azure-iot-device (MQTT 8883) -> {"tempIntake": 21.65, "tempExhaust": 32.1, "humedadRack": 42.86, "tsDispositivo": "2026-09-26T00:59:43+00:00"}
[2026-09-25 20:00:14] TX Python SDK azure-iot-device (MQTT 8883) -> {"tempIntake": 21.87, "tempExhaust": 32.7, "humedadRack": 41.1, "tsDispositivo": "2026-09-26T01:00:14+00:00"}
[2026-09-25 20:00:44] TX Python SDK azure-iot-device (MQTT 8883) -> {"tempIntake": 21.83, "tempExhaust": 32.97, "humedadRack": 41.39, "tsDispositivo": "2026-09-26T01:00:44+00:00"}
[2026-09-25 20:01:14] TX Python SDK azure-iot-device (MQTT 8883) -> {"tempIntake": 22.07, "tempExhaust": 32.33, "humedadRack": 40.89, "tsDispositivo": "2026-09-26T01:01:14+00:00"}
[2026-09-25 20:01:45] TX Python SDK azure-iot-device (MQTT 8883) -> {"tempIntake": 21.93, "tempExhaust": 33.06, "humedadRack": 42.6, "tsDispositivo": "2026-09-26T01:01:44+00:00"}
[2026-09-25 20:02:15] TX Python SDK azure-iot-device (MQTT 8883) -> {"tempIntake": 22.16, "tempExhaust": 33.12, "humedadRack": 41.9, "tsDispositivo": "2026-09-26T01:02:15+00:00"}
[2026-09-25 20:02:45] TX Python SDK azure-iot-device (MQTT 8883) -> {"tempIntake": 21.7, "tempExhaust": 32.87, "humedadRack": 42.97, "tsDispositivo": "2026-09-26T01:02:45+00:00"}
[2026-09-25 20:03:15] TX Python SDK azure-iot-device (MQTT 8883) -> {"tempIntake": 21.96, "tempExhaust": 32.25, "humedadRack": 41.03, "tsDispositivo": "2026-09-26T01:03:15+00:00"}
[2026-09-25 20:03:46] TX Python SDK azure-iot-device (MQTT 8883) -> {"tempIntake": 22.17, "tempExhaust": 32.63, "humedadRack": 40.69, "tsDispositivo": "2026-09-26T01:03:45+00:00"}
[2026-09-25 20:04:16] TX Python SDK azure-iot-device (MQTT 8883) -> {"tempIntake": 21.62, "tempExhaust": 32.7, "humedadRack": 40.9, "tsDispositivo": "2026-09-26T01:04:16+00:00"}
[2026-09-25 20:04:46] TX Python SDK azure-iot-device (MQTT 8883) -> {"tempIntake": 22.08, "tempExhaust": 32.94, "humedadRack": 42.72, "tsDispositivo": "2026-09-26T01:04:46+00:00"}
[2026-09-25 20:05:16] TX Python SDK azure-iot-device (MQTT 8883) -> {"tempIntake": 21.95, "tempExhaust": 32.24, "humedadRack": 41.94, "tsDispositivo": "2026-09-26T01:05:16+00:00"}
[2026-09-25 20:05:46] TX Python SDK azure-iot-device (MQTT 8883) -> {"tempIntake": 21.63, "tempExhaust": 31.98, "humedadRack": 40.96, "tsDispositivo": "2026-09-26T01:05:46+00:00"}
[2026-09-25 20:06:17] TX Python SDK azure-iot-device (MQTT 8883) -> {"tempIntake": 21.96, "tempExhaust": 32.06, "humedadRack": 40.6, "tsDispositivo": "2026-09-26T01:06:16+00:00"}
[2026-09-25 20:06:47] TX Python SDK azure-iot-device (MQTT 8883) -> {"tempIntake": 22.02, "tempExhaust": 32.52, "humedadRack": 42.38, "tsDispositivo": "2026-09-26T01:06:47+00:00"}
[2026-09-25 20:07:17] TX Python SDK azure-iot-device (MQTT 8883) -> {"tempIntake": 21.86, "tempExhaust": 32.49, "humedadRack": 42.49, "tsDispositivo": "2026-09-26T01:07:17+00:00"}
[2026-09-25 20:07:47] TX Python SDK azure-iot-device (MQTT 8883) -> {"tempIntake": 22.13, "tempExhaust": 33.39, "humedadRack": 41.7, "tsDispositivo": "2026-09-26T01:07:47+00:00"}
[2026-09-25 20:08:18] TX Python SDK azure-iot-device (MQTT 8883) -> {"tempIntake": 22.06, "tempExhaust": 32.62, "humedadRack": 41.61, "tsDispositivo": "2026-09-26T01:08:17+00:00"}
[2026-09-25 20:08:48] TX Python SDK azure-iot-device (MQTT 8883) -> {"tempIntake": 21.75, "tempExhaust": 32.62, "humedadRack": 42.25, "tsDispositivo": "2026-09-26T01:08:48+00:00"}
[2026-09-25 20:09:18] TX Python SDK azure-iot-device (MQTT 8883) -> {"tempIntake": 21.69, "tempExhaust": 32.5, "humedadRack": 41.82, "tsDispositivo": "2026-09-26T01:09:18+00:00"}
[2026-09-25 20:09:48] TX Python SDK azure-iot-device (MQTT 8883) -> {"tempIntake": 21.93, "tempExhaust": 32.3, "humedadRack": 41.05, "tsDispositivo": "2026-09-26T01:09:48+00:00"}
[2026-09-25 20:10:09] INFO  TWIN desired: {'$version': 2, 'modoOperacion': 'Normal', 'umbralHumedad': 60, 'umbralPM25': 35, 'umbralTemperatura': 27}
[2026-09-25 20:10:18] TX Python SDK azure-iot-device (MQTT 8883) -> {"tempIntake": 21.89, "tempExhaust": 32.65, "humedadRack": 40.89, "tsDispositivo": "2026-09-26T01:10:18+00:00"}
[2026-09-25 20:10:49] TX Python SDK azure-iot-device (MQTT 8883) -> {"tempIntake": 22.22, "tempExhaust": 33.19, "humedadRack": 42.82, "tsDispositivo": "2026-09-26T01:10:48+00:00"}
[2026-09-25 20:11:19] TX Python SDK azure-iot-device (MQTT 8883) -> {"tempIntake": 22.05, "tempExhaust": 32.94, "humedadRack": 40.69, "tsDispositivo": "2026-09-26T01:11:19+00:00"}
[2026-09-25 20:11:49] TX Python SDK azure-iot-device (MQTT 8883) -> {"tempIntake": 21.83, "tempExhaust": 32.53, "humedadRack": 41.74, "tsDispositivo": "2026-09-26T01:11:49+00:00"}
[2026-09-25 20:12:19] TX Python SDK azure-iot-device (MQTT 8883) -> {"tempIntake": 21.74, "tempExhaust": 32.73, "humedadRack": 41.84, "tsDispositivo": "2026-09-26T01:12:19+00:00"}
[2026-09-25 20:12:49] TX Python SDK azure-iot-device (MQTT 8883) -> {"tempIntake": 21.84, "tempExhaust": 32.59, "humedadRack": 42.33, "tsDispositivo": "2026-09-26T01:12:49+00:00"}
[2026-09-25 20:13:20] TX Python SDK azure-iot-device (MQTT 8883) -> {"tempIntake": 21.8, "tempExhaust": 32.14, "humedadRack": 41.26, "tsDispositivo": "2026-09-26T01:13:19+00:00"}
[2026-09-25 20:13:50] TX Python SDK azure-iot-device (MQTT 8883) -> {"tempIntake": 21.76, "tempExhaust": 32.21, "humedadRack": 41.88, "tsDispositivo": "2026-09-26T01:13:50+00:00"}
[2026-09-25 20:14:20] TX Python SDK azure-iot-device (MQTT 8883) -> {"tempIntake": 21.69, "tempExhaust": 32.59, "humedadRack": 41.04, "tsDispositivo": "2026-09-26T01:14:20+00:00"}
[2026-09-25 20:14:50] TX Python SDK azure-iot-device (MQTT 8883) -> {"tempIntake": 22.07, "tempExhaust": 33.08, "humedadRack": 41.46, "tsDispositivo": "2026-09-26T01:14:50+00:00"}
[2026-09-25 20:15:20] TX Python SDK azure-iot-device (MQTT 8883) -> {"tempIntake": 21.77, "tempExhaust": 32.4, "humedadRack": 41.2, "tsDispositivo": "2026-09-26T01:15:20+00:00"}
[2026-09-25 20:15:51] TX Python SDK azure-iot-device (MQTT 8883) -> {"tempIntake": 22.11, "tempExhaust": 32.23, "humedadRack": 40.53, "tsDispositivo": "2026-09-26T01:15:50+00:00"}
[2026-09-25 20:16:21] TX Python SDK azure-iot-device (MQTT 8883) -> {"tempIntake": 22.09, "tempExhaust": 32.26, "humedadRack": 42.4, "tsDispositivo": "2026-09-26T01:16:21+00:00"}
[2026-09-25 20:16:51] TX Python SDK azure-iot-device (MQTT 8883) -> {"tempIntake": 22.02, "tempExhaust": 33.09, "humedadRack": 41.76, "tsDispositivo": "2026-09-26T01:16:51+00:00"}
[2026-09-25 20:17:21] TX Python SDK azure-iot-device (MQTT 8883) -> {"tempIntake": 22.13, "tempExhaust": 32.98, "humedadRack": 41.77, "tsDispositivo": "2026-09-26T01:17:21+00:00"}
[2026-09-25 20:17:52] TX Python SDK azure-iot-device (MQTT 8883) -> {"tempIntake": 21.69, "tempExhaust": 32.66, "humedadRack": 42.71, "tsDispositivo": "2026-09-26T01:17:51+00:00"}
[2026-09-25 20:18:22] TX Python SDK azure-iot-device (MQTT 8883) -> {"tempIntake": 21.63, "tempExhaust": 32.18, "humedadRack": 41.13, "tsDispositivo": "2026-09-26T01:18:22+00:00"}
[2026-09-25 20:18:52] TX Python SDK azure-iot-device (MQTT 8883) -> {"tempIntake": 21.53, "tempExhaust": 31.94, "humedadRack": 42.59, "tsDispositivo": "2026-09-26T01:18:52+00:00"}
[2026-09-25 20:19:22] TX Python SDK azure-iot-device (MQTT 8883) -> {"tempIntake": 21.75, "tempExhaust": 32.05, "humedadRack": 41.37, "tsDispositivo": "2026-09-26T01:19:22+00:00"}
[2026-09-25 20:19:53] TX Python SDK azure-iot-device (MQTT 8883) -> {"tempIntake": 21.95, "tempExhaust": 32.29, "humedadRack": 42.4, "tsDispositivo": "2026-09-26T01:19:52+00:00"}
[2026-09-25 20:20:23] TX Python SDK azure-iot-device (MQTT 8883) -> {"tempIntake": 21.95, "tempExhaust": 32.77, "humedadRack": 41.84, "tsDispositivo": "2026-09-26T01:20:23+00:00"}
[2026-09-25 20:20:54] TX Python SDK azure-iot-device (MQTT 8883) -> {"tempIntake": 21.6, "tempExhaust": 32.24, "humedadRack": 41.22, "tsDispositivo": "2026-09-26T01:20:53+00:00"}
[2026-09-25 20:21:24] TX Python SDK azure-iot-device (MQTT 8883) -> {"tempIntake": 22.14, "tempExhaust": 33.26, "humedadRack": 40.93, "tsDispositivo": "2026-09-26T01:21:24+00:00"}
[2026-09-25 20:21:54] TX Python SDK azure-iot-device (MQTT 8883) -> {"tempIntake": 21.91, "tempExhaust": 32.17, "humedadRack": 41.72, "tsDispositivo": "2026-09-26T01:21:54+00:00"}
[2026-09-25 20:22:25] TX Python SDK azure-iot-device (MQTT 8883) -> {"tempIntake": 21.61, "tempExhaust": 32.27, "humedadRack": 41.12, "tsDispositivo": "2026-09-26T01:22:24+00:00"}
[2026-09-25 20:22:55] TX Python SDK azure-iot-device (MQTT 8883) -> {"tempIntake": 21.9, "tempExhaust": 32.97, "humedadRack": 40.86, "tsDispositivo": "2026-09-26T01:22:55+00:00"}
[2026-09-25 20:23:26] TX Python SDK azure-iot-device (MQTT 8883) -> {"tempIntake": 21.9, "tempExhaust": 32.61, "humedadRack": 40.7, "tsDispositivo": "2026-09-26T01:23:25+00:00"}
[2026-09-25 20:23:56] TX Python SDK azure-iot-device (MQTT 8883) -> {"tempIntake": 22.23, "tempExhaust": 33.12, "humedadRack": 42.55, "tsDispositivo": "2026-09-26T01:23:56+00:00"}
[2026-09-25 20:24:26] TX Python SDK azure-iot-device (MQTT 8883) -> {"tempIntake": 21.6, "tempExhaust": 32.6, "humedadRack": 41.69, "tsDispositivo": "2026-09-26T01:24:26+00:00"}
[2026-09-25 20:24:56] TX Python SDK azure-iot-device (MQTT 8883) -> {"tempIntake": 21.93, "tempExhaust": 32.91, "humedadRack": 42.28, "tsDispositivo": "2026-09-26T01:24:56+00:00"}
[2026-09-25 20:25:27] TX Python SDK azure-iot-device (MQTT 8883) -> {"tempIntake": 21.9, "tempExhaust": 32.77, "humedadRack": 40.69, "tsDispositivo": "2026-09-26T01:25:26+00:00"}
[2026-09-25 20:25:57] TX Python SDK azure-iot-device (MQTT 8883) -> {"tempIntake": 22.02, "tempExhaust": 32.57, "humedadRack": 40.36, "tsDispositivo": "2026-09-26T01:25:57+00:00"}
[2026-09-25 20:26:27] TX Python SDK azure-iot-device (MQTT 8883) -> {"tempIntake": 21.85, "tempExhaust": 32.1, "humedadRack": 40.81, "tsDispositivo": "2026-09-26T01:26:27+00:00"}
[2026-09-25 20:26:57] TX Python SDK azure-iot-device (MQTT 8883) -> {"tempIntake": 21.66, "tempExhaust": 32.51, "humedadRack": 42.14, "tsDispositivo": "2026-09-26T01:26:57+00:00"}
[2026-09-25 20:27:27] TX Python SDK azure-iot-device (MQTT 8883) -> {"tempIntake": 21.61, "tempExhaust": 32.72, "humedadRack": 42.04, "tsDispositivo": "2026-09-26T01:27:27+00:00"}
[2026-09-25 20:28:11] TX Python SDK azure-iot-device (MQTT 8883) -> {"tempIntake": 21.99, "tempExhaust": 32.33, "humedadRack": 42.35, "tsDispositivo": "2026-09-26T01:27:57+00:00"}
[2026-09-25 20:28:41] TX Python SDK azure-iot-device (MQTT 8883) -> {"tempIntake": 21.75, "tempExhaust": 31.91, "humedadRack": 40.66, "tsDispositivo": "2026-09-26T01:28:41+00:00"}
[2026-09-25 20:29:12] TX Python SDK azure-iot-device (MQTT 8883) -> {"tempIntake": 22.02, "tempExhaust": 32.6, "humedadRack": 40.73, "tsDispositivo": "2026-09-26T01:29:11+00:00"}
[2026-09-25 20:29:42] TX Python SDK azure-iot-device (MQTT 8883) -> {"tempIntake": 22.04, "tempExhaust": 32.27, "humedadRack": 41.73, "tsDispositivo": "2026-09-26T01:29:42+00:00"}
[2026-09-25 20:30:12] TX Python SDK azure-iot-device (MQTT 8883) -> {"tempIntake": 22.04, "tempExhaust": 32.23, "humedadRack": 41.06, "tsDispositivo": "2026-09-26T01:30:12+00:00"}
[2026-09-25 20:30:43] TX Python SDK azure-iot-device (MQTT 8883) -> {"tempIntake": 21.97, "tempExhaust": 33.11, "humedadRack": 41.7, "tsDispositivo": "2026-09-26T01:30:42+00:00"}
[2026-09-25 20:31:13] TX Python SDK azure-iot-device (MQTT 8883) -> {"tempIntake": 22.2, "tempExhaust": 33.3, "humedadRack": 41.72, "tsDispositivo": "2026-09-26T01:31:13+00:00"}
[2026-09-25 20:31:43] TX Python SDK azure-iot-device (MQTT 8883) -> {"tempIntake": 21.75, "tempExhaust": 32.28, "humedadRack": 41.61, "tsDispositivo": "2026-09-26T01:31:43+00:00"}
[2026-09-25 20:32:14] TX Python SDK azure-iot-device (MQTT 8883) -> {"tempIntake": 21.75, "tempExhaust": 31.88, "humedadRack": 41.71, "tsDispositivo": "2026-09-26T01:32:13+00:00"}
[2026-09-25 20:32:44] TX Python SDK azure-iot-device (MQTT 8883) -> {"tempIntake": 22.07, "tempExhaust": 32.17, "humedadRack": 40.37, "tsDispositivo": "2026-09-26T01:32:44+00:00"}
[2026-09-25 20:33:14] TX Python SDK azure-iot-device (MQTT 8883) -> {"tempIntake": 21.6, "tempExhaust": 32.89, "humedadRack": 42.16, "tsDispositivo": "2026-09-26T01:33:14+00:00"}
[2026-09-25 20:33:45] TX Python SDK azure-iot-device (MQTT 8883) -> {"tempIntake": 22.03, "tempExhaust": 32.58, "humedadRack": 40.22, "tsDispositivo": "2026-09-26T01:33:44+00:00"}
[2026-09-25 20:34:16] TX Python SDK azure-iot-device (MQTT 8883) -> {"tempIntake": 21.64, "tempExhaust": 32.31, "humedadRack": 41.3, "tsDispositivo": "2026-09-26T01:34:15+00:00"}
[2026-09-25 20:34:46] TX Python SDK azure-iot-device (MQTT 8883) -> {"tempIntake": 21.66, "tempExhaust": 32.54, "humedadRack": 40.38, "tsDispositivo": "2026-09-26T01:34:46+00:00"}
[2026-09-25 20:35:16] TX Python SDK azure-iot-device (MQTT 8883) -> {"tempIntake": 22.04, "tempExhaust": 32.75, "humedadRack": 41.48, "tsDispositivo": "2026-09-26T01:35:16+00:00"}
[2026-09-25 20:35:49] TX Python SDK azure-iot-device (MQTT 8883) -> {"tempIntake": 22.01, "tempExhaust": 32.28, "humedadRack": 41.74, "tsDispositivo": "2026-09-26T01:35:46+00:00"}
[2026-09-25 20:36:19] TX Python SDK azure-iot-device (MQTT 8883) -> {"tempIntake": 21.66, "tempExhaust": 31.74, "humedadRack": 40.49, "tsDispositivo": "2026-09-26T01:36:19+00:00"}
[2026-09-25 20:36:50] TX Python SDK azure-iot-device (MQTT 8883) -> {"tempIntake": 21.89, "tempExhaust": 32.86, "humedadRack": 42.28, "tsDispositivo": "2026-09-26T01:36:49+00:00"}
[2026-09-25 20:37:20] TX Python SDK azure-iot-device (MQTT 8883) -> {"tempIntake": 22.17, "tempExhaust": 32.25, "humedadRack": 40.78, "tsDispositivo": "2026-09-26T01:37:20+00:00"}
[2026-09-25 20:37:50] TX Python SDK azure-iot-device (MQTT 8883) -> {"tempIntake": 21.74, "tempExhaust": 31.88, "humedadRack": 41.5, "tsDispositivo": "2026-09-26T01:37:50+00:00"}
[2026-09-25 20:38:20] TX Python SDK azure-iot-device (MQTT 8883) -> {"tempIntake": 21.95, "tempExhaust": 32.43, "humedadRack": 40.36, "tsDispositivo": "2026-09-26T01:38:20+00:00"}
[2026-09-25 20:38:50] TX Python SDK azure-iot-device (MQTT 8883) -> {"tempIntake": 21.83, "tempExhaust": 32.29, "humedadRack": 42.49, "tsDispositivo": "2026-09-26T01:38:50+00:00"}
[2026-09-25 20:39:21] TX Python SDK azure-iot-device (MQTT 8883) -> {"tempIntake": 22.03, "tempExhaust": 32.3, "humedadRack": 41.08, "tsDispositivo": "2026-09-26T01:39:20+00:00"}
[2026-09-25 20:39:51] TX Python SDK azure-iot-device (MQTT 8883) -> {"tempIntake": 21.78, "tempExhaust": 32.34, "humedadRack": 41.86, "tsDispositivo": "2026-09-26T01:39:51+00:00"}
[2026-09-25 20:40:21] TX Python SDK azure-iot-device (MQTT 8883) -> {"tempIntake": 22.07, "tempExhaust": 33.12, "humedadRack": 40.45, "tsDispositivo": "2026-09-26T01:40:21+00:00"}
[2026-09-25 20:40:51] TX Python SDK azure-iot-device (MQTT 8883) -> {"tempIntake": 21.56, "tempExhaust": 32.23, "humedadRack": 40.26, "tsDispositivo": "2026-09-26T01:40:51+00:00"}
[2026-09-25 20:41:21] TX Python SDK azure-iot-device (MQTT 8883) -> {"tempIntake": 22.1, "tempExhaust": 33.04, "humedadRack": 40.5, "tsDispositivo": "2026-09-26T01:41:21+00:00"}
[2026-09-25 20:41:53] TX Python SDK azure-iot-device (MQTT 8883) -> {"tempIntake": 21.7, "tempExhaust": 32.61, "humedadRack": 40.24, "tsDispositivo": "2026-09-26T01:41:53+00:00"}
[2026-09-25 20:42:23] TX Python SDK azure-iot-device (MQTT 8883) -> {"tempIntake": 21.89, "tempExhaust": 32.35, "humedadRack": 40.85, "tsDispositivo": "2026-09-26T01:42:23+00:00"}
[2026-09-25 20:42:54] TX Python SDK azure-iot-device (MQTT 8883) -> {"tempIntake": 21.7, "tempExhaust": 32.62, "humedadRack": 40.82, "tsDispositivo": "2026-09-26T01:42:53+00:00"}
[2026-09-25 20:43:24] TX Python SDK azure-iot-device (MQTT 8883) -> {"tempIntake": 21.75, "tempExhaust": 32.48, "humedadRack": 41.61, "tsDispositivo": "2026-09-26T01:43:24+00:00"}
[2026-09-25 20:43:54] TX Python SDK azure-iot-device (MQTT 8883) -> {"tempIntake": 21.83, "tempExhaust": 32.97, "humedadRack": 41.39, "tsDispositivo": "2026-09-26T01:43:54+00:00"}
[2026-09-25 20:44:24] TX Python SDK azure-iot-device (MQTT 8883) -> {"tempIntake": 22.01, "tempExhaust": 32.04, "humedadRack": 40.73, "tsDispositivo": "2026-09-26T01:44:24+00:00"}
[2026-09-25 20:44:55] TX Python SDK azure-iot-device (MQTT 8883) -> {"tempIntake": 21.81, "tempExhaust": 32.52, "humedadRack": 40.96, "tsDispositivo": "2026-09-26T01:44:54+00:00"}
[2026-09-25 20:45:25] TX Python SDK azure-iot-device (MQTT 8883) -> {"tempIntake": 21.99, "tempExhaust": 33.05, "humedadRack": 42.41, "tsDispositivo": "2026-09-26T01:45:25+00:00"}
[2026-09-25 20:45:55] TX Python SDK azure-iot-device (MQTT 8883) -> {"tempIntake": 21.58, "tempExhaust": 31.75, "humedadRack": 42.3, "tsDispositivo": "2026-09-26T01:45:55+00:00"}
[2026-09-25 20:46:25] TX Python SDK azure-iot-device (MQTT 8883) -> {"tempIntake": 21.93, "tempExhaust": 33.17, "humedadRack": 41.53, "tsDispositivo": "2026-09-26T01:46:25+00:00"}
[2026-09-25 20:46:55] TX Python SDK azure-iot-device (MQTT 8883) -> {"tempIntake": 21.59, "tempExhaust": 31.92, "humedadRack": 41.01, "tsDispositivo": "2026-09-26T01:46:55+00:00"}
[2026-09-25 20:47:26] TX Python SDK azure-iot-device (MQTT 8883) -> {"tempIntake": 21.93, "tempExhaust": 32.69, "humedadRack": 41.1, "tsDispositivo": "2026-09-26T01:47:25+00:00"}
[2026-09-25 20:47:56] TX Python SDK azure-iot-device (MQTT 8883) -> {"tempIntake": 22.07, "tempExhaust": 32.09, "humedadRack": 41.12, "tsDispositivo": "2026-09-26T01:47:56+00:00"}
[2026-09-25 20:48:26] TX Python SDK azure-iot-device (MQTT 8883) -> {"tempIntake": 21.62, "tempExhaust": 31.68, "humedadRack": 42.21, "tsDispositivo": "2026-09-26T01:48:26+00:00"}
[2026-09-25 20:48:56] TX Python SDK azure-iot-device (MQTT 8883) -> {"tempIntake": 21.59, "tempExhaust": 32.32, "humedadRack": 40.66, "tsDispositivo": "2026-09-26T01:48:56+00:00"}
[2026-09-25 20:49:26] TX Python SDK azure-iot-device (MQTT 8883) -> {"tempIntake": 22.11, "tempExhaust": 33.03, "humedadRack": 42.18, "tsDispositivo": "2026-09-26T01:49:26+00:00"}
[2026-09-25 20:49:57] TX Python SDK azure-iot-device (MQTT 8883) -> {"tempIntake": 21.82, "tempExhaust": 32.19, "humedadRack": 40.97, "tsDispositivo": "2026-09-26T01:49:56+00:00"}
[2026-09-25 20:50:27] TX Python SDK azure-iot-device (MQTT 8883) -> {"tempIntake": 21.98, "tempExhaust": 32.59, "humedadRack": 42.06, "tsDispositivo": "2026-09-26T01:50:27+00:00"}
[2026-09-25 20:50:57] TX Python SDK azure-iot-device (MQTT 8883) -> {"tempIntake": 21.51, "tempExhaust": 31.6, "humedadRack": 40.38, "tsDispositivo": "2026-09-26T01:50:57+00:00"}
[2026-09-25 20:51:27] TX Python SDK azure-iot-device (MQTT 8883) -> {"tempIntake": 21.65, "tempExhaust": 31.81, "humedadRack": 42.03, "tsDispositivo": "2026-09-26T01:51:27+00:00"}
[2026-09-25 20:51:58] TX Python SDK azure-iot-device (MQTT 8883) -> {"tempIntake": 21.69, "tempExhaust": 31.93, "humedadRack": 40.44, "tsDispositivo": "2026-09-26T01:51:57+00:00"}
[2026-09-25 20:52:28] TX Python SDK azure-iot-device (MQTT 8883) -> {"tempIntake": 21.84, "tempExhaust": 32.2, "humedadRack": 41.93, "tsDispositivo": "2026-09-26T01:52:28+00:00"}
[2026-09-25 20:52:58] TX Python SDK azure-iot-device (MQTT 8883) -> {"tempIntake": 21.81, "tempExhaust": 31.95, "humedadRack": 40.62, "tsDispositivo": "2026-09-26T01:52:58+00:00"}
[2026-09-25 20:53:28] TX Python SDK azure-iot-device (MQTT 8883) -> {"tempIntake": 22.16, "tempExhaust": 33.3, "humedadRack": 41.12, "tsDispositivo": "2026-09-26T01:53:28+00:00"}
[2026-09-25 20:53:58] TX Python SDK azure-iot-device (MQTT 8883) -> {"tempIntake": 22.11, "tempExhaust": 32.95, "humedadRack": 42.35, "tsDispositivo": "2026-09-26T01:53:58+00:00"}
[2026-09-25 20:54:29] TX Python SDK azure-iot-device (MQTT 8883) -> {"tempIntake": 21.71, "tempExhaust": 32.74, "humedadRack": 41.84, "tsDispositivo": "2026-09-26T01:54:28+00:00"}
[2026-09-25 20:54:59] TX Python SDK azure-iot-device (MQTT 8883) -> {"tempIntake": 21.64, "tempExhaust": 32.16, "humedadRack": 40.07, "tsDispositivo": "2026-09-26T01:54:59+00:00"}
[2026-09-25 20:55:29] TX Python SDK azure-iot-device (MQTT 8883) -> {"tempIntake": 21.82, "tempExhaust": 32.84, "humedadRack": 40.95, "tsDispositivo": "2026-09-26T01:55:29+00:00"}
[2026-09-25 20:55:59] TX Python SDK azure-iot-device (MQTT 8883) -> {"tempIntake": 21.56, "tempExhaust": 31.85, "humedadRack": 41.33, "tsDispositivo": "2026-09-26T01:55:59+00:00"}
[2026-09-25 20:56:29] TX Python SDK azure-iot-device (MQTT 8883) -> {"tempIntake": 22.2, "tempExhaust": 32.74, "humedadRack": 42.17, "tsDispositivo": "2026-09-26T01:56:29+00:00"}
[2026-09-25 20:57:00] TX Python SDK azure-iot-device (MQTT 8883) -> {"tempIntake": 22.21, "tempExhaust": 32.2, "humedadRack": 40.24, "tsDispositivo": "2026-09-26T01:56:59+00:00"}
[2026-09-25 20:57:30] TX Python SDK azure-iot-device (MQTT 8883) -> {"tempIntake": 21.65, "tempExhaust": 32.44, "humedadRack": 41.64, "tsDispositivo": "2026-09-26T01:57:30+00:00"}
[2026-09-25 20:58:00] TX Python SDK azure-iot-device (MQTT 8883) -> {"tempIntake": 22.02, "tempExhaust": 33.2, "humedadRack": 41.58, "tsDispositivo": "2026-09-26T01:58:00+00:00"}
[2026-09-25 20:58:30] TX Python SDK azure-iot-device (MQTT 8883) -> {"tempIntake": 21.77, "tempExhaust": 32.12, "humedadRack": 42.15, "tsDispositivo": "2026-09-26T01:58:30+00:00"}
[2026-09-25 20:59:00] TX Python SDK azure-iot-device (MQTT 8883) -> {"tempIntake": 22.18, "tempExhaust": 32.37, "humedadRack": 40.95, "tsDispositivo": "2026-09-26T01:59:00+00:00"}
[2026-09-25 20:59:31] TX Python SDK azure-iot-device (MQTT 8883) -> {"tempIntake": 22.23, "tempExhaust": 33.33, "humedadRack": 40.73, "tsDispositivo": "2026-09-26T01:59:30+00:00"}
[2026-09-25 21:00:01] TX Python SDK azure-iot-device (MQTT 8883) -> {"tempIntake": 21.79, "tempExhaust": 32.63, "humedadRack": 41.54, "tsDispositivo": "2026-09-26T02:00:01+00:00"}
[2026-09-25 21:00:31] TX Python SDK azure-iot-device (MQTT 8883) -> {"tempIntake": 21.56, "tempExhaust": 32.35, "humedadRack": 41.37, "tsDispositivo": "2026-09-26T02:00:31+00:00"}
[2026-09-25 21:01:01] TX Python SDK azure-iot-device (MQTT 8883) -> {"tempIntake": 21.57, "tempExhaust": 32.29, "humedadRack": 41.12, "tsDispositivo": "2026-09-26T02:01:01+00:00"}
Exception caught in background thread.  Unable to handle.
['azure.iot.device.common.transport_exceptions.ConnectionDroppedError: Unexpected disconnection\n']
Exception caught in background thread.  Unable to handle.
['azure.iot.device.common.transport_exceptions.ConnectionFailedError\n']
Exception caught in background thread.  Unable to handle.
['azure.iot.device.common.transport_exceptions.ConnectionFailedError\n']
Exception caught in background thread.  Unable to handle.
['azure.iot.device.common.transport_exceptions.ConnectionFailedError\n']
[2026-09-25 21:02:44] TX Python SDK azure-iot-device (MQTT 8883) -> {"tempIntake": 21.94, "tempExhaust": 32.73, "humedadRack": 41.18, "tsDispositivo": "2026-09-26T02:01:31+00:00"}
Exception caught in background thread.  Unable to handle.
['azure.iot.device.common.transport_exceptions.ConnectionDroppedError: Unexpected disconnection\n']
Exception caught in background thread.  Unable to handle.
['azure.iot.device.common.transport_exceptions.ConnectionFailedError\n']
[2026-09-25 21:03:47] TX Python SDK azure-iot-device (MQTT 8883) -> {"tempIntake": 22.05, "tempExhaust": 32.18, "humedadRack": 40.54, "tsDispositivo": "2026-09-26T02:03:14+00:00"}
[2026-09-25 21:04:17] TX Python SDK azure-iot-device (MQTT 8883) -> {"tempIntake": 21.69, "tempExhaust": 31.89, "humedadRack": 41.72, "tsDispositivo": "2026-09-26T02:04:17+00:00"}
[2026-09-25 21:04:47] TX Python SDK azure-iot-device (MQTT 8883) -> {"tempIntake": 22.15, "tempExhaust": 32.4, "humedadRack": 40.44, "tsDispositivo": "2026-09-26T02:04:47+00:00"}
[2026-09-25 21:05:18] TX Python SDK azure-iot-device (MQTT 8883) -> {"tempIntake": 21.67, "tempExhaust": 31.6, "humedadRack": 40.71, "tsDispositivo": "2026-09-26T02:05:17+00:00"}
[2026-09-25 21:05:48] TX Python SDK azure-iot-device (MQTT 8883) -> {"tempIntake": 21.97, "tempExhaust": 32.24, "humedadRack": 41.03, "tsDispositivo": "2026-09-26T02:05:48+00:00"}
[2026-09-25 21:06:18] TX Python SDK azure-iot-device (MQTT 8883) -> {"tempIntake": 21.84, "tempExhaust": 32.78, "humedadRack": 40.64, "tsDispositivo": "2026-09-26T02:06:18+00:00"}
[2026-09-25 21:06:48] TX Python SDK azure-iot-device (MQTT 8883) -> {"tempIntake": 21.91, "tempExhaust": 32.08, "humedadRack": 42.35, "tsDispositivo": "2026-09-26T02:06:48+00:00"}
[2026-09-25 21:07:18] TX Python SDK azure-iot-device (MQTT 8883) -> {"tempIntake": 22.18, "tempExhaust": 32.66, "humedadRack": 41.7, "tsDispositivo": "2026-09-26T02:07:18+00:00"}
[2026-09-25 21:07:49] TX Python SDK azure-iot-device (MQTT 8883) -> {"tempIntake": 21.65, "tempExhaust": 32.34, "humedadRack": 40.83, "tsDispositivo": "2026-09-26T02:07:49+00:00"}
[2026-09-25 21:08:20] TX Python SDK azure-iot-device (MQTT 8883) -> {"tempIntake": 21.94, "tempExhaust": 31.91, "humedadRack": 41.2, "tsDispositivo": "2026-09-26T02:08:20+00:00"}
[2026-09-25 21:08:50] TX Python SDK azure-iot-device (MQTT 8883) -> {"tempIntake": 21.55, "tempExhaust": 32.59, "humedadRack": 40.5, "tsDispositivo": "2026-09-26T02:08:50+00:00"}
[2026-09-25 21:09:21] TX Python SDK azure-iot-device (MQTT 8883) -> {"tempIntake": 21.53, "tempExhaust": 31.53, "humedadRack": 41.51, "tsDispositivo": "2026-09-26T02:09:20+00:00"}
[2026-09-25 21:09:53] TX Python SDK azure-iot-device (MQTT 8883) -> {"tempIntake": 21.7, "tempExhaust": 31.66, "humedadRack": 40.24, "tsDispositivo": "2026-09-26T02:09:51+00:00"}
[2026-09-25 21:10:25] TX Python SDK azure-iot-device (MQTT 8883) -> {"tempIntake": 21.64, "tempExhaust": 31.63, "humedadRack": 40.67, "tsDispositivo": "2026-09-26T02:10:25+00:00"}
[2026-09-25 21:10:55] TX Python SDK azure-iot-device (MQTT 8883) -> {"tempIntake": 21.59, "tempExhaust": 31.59, "humedadRack": 40.3, "tsDispositivo": "2026-09-26T02:10:55+00:00"}
[2026-09-25 21:11:25] TX Python SDK azure-iot-device (MQTT 8883) -> {"tempIntake": 21.59, "tempExhaust": 32.54, "humedadRack": 41.49, "tsDispositivo": "2026-09-26T02:11:25+00:00"}
[2026-09-25 21:11:56] TX Python SDK azure-iot-device (MQTT 8883) -> {"tempIntake": 21.61, "tempExhaust": 32.57, "humedadRack": 42.14, "tsDispositivo": "2026-09-26T02:11:55+00:00"}
[2026-09-25 21:12:26] TX Python SDK azure-iot-device (MQTT 8883) -> {"tempIntake": 21.66, "tempExhaust": 32.65, "humedadRack": 40.36, "tsDispositivo": "2026-09-26T02:12:26+00:00"}
[2026-09-25 21:12:56] TX Python SDK azure-iot-device (MQTT 8883) -> {"tempIntake": 21.87, "tempExhaust": 32.5, "humedadRack": 42.09, "tsDispositivo": "2026-09-26T02:12:56+00:00"}
[2026-09-25 21:13:27] TX Python SDK azure-iot-device (MQTT 8883) -> {"tempIntake": 21.61, "tempExhaust": 32.05, "humedadRack": 41.77, "tsDispositivo": "2026-09-26T02:13:26+00:00"}
[2026-09-25 21:13:57] TX Python SDK azure-iot-device (MQTT 8883) -> {"tempIntake": 21.73, "tempExhaust": 32.32, "humedadRack": 41.07, "tsDispositivo": "2026-09-26T02:13:57+00:00"}
[2026-09-25 21:14:27] TX Python SDK azure-iot-device (MQTT 8883) -> {"tempIntake": 22.09, "tempExhaust": 33.21, "humedadRack": 40.3, "tsDispositivo": "2026-09-26T02:14:27+00:00"}
[2026-09-25 21:14:57] TX Python SDK azure-iot-device (MQTT 8883) -> {"tempIntake": 22.1, "tempExhaust": 32.47, "humedadRack": 41.29, "tsDispositivo": "2026-09-26T02:14:57+00:00"}
[2026-09-25 21:15:28] TX Python SDK azure-iot-device (MQTT 8883) -> {"tempIntake": 22.04, "tempExhaust": 32.68, "humedadRack": 41.53, "tsDispositivo": "2026-09-26T02:15:27+00:00"}
[2026-09-25 21:15:58] TX Python SDK azure-iot-device (MQTT 8883) -> {"tempIntake": 22.04, "tempExhaust": 32.53, "humedadRack": 41.55, "tsDispositivo": "2026-09-26T02:15:58+00:00"}
[2026-09-25 21:16:28] TX Python SDK azure-iot-device (MQTT 8883) -> {"tempIntake": 22.11, "tempExhaust": 32.63, "humedadRack": 41.06, "tsDispositivo": "2026-09-26T02:16:28+00:00"}
[2026-09-25 21:16:59] TX Python SDK azure-iot-device (MQTT 8883) -> {"tempIntake": 21.8, "tempExhaust": 32.03, "humedadRack": 40.81, "tsDispositivo": "2026-09-26T02:16:58+00:00"}
[2026-09-25 21:17:29] TX Python SDK azure-iot-device (MQTT 8883) -> {"tempIntake": 21.55, "tempExhaust": 32.12, "humedadRack": 41.2, "tsDispositivo": "2026-09-26T02:17:29+00:00"}
[2026-09-25 21:17:59] TX Python SDK azure-iot-device (MQTT 8883) -> {"tempIntake": 22.06, "tempExhaust": 33.05, "humedadRack": 42.12, "tsDispositivo": "2026-09-26T02:17:59+00:00"}
[2026-09-25 21:18:29] TX Python SDK azure-iot-device (MQTT 8883) -> {"tempIntake": 21.81, "tempExhaust": 32.65, "humedadRack": 41.3, "tsDispositivo": "2026-09-26T02:18:29+00:00"}
[2026-09-25 21:19:00] TX Python SDK azure-iot-device (MQTT 8883) -> {"tempIntake": 21.48, "tempExhaust": 31.47, "humedadRack": 41.67, "tsDispositivo": "2026-09-26T02:18:59+00:00"}
[2026-09-25 21:19:30] TX Python SDK azure-iot-device (MQTT 8883) -> {"tempIntake": 21.8, "tempExhaust": 31.87, "humedadRack": 41.92, "tsDispositivo": "2026-09-26T02:19:30+00:00"}
[2026-09-25 21:20:00] TX Python SDK azure-iot-device (MQTT 8883) -> {"tempIntake": 21.78, "tempExhaust": 31.95, "humedadRack": 42.01, "tsDispositivo": "2026-09-26T02:20:00+00:00"}
[2026-09-25 21:20:30] TX Python SDK azure-iot-device (MQTT 8883) -> {"tempIntake": 22.0, "tempExhaust": 32.72, "humedadRack": 40.49, "tsDispositivo": "2026-09-26T02:20:30+00:00"}
[2026-09-25 21:21:00] TX Python SDK azure-iot-device (MQTT 8883) -> {"tempIntake": 21.69, "tempExhaust": 31.64, "humedadRack": 40.32, "tsDispositivo": "2026-09-26T02:21:00+00:00"}
[2026-09-25 21:21:31] TX Python SDK azure-iot-device (MQTT 8883) -> {"tempIntake": 21.93, "tempExhaust": 32.75, "humedadRack": 41.38, "tsDispositivo": "2026-09-26T02:21:30+00:00"}
[2026-09-25 21:22:01] TX Python SDK azure-iot-device (MQTT 8883) -> {"tempIntake": 21.96, "tempExhaust": 32.94, "humedadRack": 40.12, "tsDispositivo": "2026-09-26T02:22:01+00:00"}
[2026-09-25 21:22:31] TX Python SDK azure-iot-device (MQTT 8883) -> {"tempIntake": 21.53, "tempExhaust": 32.2, "humedadRack": 40.23, "tsDispositivo": "2026-09-26T02:22:31+00:00"}
[2026-09-25 21:23:01] TX Python SDK azure-iot-device (MQTT 8883) -> {"tempIntake": 21.67, "tempExhaust": 31.64, "humedadRack": 42.05, "tsDispositivo": "2026-09-26T02:23:01+00:00"}
[2026-09-25 21:23:31] TX Python SDK azure-iot-device (MQTT 8883) -> {"tempIntake": 22.02, "tempExhaust": 32.0, "humedadRack": 40.91, "tsDispositivo": "2026-09-26T02:23:31+00:00"}
[2026-09-25 21:24:02] TX Python SDK azure-iot-device (MQTT 8883) -> {"tempIntake": 22.13, "tempExhaust": 33.1, "humedadRack": 41.35, "tsDispositivo": "2026-09-26T02:24:01+00:00"}
[2026-09-25 21:24:32] TX Python SDK azure-iot-device (MQTT 8883) -> {"tempIntake": 22.06, "tempExhaust": 32.43, "humedadRack": 41.18, "tsDispositivo": "2026-09-26T02:24:32+00:00"}
[2026-09-25 21:25:02] TX Python SDK azure-iot-device (MQTT 8883) -> {"tempIntake": 21.82, "tempExhaust": 31.81, "humedadRack": 41.59, "tsDispositivo": "2026-09-26T02:25:02+00:00"}
[2026-09-25 21:25:32] TX Python SDK azure-iot-device (MQTT 8883) -> {"tempIntake": 21.83, "tempExhaust": 31.91, "humedadRack": 41.66, "tsDispositivo": "2026-09-26T02:25:32+00:00"}
[2026-09-25 21:26:02] TX Python SDK azure-iot-device (MQTT 8883) -> {"tempIntake": 21.78, "tempExhaust": 32.27, "humedadRack": 41.76, "tsDispositivo": "2026-09-26T02:26:02+00:00"}
[2026-09-25 21:26:33] TX Python SDK azure-iot-device (MQTT 8883) -> {"tempIntake": 21.67, "tempExhaust": 32.32, "humedadRack": 40.35, "tsDispositivo": "2026-09-26T02:26:32+00:00"}
[2026-09-25 21:27:03] TX Python SDK azure-iot-device (MQTT 8883) -> {"tempIntake": 22.16, "tempExhaust": 32.74, "humedadRack": 42.16, "tsDispositivo": "2026-09-26T02:27:03+00:00"}
[2026-09-25 21:27:33] TX Python SDK azure-iot-device (MQTT 8883) -> {"tempIntake": 21.8, "tempExhaust": 31.79, "humedadRack": 41.6, "tsDispositivo": "2026-09-26T02:27:33+00:00"}
[2026-09-25 21:28:03] TX Python SDK azure-iot-device (MQTT 8883) -> {"tempIntake": 22.06, "tempExhaust": 32.06, "humedadRack": 42.12, "tsDispositivo": "2026-09-26T02:28:03+00:00"}
[2026-09-25 21:28:33] TX Python SDK azure-iot-device (MQTT 8883) -> {"tempIntake": 22.05, "tempExhaust": 32.93, "humedadRack": 39.93, "tsDispositivo": "2026-09-26T02:28:33+00:00"}
[2026-09-25 21:29:04] TX Python SDK azure-iot-device (MQTT 8883) -> {"tempIntake": 22.02, "tempExhaust": 32.89, "humedadRack": 41.24, "tsDispositivo": "2026-09-26T02:29:03+00:00"}
[2026-09-25 21:29:34] TX Python SDK azure-iot-device (MQTT 8883) -> {"tempIntake": 21.84, "tempExhaust": 32.77, "humedadRack": 40.17, "tsDispositivo": "2026-09-26T02:29:34+00:00"}
[2026-09-25 21:30:04] TX Python SDK azure-iot-device (MQTT 8883) -> {"tempIntake": 22.11, "tempExhaust": 32.33, "humedadRack": 42.24, "tsDispositivo": "2026-09-26T02:30:04+00:00"}
[2026-09-25 21:30:34] TX Python SDK azure-iot-device (MQTT 8883) -> {"tempIntake": 22.04, "tempExhaust": 31.93, "humedadRack": 41.62, "tsDispositivo": "2026-09-26T02:30:34+00:00"}
[2026-09-25 21:31:04] TX Python SDK azure-iot-device (MQTT 8883) -> {"tempIntake": 21.68, "tempExhaust": 32.0, "humedadRack": 41.18, "tsDispositivo": "2026-09-26T02:31:04+00:00"}
[2026-09-25 21:31:35] TX Python SDK azure-iot-device (MQTT 8883) -> {"tempIntake": 22.04, "tempExhaust": 32.11, "humedadRack": 39.96, "tsDispositivo": "2026-09-26T02:31:34+00:00"}
[2026-09-25 21:32:05] TX Python SDK azure-iot-device (MQTT 8883) -> {"tempIntake": 21.73, "tempExhaust": 31.73, "humedadRack": 41.27, "tsDispositivo": "2026-09-26T02:32:05+00:00"}
[2026-09-25 21:32:35] TX Python SDK azure-iot-device (MQTT 8883) -> {"tempIntake": 21.97, "tempExhaust": 32.0, "humedadRack": 40.09, "tsDispositivo": "2026-09-26T02:32:35+00:00"}
[2026-09-25 21:33:05] TX Python SDK azure-iot-device (MQTT 8883) -> {"tempIntake": 21.89, "tempExhaust": 31.93, "humedadRack": 40.49, "tsDispositivo": "2026-09-26T02:33:05+00:00"}
[2026-09-25 21:33:35] TX Python SDK azure-iot-device (MQTT 8883) -> {"tempIntake": 21.9, "tempExhaust": 31.89, "humedadRack": 40.96, "tsDispositivo": "2026-09-26T02:33:35+00:00"}
[2026-09-25 21:34:06] TX Python SDK azure-iot-device (MQTT 8883) -> {"tempIntake": 21.75, "tempExhaust": 32.45, "humedadRack": 40.8, "tsDispositivo": "2026-09-26T02:34:05+00:00"}
[2026-09-25 21:34:36] TX Python SDK azure-iot-device (MQTT 8883) -> {"tempIntake": 21.57, "tempExhaust": 31.93, "humedadRack": 40.99, "tsDispositivo": "2026-09-26T02:34:36+00:00"}
[2026-09-25 21:35:06] TX Python SDK azure-iot-device (MQTT 8883) -> {"tempIntake": 21.9, "tempExhaust": 32.22, "humedadRack": 40.69, "tsDispositivo": "2026-09-26T02:35:06+00:00"}
[2026-09-25 21:35:36] TX Python SDK azure-iot-device (MQTT 8883) -> {"tempIntake": 21.57, "tempExhaust": 32.33, "humedadRack": 40.38, "tsDispositivo": "2026-09-26T02:35:36+00:00"}
[2026-09-25 21:36:07] TX Python SDK azure-iot-device (MQTT 8883) -> {"tempIntake": 21.9, "tempExhaust": 32.84, "humedadRack": 41.64, "tsDispositivo": "2026-09-26T02:36:06+00:00"}
[2026-09-25 21:36:37] TX Python SDK azure-iot-device (MQTT 8883) -> {"tempIntake": 21.98, "tempExhaust": 33.07, "humedadRack": 41.18, "tsDispositivo": "2026-09-26T02:36:37+00:00"}
[2026-09-25 21:37:07] TX Python SDK azure-iot-device (MQTT 8883) -> {"tempIntake": 21.84, "tempExhaust": 32.77, "humedadRack": 41.89, "tsDispositivo": "2026-09-26T02:37:07+00:00"}
[2026-09-25 21:37:37] TX Python SDK azure-iot-device (MQTT 8883) -> {"tempIntake": 21.98, "tempExhaust": 32.56, "humedadRack": 42.15, "tsDispositivo": "2026-09-26T02:37:37+00:00"}
[2026-09-25 21:38:07] TX Python SDK azure-iot-device (MQTT 8883) -> {"tempIntake": 21.81, "tempExhaust": 32.08, "humedadRack": 40.39, "tsDispositivo": "2026-09-26T02:38:07+00:00"}
[2026-09-25 21:38:38] TX Python SDK azure-iot-device (MQTT 8883) -> {"tempIntake": 21.87, "tempExhaust": 32.53, "humedadRack": 40.46, "tsDispositivo": "2026-09-26T02:38:37+00:00"}
[2026-09-25 21:39:08] TX Python SDK azure-iot-device (MQTT 8883) -> {"tempIntake": 22.03, "tempExhaust": 32.4, "humedadRack": 40.54, "tsDispositivo": "2026-09-26T02:39:08+00:00"}
[2026-09-25 21:39:38] TX Python SDK azure-iot-device (MQTT 8883) -> {"tempIntake": 21.96, "tempExhaust": 31.98, "humedadRack": 42.0, "tsDispositivo": "2026-09-26T02:39:38+00:00"}
[2026-09-25 21:40:08] TX Python SDK azure-iot-device (MQTT 8883) -> {"tempIntake": 22.06, "tempExhaust": 32.34, "humedadRack": 40.37, "tsDispositivo": "2026-09-26T02:40:08+00:00"}
[2026-09-25 21:40:39] TX Python SDK azure-iot-device (MQTT 8883) -> {"tempIntake": 21.83, "tempExhaust": 31.89, "humedadRack": 41.09, "tsDispositivo": "2026-09-26T02:40:38+00:00"}
[2026-09-25 21:41:09] TX Python SDK azure-iot-device (MQTT 8883) -> {"tempIntake": 22.03, "tempExhaust": 32.83, "humedadRack": 41.93, "tsDispositivo": "2026-09-26T02:41:09+00:00"}
[2026-09-25 21:41:39] TX Python SDK azure-iot-device (MQTT 8883) -> {"tempIntake": 22.07, "tempExhaust": 32.87, "humedadRack": 41.95, "tsDispositivo": "2026-09-26T02:41:39+00:00"}
[2026-09-25 21:42:09] TX Python SDK azure-iot-device (MQTT 8883) -> {"tempIntake": 22.06, "tempExhaust": 32.35, "humedadRack": 42.09, "tsDispositivo": "2026-09-26T02:42:09+00:00"}
[2026-09-25 21:42:40] TX Python SDK azure-iot-device (MQTT 8883) -> {"tempIntake": 22.04, "tempExhaust": 32.43, "humedadRack": 40.48, "tsDispositivo": "2026-09-26T02:42:39+00:00"}
[2026-09-25 21:43:10] TX Python SDK azure-iot-device (MQTT 8883) -> {"tempIntake": 22.04, "tempExhaust": 32.24, "humedadRack": 40.5, "tsDispositivo": "2026-09-26T02:43:10+00:00"}
[2026-09-25 21:43:40] TX Python SDK azure-iot-device (MQTT 8883) -> {"tempIntake": 22.17, "tempExhaust": 32.89, "humedadRack": 40.51, "tsDispositivo": "2026-09-26T02:43:40+00:00"}
[2026-09-25 21:44:10] TX Python SDK azure-iot-device (MQTT 8883) -> {"tempIntake": 21.82, "tempExhaust": 32.61, "humedadRack": 40.29, "tsDispositivo": "2026-09-26T02:44:10+00:00"}
[2026-09-25 21:44:40] TX Python SDK azure-iot-device (MQTT 8883) -> {"tempIntake": 21.51, "tempExhaust": 31.63, "humedadRack": 41.72, "tsDispositivo": "2026-09-26T02:44:40+00:00"}
[2026-09-25 21:45:11] TX Python SDK azure-iot-device (MQTT 8883) -> {"tempIntake": 21.94, "tempExhaust": 31.75, "humedadRack": 40.73, "tsDispositivo": "2026-09-26T02:45:10+00:00"}
[2026-09-25 21:45:41] TX Python SDK azure-iot-device (MQTT 8883) -> {"tempIntake": 22.06, "tempExhaust": 32.19, "humedadRack": 41.1, "tsDispositivo": "2026-09-26T02:45:41+00:00"}
[2026-09-25 21:46:11] TX Python SDK azure-iot-device (MQTT 8883) -> {"tempIntake": 21.53, "tempExhaust": 31.72, "humedadRack": 42.0, "tsDispositivo": "2026-09-26T02:46:11+00:00"}
[2026-09-25 21:46:41] TX Python SDK azure-iot-device (MQTT 8883) -> {"tempIntake": 21.95, "tempExhaust": 32.32, "humedadRack": 40.09, "tsDispositivo": "2026-09-26T02:46:41+00:00"}
[2026-09-25 21:47:11] TX Python SDK azure-iot-device (MQTT 8883) -> {"tempIntake": 21.79, "tempExhaust": 32.58, "humedadRack": 41.53, "tsDispositivo": "2026-09-26T02:47:11+00:00"}
[2026-09-25 21:47:42] TX Python SDK azure-iot-device (MQTT 8883) -> {"tempIntake": 21.53, "tempExhaust": 31.36, "humedadRack": 41.79, "tsDispositivo": "2026-09-26T02:47:42+00:00"}
[2026-09-25 21:48:12] TX Python SDK azure-iot-device (MQTT 8883) -> {"tempIntake": 22.12, "tempExhaust": 32.21, "humedadRack": 41.49, "tsDispositivo": "2026-09-26T02:48:12+00:00"}
[2026-09-25 21:48:42] TX Python SDK azure-iot-device (MQTT 8883) -> {"tempIntake": 21.92, "tempExhaust": 32.37, "humedadRack": 41.27, "tsDispositivo": "2026-09-26T02:48:42+00:00"}
[2026-09-25 21:49:13] TX Python SDK azure-iot-device (MQTT 8883) -> {"tempIntake": 22.04, "tempExhaust": 32.97, "humedadRack": 41.12, "tsDispositivo": "2026-09-26T02:49:12+00:00"}
[2026-09-25 21:49:43] TX Python SDK azure-iot-device (MQTT 8883) -> {"tempIntake": 21.73, "tempExhaust": 32.68, "humedadRack": 41.3, "tsDispositivo": "2026-09-26T02:49:43+00:00"}
[2026-09-25 21:50:14] TX Python SDK azure-iot-device (MQTT 8883) -> {"tempIntake": 22.07, "tempExhaust": 32.01, "humedadRack": 41.67, "tsDispositivo": "2026-09-26T02:50:13+00:00"}
[2026-09-25 21:50:44] TX Python SDK azure-iot-device (MQTT 8883) -> {"tempIntake": 22.09, "tempExhaust": 32.15, "humedadRack": 40.26, "tsDispositivo": "2026-09-26T02:50:44+00:00"}
[2026-09-25 21:51:16] TX Python SDK azure-iot-device (MQTT 8883) -> {"tempIntake": 21.77, "tempExhaust": 31.77, "humedadRack": 39.81, "tsDispositivo": "2026-09-26T02:51:15+00:00"}
[2026-09-25 21:51:46] TX Python SDK azure-iot-device (MQTT 8883) -> {"tempIntake": 21.92, "tempExhaust": 32.16, "humedadRack": 40.67, "tsDispositivo": "2026-09-26T02:51:46+00:00"}
[2026-09-25 21:52:16] TX Python SDK azure-iot-device (MQTT 8883) -> {"tempIntake": 21.49, "tempExhaust": 32.22, "humedadRack": 40.15, "tsDispositivo": "2026-09-26T02:52:16+00:00"}
[2026-09-25 21:52:49] TX Python SDK azure-iot-device (MQTT 8883) -> {"tempIntake": 21.98, "tempExhaust": 32.76, "humedadRack": 40.24, "tsDispositivo": "2026-09-26T02:52:48+00:00"}
[2026-09-25 21:53:20] TX Python SDK azure-iot-device (MQTT 8883) -> {"tempIntake": 21.88, "tempExhaust": 31.8, "humedadRack": 40.5, "tsDispositivo": "2026-09-26T02:53:19+00:00"}
[2026-09-25 21:53:52] TX Python SDK azure-iot-device (MQTT 8883) -> {"tempIntake": 21.83, "tempExhaust": 31.79, "humedadRack": 41.32, "tsDispositivo": "2026-09-26T02:53:52+00:00"}
[2026-09-25 21:54:22] TX Python SDK azure-iot-device (MQTT 8883) -> {"tempIntake": 21.8, "tempExhaust": 31.83, "humedadRack": 39.84, "tsDispositivo": "2026-09-26T02:54:22+00:00"}
[2026-09-25 21:54:53] TX Python SDK azure-iot-device (MQTT 8883) -> {"tempIntake": 21.71, "tempExhaust": 32.42, "humedadRack": 40.44, "tsDispositivo": "2026-09-26T02:54:52+00:00"}
[2026-09-25 21:55:23] TX Python SDK azure-iot-device (MQTT 8883) -> {"tempIntake": 22.09, "tempExhaust": 32.6, "humedadRack": 40.0, "tsDispositivo": "2026-09-26T02:55:23+00:00"}
[2026-09-25 21:55:54] TX Python SDK azure-iot-device (MQTT 8883) -> {"tempIntake": 21.8, "tempExhaust": 31.76, "humedadRack": 40.28, "tsDispositivo": "2026-09-26T02:55:53+00:00"}
[2026-09-25 21:56:25] TX Python SDK azure-iot-device (MQTT 8883) -> {"tempIntake": 21.6, "tempExhaust": 32.15, "humedadRack": 40.78, "tsDispositivo": "2026-09-26T02:56:25+00:00"}
[2026-09-25 21:56:55] TX Python SDK azure-iot-device (MQTT 8883) -> {"tempIntake": 21.96, "tempExhaust": 32.46, "humedadRack": 41.83, "tsDispositivo": "2026-09-26T02:56:55+00:00"}
[2026-09-25 21:57:26] TX Python SDK azure-iot-device (MQTT 8883) -> {"tempIntake": 21.7, "tempExhaust": 31.85, "humedadRack": 40.61, "tsDispositivo": "2026-09-26T02:57:25+00:00"}
[2026-09-25 21:57:56] TX Python SDK azure-iot-device (MQTT 8883) -> {"tempIntake": 21.88, "tempExhaust": 31.99, "humedadRack": 41.73, "tsDispositivo": "2026-09-26T02:57:56+00:00"}
[2026-09-25 21:58:28] TX Python SDK azure-iot-device (MQTT 8883) -> {"tempIntake": 21.62, "tempExhaust": 32.4, "humedadRack": 41.55, "tsDispositivo": "2026-09-26T02:58:26+00:00"}
[2026-09-25 21:58:59] TX Python SDK azure-iot-device (MQTT 8883) -> {"tempIntake": 21.57, "tempExhaust": 31.56, "humedadRack": 40.9, "tsDispositivo": "2026-09-26T02:58:59+00:00"}
[2026-09-25 21:59:30] TX Python SDK azure-iot-device (MQTT 8883) -> {"tempIntake": 22.09, "tempExhaust": 32.88, "humedadRack": 40.21, "tsDispositivo": "2026-09-26T02:59:29+00:00"}
[2026-09-25 22:00:00] TX Python SDK azure-iot-device (MQTT 8883) -> {"tempIntake": 21.82, "tempExhaust": 32.02, "humedadRack": 41.76, "tsDispositivo": "2026-09-26T03:00:00+00:00"}
[2026-09-25 22:00:30] TX Python SDK azure-iot-device (MQTT 8883) -> {"tempIntake": 21.62, "tempExhaust": 31.96, "humedadRack": 40.3, "tsDispositivo": "2026-09-26T03:00:30+00:00"}
[2026-09-25 22:01:02] TX Python SDK azure-iot-device (MQTT 8883) -> {"tempIntake": 21.57, "tempExhaust": 31.81, "humedadRack": 39.89, "tsDispositivo": "2026-09-26T03:01:00+00:00"}
[2026-09-25 22:01:40] TX Python SDK azure-iot-device (MQTT 8883) -> {"tempIntake": 22.04, "tempExhaust": 32.25, "humedadRack": 40.65, "tsDispositivo": "2026-09-26T03:01:40+00:00"}
[2026-09-25 22:02:11] TX Python SDK azure-iot-device (MQTT 8883) -> {"tempIntake": 21.56, "tempExhaust": 31.52, "humedadRack": 40.81, "tsDispositivo": "2026-09-26T03:02:10+00:00"}
[2026-09-25 22:02:41] TX Python SDK azure-iot-device (MQTT 8883) -> {"tempIntake": 21.58, "tempExhaust": 32.1, "humedadRack": 39.96, "tsDispositivo": "2026-09-26T03:02:41+00:00"}
[2026-09-25 22:03:11] TX Python SDK azure-iot-device (MQTT 8883) -> {"tempIntake": 21.62, "tempExhaust": 31.53, "humedadRack": 40.46, "tsDispositivo": "2026-09-26T03:03:11+00:00"}
[2026-09-25 22:03:41] TX Python SDK azure-iot-device (MQTT 8883) -> {"tempIntake": 21.84, "tempExhaust": 31.75, "humedadRack": 41.09, "tsDispositivo": "2026-09-26T03:03:41+00:00"}
[2026-09-25 22:04:13] TX Python SDK azure-iot-device (MQTT 8883) -> {"tempIntake": 21.82, "tempExhaust": 31.62, "humedadRack": 40.11, "tsDispositivo": "2026-09-26T03:04:11+00:00"}
[2026-09-25 22:04:50] TX Python SDK azure-iot-device (MQTT 8883) -> {"tempIntake": 21.61, "tempExhaust": 31.52, "humedadRack": 41.36, "tsDispositivo": "2026-09-26T03:04:49+00:00"}
[2026-09-25 22:05:20] TX Python SDK azure-iot-device (MQTT 8883) -> {"tempIntake": 22.12, "tempExhaust": 31.93, "humedadRack": 40.16, "tsDispositivo": "2026-09-26T03:05:20+00:00"}
[2026-09-25 22:05:50] TX Python SDK azure-iot-device (MQTT 8883) -> {"tempIntake": 21.72, "tempExhaust": 32.52, "humedadRack": 40.07, "tsDispositivo": "2026-09-26T03:05:50+00:00"}
[2026-09-25 22:06:21] TX Python SDK azure-iot-device (MQTT 8883) -> {"tempIntake": 21.98, "tempExhaust": 32.45, "humedadRack": 40.2, "tsDispositivo": "2026-09-26T03:06:20+00:00"}
[2026-09-25 22:06:51] TX Python SDK azure-iot-device (MQTT 8883) -> {"tempIntake": 21.58, "tempExhaust": 31.78, "humedadRack": 42.15, "tsDispositivo": "2026-09-26T03:06:51+00:00"}
[2026-09-25 22:07:21] TX Python SDK azure-iot-device (MQTT 8883) -> {"tempIntake": 21.53, "tempExhaust": 32.06, "humedadRack": 40.92, "tsDispositivo": "2026-09-26T03:07:21+00:00"}
[2026-09-25 22:07:57] TX Python SDK azure-iot-device (MQTT 8883) -> {"tempIntake": 22.06, "tempExhaust": 32.47, "humedadRack": 41.78, "tsDispositivo": "2026-09-26T03:07:51+00:00"}
[2026-09-25 22:08:44] TX Python SDK azure-iot-device (MQTT 8883) -> {"tempIntake": 21.93, "tempExhaust": 31.94, "humedadRack": 40.08, "tsDispositivo": "2026-09-26T03:08:44+00:00"}
[2026-09-25 22:09:15] TX Python SDK azure-iot-device (MQTT 8883) -> {"tempIntake": 22.14, "tempExhaust": 31.99, "humedadRack": 40.18, "tsDispositivo": "2026-09-26T03:09:14+00:00"}
[2026-09-25 22:09:45] TX Python SDK azure-iot-device (MQTT 8883) -> {"tempIntake": 21.59, "tempExhaust": 32.39, "humedadRack": 40.5, "tsDispositivo": "2026-09-26T03:09:45+00:00"}
[2026-09-25 22:10:15] TX Python SDK azure-iot-device (MQTT 8883) -> {"tempIntake": 21.82, "tempExhaust": 31.67, "humedadRack": 40.11, "tsDispositivo": "2026-09-26T03:10:15+00:00"}
[2026-09-25 22:10:45] TX Python SDK azure-iot-device (MQTT 8883) -> {"tempIntake": 21.62, "tempExhaust": 31.4, "humedadRack": 41.29, "tsDispositivo": "2026-09-26T03:10:45+00:00"}
[2026-09-25 22:11:16] TX Python SDK azure-iot-device (MQTT 8883) -> {"tempIntake": 21.92, "tempExhaust": 32.71, "humedadRack": 41.36, "tsDispositivo": "2026-09-26T03:11:15+00:00"}
[2026-09-25 22:11:46] TX Python SDK azure-iot-device (MQTT 8883) -> {"tempIntake": 21.97, "tempExhaust": 31.88, "humedadRack": 40.1, "tsDispositivo": "2026-09-26T03:11:46+00:00"}
[2026-09-25 22:12:16] TX Python SDK azure-iot-device (MQTT 8883) -> {"tempIntake": 22.05, "tempExhaust": 32.73, "humedadRack": 39.88, "tsDispositivo": "2026-09-26T03:12:16+00:00"}
[2026-09-25 22:12:46] TX Python SDK azure-iot-device (MQTT 8883) -> {"tempIntake": 21.68, "tempExhaust": 32.5, "humedadRack": 40.81, "tsDispositivo": "2026-09-26T03:12:46+00:00"}
[2026-09-25 22:13:16] TX Python SDK azure-iot-device (MQTT 8883) -> {"tempIntake": 22.09, "tempExhaust": 31.75, "humedadRack": 40.88, "tsDispositivo": "2026-09-26T03:13:16+00:00"}
[2026-09-25 22:13:47] TX Python SDK azure-iot-device (MQTT 8883) -> {"tempIntake": 21.8, "tempExhaust": 32.12, "humedadRack": 40.16, "tsDispositivo": "2026-09-26T03:13:46+00:00"}
[2026-09-25 22:14:17] TX Python SDK azure-iot-device (MQTT 8883) -> {"tempIntake": 21.88, "tempExhaust": 31.9, "humedadRack": 42.05, "tsDispositivo": "2026-09-26T03:14:17+00:00"}
[2026-09-25 22:14:50] TX Python SDK azure-iot-device (MQTT 8883) -> {"tempIntake": 21.97, "tempExhaust": 31.85, "humedadRack": 40.09, "tsDispositivo": "2026-09-26T03:14:47+00:00"}
[2026-09-25 22:15:36] TX Python SDK azure-iot-device (MQTT 8883) -> {"tempIntake": 21.77, "tempExhaust": 32.64, "humedadRack": 40.63, "tsDispositivo": "2026-09-26T03:15:36+00:00"}
[2026-09-25 22:16:06] TX Python SDK azure-iot-device (MQTT 8883) -> {"tempIntake": 21.64, "tempExhaust": 31.86, "humedadRack": 41.29, "tsDispositivo": "2026-09-26T03:16:06+00:00"}
[2026-09-25 22:16:36] TX Python SDK azure-iot-device (MQTT 8883) -> {"tempIntake": 21.95, "tempExhaust": 32.59, "humedadRack": 41.99, "tsDispositivo": "2026-09-26T03:16:36+00:00"}
[2026-09-25 22:17:06] TX Python SDK azure-iot-device (MQTT 8883) -> {"tempIntake": 21.7, "tempExhaust": 32.35, "humedadRack": 41.58, "tsDispositivo": "2026-09-26T03:17:06+00:00"}
[2026-09-25 22:17:37] TX Python SDK azure-iot-device (MQTT 8883) -> {"tempIntake": 21.76, "tempExhaust": 32.47, "humedadRack": 41.27, "tsDispositivo": "2026-09-26T03:17:36+00:00"}
[2026-09-25 22:18:07] TX Python SDK azure-iot-device (MQTT 8883) -> {"tempIntake": 21.89, "tempExhaust": 32.72, "humedadRack": 41.89, "tsDispositivo": "2026-09-26T03:18:07+00:00"}
[2026-09-25 22:18:37] TX Python SDK azure-iot-device (MQTT 8883) -> {"tempIntake": 21.5, "tempExhaust": 32.33, "humedadRack": 41.28, "tsDispositivo": "2026-09-26T03:18:37+00:00"}
[2026-09-25 22:19:07] TX Python SDK azure-iot-device (MQTT 8883) -> {"tempIntake": 21.51, "tempExhaust": 31.53, "humedadRack": 40.53, "tsDispositivo": "2026-09-26T03:19:07+00:00"}
[2026-09-25 22:19:38] TX Python SDK azure-iot-device (MQTT 8883) -> {"tempIntake": 21.51, "tempExhaust": 32.13, "humedadRack": 41.28, "tsDispositivo": "2026-09-26T03:19:37+00:00"}
[2026-09-25 22:20:08] TX Python SDK azure-iot-device (MQTT 8883) -> {"tempIntake": 21.87, "tempExhaust": 32.48, "humedadRack": 40.91, "tsDispositivo": "2026-09-26T03:20:08+00:00"}
[2026-09-25 22:20:38] TX Python SDK azure-iot-device (MQTT 8883) -> {"tempIntake": 21.58, "tempExhaust": 32.31, "humedadRack": 40.61, "tsDispositivo": "2026-09-26T03:20:38+00:00"}
[2026-09-25 22:21:08] TX Python SDK azure-iot-device (MQTT 8883) -> {"tempIntake": 21.99, "tempExhaust": 32.08, "humedadRack": 42.16, "tsDispositivo": "2026-09-26T03:21:08+00:00"}
[2026-09-25 22:21:38] TX Python SDK azure-iot-device (MQTT 8883) -> {"tempIntake": 21.95, "tempExhaust": 31.99, "humedadRack": 40.69, "tsDispositivo": "2026-09-26T03:21:38+00:00"}
[2026-09-25 22:22:09] TX Python SDK azure-iot-device (MQTT 8883) -> {"tempIntake": 21.42, "tempExhaust": 31.22, "humedadRack": 41.05, "tsDispositivo": "2026-09-26T03:22:08+00:00"}
[2026-09-25 22:22:39] TX Python SDK azure-iot-device (MQTT 8883) -> {"tempIntake": 21.82, "tempExhaust": 31.6, "humedadRack": 42.18, "tsDispositivo": "2026-09-26T03:22:39+00:00"}
[2026-09-25 22:23:09] TX Python SDK azure-iot-device (MQTT 8883) -> {"tempIntake": 21.97, "tempExhaust": 32.2, "humedadRack": 41.55, "tsDispositivo": "2026-09-26T03:23:09+00:00"}
[2026-09-25 22:23:39] TX Python SDK azure-iot-device (MQTT 8883) -> {"tempIntake": 21.86, "tempExhaust": 31.71, "humedadRack": 40.45, "tsDispositivo": "2026-09-26T03:23:39+00:00"}
[2026-09-25 22:24:09] TX Python SDK azure-iot-device (MQTT 8883) -> {"tempIntake": 21.47, "tempExhaust": 32.18, "humedadRack": 41.84, "tsDispositivo": "2026-09-26T03:24:09+00:00"}
[2026-09-25 22:24:40] TX Python SDK azure-iot-device (MQTT 8883) -> {"tempIntake": 22.08, "tempExhaust": 32.0, "humedadRack": 41.14, "tsDispositivo": "2026-09-26T03:24:39+00:00"}
[2026-09-25 22:25:10] TX Python SDK azure-iot-device (MQTT 8883) -> {"tempIntake": 21.94, "tempExhaust": 32.74, "humedadRack": 41.5, "tsDispositivo": "2026-09-26T03:25:10+00:00"}
[2026-09-25 22:25:40] TX Python SDK azure-iot-device (MQTT 8883) -> {"tempIntake": 21.91, "tempExhaust": 32.6, "humedadRack": 40.71, "tsDispositivo": "2026-09-26T03:25:40+00:00"}
[2026-09-25 22:26:10] TX Python SDK azure-iot-device (MQTT 8883) -> {"tempIntake": 21.96, "tempExhaust": 32.45, "humedadRack": 40.2, "tsDispositivo": "2026-09-26T03:26:10+00:00"}
[2026-09-25 22:26:40] TX Python SDK azure-iot-device (MQTT 8883) -> {"tempIntake": 21.44, "tempExhaust": 31.64, "humedadRack": 41.44, "tsDispositivo": "2026-09-26T03:26:40+00:00"}
[2026-09-25 22:27:11] TX Python SDK azure-iot-device (MQTT 8883) -> {"tempIntake": 21.66, "tempExhaust": 32.34, "humedadRack": 40.0, "tsDispositivo": "2026-09-26T03:27:10+00:00"}
[2026-09-25 22:27:41] TX Python SDK azure-iot-device (MQTT 8883) -> {"tempIntake": 21.68, "tempExhaust": 31.46, "humedadRack": 40.91, "tsDispositivo": "2026-09-26T03:27:41+00:00"}
[2026-09-25 22:28:11] TX Python SDK azure-iot-device (MQTT 8883) -> {"tempIntake": 22.0, "tempExhaust": 31.74, "humedadRack": 40.28, "tsDispositivo": "2026-09-26T03:28:11+00:00"}
[2026-09-25 22:28:41] TX Python SDK azure-iot-device (MQTT 8883) -> {"tempIntake": 21.81, "tempExhaust": 31.83, "humedadRack": 40.44, "tsDispositivo": "2026-09-26T03:28:41+00:00"}
[2026-09-25 22:29:12] TX Python SDK azure-iot-device (MQTT 8883) -> {"tempIntake": 21.67, "tempExhaust": 32.18, "humedadRack": 41.62, "tsDispositivo": "2026-09-26T03:29:11+00:00"}
[2026-09-25 22:29:42] TX Python SDK azure-iot-device (MQTT 8883) -> {"tempIntake": 22.03, "tempExhaust": 32.46, "humedadRack": 40.44, "tsDispositivo": "2026-09-26T03:29:42+00:00"}
[2026-09-25 22:30:12] TX Python SDK azure-iot-device (MQTT 8883) -> {"tempIntake": 22.03, "tempExhaust": 32.86, "humedadRack": 41.35, "tsDispositivo": "2026-09-26T03:30:12+00:00"}
[2026-09-25 22:30:42] TX Python SDK azure-iot-device (MQTT 8883) -> {"tempIntake": 21.74, "tempExhaust": 32.04, "humedadRack": 40.66, "tsDispositivo": "2026-09-26T03:30:42+00:00"}
[2026-09-25 22:31:12] TX Python SDK azure-iot-device (MQTT 8883) -> {"tempIntake": 22.12, "tempExhaust": 31.98, "humedadRack": 41.16, "tsDispositivo": "2026-09-26T03:31:12+00:00"}
[2026-09-25 22:31:43] TX Python SDK azure-iot-device (MQTT 8883) -> {"tempIntake": 21.65, "tempExhaust": 32.16, "humedadRack": 41.07, "tsDispositivo": "2026-09-26T03:31:42+00:00"}
[2026-09-25 22:32:13] TX Python SDK azure-iot-device (MQTT 8883) -> {"tempIntake": 21.74, "tempExhaust": 31.61, "humedadRack": 40.06, "tsDispositivo": "2026-09-26T03:32:13+00:00"}
[2026-09-25 22:32:43] TX Python SDK azure-iot-device (MQTT 8883) -> {"tempIntake": 21.69, "tempExhaust": 31.93, "humedadRack": 42.18, "tsDispositivo": "2026-09-26T03:32:43+00:00"}
[2026-09-25 22:33:13] TX Python SDK azure-iot-device (MQTT 8883) -> {"tempIntake": 21.73, "tempExhaust": 32.12, "humedadRack": 40.01, "tsDispositivo": "2026-09-26T03:33:13+00:00"}
[2026-09-25 22:33:43] TX Python SDK azure-iot-device (MQTT 8883) -> {"tempIntake": 21.95, "tempExhaust": 31.89, "humedadRack": 41.26, "tsDispositivo": "2026-09-26T03:33:43+00:00"}
[2026-09-25 22:34:14] TX Python SDK azure-iot-device (MQTT 8883) -> {"tempIntake": 21.42, "tempExhaust": 31.27, "humedadRack": 41.99, "tsDispositivo": "2026-09-26T03:34:13+00:00"}
[2026-09-25 22:34:44] TX Python SDK azure-iot-device (MQTT 8883) -> {"tempIntake": 21.51, "tempExhaust": 31.26, "humedadRack": 42.13, "tsDispositivo": "2026-09-26T03:34:44+00:00"}
[2026-09-25 22:35:14] TX Python SDK azure-iot-device (MQTT 8883) -> {"tempIntake": 21.85, "tempExhaust": 31.53, "humedadRack": 41.41, "tsDispositivo": "2026-09-26T03:35:14+00:00"}
[2026-09-25 22:35:44] TX Python SDK azure-iot-device (MQTT 8883) -> {"tempIntake": 22.04, "tempExhaust": 32.25, "humedadRack": 41.54, "tsDispositivo": "2026-09-26T03:35:44+00:00"}
[2026-09-25 22:36:14] TX Python SDK azure-iot-device (MQTT 8883) -> {"tempIntake": 22.02, "tempExhaust": 32.1, "humedadRack": 40.21, "tsDispositivo": "2026-09-26T03:36:14+00:00"}
[2026-09-25 22:36:44] TX Python SDK azure-iot-device (MQTT 8883) -> {"tempIntake": 21.66, "tempExhaust": 32.17, "humedadRack": 39.9, "tsDispositivo": "2026-09-26T03:36:44+00:00"}
[2026-09-25 22:37:15] TX Python SDK azure-iot-device (MQTT 8883) -> {"tempIntake": 21.71, "tempExhaust": 32.2, "humedadRack": 41.25, "tsDispositivo": "2026-09-26T03:37:14+00:00"}
[2026-09-25 22:37:45] TX Python SDK azure-iot-device (MQTT 8883) -> {"tempIntake": 21.58, "tempExhaust": 31.58, "humedadRack": 41.9, "tsDispositivo": "2026-09-26T03:37:45+00:00"}
[2026-09-25 22:38:15] TX Python SDK azure-iot-device (MQTT 8883) -> {"tempIntake": 21.97, "tempExhaust": 32.54, "humedadRack": 41.51, "tsDispositivo": "2026-09-26T03:38:15+00:00"}
[2026-09-25 22:38:45] TX Python SDK azure-iot-device (MQTT 8883) -> {"tempIntake": 21.96, "tempExhaust": 32.89, "humedadRack": 41.15, "tsDispositivo": "2026-09-26T03:38:45+00:00"}
[2026-09-25 22:39:15] TX Python SDK azure-iot-device (MQTT 8883) -> {"tempIntake": 21.58, "tempExhaust": 32.36, "humedadRack": 42.28, "tsDispositivo": "2026-09-26T03:39:15+00:00"}
[2026-09-25 22:39:46] TX Python SDK azure-iot-device (MQTT 8883) -> {"tempIntake": 21.44, "tempExhaust": 31.8, "humedadRack": 39.98, "tsDispositivo": "2026-09-26T03:39:45+00:00"}
[2026-09-25 22:40:16] TX Python SDK azure-iot-device (MQTT 8883) -> {"tempIntake": 21.41, "tempExhaust": 31.69, "humedadRack": 41.28, "tsDispositivo": "2026-09-26T03:40:16+00:00"}
[2026-09-25 22:40:46] TX Python SDK azure-iot-device (MQTT 8883) -> {"tempIntake": 21.75, "tempExhaust": 32.38, "humedadRack": 41.75, "tsDispositivo": "2026-09-26T03:40:46+00:00"}
[2026-09-25 22:41:16] TX Python SDK azure-iot-device (MQTT 8883) -> {"tempIntake": 21.77, "tempExhaust": 32.09, "humedadRack": 41.32, "tsDispositivo": "2026-09-26T03:41:16+00:00"}
[2026-09-25 22:41:47] TX Python SDK azure-iot-device (MQTT 8883) -> {"tempIntake": 21.87, "tempExhaust": 32.05, "humedadRack": 41.65, "tsDispositivo": "2026-09-26T03:41:46+00:00"}
[2026-09-25 22:42:17] TX Python SDK azure-iot-device (MQTT 8883) -> {"tempIntake": 21.96, "tempExhaust": 31.87, "humedadRack": 41.49, "tsDispositivo": "2026-09-26T03:42:17+00:00"}
[2026-09-25 22:42:47] TX Python SDK azure-iot-device (MQTT 8883) -> {"tempIntake": 21.7, "tempExhaust": 31.53, "humedadRack": 40.35, "tsDispositivo": "2026-09-26T03:42:47+00:00"}
[2026-09-25 22:43:17] TX Python SDK azure-iot-device (MQTT 8883) -> {"tempIntake": 21.87, "tempExhaust": 32.59, "humedadRack": 40.02, "tsDispositivo": "2026-09-26T03:43:17+00:00"}
[2026-09-25 22:43:47] TX Python SDK azure-iot-device (MQTT 8883) -> {"tempIntake": 21.92, "tempExhaust": 32.56, "humedadRack": 40.57, "tsDispositivo": "2026-09-26T03:43:47+00:00"}
[2026-09-25 22:44:18] TX Python SDK azure-iot-device (MQTT 8883) -> {"tempIntake": 21.92, "tempExhaust": 32.34, "humedadRack": 41.62, "tsDispositivo": "2026-09-26T03:44:17+00:00"}
[2026-09-25 22:44:48] TX Python SDK azure-iot-device (MQTT 8883) -> {"tempIntake": 22.07, "tempExhaust": 31.86, "humedadRack": 41.06, "tsDispositivo": "2026-09-26T03:44:48+00:00"}
[2026-09-25 22:45:18] TX Python SDK azure-iot-device (MQTT 8883) -> {"tempIntake": 21.69, "tempExhaust": 32.02, "humedadRack": 41.34, "tsDispositivo": "2026-09-26T03:45:18+00:00"}
[2026-09-25 22:45:48] TX Python SDK azure-iot-device (MQTT 8883) -> {"tempIntake": 21.49, "tempExhaust": 31.21, "humedadRack": 41.52, "tsDispositivo": "2026-09-26T03:45:48+00:00"}
[2026-09-25 22:46:18] TX Python SDK azure-iot-device (MQTT 8883) -> {"tempIntake": 21.72, "tempExhaust": 31.38, "humedadRack": 40.34, "tsDispositivo": "2026-09-26T03:46:18+00:00"}
[2026-09-25 22:46:49] TX Python SDK azure-iot-device (MQTT 8883) -> {"tempIntake": 22.1, "tempExhaust": 32.11, "humedadRack": 42.07, "tsDispositivo": "2026-09-26T03:46:48+00:00"}
[2026-09-25 22:47:19] TX Python SDK azure-iot-device (MQTT 8883) -> {"tempIntake": 21.8, "tempExhaust": 32.07, "humedadRack": 42.3, "tsDispositivo": "2026-09-26T03:47:19+00:00"}
[2026-09-25 22:47:49] TX Python SDK azure-iot-device (MQTT 8883) -> {"tempIntake": 21.96, "tempExhaust": 32.78, "humedadRack": 41.94, "tsDispositivo": "2026-09-26T03:47:49+00:00"}
[2026-09-25 22:48:19] TX Python SDK azure-iot-device (MQTT 8883) -> {"tempIntake": 22.05, "tempExhaust": 32.48, "humedadRack": 40.88, "tsDispositivo": "2026-09-26T03:48:19+00:00"}
[2026-09-25 22:48:49] TX Python SDK azure-iot-device (MQTT 8883) -> {"tempIntake": 21.62, "tempExhaust": 31.52, "humedadRack": 41.97, "tsDispositivo": "2026-09-26T03:48:49+00:00"}
[2026-09-25 22:49:20] TX Python SDK azure-iot-device (MQTT 8883) -> {"tempIntake": 21.82, "tempExhaust": 31.92, "humedadRack": 39.98, "tsDispositivo": "2026-09-26T03:49:19+00:00"}
[2026-09-25 22:49:50] TX Python SDK azure-iot-device (MQTT 8883) -> {"tempIntake": 21.57, "tempExhaust": 31.49, "humedadRack": 42.2, "tsDispositivo": "2026-09-26T03:49:50+00:00"}
[2026-09-25 22:50:20] TX Python SDK azure-iot-device (MQTT 8883) -> {"tempIntake": 21.69, "tempExhaust": 32.44, "humedadRack": 42.32, "tsDispositivo": "2026-09-26T03:50:20+00:00"}
[2026-09-25 22:50:50] TX Python SDK azure-iot-device (MQTT 8883) -> {"tempIntake": 21.58, "tempExhaust": 32.32, "humedadRack": 40.93, "tsDispositivo": "2026-09-26T03:50:50+00:00"}
[2026-09-25 22:51:20] TX Python SDK azure-iot-device (MQTT 8883) -> {"tempIntake": 21.89, "tempExhaust": 32.11, "humedadRack": 40.28, "tsDispositivo": "2026-09-26T03:51:20+00:00"}
[2026-09-25 22:51:51] TX Python SDK azure-iot-device (MQTT 8883) -> {"tempIntake": 21.98, "tempExhaust": 32.85, "humedadRack": 41.17, "tsDispositivo": "2026-09-26T03:51:50+00:00"}
[2026-09-25 22:52:21] TX Python SDK azure-iot-device (MQTT 8883) -> {"tempIntake": 21.42, "tempExhaust": 31.21, "humedadRack": 40.95, "tsDispositivo": "2026-09-26T03:52:21+00:00"}
[2026-09-25 22:52:51] TX Python SDK azure-iot-device (MQTT 8883) -> {"tempIntake": 21.98, "tempExhaust": 31.69, "humedadRack": 42.18, "tsDispositivo": "2026-09-26T03:52:51+00:00"}
[2026-09-25 22:53:21] TX Python SDK azure-iot-device (MQTT 8883) -> {"tempIntake": 21.69, "tempExhaust": 31.91, "humedadRack": 40.85, "tsDispositivo": "2026-09-26T03:53:21+00:00"}
[2026-09-25 22:53:51] TX Python SDK azure-iot-device (MQTT 8883) -> {"tempIntake": 21.62, "tempExhaust": 31.45, "humedadRack": 40.97, "tsDispositivo": "2026-09-26T03:53:51+00:00"}
[2026-09-25 22:54:22] TX Python SDK azure-iot-device (MQTT 8883) -> {"tempIntake": 21.9, "tempExhaust": 32.57, "humedadRack": 40.26, "tsDispositivo": "2026-09-26T03:54:21+00:00"}
[2026-09-25 22:54:52] TX Python SDK azure-iot-device (MQTT 8883) -> {"tempIntake": 21.64, "tempExhaust": 32.32, "humedadRack": 40.12, "tsDispositivo": "2026-09-26T03:54:52+00:00"}
[2026-09-25 22:55:22] TX Python SDK azure-iot-device (MQTT 8883) -> {"tempIntake": 21.95, "tempExhaust": 32.81, "humedadRack": 41.39, "tsDispositivo": "2026-09-26T03:55:22+00:00"}
[2026-09-25 22:55:52] TX Python SDK azure-iot-device (MQTT 8883) -> {"tempIntake": 21.78, "tempExhaust": 32.38, "humedadRack": 41.52, "tsDispositivo": "2026-09-26T03:55:52+00:00"}
[2026-09-25 22:56:22] TX Python SDK azure-iot-device (MQTT 8883) -> {"tempIntake": 21.69, "tempExhaust": 31.75, "humedadRack": 40.8, "tsDispositivo": "2026-09-26T03:56:22+00:00"}
[2026-09-25 22:56:53] TX Python SDK azure-iot-device (MQTT 8883) -> {"tempIntake": 21.78, "tempExhaust": 32.13, "humedadRack": 41.31, "tsDispositivo": "2026-09-26T03:56:52+00:00"}
[2026-09-25 22:57:23] TX Python SDK azure-iot-device (MQTT 8883) -> {"tempIntake": 21.56, "tempExhaust": 32.44, "humedadRack": 40.56, "tsDispositivo": "2026-09-26T03:57:23+00:00"}
[2026-09-25 22:57:53] TX Python SDK azure-iot-device (MQTT 8883) -> {"tempIntake": 21.53, "tempExhaust": 31.29, "humedadRack": 41.65, "tsDispositivo": "2026-09-26T03:57:53+00:00"}
[2026-09-25 22:58:23] TX Python SDK azure-iot-device (MQTT 8883) -> {"tempIntake": 21.98, "tempExhaust": 31.98, "humedadRack": 41.14, "tsDispositivo": "2026-09-26T03:58:23+00:00"}
[2026-09-25 22:58:54] TX Python SDK azure-iot-device (MQTT 8883) -> {"tempIntake": 21.37, "tempExhaust": 30.95, "humedadRack": 42.21, "tsDispositivo": "2026-09-26T03:58:53+00:00"}
[2026-09-25 22:59:24] TX Python SDK azure-iot-device (MQTT 8883) -> {"tempIntake": 21.8, "tempExhaust": 32.05, "humedadRack": 41.49, "tsDispositivo": "2026-09-26T03:59:24+00:00"}
[2026-09-25 22:59:54] TX Python SDK azure-iot-device (MQTT 8883) -> {"tempIntake": 21.61, "tempExhaust": 32.21, "humedadRack": 40.15, "tsDispositivo": "2026-09-26T03:59:54+00:00"}
[2026-09-25 23:00:24] TX Python SDK azure-iot-device (MQTT 8883) -> {"tempIntake": 21.85, "tempExhaust": 32.21, "humedadRack": 40.65, "tsDispositivo": "2026-09-26T04:00:24+00:00"}
[2026-09-25 23:00:54] TX Python SDK azure-iot-device (MQTT 8883) -> {"tempIntake": 21.44, "tempExhaust": 31.26, "humedadRack": 42.27, "tsDispositivo": "2026-09-26T04:00:54+00:00"}
[2026-09-25 23:01:24] TX Python SDK azure-iot-device (MQTT 8883) -> {"tempIntake": 22.01, "tempExhaust": 31.88, "humedadRack": 42.34, "tsDispositivo": "2026-09-26T04:01:24+00:00"}
[2026-09-25 23:01:55] TX Python SDK azure-iot-device (MQTT 8883) -> {"tempIntake": 22.06, "tempExhaust": 31.72, "humedadRack": 40.83, "tsDispositivo": "2026-09-26T04:01:54+00:00"}
[2026-09-25 23:02:25] TX Python SDK azure-iot-device (MQTT 8883) -> {"tempIntake": 21.9, "tempExhaust": 32.16, "humedadRack": 41.69, "tsDispositivo": "2026-09-26T04:02:25+00:00"}
[2026-09-25 23:02:55] TX Python SDK azure-iot-device (MQTT 8883) -> {"tempIntake": 21.67, "tempExhaust": 31.37, "humedadRack": 42.18, "tsDispositivo": "2026-09-26T04:02:55+00:00"}
[2026-09-25 23:03:25] TX Python SDK azure-iot-device (MQTT 8883) -> {"tempIntake": 21.81, "tempExhaust": 32.28, "humedadRack": 41.11, "tsDispositivo": "2026-09-26T04:03:25+00:00"}
[2026-09-25 23:03:55] TX Python SDK azure-iot-device (MQTT 8883) -> {"tempIntake": 21.68, "tempExhaust": 32.19, "humedadRack": 42.25, "tsDispositivo": "2026-09-26T04:03:55+00:00"}
[2026-09-25 23:04:26] TX Python SDK azure-iot-device (MQTT 8883) -> {"tempIntake": 21.7, "tempExhaust": 32.33, "humedadRack": 41.83, "tsDispositivo": "2026-09-26T04:04:25+00:00"}
[2026-09-25 23:04:56] TX Python SDK azure-iot-device (MQTT 8883) -> {"tempIntake": 22.0, "tempExhaust": 32.52, "humedadRack": 40.2, "tsDispositivo": "2026-09-26T04:04:56+00:00"}
[2026-09-25 23:05:26] TX Python SDK azure-iot-device (MQTT 8883) -> {"tempIntake": 21.61, "tempExhaust": 31.93, "humedadRack": 40.56, "tsDispositivo": "2026-09-26T04:05:26+00:00"}
[2026-09-25 23:05:56] TX Python SDK azure-iot-device (MQTT 8883) -> {"tempIntake": 21.83, "tempExhaust": 31.94, "humedadRack": 40.32, "tsDispositivo": "2026-09-26T04:05:56+00:00"}
[2026-09-25 23:06:27] TX Python SDK azure-iot-device (MQTT 8883) -> {"tempIntake": 21.73, "tempExhaust": 32.04, "humedadRack": 40.19, "tsDispositivo": "2026-09-26T04:06:26+00:00"}
[2026-09-25 23:06:57] TX Python SDK azure-iot-device (MQTT 8883) -> {"tempIntake": 21.93, "tempExhaust": 32.23, "humedadRack": 42.18, "tsDispositivo": "2026-09-26T04:06:57+00:00"}
[2026-09-25 23:07:27] TX Python SDK azure-iot-device (MQTT 8883) -> {"tempIntake": 21.82, "tempExhaust": 31.51, "humedadRack": 42.27, "tsDispositivo": "2026-09-26T04:07:27+00:00"}
[2026-09-25 23:07:57] TX Python SDK azure-iot-device (MQTT 8883) -> {"tempIntake": 21.73, "tempExhaust": 31.83, "humedadRack": 40.19, "tsDispositivo": "2026-09-26T04:07:57+00:00"}
[2026-09-25 23:08:27] TX Python SDK azure-iot-device (MQTT 8883) -> {"tempIntake": 21.81, "tempExhaust": 32.41, "humedadRack": 40.19, "tsDispositivo": "2026-09-26T04:08:27+00:00"}
[2026-09-25 23:08:58] TX Python SDK azure-iot-device (MQTT 8883) -> {"tempIntake": 21.98, "tempExhaust": 31.99, "humedadRack": 42.12, "tsDispositivo": "2026-09-26T04:08:57+00:00"}
[2026-09-25 23:09:28] TX Python SDK azure-iot-device (MQTT 8883) -> {"tempIntake": 21.43, "tempExhaust": 31.56, "humedadRack": 40.41, "tsDispositivo": "2026-09-26T04:09:28+00:00"}
[2026-09-25 23:09:58] TX Python SDK azure-iot-device (MQTT 8883) -> {"tempIntake": 21.78, "tempExhaust": 31.69, "humedadRack": 42.36, "tsDispositivo": "2026-09-26T04:09:58+00:00"}
[2026-09-25 23:10:28] TX Python SDK azure-iot-device (MQTT 8883) -> {"tempIntake": 21.67, "tempExhaust": 31.82, "humedadRack": 42.44, "tsDispositivo": "2026-09-26T04:10:28+00:00"}
[2026-09-25 23:10:58] TX Python SDK azure-iot-device (MQTT 8883) -> {"tempIntake": 22.03, "tempExhaust": 31.88, "humedadRack": 40.89, "tsDispositivo": "2026-09-26T04:10:58+00:00"}
[2026-09-25 23:11:29] TX Python SDK azure-iot-device (MQTT 8883) -> {"tempIntake": 21.65, "tempExhaust": 31.76, "humedadRack": 41.54, "tsDispositivo": "2026-09-26T04:11:28+00:00"}
[2026-09-25 23:11:59] TX Python SDK azure-iot-device (MQTT 8883) -> {"tempIntake": 21.77, "tempExhaust": 32.08, "humedadRack": 41.74, "tsDispositivo": "2026-09-26T04:11:59+00:00"}
[2026-09-25 23:12:29] TX Python SDK azure-iot-device (MQTT 8883) -> {"tempIntake": 21.78, "tempExhaust": 31.81, "humedadRack": 42.11, "tsDispositivo": "2026-09-26T04:12:29+00:00"}
[2026-09-25 23:12:59] TX Python SDK azure-iot-device (MQTT 8883) -> {"tempIntake": 21.75, "tempExhaust": 31.87, "humedadRack": 42.08, "tsDispositivo": "2026-09-26T04:12:59+00:00"}
[2026-09-25 23:13:29] TX Python SDK azure-iot-device (MQTT 8883) -> {"tempIntake": 21.51, "tempExhaust": 31.44, "humedadRack": 42.07, "tsDispositivo": "2026-09-26T04:13:29+00:00"}
[2026-09-25 23:14:00] TX Python SDK azure-iot-device (MQTT 8883) -> {"tempIntake": 22.04, "tempExhaust": 32.76, "humedadRack": 41.99, "tsDispositivo": "2026-09-26T04:13:59+00:00"}
[2026-09-25 23:14:30] TX Python SDK azure-iot-device (MQTT 8883) -> {"tempIntake": 21.69, "tempExhaust": 31.37, "humedadRack": 41.17, "tsDispositivo": "2026-09-26T04:14:30+00:00"}
[2026-09-25 23:15:00] TX Python SDK azure-iot-device (MQTT 8883) -> {"tempIntake": 21.97, "tempExhaust": 32.29, "humedadRack": 41.2, "tsDispositivo": "2026-09-26T04:15:00+00:00"}
[2026-09-25 23:15:30] TX Python SDK azure-iot-device (MQTT 8883) -> {"tempIntake": 21.93, "tempExhaust": 32.33, "humedadRack": 42.38, "tsDispositivo": "2026-09-26T04:15:30+00:00"}
[2026-09-25 23:16:00] TX Python SDK azure-iot-device (MQTT 8883) -> {"tempIntake": 21.72, "tempExhaust": 32.51, "humedadRack": 41.51, "tsDispositivo": "2026-09-26T04:16:00+00:00"}
[2026-09-25 23:16:31] TX Python SDK azure-iot-device (MQTT 8883) -> {"tempIntake": 21.56, "tempExhaust": 31.89, "humedadRack": 41.34, "tsDispositivo": "2026-09-26T04:16:30+00:00"}
[2026-09-25 23:17:01] TX Python SDK azure-iot-device (MQTT 8883) -> {"tempIntake": 21.36, "tempExhaust": 30.88, "humedadRack": 40.47, "tsDispositivo": "2026-09-26T04:17:01+00:00"}
[2026-09-25 23:17:31] TX Python SDK azure-iot-device (MQTT 8883) -> {"tempIntake": 22.04, "tempExhaust": 31.94, "humedadRack": 41.63, "tsDispositivo": "2026-09-26T04:17:31+00:00"}
[2026-09-25 23:18:01] TX Python SDK azure-iot-device (MQTT 8883) -> {"tempIntake": 22.05, "tempExhaust": 32.48, "humedadRack": 41.7, "tsDispositivo": "2026-09-26T04:18:01+00:00"}
[2026-09-25 23:18:32] TX Python SDK azure-iot-device (MQTT 8883) -> {"tempIntake": 21.4, "tempExhaust": 31.7, "humedadRack": 40.19, "tsDispositivo": "2026-09-26T04:18:31+00:00"}
[2026-09-25 23:19:02] TX Python SDK azure-iot-device (MQTT 8883) -> {"tempIntake": 21.55, "tempExhaust": 31.33, "humedadRack": 40.2, "tsDispositivo": "2026-09-26T04:19:02+00:00"}
[2026-09-25 23:19:32] TX Python SDK azure-iot-device (MQTT 8883) -> {"tempIntake": 21.97, "tempExhaust": 32.67, "humedadRack": 40.57, "tsDispositivo": "2026-09-26T04:19:32+00:00"}
[2026-09-25 23:20:02] TX Python SDK azure-iot-device (MQTT 8883) -> {"tempIntake": 21.66, "tempExhaust": 31.78, "humedadRack": 41.32, "tsDispositivo": "2026-09-26T04:20:02+00:00"}
[2026-09-25 23:20:32] TX Python SDK azure-iot-device (MQTT 8883) -> {"tempIntake": 21.9, "tempExhaust": 32.62, "humedadRack": 40.88, "tsDispositivo": "2026-09-26T04:20:32+00:00"}
[2026-09-25 23:21:03] TX Python SDK azure-iot-device (MQTT 8883) -> {"tempIntake": 21.86, "tempExhaust": 31.61, "humedadRack": 40.97, "tsDispositivo": "2026-09-26T04:21:02+00:00"}
[2026-09-25 23:21:33] TX Python SDK azure-iot-device (MQTT 8883) -> {"tempIntake": 22.04, "tempExhaust": 32.43, "humedadRack": 41.97, "tsDispositivo": "2026-09-26T04:21:33+00:00"}
[2026-09-25 23:22:03] TX Python SDK azure-iot-device (MQTT 8883) -> {"tempIntake": 21.56, "tempExhaust": 31.2, "humedadRack": 40.32, "tsDispositivo": "2026-09-26T04:22:03+00:00"}
[2026-09-25 23:22:33] TX Python SDK azure-iot-device (MQTT 8883) -> {"tempIntake": 22.01, "tempExhaust": 31.96, "humedadRack": 42.43, "tsDispositivo": "2026-09-26T04:22:33+00:00"}
[2026-09-25 23:23:03] TX Python SDK azure-iot-device (MQTT 8883) -> {"tempIntake": 21.77, "tempExhaust": 31.46, "humedadRack": 40.3, "tsDispositivo": "2026-09-26T04:23:03+00:00"}
[2026-09-25 23:23:34] TX Python SDK azure-iot-device (MQTT 8883) -> {"tempIntake": 21.98, "tempExhaust": 32.35, "humedadRack": 41.49, "tsDispositivo": "2026-09-26T04:23:33+00:00"}
[2026-09-25 23:24:04] TX Python SDK azure-iot-device (MQTT 8883) -> {"tempIntake": 21.53, "tempExhaust": 31.74, "humedadRack": 40.68, "tsDispositivo": "2026-09-26T04:24:04+00:00"}
[2026-09-25 23:24:34] TX Python SDK azure-iot-device (MQTT 8883) -> {"tempIntake": 21.9, "tempExhaust": 31.86, "humedadRack": 41.49, "tsDispositivo": "2026-09-26T04:24:34+00:00"}
[2026-09-25 23:25:04] TX Python SDK azure-iot-device (MQTT 8883) -> {"tempIntake": 21.55, "tempExhaust": 31.48, "humedadRack": 41.78, "tsDispositivo": "2026-09-26T04:25:04+00:00"}
[2026-09-25 23:25:35] TX Python SDK azure-iot-device (MQTT 8883) -> {"tempIntake": 21.91, "tempExhaust": 32.52, "humedadRack": 41.63, "tsDispositivo": "2026-09-26T04:25:34+00:00"}
[2026-09-25 23:26:05] TX Python SDK azure-iot-device (MQTT 8883) -> {"tempIntake": 21.91, "tempExhaust": 32.66, "humedadRack": 40.75, "tsDispositivo": "2026-09-26T04:26:05+00:00"}
[2026-09-25 23:26:35] TX Python SDK azure-iot-device (MQTT 8883) -> {"tempIntake": 22.06, "tempExhaust": 32.74, "humedadRack": 41.12, "tsDispositivo": "2026-09-26T04:26:35+00:00"}
[2026-09-25 23:27:05] TX Python SDK azure-iot-device (MQTT 8883) -> {"tempIntake": 21.54, "tempExhaust": 32.18, "humedadRack": 40.67, "tsDispositivo": "2026-09-26T04:27:05+00:00"}
[2026-09-25 23:27:35] TX Python SDK azure-iot-device (MQTT 8883) -> {"tempIntake": 21.88, "tempExhaust": 32.62, "humedadRack": 40.86, "tsDispositivo": "2026-09-26T04:27:35+00:00"}
[2026-09-25 23:28:06] TX Python SDK azure-iot-device (MQTT 8883) -> {"tempIntake": 21.9, "tempExhaust": 31.64, "humedadRack": 40.27, "tsDispositivo": "2026-09-26T04:28:05+00:00"}
[2026-09-25 23:28:36] TX Python SDK azure-iot-device (MQTT 8883) -> {"tempIntake": 21.41, "tempExhaust": 32.02, "humedadRack": 41.53, "tsDispositivo": "2026-09-26T04:28:36+00:00"}
[2026-09-25 23:29:06] TX Python SDK azure-iot-device (MQTT 8883) -> {"tempIntake": 21.98, "tempExhaust": 32.04, "humedadRack": 42.29, "tsDispositivo": "2026-09-26T04:29:06+00:00"}
[2026-09-25 23:29:36] TX Python SDK azure-iot-device (MQTT 8883) -> {"tempIntake": 21.51, "tempExhaust": 31.69, "humedadRack": 41.38, "tsDispositivo": "2026-09-26T04:29:36+00:00"}
[2026-09-25 23:30:06] TX Python SDK azure-iot-device (MQTT 8883) -> {"tempIntake": 21.98, "tempExhaust": 31.93, "humedadRack": 42.46, "tsDispositivo": "2026-09-26T04:30:06+00:00"}
[2026-09-25 23:30:37] TX Python SDK azure-iot-device (MQTT 8883) -> {"tempIntake": 21.69, "tempExhaust": 31.46, "humedadRack": 41.83, "tsDispositivo": "2026-09-26T04:30:36+00:00"}
[2026-09-25 23:31:07] TX Python SDK azure-iot-device (MQTT 8883) -> {"tempIntake": 21.86, "tempExhaust": 32.22, "humedadRack": 41.93, "tsDispositivo": "2026-09-26T04:31:07+00:00"}
[2026-09-25 23:31:37] TX Python SDK azure-iot-device (MQTT 8883) -> {"tempIntake": 21.71, "tempExhaust": 31.94, "humedadRack": 42.54, "tsDispositivo": "2026-09-26T04:31:37+00:00"}
[2026-09-25 23:32:07] TX Python SDK azure-iot-device (MQTT 8883) -> {"tempIntake": 21.38, "tempExhaust": 31.79, "humedadRack": 42.35, "tsDispositivo": "2026-09-26T04:32:07+00:00"}
[2026-09-25 23:32:37] TX Python SDK azure-iot-device (MQTT 8883) -> {"tempIntake": 21.61, "tempExhaust": 32.22, "humedadRack": 41.58, "tsDispositivo": "2026-09-26T04:32:37+00:00"}
[2026-09-25 23:33:08] TX Python SDK azure-iot-device (MQTT 8883) -> {"tempIntake": 21.7, "tempExhaust": 32.19, "humedadRack": 41.56, "tsDispositivo": "2026-09-26T04:33:08+00:00"}
[2026-09-25 23:33:38] TX Python SDK azure-iot-device (MQTT 8883) -> {"tempIntake": 21.52, "tempExhaust": 31.2, "humedadRack": 40.61, "tsDispositivo": "2026-09-26T04:33:38+00:00"}
[2026-09-25 23:34:08] TX Python SDK azure-iot-device (MQTT 8883) -> {"tempIntake": 21.47, "tempExhaust": 31.17, "humedadRack": 42.35, "tsDispositivo": "2026-09-26T04:34:08+00:00"}
[2026-09-25 23:34:38] TX Python SDK azure-iot-device (MQTT 8883) -> {"tempIntake": 21.85, "tempExhaust": 32.06, "humedadRack": 42.18, "tsDispositivo": "2026-09-26T04:34:38+00:00"}
[2026-09-25 23:35:09] TX Python SDK azure-iot-device (MQTT 8883) -> {"tempIntake": 21.66, "tempExhaust": 32.04, "humedadRack": 42.53, "tsDispositivo": "2026-09-26T04:35:08+00:00"}
[2026-09-25 23:35:39] TX Python SDK azure-iot-device (MQTT 8883) -> {"tempIntake": 21.58, "tempExhaust": 31.83, "humedadRack": 42.34, "tsDispositivo": "2026-09-26T04:35:39+00:00"}
[2026-09-25 23:36:09] TX Python SDK azure-iot-device (MQTT 8883) -> {"tempIntake": 21.64, "tempExhaust": 32.34, "humedadRack": 40.37, "tsDispositivo": "2026-09-26T04:36:09+00:00"}
[2026-09-25 23:36:39] TX Python SDK azure-iot-device (MQTT 8883) -> {"tempIntake": 21.66, "tempExhaust": 31.78, "humedadRack": 40.73, "tsDispositivo": "2026-09-26T04:36:39+00:00"}
[2026-09-25 23:37:09] TX Python SDK azure-iot-device (MQTT 8883) -> {"tempIntake": 22.03, "tempExhaust": 31.67, "humedadRack": 42.39, "tsDispositivo": "2026-09-26T04:37:09+00:00"}
[2026-09-25 23:37:40] TX Python SDK azure-iot-device (MQTT 8883) -> {"tempIntake": 21.44, "tempExhaust": 31.09, "humedadRack": 41.72, "tsDispositivo": "2026-09-26T04:37:39+00:00"}
[2026-09-25 23:38:10] TX Python SDK azure-iot-device (MQTT 8883) -> {"tempIntake": 21.68, "tempExhaust": 31.67, "humedadRack": 42.24, "tsDispositivo": "2026-09-26T04:38:10+00:00"}
[2026-09-25 23:38:40] TX Python SDK azure-iot-device (MQTT 8883) -> {"tempIntake": 21.45, "tempExhaust": 31.74, "humedadRack": 40.49, "tsDispositivo": "2026-09-26T04:38:40+00:00"}
[2026-09-25 23:39:10] TX Python SDK azure-iot-device (MQTT 8883) -> {"tempIntake": 21.52, "tempExhaust": 32.21, "humedadRack": 41.87, "tsDispositivo": "2026-09-26T04:39:10+00:00"}
[2026-09-25 23:39:40] TX Python SDK azure-iot-device (MQTT 8883) -> {"tempIntake": 21.71, "tempExhaust": 31.33, "humedadRack": 40.97, "tsDispositivo": "2026-09-26T04:39:40+00:00"}
[2026-09-25 23:40:11] TX Python SDK azure-iot-device (MQTT 8883) -> {"tempIntake": 22.05, "tempExhaust": 31.9, "humedadRack": 41.16, "tsDispositivo": "2026-09-26T04:40:10+00:00"}
[2026-09-25 23:40:41] TX Python SDK azure-iot-device (MQTT 8883) -> {"tempIntake": 21.84, "tempExhaust": 31.76, "humedadRack": 42.01, "tsDispositivo": "2026-09-26T04:40:41+00:00"}
[2026-09-25 23:41:11] TX Python SDK azure-iot-device (MQTT 8883) -> {"tempIntake": 21.71, "tempExhaust": 31.22, "humedadRack": 41.6, "tsDispositivo": "2026-09-26T04:41:11+00:00"}
[2026-09-25 23:41:41] TX Python SDK azure-iot-device (MQTT 8883) -> {"tempIntake": 21.89, "tempExhaust": 31.49, "humedadRack": 41.16, "tsDispositivo": "2026-09-26T04:41:41+00:00"}
[2026-09-25 23:42:11] TX Python SDK azure-iot-device (MQTT 8883) -> {"tempIntake": 21.84, "tempExhaust": 31.62, "humedadRack": 42.78, "tsDispositivo": "2026-09-26T04:42:11+00:00"}
[2026-09-25 23:42:42] TX Python SDK azure-iot-device (MQTT 8883) -> {"tempIntake": 21.6, "tempExhaust": 32.32, "humedadRack": 41.58, "tsDispositivo": "2026-09-26T04:42:41+00:00"}
[2026-09-25 23:43:12] TX Python SDK azure-iot-device (MQTT 8883) -> {"tempIntake": 21.75, "tempExhaust": 31.38, "humedadRack": 41.27, "tsDispositivo": "2026-09-26T04:43:12+00:00"}
[2026-09-25 23:43:42] TX Python SDK azure-iot-device (MQTT 8883) -> {"tempIntake": 21.49, "tempExhaust": 31.23, "humedadRack": 40.46, "tsDispositivo": "2026-09-26T04:43:42+00:00"}
[2026-09-25 23:44:12] TX Python SDK azure-iot-device (MQTT 8883) -> {"tempIntake": 21.47, "tempExhaust": 31.4, "humedadRack": 41.3, "tsDispositivo": "2026-09-26T04:44:12+00:00"}
[2026-09-25 23:44:42] TX Python SDK azure-iot-device (MQTT 8883) -> {"tempIntake": 21.54, "tempExhaust": 31.87, "humedadRack": 41.94, "tsDispositivo": "2026-09-26T04:44:42+00:00"}
[2026-09-25 23:45:13] TX Python SDK azure-iot-device (MQTT 8883) -> {"tempIntake": 21.74, "tempExhaust": 31.51, "humedadRack": 41.0, "tsDispositivo": "2026-09-26T04:45:12+00:00"}
[2026-09-25 23:45:43] TX Python SDK azure-iot-device (MQTT 8883) -> {"tempIntake": 22.05, "tempExhaust": 31.7, "humedadRack": 40.98, "tsDispositivo": "2026-09-26T04:45:43+00:00"}
[2026-09-25 23:46:13] TX Python SDK azure-iot-device (MQTT 8883) -> {"tempIntake": 21.9, "tempExhaust": 32.38, "humedadRack": 40.95, "tsDispositivo": "2026-09-26T04:46:13+00:00"}
[2026-09-25 23:46:43] TX Python SDK azure-iot-device (MQTT 8883) -> {"tempIntake": 21.71, "tempExhaust": 31.87, "humedadRack": 40.83, "tsDispositivo": "2026-09-26T04:46:43+00:00"}
[2026-09-25 23:47:13] TX Python SDK azure-iot-device (MQTT 8883) -> {"tempIntake": 21.56, "tempExhaust": 31.01, "humedadRack": 41.16, "tsDispositivo": "2026-09-26T04:47:13+00:00"}
[2026-09-25 23:47:44] TX Python SDK azure-iot-device (MQTT 8883) -> {"tempIntake": 22.01, "tempExhaust": 32.57, "humedadRack": 41.11, "tsDispositivo": "2026-09-26T04:47:43+00:00"}
[2026-09-25 23:48:14] TX Python SDK azure-iot-device (MQTT 8883) -> {"tempIntake": 21.92, "tempExhaust": 31.56, "humedadRack": 42.23, "tsDispositivo": "2026-09-26T04:48:14+00:00"}
[2026-09-25 23:48:44] TX Python SDK azure-iot-device (MQTT 8883) -> {"tempIntake": 21.49, "tempExhaust": 32.09, "humedadRack": 41.99, "tsDispositivo": "2026-09-26T04:48:44+00:00"}
[2026-09-25 23:49:14] TX Python SDK azure-iot-device (MQTT 8883) -> {"tempIntake": 21.49, "tempExhaust": 31.18, "humedadRack": 41.02, "tsDispositivo": "2026-09-26T04:49:14+00:00"}
[2026-09-25 23:49:44] TX Python SDK azure-iot-device (MQTT 8883) -> {"tempIntake": 21.51, "tempExhaust": 31.83, "humedadRack": 42.63, "tsDispositivo": "2026-09-26T04:49:44+00:00"}
[2026-09-25 23:50:15] TX Python SDK azure-iot-device (MQTT 8883) -> {"tempIntake": 22.06, "tempExhaust": 32.84, "humedadRack": 40.89, "tsDispositivo": "2026-09-26T04:50:14+00:00"}
[2026-09-25 23:50:45] TX Python SDK azure-iot-device (MQTT 8883) -> {"tempIntake": 21.97, "tempExhaust": 32.26, "humedadRack": 41.32, "tsDispositivo": "2026-09-26T04:50:45+00:00"}
[2026-09-25 23:51:15] TX Python SDK azure-iot-device (MQTT 8883) -> {"tempIntake": 21.62, "tempExhaust": 31.6, "humedadRack": 40.59, "tsDispositivo": "2026-09-26T04:51:15+00:00"}
[2026-09-25 23:51:45] TX Python SDK azure-iot-device (MQTT 8883) -> {"tempIntake": 21.57, "tempExhaust": 31.38, "humedadRack": 40.77, "tsDispositivo": "2026-09-26T04:51:45+00:00"}
[2026-09-25 23:52:16] TX Python SDK azure-iot-device (MQTT 8883) -> {"tempIntake": 22.03, "tempExhaust": 31.95, "humedadRack": 41.4, "tsDispositivo": "2026-09-26T04:52:15+00:00"}
[2026-09-25 23:52:46] TX Python SDK azure-iot-device (MQTT 8883) -> {"tempIntake": 21.98, "tempExhaust": 32.17, "humedadRack": 41.87, "tsDispositivo": "2026-09-26T04:52:46+00:00"}
[2026-09-25 23:53:16] TX Python SDK azure-iot-device (MQTT 8883) -> {"tempIntake": 21.88, "tempExhaust": 31.71, "humedadRack": 40.97, "tsDispositivo": "2026-09-26T04:53:16+00:00"}
[2026-09-25 23:53:46] TX Python SDK azure-iot-device (MQTT 8883) -> {"tempIntake": 21.5, "tempExhaust": 31.5, "humedadRack": 41.09, "tsDispositivo": "2026-09-26T04:53:46+00:00"}
[2026-09-25 23:54:16] TX Python SDK azure-iot-device (MQTT 8883) -> {"tempIntake": 21.69, "tempExhaust": 32.11, "humedadRack": 40.84, "tsDispositivo": "2026-09-26T04:54:16+00:00"}
[2026-09-25 23:54:47] TX Python SDK azure-iot-device (MQTT 8883) -> {"tempIntake": 22.0, "tempExhaust": 32.45, "humedadRack": 41.92, "tsDispositivo": "2026-09-26T04:54:46+00:00"}
[2026-09-25 23:55:17] TX Python SDK azure-iot-device (MQTT 8883) -> {"tempIntake": 21.92, "tempExhaust": 32.32, "humedadRack": 41.59, "tsDispositivo": "2026-09-26T04:55:17+00:00"}
[2026-09-25 23:55:47] TX Python SDK azure-iot-device (MQTT 8883) -> {"tempIntake": 21.92, "tempExhaust": 31.58, "humedadRack": 41.04, "tsDispositivo": "2026-09-26T04:55:47+00:00"}
[2026-09-25 23:56:17] TX Python SDK azure-iot-device (MQTT 8883) -> {"tempIntake": 21.37, "tempExhaust": 31.27, "humedadRack": 42.4, "tsDispositivo": "2026-09-26T04:56:17+00:00"}
[2026-09-25 23:56:47] TX Python SDK azure-iot-device (MQTT 8883) -> {"tempIntake": 21.99, "tempExhaust": 31.6, "humedadRack": 42.43, "tsDispositivo": "2026-09-26T04:56:47+00:00"}
[2026-09-25 23:57:18] TX Python SDK azure-iot-device (MQTT 8883) -> {"tempIntake": 21.97, "tempExhaust": 31.65, "humedadRack": 41.74, "tsDispositivo": "2026-09-26T04:57:17+00:00"}
[2026-09-25 23:57:48] TX Python SDK azure-iot-device (MQTT 8883) -> {"tempIntake": 21.72, "tempExhaust": 31.51, "humedadRack": 41.27, "tsDispositivo": "2026-09-26T04:57:48+00:00"}
[2026-09-25 23:58:18] TX Python SDK azure-iot-device (MQTT 8883) -> {"tempIntake": 21.53, "tempExhaust": 31.73, "humedadRack": 41.0, "tsDispositivo": "2026-09-26T04:58:18+00:00"}
[2026-09-25 23:58:48] TX Python SDK azure-iot-device (MQTT 8883) -> {"tempIntake": 21.89, "tempExhaust": 31.42, "humedadRack": 41.56, "tsDispositivo": "2026-09-26T04:58:48+00:00"}
[2026-09-25 23:59:19] TX Python SDK azure-iot-device (MQTT 8883) -> {"tempIntake": 21.67, "tempExhaust": 31.24, "humedadRack": 42.46, "tsDispositivo": "2026-09-26T04:59:18+00:00"}
[2026-09-25 23:59:49] TX Python SDK azure-iot-device (MQTT 8883) -> {"tempIntake": 21.86, "tempExhaust": 31.8, "humedadRack": 42.52, "tsDispositivo": "2026-09-26T04:59:49+00:00"}
[2026-09-26 00:00:19] TX Python SDK azure-iot-device (MQTT 8883) -> {"tempIntake": 21.59, "tempExhaust": 31.57, "humedadRack": 41.82, "tsDispositivo": "2026-09-26T05:00:19+00:00"}
[2026-09-26 00:00:49] TX Python SDK azure-iot-device (MQTT 8883) -> {"tempIntake": 21.77, "tempExhaust": 31.43, "humedadRack": 42.69, "tsDispositivo": "2026-09-26T05:00:49+00:00"}
[2026-09-26 00:01:19] TX Python SDK azure-iot-device (MQTT 8883) -> {"tempIntake": 21.51, "tempExhaust": 31.49, "humedadRack": 41.5, "tsDispositivo": "2026-09-26T05:01:19+00:00"}
[2026-09-26 00:01:50] TX Python SDK azure-iot-device (MQTT 8883) -> {"tempIntake": 21.55, "tempExhaust": 32.1, "humedadRack": 41.73, "tsDispositivo": "2026-09-26T05:01:49+00:00"}
[2026-09-26 00:02:20] TX Python SDK azure-iot-device (MQTT 8883) -> {"tempIntake": 21.63, "tempExhaust": 31.68, "humedadRack": 40.69, "tsDispositivo": "2026-09-26T05:02:20+00:00"}
[2026-09-26 00:02:50] TX Python SDK azure-iot-device (MQTT 8883) -> {"tempIntake": 21.92, "tempExhaust": 31.85, "humedadRack": 42.71, "tsDispositivo": "2026-09-26T05:02:50+00:00"}
[2026-09-26 00:03:20] TX Python SDK azure-iot-device (MQTT 8883) -> {"tempIntake": 21.74, "tempExhaust": 31.96, "humedadRack": 40.98, "tsDispositivo": "2026-09-26T05:03:20+00:00"}
[2026-09-26 00:03:50] TX Python SDK azure-iot-device (MQTT 8883) -> {"tempIntake": 21.61, "tempExhaust": 31.8, "humedadRack": 41.48, "tsDispositivo": "2026-09-26T05:03:50+00:00"}
[2026-09-26 00:04:21] TX Python SDK azure-iot-device (MQTT 8883) -> {"tempIntake": 21.69, "tempExhaust": 31.54, "humedadRack": 41.41, "tsDispositivo": "2026-09-26T05:04:20+00:00"}
[2026-09-26 00:04:51] TX Python SDK azure-iot-device (MQTT 8883) -> {"tempIntake": 21.92, "tempExhaust": 32.01, "humedadRack": 42.82, "tsDispositivo": "2026-09-26T05:04:51+00:00"}
[2026-09-26 00:05:21] TX Python SDK azure-iot-device (MQTT 8883) -> {"tempIntake": 21.63, "tempExhaust": 31.3, "humedadRack": 40.88, "tsDispositivo": "2026-09-26T05:05:21+00:00"}
[2026-09-26 00:05:51] TX Python SDK azure-iot-device (MQTT 8883) -> {"tempIntake": 21.67, "tempExhaust": 31.85, "humedadRack": 42.37, "tsDispositivo": "2026-09-26T05:05:51+00:00"}
[2026-09-26 00:06:21] TX Python SDK azure-iot-device (MQTT 8883) -> {"tempIntake": 21.43, "tempExhaust": 31.36, "humedadRack": 40.72, "tsDispositivo": "2026-09-26T05:06:21+00:00"}
[2026-09-26 00:06:52] TX Python SDK azure-iot-device (MQTT 8883) -> {"tempIntake": 22.05, "tempExhaust": 32.61, "humedadRack": 40.92, "tsDispositivo": "2026-09-26T05:06:51+00:00"}
[2026-09-26 00:07:22] TX Python SDK azure-iot-device (MQTT 8883) -> {"tempIntake": 21.94, "tempExhaust": 32.07, "humedadRack": 41.59, "tsDispositivo": "2026-09-26T05:07:22+00:00"}
[2026-09-26 00:07:52] TX Python SDK azure-iot-device (MQTT 8883) -> {"tempIntake": 21.69, "tempExhaust": 32.12, "humedadRack": 40.93, "tsDispositivo": "2026-09-26T05:07:52+00:00"}
[2026-09-26 00:08:22] TX Python SDK azure-iot-device (MQTT 8883) -> {"tempIntake": 21.42, "tempExhaust": 31.83, "humedadRack": 40.76, "tsDispositivo": "2026-09-26T05:08:22+00:00"}
[2026-09-26 00:08:52] TX Python SDK azure-iot-device (MQTT 8883) -> {"tempIntake": 21.51, "tempExhaust": 31.32, "humedadRack": 41.58, "tsDispositivo": "2026-09-26T05:08:52+00:00"}
[2026-09-26 00:09:23] TX Python SDK azure-iot-device (MQTT 8883) -> {"tempIntake": 21.37, "tempExhaust": 31.28, "humedadRack": 42.94, "tsDispositivo": "2026-09-26T05:09:22+00:00"}
[2026-09-26 00:09:53] TX Python SDK azure-iot-device (MQTT 8883) -> {"tempIntake": 21.77, "tempExhaust": 32.2, "humedadRack": 40.88, "tsDispositivo": "2026-09-26T05:09:53+00:00"}
[2026-09-26 00:10:23] TX Python SDK azure-iot-device (MQTT 8883) -> {"tempIntake": 21.58, "tempExhaust": 31.87, "humedadRack": 41.78, "tsDispositivo": "2026-09-26T05:10:23+00:00"}
[2026-09-26 00:10:53] TX Python SDK azure-iot-device (MQTT 8883) -> {"tempIntake": 21.48, "tempExhaust": 31.16, "humedadRack": 41.39, "tsDispositivo": "2026-09-26T05:10:53+00:00"}
[2026-09-26 00:11:23] TX Python SDK azure-iot-device (MQTT 8883) -> {"tempIntake": 21.92, "tempExhaust": 31.65, "humedadRack": 41.5, "tsDispositivo": "2026-09-26T05:11:23+00:00"}
[2026-09-26 00:11:54] TX Python SDK azure-iot-device (MQTT 8883) -> {"tempIntake": 21.81, "tempExhaust": 31.37, "humedadRack": 42.47, "tsDispositivo": "2026-09-26T05:11:53+00:00"}
[2026-09-26 00:12:24] TX Python SDK azure-iot-device (MQTT 8883) -> {"tempIntake": 21.42, "tempExhaust": 31.75, "humedadRack": 41.35, "tsDispositivo": "2026-09-26T05:12:24+00:00"}
[2026-09-26 00:12:54] TX Python SDK azure-iot-device (MQTT 8883) -> {"tempIntake": 21.34, "tempExhaust": 31.02, "humedadRack": 41.04, "tsDispositivo": "2026-09-26T05:12:54+00:00"}
[2026-09-26 00:13:24] TX Python SDK azure-iot-device (MQTT 8883) -> {"tempIntake": 21.8, "tempExhaust": 32.17, "humedadRack": 42.88, "tsDispositivo": "2026-09-26T05:13:24+00:00"}
[2026-09-26 00:13:54] TX Python SDK azure-iot-device (MQTT 8883) -> {"tempIntake": 21.41, "tempExhaust": 31.93, "humedadRack": 42.43, "tsDispositivo": "2026-09-26T05:13:54+00:00"}
[2026-09-26 00:14:24] TX Python SDK azure-iot-device (MQTT 8883) -> {"tempIntake": 21.95, "tempExhaust": 31.93, "humedadRack": 41.39, "tsDispositivo": "2026-09-26T05:14:24+00:00"}
[2026-09-26 00:14:55] TX Python SDK azure-iot-device (MQTT 8883) -> {"tempIntake": 21.65, "tempExhaust": 32.01, "humedadRack": 41.58, "tsDispositivo": "2026-09-26T05:14:54+00:00"}
[2026-09-26 00:15:25] TX Python SDK azure-iot-device (MQTT 8883) -> {"tempIntake": 21.74, "tempExhaust": 32.44, "humedadRack": 42.27, "tsDispositivo": "2026-09-26T05:15:25+00:00"}
[2026-09-26 00:15:55] TX Python SDK azure-iot-device (MQTT 8883) -> {"tempIntake": 21.43, "tempExhaust": 31.51, "humedadRack": 41.54, "tsDispositivo": "2026-09-26T05:15:55+00:00"}
[2026-09-26 00:16:25] TX Python SDK azure-iot-device (MQTT 8883) -> {"tempIntake": 21.85, "tempExhaust": 31.33, "humedadRack": 42.79, "tsDispositivo": "2026-09-26T05:16:25+00:00"}
[2026-09-26 00:16:55] TX Python SDK azure-iot-device (MQTT 8883) -> {"tempIntake": 21.86, "tempExhaust": 31.68, "humedadRack": 40.93, "tsDispositivo": "2026-09-26T05:16:55+00:00"}
[2026-09-26 00:17:26] TX Python SDK azure-iot-device (MQTT 8883) -> {"tempIntake": 21.91, "tempExhaust": 31.53, "humedadRack": 40.96, "tsDispositivo": "2026-09-26T05:17:25+00:00"}
[2026-09-26 00:17:56] TX Python SDK azure-iot-device (MQTT 8883) -> {"tempIntake": 21.83, "tempExhaust": 32.24, "humedadRack": 41.35, "tsDispositivo": "2026-09-26T05:17:56+00:00"}
[2026-09-26 00:18:26] TX Python SDK azure-iot-device (MQTT 8883) -> {"tempIntake": 21.82, "tempExhaust": 31.88, "humedadRack": 41.98, "tsDispositivo": "2026-09-26T05:18:26+00:00"}
[2026-09-26 00:18:56] TX Python SDK azure-iot-device (MQTT 8883) -> {"tempIntake": 21.85, "tempExhaust": 32.41, "humedadRack": 41.98, "tsDispositivo": "2026-09-26T05:18:56+00:00"}
[2026-09-26 00:19:26] TX Python SDK azure-iot-device (MQTT 8883) -> {"tempIntake": 21.69, "tempExhaust": 32.29, "humedadRack": 42.57, "tsDispositivo": "2026-09-26T05:19:26+00:00"}
[2026-09-26 00:19:57] TX Python SDK azure-iot-device (MQTT 8883) -> {"tempIntake": 21.7, "tempExhaust": 31.72, "humedadRack": 41.88, "tsDispositivo": "2026-09-26T05:19:56+00:00"}
[2026-09-26 00:20:27] TX Python SDK azure-iot-device (MQTT 8883) -> {"tempIntake": 21.98, "tempExhaust": 32.33, "humedadRack": 42.53, "tsDispositivo": "2026-09-26T05:20:27+00:00"}
[2026-09-26 00:20:57] TX Python SDK azure-iot-device (MQTT 8883) -> {"tempIntake": 21.74, "tempExhaust": 31.84, "humedadRack": 42.71, "tsDispositivo": "2026-09-26T05:20:57+00:00"}
[2026-09-26 00:21:27] TX Python SDK azure-iot-device (MQTT 8883) -> {"tempIntake": 21.7, "tempExhaust": 31.79, "humedadRack": 41.01, "tsDispositivo": "2026-09-26T05:21:27+00:00"}
[2026-09-26 00:21:57] TX Python SDK azure-iot-device (MQTT 8883) -> {"tempIntake": 21.95, "tempExhaust": 32.27, "humedadRack": 41.32, "tsDispositivo": "2026-09-26T05:21:57+00:00"}
[2026-09-26 00:22:28] TX Python SDK azure-iot-device (MQTT 8883) -> {"tempIntake": 21.52, "tempExhaust": 31.1, "humedadRack": 41.74, "tsDispositivo": "2026-09-26T05:22:27+00:00"}
[2026-09-26 00:22:58] TX Python SDK azure-iot-device (MQTT 8883) -> {"tempIntake": 21.6, "tempExhaust": 31.52, "humedadRack": 43.2, "tsDispositivo": "2026-09-26T05:22:58+00:00"}
[2026-09-26 00:23:28] TX Python SDK azure-iot-device (MQTT 8883) -> {"tempIntake": 21.41, "tempExhaust": 31.84, "humedadRack": 41.02, "tsDispositivo": "2026-09-26T05:23:28+00:00"}
[2026-09-26 00:23:58] TX Python SDK azure-iot-device (MQTT 8883) -> {"tempIntake": 21.49, "tempExhaust": 31.21, "humedadRack": 42.42, "tsDispositivo": "2026-09-26T05:23:58+00:00"}
[2026-09-26 00:24:28] TX Python SDK azure-iot-device (MQTT 8883) -> {"tempIntake": 21.99, "tempExhaust": 32.33, "humedadRack": 41.1, "tsDispositivo": "2026-09-26T05:24:28+00:00"}
[2026-09-26 00:24:59] TX Python SDK azure-iot-device (MQTT 8883) -> {"tempIntake": 21.78, "tempExhaust": 31.62, "humedadRack": 41.09, "tsDispositivo": "2026-09-26T05:24:58+00:00"}
[2026-09-26 00:25:29] TX Python SDK azure-iot-device (MQTT 8883) -> {"tempIntake": 21.84, "tempExhaust": 32.01, "humedadRack": 41.9, "tsDispositivo": "2026-09-26T05:25:29+00:00"}
[2026-09-26 00:25:59] TX Python SDK azure-iot-device (MQTT 8883) -> {"tempIntake": 21.64, "tempExhaust": 32.3, "humedadRack": 43.02, "tsDispositivo": "2026-09-26T05:25:59+00:00"}
[2026-09-26 00:26:29] TX Python SDK azure-iot-device (MQTT 8883) -> {"tempIntake": 21.62, "tempExhaust": 31.75, "humedadRack": 41.28, "tsDispositivo": "2026-09-26T05:26:29+00:00"}
[2026-09-26 00:26:59] TX Python SDK azure-iot-device (MQTT 8883) -> {"tempIntake": 21.43, "tempExhaust": 32.06, "humedadRack": 41.96, "tsDispositivo": "2026-09-26T05:26:59+00:00"}
[2026-09-26 00:27:29] TX Python SDK azure-iot-device (MQTT 8883) -> {"tempIntake": 21.86, "tempExhaust": 31.96, "humedadRack": 42.37, "tsDispositivo": "2026-09-26T05:27:29+00:00"}
[2026-09-26 00:28:00] TX Python SDK azure-iot-device (MQTT 8883) -> {"tempIntake": 21.73, "tempExhaust": 32.05, "humedadRack": 42.14, "tsDispositivo": "2026-09-26T05:27:59+00:00"}
[2026-09-26 00:28:30] TX Python SDK azure-iot-device (MQTT 8883) -> {"tempIntake": 21.36, "tempExhaust": 30.76, "humedadRack": 41.82, "tsDispositivo": "2026-09-26T05:28:30+00:00"}
[2026-09-26 00:29:00] TX Python SDK azure-iot-device (MQTT 8883) -> {"tempIntake": 21.36, "tempExhaust": 30.87, "humedadRack": 42.09, "tsDispositivo": "2026-09-26T05:29:00+00:00"}
[2026-09-26 00:29:30] TX Python SDK azure-iot-device (MQTT 8883) -> {"tempIntake": 21.51, "tempExhaust": 31.19, "humedadRack": 42.78, "tsDispositivo": "2026-09-26T05:29:30+00:00"}
[2026-09-26 00:30:00] TX Python SDK azure-iot-device (MQTT 8883) -> {"tempIntake": 21.37, "tempExhaust": 31.39, "humedadRack": 41.37, "tsDispositivo": "2026-09-26T05:30:00+00:00"}
[2026-09-26 00:30:31] TX Python SDK azure-iot-device (MQTT 8883) -> {"tempIntake": 21.65, "tempExhaust": 31.74, "humedadRack": 42.03, "tsDispositivo": "2026-09-26T05:30:30+00:00"}
[2026-09-26 00:31:01] TX Python SDK azure-iot-device (MQTT 8883) -> {"tempIntake": 21.72, "tempExhaust": 31.98, "humedadRack": 42.25, "tsDispositivo": "2026-09-26T05:31:01+00:00"}
[2026-09-26 00:31:31] TX Python SDK azure-iot-device (MQTT 8883) -> {"tempIntake": 21.58, "tempExhaust": 31.32, "humedadRack": 41.31, "tsDispositivo": "2026-09-26T05:31:31+00:00"}
[2026-09-26 00:32:01] TX Python SDK azure-iot-device (MQTT 8883) -> {"tempIntake": 21.75, "tempExhaust": 31.85, "humedadRack": 43.18, "tsDispositivo": "2026-09-26T05:32:01+00:00"}
[2026-09-26 00:32:31] TX Python SDK azure-iot-device (MQTT 8883) -> {"tempIntake": 21.76, "tempExhaust": 31.71, "humedadRack": 42.52, "tsDispositivo": "2026-09-26T05:32:31+00:00"}
[2026-09-26 00:33:02] TX Python SDK azure-iot-device (MQTT 8883) -> {"tempIntake": 21.32, "tempExhaust": 31.36, "humedadRack": 41.85, "tsDispositivo": "2026-09-26T05:33:01+00:00"}
[2026-09-26 00:33:32] TX Python SDK azure-iot-device (MQTT 8883) -> {"tempIntake": 21.97, "tempExhaust": 31.71, "humedadRack": 42.58, "tsDispositivo": "2026-09-26T05:33:32+00:00"}
[2026-09-26 00:34:02] TX Python SDK azure-iot-device (MQTT 8883) -> {"tempIntake": 21.64, "tempExhaust": 31.3, "humedadRack": 42.62, "tsDispositivo": "2026-09-26T05:34:02+00:00"}
[2026-09-26 00:34:32] TX Python SDK azure-iot-device (MQTT 8883) -> {"tempIntake": 21.57, "tempExhaust": 31.7, "humedadRack": 42.53, "tsDispositivo": "2026-09-26T05:34:32+00:00"}
[2026-09-26 00:35:02] TX Python SDK azure-iot-device (MQTT 8883) -> {"tempIntake": 21.73, "tempExhaust": 32.2, "humedadRack": 43.52, "tsDispositivo": "2026-09-26T05:35:02+00:00"}
[2026-09-26 00:35:33] TX Python SDK azure-iot-device (MQTT 8883) -> {"tempIntake": 21.93, "tempExhaust": 31.5, "humedadRack": 42.56, "tsDispositivo": "2026-09-26T05:35:32+00:00"}
[2026-09-26 00:36:03] TX Python SDK azure-iot-device (MQTT 8883) -> {"tempIntake": 21.45, "tempExhaust": 30.99, "humedadRack": 41.98, "tsDispositivo": "2026-09-26T05:36:03+00:00"}
[2026-09-26 00:36:33] TX Python SDK azure-iot-device (MQTT 8883) -> {"tempIntake": 21.99, "tempExhaust": 32.36, "humedadRack": 42.27, "tsDispositivo": "2026-09-26T05:36:33+00:00"}
[2026-09-26 00:37:03] TX Python SDK azure-iot-device (MQTT 8883) -> {"tempIntake": 21.49, "tempExhaust": 31.24, "humedadRack": 41.32, "tsDispositivo": "2026-09-26T05:37:03+00:00"}
[2026-09-26 00:37:33] TX Python SDK azure-iot-device (MQTT 8883) -> {"tempIntake": 21.89, "tempExhaust": 32.11, "humedadRack": 43.41, "tsDispositivo": "2026-09-26T05:37:33+00:00"}
[2026-09-26 00:38:03] TX Python SDK azure-iot-device (MQTT 8883) -> {"tempIntake": 21.88, "tempExhaust": 31.93, "humedadRack": 42.81, "tsDispositivo": "2026-09-26T05:38:03+00:00"}
[2026-09-26 00:38:34] TX Python SDK azure-iot-device (MQTT 8883) -> {"tempIntake": 21.43, "tempExhaust": 30.83, "humedadRack": 42.81, "tsDispositivo": "2026-09-26T05:38:33+00:00"}
[2026-09-26 00:39:04] TX Python SDK azure-iot-device (MQTT 8883) -> {"tempIntake": 21.45, "tempExhaust": 31.36, "humedadRack": 42.11, "tsDispositivo": "2026-09-26T05:39:04+00:00"}
[2026-09-26 00:39:34] TX Python SDK azure-iot-device (MQTT 8883) -> {"tempIntake": 21.38, "tempExhaust": 30.84, "humedadRack": 42.68, "tsDispositivo": "2026-09-26T05:39:34+00:00"}
[2026-09-26 00:40:04] TX Python SDK azure-iot-device (MQTT 8883) -> {"tempIntake": 21.88, "tempExhaust": 31.48, "humedadRack": 41.31, "tsDispositivo": "2026-09-26T05:40:04+00:00"}
[2026-09-26 00:40:35] TX Python SDK azure-iot-device (MQTT 8883) -> {"tempIntake": 21.37, "tempExhaust": 31.49, "humedadRack": 42.06, "tsDispositivo": "2026-09-26T05:40:34+00:00"}
[2026-09-26 00:41:05] TX Python SDK azure-iot-device (MQTT 8883) -> {"tempIntake": 21.98, "tempExhaust": 31.54, "humedadRack": 41.47, "tsDispositivo": "2026-09-26T05:41:05+00:00"}
[2026-09-26 00:41:35] TX Python SDK azure-iot-device (MQTT 8883) -> {"tempIntake": 21.99, "tempExhaust": 31.88, "humedadRack": 41.64, "tsDispositivo": "2026-09-26T05:41:35+00:00"}
[2026-09-26 00:42:05] TX Python SDK azure-iot-device (MQTT 8883) -> {"tempIntake": 21.66, "tempExhaust": 31.79, "humedadRack": 43.57, "tsDispositivo": "2026-09-26T05:42:05+00:00"}
[2026-09-26 00:42:35] TX Python SDK azure-iot-device (MQTT 8883) -> {"tempIntake": 21.52, "tempExhaust": 31.95, "humedadRack": 42.42, "tsDispositivo": "2026-09-26T05:42:35+00:00"}
[2026-09-26 00:43:06] TX Python SDK azure-iot-device (MQTT 8883) -> {"tempIntake": 21.45, "tempExhaust": 31.48, "humedadRack": 41.44, "tsDispositivo": "2026-09-26T05:43:05+00:00"}
[2026-09-26 00:43:36] TX Python SDK azure-iot-device (MQTT 8883) -> {"tempIntake": 21.8, "tempExhaust": 32.17, "humedadRack": 42.17, "tsDispositivo": "2026-09-26T05:43:36+00:00"}
[2026-09-26 00:44:06] TX Python SDK azure-iot-device (MQTT 8883) -> {"tempIntake": 21.92, "tempExhaust": 32.37, "humedadRack": 41.45, "tsDispositivo": "2026-09-26T05:44:06+00:00"}
[2026-09-26 00:44:36] TX Python SDK azure-iot-device (MQTT 8883) -> {"tempIntake": 21.55, "tempExhaust": 31.92, "humedadRack": 41.46, "tsDispositivo": "2026-09-26T05:44:36+00:00"}
[2026-09-26 00:45:06] TX Python SDK azure-iot-device (MQTT 8883) -> {"tempIntake": 21.68, "tempExhaust": 32.14, "humedadRack": 42.91, "tsDispositivo": "2026-09-26T05:45:06+00:00"}
[2026-09-26 00:45:37] TX Python SDK azure-iot-device (MQTT 8883) -> {"tempIntake": 21.33, "tempExhaust": 31.66, "humedadRack": 41.67, "tsDispositivo": "2026-09-26T05:45:36+00:00"}
[2026-09-26 00:46:07] TX Python SDK azure-iot-device (MQTT 8883) -> {"tempIntake": 21.78, "tempExhaust": 31.81, "humedadRack": 42.89, "tsDispositivo": "2026-09-26T05:46:07+00:00"}
[2026-09-26 00:46:37] TX Python SDK azure-iot-device (MQTT 8883) -> {"tempIntake": 21.61, "tempExhaust": 32.2, "humedadRack": 42.05, "tsDispositivo": "2026-09-26T05:46:37+00:00"}
[2026-09-26 00:47:07] TX Python SDK azure-iot-device (MQTT 8883) -> {"tempIntake": 21.75, "tempExhaust": 31.88, "humedadRack": 42.87, "tsDispositivo": "2026-09-26T05:47:07+00:00"}
[2026-09-26 00:47:37] TX Python SDK azure-iot-device (MQTT 8883) -> {"tempIntake": 21.92, "tempExhaust": 31.54, "humedadRack": 42.7, "tsDispositivo": "2026-09-26T05:47:37+00:00"}
[2026-09-26 00:48:07] TX Python SDK azure-iot-device (MQTT 8883) -> {"tempIntake": 21.8, "tempExhaust": 31.43, "humedadRack": 41.46, "tsDispositivo": "2026-09-26T05:48:07+00:00"}
[2026-09-26 00:48:38] TX Python SDK azure-iot-device (MQTT 8883) -> {"tempIntake": 21.62, "tempExhaust": 31.31, "humedadRack": 42.58, "tsDispositivo": "2026-09-26T05:48:37+00:00"}
[2026-09-26 00:49:08] TX Python SDK azure-iot-device (MQTT 8883) -> {"tempIntake": 21.98, "tempExhaust": 32.34, "humedadRack": 41.72, "tsDispositivo": "2026-09-26T05:49:08+00:00"}
[2026-09-26 00:49:38] TX Python SDK azure-iot-device (MQTT 8883) -> {"tempIntake": 21.54, "tempExhaust": 31.69, "humedadRack": 42.58, "tsDispositivo": "2026-09-26T05:49:38+00:00"}
[2026-09-26 00:50:08] TX Python SDK azure-iot-device (MQTT 8883) -> {"tempIntake": 21.45, "tempExhaust": 31.43, "humedadRack": 42.59, "tsDispositivo": "2026-09-26T05:50:08+00:00"}
[2026-09-26 00:50:38] TX Python SDK azure-iot-device (MQTT 8883) -> {"tempIntake": 21.66, "tempExhaust": 31.94, "humedadRack": 42.65, "tsDispositivo": "2026-09-26T05:50:38+00:00"}
[2026-09-26 00:51:09] TX Python SDK azure-iot-device (MQTT 8883) -> {"tempIntake": 21.92, "tempExhaust": 32.3, "humedadRack": 42.25, "tsDispositivo": "2026-09-26T05:51:08+00:00"}
[2026-09-26 00:51:39] TX Python SDK azure-iot-device (MQTT 8883) -> {"tempIntake": 21.5, "tempExhaust": 31.44, "humedadRack": 43.21, "tsDispositivo": "2026-09-26T05:51:39+00:00"}
[2026-09-26 00:52:09] TX Python SDK azure-iot-device (MQTT 8883) -> {"tempIntake": 21.93, "tempExhaust": 32.15, "humedadRack": 41.42, "tsDispositivo": "2026-09-26T05:52:09+00:00"}
[2026-09-26 00:52:39] TX Python SDK azure-iot-device (MQTT 8883) -> {"tempIntake": 21.86, "tempExhaust": 32.18, "humedadRack": 41.68, "tsDispositivo": "2026-09-26T05:52:39+00:00"}
[2026-09-26 00:53:09] TX Python SDK azure-iot-device (MQTT 8883) -> {"tempIntake": 21.73, "tempExhaust": 32.19, "humedadRack": 43.74, "tsDispositivo": "2026-09-26T05:53:09+00:00"}
[2026-09-26 00:53:40] TX Python SDK azure-iot-device (MQTT 8883) -> {"tempIntake": 21.48, "tempExhaust": 31.78, "humedadRack": 42.56, "tsDispositivo": "2026-09-26T05:53:39+00:00"}
[2026-09-26 00:54:10] TX Python SDK azure-iot-device (MQTT 8883) -> {"tempIntake": 21.37, "tempExhaust": 31.2, "humedadRack": 42.97, "tsDispositivo": "2026-09-26T05:54:10+00:00"}
[2026-09-26 00:54:40] TX Python SDK azure-iot-device (MQTT 8883) -> {"tempIntake": 21.37, "tempExhaust": 30.95, "humedadRack": 41.56, "tsDispositivo": "2026-09-26T05:54:40+00:00"}
[2026-09-26 00:55:10] TX Python SDK azure-iot-device (MQTT 8883) -> {"tempIntake": 21.52, "tempExhaust": 31.42, "humedadRack": 43.69, "tsDispositivo": "2026-09-26T05:55:10+00:00"}
[2026-09-26 00:55:40] TX Python SDK azure-iot-device (MQTT 8883) -> {"tempIntake": 21.88, "tempExhaust": 31.91, "humedadRack": 42.06, "tsDispositivo": "2026-09-26T05:55:40+00:00"}
[2026-09-26 00:56:11] TX Python SDK azure-iot-device (MQTT 8883) -> {"tempIntake": 21.59, "tempExhaust": 31.69, "humedadRack": 42.03, "tsDispositivo": "2026-09-26T05:56:10+00:00"}
[2026-09-26 00:56:41] TX Python SDK azure-iot-device (MQTT 8883) -> {"tempIntake": 21.85, "tempExhaust": 31.99, "humedadRack": 41.68, "tsDispositivo": "2026-09-26T05:56:41+00:00"}
[2026-09-26 00:57:11] TX Python SDK azure-iot-device (MQTT 8883) -> {"tempIntake": 21.91, "tempExhaust": 31.73, "humedadRack": 42.46, "tsDispositivo": "2026-09-26T05:57:11+00:00"}
[2026-09-26 00:57:41] TX Python SDK azure-iot-device (MQTT 8883) -> {"tempIntake": 21.47, "tempExhaust": 31.25, "humedadRack": 41.6, "tsDispositivo": "2026-09-26T05:57:41+00:00"}
[2026-09-26 00:58:11] TX Python SDK azure-iot-device (MQTT 8883) -> {"tempIntake": 21.78, "tempExhaust": 31.6, "humedadRack": 42.05, "tsDispositivo": "2026-09-26T05:58:11+00:00"}
[2026-09-26 00:58:42] TX Python SDK azure-iot-device (MQTT 8883) -> {"tempIntake": 21.52, "tempExhaust": 31.55, "humedadRack": 43.89, "tsDispositivo": "2026-09-26T05:58:41+00:00"}
[2026-09-26 00:59:12] TX Python SDK azure-iot-device (MQTT 8883) -> {"tempIntake": 21.89, "tempExhaust": 31.7, "humedadRack": 43.62, "tsDispositivo": "2026-09-26T05:59:12+00:00"}
[2026-09-26 00:59:42] TX Python SDK azure-iot-device (MQTT 8883) -> {"tempIntake": 21.35, "tempExhaust": 31.14, "humedadRack": 42.17, "tsDispositivo": "2026-09-26T05:59:42+00:00"}
[2026-09-26 01:00:12] TX Python SDK azure-iot-device (MQTT 8883) -> {"tempIntake": 21.45, "tempExhaust": 31.3, "humedadRack": 43.55, "tsDispositivo": "2026-09-26T06:00:12+00:00"}
[2026-09-26 01:00:42] TX Python SDK azure-iot-device (MQTT 8883) -> {"tempIntake": 21.72, "tempExhaust": 31.14, "humedadRack": 42.2, "tsDispositivo": "2026-09-26T06:00:42+00:00"}
[2026-09-26 01:01:13] TX Python SDK azure-iot-device (MQTT 8883) -> {"tempIntake": 21.38, "tempExhaust": 30.91, "humedadRack": 42.59, "tsDispositivo": "2026-09-26T06:01:12+00:00"}
[2026-09-26 01:01:43] TX Python SDK azure-iot-device (MQTT 8883) -> {"tempIntake": 21.82, "tempExhaust": 32.03, "humedadRack": 42.07, "tsDispositivo": "2026-09-26T06:01:43+00:00"}
[2026-09-26 01:02:13] TX Python SDK azure-iot-device (MQTT 8883) -> {"tempIntake": 21.65, "tempExhaust": 31.8, "humedadRack": 43.84, "tsDispositivo": "2026-09-26T06:02:13+00:00"}
[2026-09-26 01:02:43] TX Python SDK azure-iot-device (MQTT 8883) -> {"tempIntake": 21.71, "tempExhaust": 31.66, "humedadRack": 41.76, "tsDispositivo": "2026-09-26T06:02:43+00:00"}
[2026-09-26 01:03:13] TX Python SDK azure-iot-device (MQTT 8883) -> {"tempIntake": 21.6, "tempExhaust": 31.03, "humedadRack": 43.49, "tsDispositivo": "2026-09-26T06:03:13+00:00"}
[2026-09-26 01:03:43] TX Python SDK azure-iot-device (MQTT 8883) -> {"tempIntake": 21.7, "tempExhaust": 31.69, "humedadRack": 43.11, "tsDispositivo": "2026-09-26T06:03:43+00:00"}
[2026-09-26 01:04:14] TX Python SDK azure-iot-device (MQTT 8883) -> {"tempIntake": 21.58, "tempExhaust": 31.62, "humedadRack": 42.51, "tsDispositivo": "2026-09-26T06:04:13+00:00"}
[2026-09-26 01:04:44] TX Python SDK azure-iot-device (MQTT 8883) -> {"tempIntake": 21.33, "tempExhaust": 31.86, "humedadRack": 42.26, "tsDispositivo": "2026-09-26T06:04:44+00:00"}
[2026-09-26 01:05:14] TX Python SDK azure-iot-device (MQTT 8883) -> {"tempIntake": 21.46, "tempExhaust": 31.62, "humedadRack": 42.73, "tsDispositivo": "2026-09-26T06:05:14+00:00"}
[2026-09-26 01:05:44] TX Python SDK azure-iot-device (MQTT 8883) -> {"tempIntake": 21.55, "tempExhaust": 31.78, "humedadRack": 41.83, "tsDispositivo": "2026-09-26T06:05:44+00:00"}
[2026-09-26 01:06:14] TX Python SDK azure-iot-device (MQTT 8883) -> {"tempIntake": 21.6, "tempExhaust": 31.66, "humedadRack": 41.82, "tsDispositivo": "2026-09-26T06:06:14+00:00"}
[2026-09-26 01:06:45] TX Python SDK azure-iot-device (MQTT 8883) -> {"tempIntake": 21.54, "tempExhaust": 31.52, "humedadRack": 43.3, "tsDispositivo": "2026-09-26T06:06:44+00:00"}
[2026-09-26 01:07:15] TX Python SDK azure-iot-device (MQTT 8883) -> {"tempIntake": 21.61, "tempExhaust": 31.55, "humedadRack": 43.18, "tsDispositivo": "2026-09-26T06:07:15+00:00"}
[2026-09-26 01:07:45] TX Python SDK azure-iot-device (MQTT 8883) -> {"tempIntake": 21.34, "tempExhaust": 31.17, "humedadRack": 41.93, "tsDispositivo": "2026-09-26T06:07:45+00:00"}
[2026-09-26 01:08:15] TX Python SDK azure-iot-device (MQTT 8883) -> {"tempIntake": 21.89, "tempExhaust": 31.81, "humedadRack": 43.92, "tsDispositivo": "2026-09-26T06:08:15+00:00"}
[2026-09-26 01:08:45] TX Python SDK azure-iot-device (MQTT 8883) -> {"tempIntake": 21.9, "tempExhaust": 32.06, "humedadRack": 43.16, "tsDispositivo": "2026-09-26T06:08:45+00:00"}
[2026-09-26 01:09:16] TX Python SDK azure-iot-device (MQTT 8883) -> {"tempIntake": 21.63, "tempExhaust": 31.61, "humedadRack": 43.54, "tsDispositivo": "2026-09-26T06:09:15+00:00"}
[2026-09-26 01:09:46] TX Python SDK azure-iot-device (MQTT 8883) -> {"tempIntake": 21.57, "tempExhaust": 31.14, "humedadRack": 41.78, "tsDispositivo": "2026-09-26T06:09:46+00:00"}
[2026-09-26 01:10:16] TX Python SDK azure-iot-device (MQTT 8883) -> {"tempIntake": 21.31, "tempExhaust": 31.46, "humedadRack": 43.62, "tsDispositivo": "2026-09-26T06:10:16+00:00"}
[2026-09-26 01:10:46] TX Python SDK azure-iot-device (MQTT 8883) -> {"tempIntake": 21.75, "tempExhaust": 32.24, "humedadRack": 42.6, "tsDispositivo": "2026-09-26T06:10:46+00:00"}
[2026-09-26 01:11:16] TX Python SDK azure-iot-device (MQTT 8883) -> {"tempIntake": 21.49, "tempExhaust": 31.46, "humedadRack": 42.98, "tsDispositivo": "2026-09-26T06:11:16+00:00"}
[2026-09-26 01:11:47] TX Python SDK azure-iot-device (MQTT 8883) -> {"tempIntake": 21.58, "tempExhaust": 31.97, "humedadRack": 44.12, "tsDispositivo": "2026-09-26T06:11:46+00:00"}
[2026-09-26 01:12:17] TX Python SDK azure-iot-device (MQTT 8883) -> {"tempIntake": 21.64, "tempExhaust": 31.39, "humedadRack": 43.86, "tsDispositivo": "2026-09-26T06:12:17+00:00"}
[2026-09-26 01:12:47] TX Python SDK azure-iot-device (MQTT 8883) -> {"tempIntake": 21.42, "tempExhaust": 31.74, "humedadRack": 43.42, "tsDispositivo": "2026-09-26T06:12:47+00:00"}
[2026-09-26 01:13:17] TX Python SDK azure-iot-device (MQTT 8883) -> {"tempIntake": 21.57, "tempExhaust": 31.75, "humedadRack": 43.11, "tsDispositivo": "2026-09-26T06:13:17+00:00"}
[2026-09-26 01:13:47] TX Python SDK azure-iot-device (MQTT 8883) -> {"tempIntake": 21.53, "tempExhaust": 31.11, "humedadRack": 43.27, "tsDispositivo": "2026-09-26T06:13:47+00:00"}
[2026-09-26 01:14:17] TX Python SDK azure-iot-device (MQTT 8883) -> {"tempIntake": 21.45, "tempExhaust": 31.81, "humedadRack": 42.75, "tsDispositivo": "2026-09-26T06:14:17+00:00"}
[2026-09-26 01:14:48] TX Python SDK azure-iot-device (MQTT 8883) -> {"tempIntake": 21.46, "tempExhaust": 31.53, "humedadRack": 43.41, "tsDispositivo": "2026-09-26T06:14:47+00:00"}
[2026-09-26 01:15:18] TX Python SDK azure-iot-device (MQTT 8883) -> {"tempIntake": 21.64, "tempExhaust": 31.07, "humedadRack": 41.86, "tsDispositivo": "2026-09-26T06:15:18+00:00"}
[2026-09-26 01:15:48] TX Python SDK azure-iot-device (MQTT 8883) -> {"tempIntake": 21.64, "tempExhaust": 32.21, "humedadRack": 42.2, "tsDispositivo": "2026-09-26T06:15:48+00:00"}
[2026-09-26 01:16:18] TX Python SDK azure-iot-device (MQTT 8883) -> {"tempIntake": 21.34, "tempExhaust": 31.04, "humedadRack": 43.46, "tsDispositivo": "2026-09-26T06:16:18+00:00"}
[2026-09-26 01:16:48] TX Python SDK azure-iot-device (MQTT 8883) -> {"tempIntake": 21.64, "tempExhaust": 31.18, "humedadRack": 43.69, "tsDispositivo": "2026-09-26T06:16:48+00:00"}
[2026-09-26 01:17:19] TX Python SDK azure-iot-device (MQTT 8883) -> {"tempIntake": 21.66, "tempExhaust": 31.78, "humedadRack": 42.78, "tsDispositivo": "2026-09-26T06:17:18+00:00"}
[2026-09-26 01:17:49] TX Python SDK azure-iot-device (MQTT 8883) -> {"tempIntake": 21.37, "tempExhaust": 31.16, "humedadRack": 41.92, "tsDispositivo": "2026-09-26T06:17:49+00:00"}
[2026-09-26 01:18:20] TX Python SDK azure-iot-device (MQTT 8883) -> {"tempIntake": 21.44, "tempExhaust": 31.24, "humedadRack": 43.27, "tsDispositivo": "2026-09-26T06:18:20+00:00"}
[2026-09-26 01:18:50] TX Python SDK azure-iot-device (MQTT 8883) -> {"tempIntake": 21.56, "tempExhaust": 31.91, "humedadRack": 41.97, "tsDispositivo": "2026-09-26T06:18:50+00:00"}
[2026-09-26 01:19:21] TX Python SDK azure-iot-device (MQTT 8883) -> {"tempIntake": 21.44, "tempExhaust": 31.51, "humedadRack": 43.69, "tsDispositivo": "2026-09-26T06:19:20+00:00"}
[2026-09-26 01:19:55] TX Python SDK azure-iot-device (MQTT 8883) -> {"tempIntake": 22.02, "tempExhaust": 32.36, "humedadRack": 42.94, "tsDispositivo": "2026-09-26T06:19:52+00:00"}
[2026-09-26 01:20:26] TX Python SDK azure-iot-device (MQTT 8883) -> {"tempIntake": 21.99, "tempExhaust": 31.49, "humedadRack": 44.11, "tsDispositivo": "2026-09-26T06:20:25+00:00"}
[2026-09-26 01:20:56] TX Python SDK azure-iot-device (MQTT 8883) -> {"tempIntake": 21.77, "tempExhaust": 31.58, "humedadRack": 44.25, "tsDispositivo": "2026-09-26T06:20:56+00:00"}
[2026-09-26 01:21:26] TX Python SDK azure-iot-device (MQTT 8883) -> {"tempIntake": 21.4, "tempExhaust": 31.7, "humedadRack": 42.22, "tsDispositivo": "2026-09-26T06:21:26+00:00"}
[2026-09-26 01:21:57] TX Python SDK azure-iot-device (MQTT 8883) -> {"tempIntake": 21.86, "tempExhaust": 32.21, "humedadRack": 42.51, "tsDispositivo": "2026-09-26T06:21:56+00:00"}
[2026-09-26 01:22:27] TX Python SDK azure-iot-device (MQTT 8883) -> {"tempIntake": 21.53, "tempExhaust": 31.61, "humedadRack": 42.75, "tsDispositivo": "2026-09-26T06:22:27+00:00"}
[2026-09-26 01:22:57] TX Python SDK azure-iot-device (MQTT 8883) -> {"tempIntake": 21.38, "tempExhaust": 30.96, "humedadRack": 43.12, "tsDispositivo": "2026-09-26T06:22:57+00:00"}
[2026-09-26 01:23:27] TX Python SDK azure-iot-device (MQTT 8883) -> {"tempIntake": 21.68, "tempExhaust": 31.45, "humedadRack": 42.56, "tsDispositivo": "2026-09-26T06:23:27+00:00"}
[2026-09-26 01:23:57] TX Python SDK azure-iot-device (MQTT 8883) -> {"tempIntake": 21.41, "tempExhaust": 31.78, "humedadRack": 43.33, "tsDispositivo": "2026-09-26T06:23:57+00:00"}
[2026-09-26 01:24:28] TX Python SDK azure-iot-device (MQTT 8883) -> {"tempIntake": 21.59, "tempExhaust": 31.79, "humedadRack": 42.03, "tsDispositivo": "2026-09-26T06:24:27+00:00"}
[2026-09-26 01:24:58] TX Python SDK azure-iot-device (MQTT 8883) -> {"tempIntake": 22.01, "tempExhaust": 32.24, "humedadRack": 43.15, "tsDispositivo": "2026-09-26T06:24:58+00:00"}
[2026-09-26 01:25:28] TX Python SDK azure-iot-device (MQTT 8883) -> {"tempIntake": 21.49, "tempExhaust": 31.47, "humedadRack": 43.17, "tsDispositivo": "2026-09-26T06:25:28+00:00"}
[2026-09-26 01:25:58] TX Python SDK azure-iot-device (MQTT 8883) -> {"tempIntake": 21.89, "tempExhaust": 31.35, "humedadRack": 44.12, "tsDispositivo": "2026-09-26T06:25:58+00:00"}
[2026-09-26 01:26:28] TX Python SDK azure-iot-device (MQTT 8883) -> {"tempIntake": 21.83, "tempExhaust": 32.27, "humedadRack": 42.11, "tsDispositivo": "2026-09-26T06:26:28+00:00"}
[2026-09-26 01:26:59] TX Python SDK azure-iot-device (MQTT 8883) -> {"tempIntake": 21.37, "tempExhaust": 31.24, "humedadRack": 42.85, "tsDispositivo": "2026-09-26T06:26:58+00:00"}
[2026-09-26 01:27:29] TX Python SDK azure-iot-device (MQTT 8883) -> {"tempIntake": 21.33, "tempExhaust": 31.47, "humedadRack": 42.61, "tsDispositivo": "2026-09-26T06:27:29+00:00"}
[2026-09-26 01:27:59] TX Python SDK azure-iot-device (MQTT 8883) -> {"tempIntake": 21.56, "tempExhaust": 31.11, "humedadRack": 42.48, "tsDispositivo": "2026-09-26T06:27:59+00:00"}
[2026-09-26 01:28:29] TX Python SDK azure-iot-device (MQTT 8883) -> {"tempIntake": 21.55, "tempExhaust": 31.26, "humedadRack": 43.9, "tsDispositivo": "2026-09-26T06:28:29+00:00"}
[2026-09-26 01:28:59] TX Python SDK azure-iot-device (MQTT 8883) -> {"tempIntake": 22.0, "tempExhaust": 32.16, "humedadRack": 42.38, "tsDispositivo": "2026-09-26T06:28:59+00:00"}
[2026-09-26 01:29:29] TX Python SDK azure-iot-device (MQTT 8883) -> {"tempIntake": 21.9, "tempExhaust": 31.97, "humedadRack": 42.51, "tsDispositivo": "2026-09-26T06:29:29+00:00"}
[2026-09-26 01:30:00] TX Python SDK azure-iot-device (MQTT 8883) -> {"tempIntake": 21.47, "tempExhaust": 31.28, "humedadRack": 43.38, "tsDispositivo": "2026-09-26T06:29:59+00:00"}
[2026-09-26 01:30:30] TX Python SDK azure-iot-device (MQTT 8883) -> {"tempIntake": 21.47, "tempExhaust": 30.86, "humedadRack": 43.15, "tsDispositivo": "2026-09-26T06:30:30+00:00"}
[2026-09-26 01:31:00] TX Python SDK azure-iot-device (MQTT 8883) -> {"tempIntake": 21.32, "tempExhaust": 30.89, "humedadRack": 42.68, "tsDispositivo": "2026-09-26T06:31:00+00:00"}
[2026-09-26 01:31:30] TX Python SDK azure-iot-device (MQTT 8883) -> {"tempIntake": 21.27, "tempExhaust": 30.73, "humedadRack": 44.54, "tsDispositivo": "2026-09-26T06:31:30+00:00"}
[2026-09-26 01:32:00] TX Python SDK azure-iot-device (MQTT 8883) -> {"tempIntake": 21.68, "tempExhaust": 32.15, "humedadRack": 42.72, "tsDispositivo": "2026-09-26T06:32:00+00:00"}
[2026-09-26 01:32:31] TX Python SDK azure-iot-device (MQTT 8883) -> {"tempIntake": 21.31, "tempExhaust": 31.33, "humedadRack": 42.92, "tsDispositivo": "2026-09-26T06:32:30+00:00"}
[2026-09-26 01:33:01] TX Python SDK azure-iot-device (MQTT 8883) -> {"tempIntake": 21.79, "tempExhaust": 31.53, "humedadRack": 42.77, "tsDispositivo": "2026-09-26T06:33:01+00:00"}
[2026-09-26 01:33:31] TX Python SDK azure-iot-device (MQTT 8883) -> {"tempIntake": 21.37, "tempExhaust": 31.78, "humedadRack": 44.15, "tsDispositivo": "2026-09-26T06:33:31+00:00"}
[2026-09-26 01:34:01] TX Python SDK azure-iot-device (MQTT 8883) -> {"tempIntake": 21.62, "tempExhaust": 31.25, "humedadRack": 43.34, "tsDispositivo": "2026-09-26T06:34:01+00:00"}
[2026-09-26 01:34:31] TX Python SDK azure-iot-device (MQTT 8883) -> {"tempIntake": 21.87, "tempExhaust": 31.76, "humedadRack": 43.7, "tsDispositivo": "2026-09-26T06:34:31+00:00"}
[2026-09-26 01:35:02] TX Python SDK azure-iot-device (MQTT 8883) -> {"tempIntake": 21.92, "tempExhaust": 32.38, "humedadRack": 43.66, "tsDispositivo": "2026-09-26T06:35:01+00:00"}
[2026-09-26 01:35:32] TX Python SDK azure-iot-device (MQTT 8883) -> {"tempIntake": 21.58, "tempExhaust": 31.15, "humedadRack": 44.32, "tsDispositivo": "2026-09-26T06:35:32+00:00"}
[2026-09-26 01:36:02] TX Python SDK azure-iot-device (MQTT 8883) -> {"tempIntake": 21.78, "tempExhaust": 32.15, "humedadRack": 43.58, "tsDispositivo": "2026-09-26T06:36:02+00:00"}
[2026-09-26 01:36:32] TX Python SDK azure-iot-device (MQTT 8883) -> {"tempIntake": 21.74, "tempExhaust": 31.75, "humedadRack": 42.53, "tsDispositivo": "2026-09-26T06:36:32+00:00"}
[2026-09-26 01:37:02] TX Python SDK azure-iot-device (MQTT 8883) -> {"tempIntake": 21.64, "tempExhaust": 31.58, "humedadRack": 44.14, "tsDispositivo": "2026-09-26T06:37:02+00:00"}
[2026-09-26 01:37:33] TX Python SDK azure-iot-device (MQTT 8883) -> {"tempIntake": 21.68, "tempExhaust": 31.11, "humedadRack": 44.11, "tsDispositivo": "2026-09-26T06:37:32+00:00"}
[2026-09-26 01:38:03] TX Python SDK azure-iot-device (MQTT 8883) -> {"tempIntake": 21.76, "tempExhaust": 31.76, "humedadRack": 42.9, "tsDispositivo": "2026-09-26T06:38:03+00:00"}
[2026-09-26 01:38:33] TX Python SDK azure-iot-device (MQTT 8883) -> {"tempIntake": 21.33, "tempExhaust": 30.9, "humedadRack": 43.49, "tsDispositivo": "2026-09-26T06:38:33+00:00"}
[2026-09-26 01:39:03] TX Python SDK azure-iot-device (MQTT 8883) -> {"tempIntake": 21.91, "tempExhaust": 32.03, "humedadRack": 43.61, "tsDispositivo": "2026-09-26T06:39:03+00:00"}
[2026-09-26 01:39:33] TX Python SDK azure-iot-device (MQTT 8883) -> {"tempIntake": 21.96, "tempExhaust": 32.28, "humedadRack": 43.72, "tsDispositivo": "2026-09-26T06:39:33+00:00"}
[2026-09-26 01:40:03] TX Python SDK azure-iot-device (MQTT 8883) -> {"tempIntake": 21.33, "tempExhaust": 31.44, "humedadRack": 43.56, "tsDispositivo": "2026-09-26T06:40:03+00:00"}
[2026-09-26 01:40:34] TX Python SDK azure-iot-device (MQTT 8883) -> {"tempIntake": 21.94, "tempExhaust": 31.25, "humedadRack": 43.19, "tsDispositivo": "2026-09-26T06:40:34+00:00"}
[2026-09-26 01:41:04] TX Python SDK azure-iot-device (MQTT 8883) -> {"tempIntake": 21.75, "tempExhaust": 31.64, "humedadRack": 43.48, "tsDispositivo": "2026-09-26T06:41:04+00:00"}
[2026-09-26 01:41:34] TX Python SDK azure-iot-device (MQTT 8883) -> {"tempIntake": 21.73, "tempExhaust": 31.25, "humedadRack": 43.43, "tsDispositivo": "2026-09-26T06:41:34+00:00"}
[2026-09-26 01:42:04] TX Python SDK azure-iot-device (MQTT 8883) -> {"tempIntake": 21.95, "tempExhaust": 31.85, "humedadRack": 44.63, "tsDispositivo": "2026-09-26T06:42:04+00:00"}
[2026-09-26 01:42:35] TX Python SDK azure-iot-device (MQTT 8883) -> {"tempIntake": 21.52, "tempExhaust": 31.96, "humedadRack": 42.47, "tsDispositivo": "2026-09-26T06:42:34+00:00"}
[2026-09-26 01:43:05] TX Python SDK azure-iot-device (MQTT 8883) -> {"tempIntake": 21.83, "tempExhaust": 32.2, "humedadRack": 43.47, "tsDispositivo": "2026-09-26T06:43:05+00:00"}
[2026-09-26 01:43:35] TX Python SDK azure-iot-device (MQTT 8883) -> {"tempIntake": 21.67, "tempExhaust": 31.93, "humedadRack": 42.49, "tsDispositivo": "2026-09-26T06:43:35+00:00"}
[2026-09-26 01:44:05] TX Python SDK azure-iot-device (MQTT 8883) -> {"tempIntake": 21.49, "tempExhaust": 31.31, "humedadRack": 43.64, "tsDispositivo": "2026-09-26T06:44:05+00:00"}
[2026-09-26 01:44:35] TX Python SDK azure-iot-device (MQTT 8883) -> {"tempIntake": 21.6, "tempExhaust": 31.35, "humedadRack": 42.87, "tsDispositivo": "2026-09-26T06:44:35+00:00"}
[2026-09-26 01:45:06] TX Python SDK azure-iot-device (MQTT 8883) -> {"tempIntake": 21.68, "tempExhaust": 31.91, "humedadRack": 44.38, "tsDispositivo": "2026-09-26T06:45:05+00:00"}
[2026-09-26 01:45:36] TX Python SDK azure-iot-device (MQTT 8883) -> {"tempIntake": 21.68, "tempExhaust": 31.95, "humedadRack": 44.32, "tsDispositivo": "2026-09-26T06:45:36+00:00"}
[2026-09-26 01:46:06] TX Python SDK azure-iot-device (MQTT 8883) -> {"tempIntake": 21.72, "tempExhaust": 31.91, "humedadRack": 42.95, "tsDispositivo": "2026-09-26T06:46:06+00:00"}
[2026-09-26 01:46:36] TX Python SDK azure-iot-device (MQTT 8883) -> {"tempIntake": 21.65, "tempExhaust": 31.63, "humedadRack": 43.2, "tsDispositivo": "2026-09-26T06:46:36+00:00"}
[2026-09-26 01:47:06] TX Python SDK azure-iot-device (MQTT 8883) -> {"tempIntake": 21.67, "tempExhaust": 31.74, "humedadRack": 43.24, "tsDispositivo": "2026-09-26T06:47:06+00:00"}
[2026-09-26 01:47:36] TX Python SDK azure-iot-device (MQTT 8883) -> {"tempIntake": 21.41, "tempExhaust": 31.17, "humedadRack": 43.8, "tsDispositivo": "2026-09-26T06:47:36+00:00"}
[2026-09-26 01:48:07] TX Python SDK azure-iot-device (MQTT 8883) -> {"tempIntake": 21.49, "tempExhaust": 31.35, "humedadRack": 42.84, "tsDispositivo": "2026-09-26T06:48:06+00:00"}
[2026-09-26 01:48:37] TX Python SDK azure-iot-device (MQTT 8883) -> {"tempIntake": 21.32, "tempExhaust": 31.5, "humedadRack": 43.41, "tsDispositivo": "2026-09-26T06:48:37+00:00"}
[2026-09-26 01:49:07] TX Python SDK azure-iot-device (MQTT 8883) -> {"tempIntake": 21.69, "tempExhaust": 31.16, "humedadRack": 43.65, "tsDispositivo": "2026-09-26T06:49:07+00:00"}
[2026-09-26 01:49:37] TX Python SDK azure-iot-device (MQTT 8883) -> {"tempIntake": 21.59, "tempExhaust": 31.52, "humedadRack": 44.53, "tsDispositivo": "2026-09-26T06:49:37+00:00"}
[2026-09-26 01:50:07] TX Python SDK azure-iot-device (MQTT 8883) -> {"tempIntake": 21.48, "tempExhaust": 31.13, "humedadRack": 43.98, "tsDispositivo": "2026-09-26T06:50:07+00:00"}
[2026-09-26 01:50:38] TX Python SDK azure-iot-device (MQTT 8883) -> {"tempIntake": 21.78, "tempExhaust": 31.59, "humedadRack": 42.77, "tsDispositivo": "2026-09-26T06:50:38+00:00"}
[2026-09-26 01:51:08] TX Python SDK azure-iot-device (MQTT 8883) -> {"tempIntake": 21.47, "tempExhaust": 31.63, "humedadRack": 44.7, "tsDispositivo": "2026-09-26T06:51:08+00:00"}
[2026-09-26 01:51:38] TX Python SDK azure-iot-device (MQTT 8883) -> {"tempIntake": 21.31, "tempExhaust": 30.96, "humedadRack": 44.24, "tsDispositivo": "2026-09-26T06:51:38+00:00"}
[2026-09-26 01:52:08] TX Python SDK azure-iot-device (MQTT 8883) -> {"tempIntake": 21.76, "tempExhaust": 31.17, "humedadRack": 43.76, "tsDispositivo": "2026-09-26T06:52:08+00:00"}
[2026-09-26 01:52:39] TX Python SDK azure-iot-device (MQTT 8883) -> {"tempIntake": 21.84, "tempExhaust": 31.71, "humedadRack": 43.59, "tsDispositivo": "2026-09-26T06:52:38+00:00"}
[2026-09-26 01:53:09] TX Python SDK azure-iot-device (MQTT 8883) -> {"tempIntake": 21.5, "tempExhaust": 31.5, "humedadRack": 45.03, "tsDispositivo": "2026-09-26T06:53:09+00:00"}
[2026-09-26 01:53:39] TX Python SDK azure-iot-device (MQTT 8883) -> {"tempIntake": 21.31, "tempExhaust": 30.92, "humedadRack": 44.66, "tsDispositivo": "2026-09-26T06:53:39+00:00"}
[2026-09-26 01:54:09] TX Python SDK azure-iot-device (MQTT 8883) -> {"tempIntake": 21.48, "tempExhaust": 30.97, "humedadRack": 44.43, "tsDispositivo": "2026-09-26T06:54:09+00:00"}
[2026-09-26 01:54:39] TX Python SDK azure-iot-device (MQTT 8883) -> {"tempIntake": 21.45, "tempExhaust": 32.0, "humedadRack": 44.92, "tsDispositivo": "2026-09-26T06:54:39+00:00"}
[2026-09-26 01:55:09] TX Python SDK azure-iot-device (MQTT 8883) -> {"tempIntake": 21.46, "tempExhaust": 32.02, "humedadRack": 43.99, "tsDispositivo": "2026-09-26T06:55:09+00:00"}
[2026-09-26 01:55:40] TX Python SDK azure-iot-device (MQTT 8883) -> {"tempIntake": 21.44, "tempExhaust": 31.61, "humedadRack": 42.88, "tsDispositivo": "2026-09-26T06:55:39+00:00"}
[2026-09-26 01:56:10] TX Python SDK azure-iot-device (MQTT 8883) -> {"tempIntake": 22.0, "tempExhaust": 31.71, "humedadRack": 44.34, "tsDispositivo": "2026-09-26T06:56:10+00:00"}
[2026-09-26 01:56:40] TX Python SDK azure-iot-device (MQTT 8883) -> {"tempIntake": 21.36, "tempExhaust": 31.77, "humedadRack": 44.58, "tsDispositivo": "2026-09-26T06:56:40+00:00"}
[2026-09-26 01:57:10] TX Python SDK azure-iot-device (MQTT 8883) -> {"tempIntake": 21.34, "tempExhaust": 31.59, "humedadRack": 43.73, "tsDispositivo": "2026-09-26T06:57:10+00:00"}
[2026-09-26 01:57:40] TX Python SDK azure-iot-device (MQTT 8883) -> {"tempIntake": 21.77, "tempExhaust": 31.07, "humedadRack": 44.26, "tsDispositivo": "2026-09-26T06:57:40+00:00"}
[2026-09-26 01:58:11] TX Python SDK azure-iot-device (MQTT 8883) -> {"tempIntake": 21.81, "tempExhaust": 31.23, "humedadRack": 43.66, "tsDispositivo": "2026-09-26T06:58:10+00:00"}
[2026-09-26 01:58:41] TX Python SDK azure-iot-device (MQTT 8883) -> {"tempIntake": 21.46, "tempExhaust": 30.73, "humedadRack": 44.9, "tsDispositivo": "2026-09-26T06:58:41+00:00"}
[2026-09-26 01:59:11] TX Python SDK azure-iot-device (MQTT 8883) -> {"tempIntake": 21.66, "tempExhaust": 31.17, "humedadRack": 44.08, "tsDispositivo": "2026-09-26T06:59:11+00:00"}
[2026-09-26 01:59:41] TX Python SDK azure-iot-device (MQTT 8883) -> {"tempIntake": 21.95, "tempExhaust": 31.33, "humedadRack": 43.07, "tsDispositivo": "2026-09-26T06:59:41+00:00"}
[2026-09-26 02:00:11] TX Python SDK azure-iot-device (MQTT 8883) -> {"tempIntake": 21.92, "tempExhaust": 31.66, "humedadRack": 43.77, "tsDispositivo": "2026-09-26T07:00:11+00:00"}
[2026-09-26 02:00:42] TX Python SDK azure-iot-device (MQTT 8883) -> {"tempIntake": 21.95, "tempExhaust": 31.91, "humedadRack": 44.57, "tsDispositivo": "2026-09-26T07:00:41+00:00"}
[2026-09-26 02:01:12] TX Python SDK azure-iot-device (MQTT 8883) -> {"tempIntake": 21.39, "tempExhaust": 31.3, "humedadRack": 44.34, "tsDispositivo": "2026-09-26T07:01:12+00:00"}
[2026-09-26 02:01:42] TX Python SDK azure-iot-device (MQTT 8883) -> {"tempIntake": 21.91, "tempExhaust": 32.14, "humedadRack": 43.98, "tsDispositivo": "2026-09-26T07:01:42+00:00"}
[2026-09-26 02:02:12] TX Python SDK azure-iot-device (MQTT 8883) -> {"tempIntake": 21.93, "tempExhaust": 31.64, "humedadRack": 44.79, "tsDispositivo": "2026-09-26T07:02:12+00:00"}
[2026-09-26 02:02:42] TX Python SDK azure-iot-device (MQTT 8883) -> {"tempIntake": 21.63, "tempExhaust": 31.41, "humedadRack": 43.43, "tsDispositivo": "2026-09-26T07:02:42+00:00"}
[2026-09-26 02:03:13] TX Python SDK azure-iot-device (MQTT 8883) -> {"tempIntake": 21.34, "tempExhaust": 31.06, "humedadRack": 43.07, "tsDispositivo": "2026-09-26T07:03:12+00:00"}
[2026-09-26 02:03:43] TX Python SDK azure-iot-device (MQTT 8883) -> {"tempIntake": 21.88, "tempExhaust": 32.42, "humedadRack": 42.97, "tsDispositivo": "2026-09-26T07:03:43+00:00"}
[2026-09-26 02:04:13] TX Python SDK azure-iot-device (MQTT 8883) -> {"tempIntake": 21.56, "tempExhaust": 31.76, "humedadRack": 44.98, "tsDispositivo": "2026-09-26T07:04:13+00:00"}
[2026-09-26 02:04:43] TX Python SDK azure-iot-device (MQTT 8883) -> {"tempIntake": 21.56, "tempExhaust": 31.33, "humedadRack": 43.97, "tsDispositivo": "2026-09-26T07:04:43+00:00"}
[2026-09-26 02:05:14] TX Python SDK azure-iot-device (MQTT 8883) -> {"tempIntake": 21.87, "tempExhaust": 31.72, "humedadRack": 45.1, "tsDispositivo": "2026-09-26T07:05:13+00:00"}
[2026-09-26 02:05:44] TX Python SDK azure-iot-device (MQTT 8883) -> {"tempIntake": 21.51, "tempExhaust": 30.91, "humedadRack": 44.75, "tsDispositivo": "2026-09-26T07:05:44+00:00"}
[2026-09-26 02:06:14] TX Python SDK azure-iot-device (MQTT 8883) -> {"tempIntake": 21.41, "tempExhaust": 31.04, "humedadRack": 43.18, "tsDispositivo": "2026-09-26T07:06:14+00:00"}
[2026-09-26 02:06:44] TX Python SDK azure-iot-device (MQTT 8883) -> {"tempIntake": 21.66, "tempExhaust": 32.09, "humedadRack": 44.03, "tsDispositivo": "2026-09-26T07:06:44+00:00"}
[2026-09-26 02:07:14] TX Python SDK azure-iot-device (MQTT 8883) -> {"tempIntake": 21.89, "tempExhaust": 31.4, "humedadRack": 44.31, "tsDispositivo": "2026-09-26T07:07:14+00:00"}
[2026-09-26 02:07:45] TX Python SDK azure-iot-device (MQTT 8883) -> {"tempIntake": 21.64, "tempExhaust": 31.45, "humedadRack": 44.9, "tsDispositivo": "2026-09-26T07:07:44+00:00"}
[2026-09-26 02:08:15] TX Python SDK azure-iot-device (MQTT 8883) -> {"tempIntake": 21.41, "tempExhaust": 31.64, "humedadRack": 44.69, "tsDispositivo": "2026-09-26T07:08:15+00:00"}
[2026-09-26 02:08:45] TX Python SDK azure-iot-device (MQTT 8883) -> {"tempIntake": 21.92, "tempExhaust": 32.03, "humedadRack": 43.76, "tsDispositivo": "2026-09-26T07:08:45+00:00"}
[2026-09-26 02:09:16] TX Python SDK azure-iot-device (MQTT 8883) -> {"tempIntake": 21.91, "tempExhaust": 31.56, "humedadRack": 43.05, "tsDispositivo": "2026-09-26T07:09:15+00:00"}
[2026-09-26 02:09:48] TX Python SDK azure-iot-device (MQTT 8883) -> {"tempIntake": 21.8, "tempExhaust": 31.78, "humedadRack": 44.94, "tsDispositivo": "2026-09-26T07:09:48+00:00"}
[2026-09-26 02:10:19] TX Python SDK azure-iot-device (MQTT 8883) -> {"tempIntake": 21.42, "tempExhaust": 30.89, "humedadRack": 45.19, "tsDispositivo": "2026-09-26T07:10:19+00:00"}
[2026-09-26 02:10:50] TX Python SDK azure-iot-device (MQTT 8883) -> {"tempIntake": 21.37, "tempExhaust": 31.34, "humedadRack": 44.52, "tsDispositivo": "2026-09-26T07:10:49+00:00"}
[2026-09-26 02:11:20] TX Python SDK azure-iot-device (MQTT 8883) -> {"tempIntake": 21.49, "tempExhaust": 31.65, "humedadRack": 43.75, "tsDispositivo": "2026-09-26T07:11:20+00:00"}
[2026-09-26 02:11:51] TX Python SDK azure-iot-device (MQTT 8883) -> {"tempIntake": 21.78, "tempExhaust": 31.7, "humedadRack": 44.65, "tsDispositivo": "2026-09-26T07:11:50+00:00"}
[2026-09-26 02:12:21] TX Python SDK azure-iot-device (MQTT 8883) -> {"tempIntake": 21.52, "tempExhaust": 31.38, "humedadRack": 43.82, "tsDispositivo": "2026-09-26T07:12:21+00:00"}
[2026-09-26 02:12:51] TX Python SDK azure-iot-device (MQTT 8883) -> {"tempIntake": 21.87, "tempExhaust": 31.23, "humedadRack": 44.42, "tsDispositivo": "2026-09-26T07:12:51+00:00"}
[2026-09-26 02:13:21] TX Python SDK azure-iot-device (MQTT 8883) -> {"tempIntake": 21.43, "tempExhaust": 31.46, "humedadRack": 44.47, "tsDispositivo": "2026-09-26T07:13:21+00:00"}
[2026-09-26 02:13:52] TX Python SDK azure-iot-device (MQTT 8883) -> {"tempIntake": 21.51, "tempExhaust": 31.57, "humedadRack": 44.32, "tsDispositivo": "2026-09-26T07:13:51+00:00"}
[2026-09-26 02:14:22] TX Python SDK azure-iot-device (MQTT 8883) -> {"tempIntake": 21.47, "tempExhaust": 31.63, "humedadRack": 45.41, "tsDispositivo": "2026-09-26T07:14:22+00:00"}
[2026-09-26 02:14:52] TX Python SDK azure-iot-device (MQTT 8883) -> {"tempIntake": 21.61, "tempExhaust": 31.28, "humedadRack": 44.17, "tsDispositivo": "2026-09-26T07:14:52+00:00"}
[2026-09-26 02:15:22] TX Python SDK azure-iot-device (MQTT 8883) -> {"tempIntake": 21.64, "tempExhaust": 31.75, "humedadRack": 43.95, "tsDispositivo": "2026-09-26T07:15:22+00:00"}
[2026-09-26 02:15:52] TX Python SDK azure-iot-device (MQTT 8883) -> {"tempIntake": 21.72, "tempExhaust": 31.71, "humedadRack": 44.41, "tsDispositivo": "2026-09-26T07:15:52+00:00"}
[2026-09-26 02:16:23] TX Python SDK azure-iot-device (MQTT 8883) -> {"tempIntake": 21.4, "tempExhaust": 30.81, "humedadRack": 43.64, "tsDispositivo": "2026-09-26T07:16:22+00:00"}
[2026-09-26 02:16:53] TX Python SDK azure-iot-device (MQTT 8883) -> {"tempIntake": 21.86, "tempExhaust": 32.04, "humedadRack": 44.07, "tsDispositivo": "2026-09-26T07:16:53+00:00"}
[2026-09-26 02:17:23] TX Python SDK azure-iot-device (MQTT 8883) -> {"tempIntake": 21.34, "tempExhaust": 31.81, "humedadRack": 45.43, "tsDispositivo": "2026-09-26T07:17:23+00:00"}
[2026-09-26 02:17:53] TX Python SDK azure-iot-device (MQTT 8883) -> {"tempIntake": 21.6, "tempExhaust": 32.03, "humedadRack": 45.58, "tsDispositivo": "2026-09-26T07:17:53+00:00"}
[2026-09-26 02:18:23] TX Python SDK azure-iot-device (MQTT 8883) -> {"tempIntake": 21.98, "tempExhaust": 31.55, "humedadRack": 44.97, "tsDispositivo": "2026-09-26T07:18:23+00:00"}
[2026-09-26 02:18:54] TX Python SDK azure-iot-device (MQTT 8883) -> {"tempIntake": 21.71, "tempExhaust": 31.41, "humedadRack": 44.58, "tsDispositivo": "2026-09-26T07:18:53+00:00"}
[2026-09-26 02:19:24] TX Python SDK azure-iot-device (MQTT 8883) -> {"tempIntake": 21.68, "tempExhaust": 31.06, "humedadRack": 44.99, "tsDispositivo": "2026-09-26T07:19:24+00:00"}
[2026-09-26 02:19:54] TX Python SDK azure-iot-device (MQTT 8883) -> {"tempIntake": 21.94, "tempExhaust": 31.28, "humedadRack": 45.33, "tsDispositivo": "2026-09-26T07:19:54+00:00"}
[2026-09-26 02:20:24] TX Python SDK azure-iot-device (MQTT 8883) -> {"tempIntake": 21.32, "tempExhaust": 31.16, "humedadRack": 45.59, "tsDispositivo": "2026-09-26T07:20:24+00:00"}
[2026-09-26 02:20:55] TX Python SDK azure-iot-device (MQTT 8883) -> {"tempIntake": 21.7, "tempExhaust": 32.16, "humedadRack": 44.37, "tsDispositivo": "2026-09-26T07:20:54+00:00"}
[2026-09-26 02:21:25] TX Python SDK azure-iot-device (MQTT 8883) -> {"tempIntake": 21.8, "tempExhaust": 31.45, "humedadRack": 45.16, "tsDispositivo": "2026-09-26T07:21:25+00:00"}
[2026-09-26 02:21:55] TX Python SDK azure-iot-device (MQTT 8883) -> {"tempIntake": 21.46, "tempExhaust": 31.38, "humedadRack": 44.87, "tsDispositivo": "2026-09-26T07:21:55+00:00"}
[2026-09-26 02:22:25] TX Python SDK azure-iot-device (MQTT 8883) -> {"tempIntake": 21.94, "tempExhaust": 31.83, "humedadRack": 43.99, "tsDispositivo": "2026-09-26T07:22:25+00:00"}
[2026-09-26 02:22:55] TX Python SDK azure-iot-device (MQTT 8883) -> {"tempIntake": 21.46, "tempExhaust": 31.41, "humedadRack": 43.54, "tsDispositivo": "2026-09-26T07:22:55+00:00"}
[2026-09-26 02:23:26] TX Python SDK azure-iot-device (MQTT 8883) -> {"tempIntake": 21.99, "tempExhaust": 32.5, "humedadRack": 43.64, "tsDispositivo": "2026-09-26T07:23:25+00:00"}
[2026-09-26 02:23:56] TX Python SDK azure-iot-device (MQTT 8883) -> {"tempIntake": 21.89, "tempExhaust": 31.65, "humedadRack": 45.59, "tsDispositivo": "2026-09-26T07:23:56+00:00"}
[2026-09-26 02:24:26] TX Python SDK azure-iot-device (MQTT 8883) -> {"tempIntake": 21.31, "tempExhaust": 31.04, "humedadRack": 44.28, "tsDispositivo": "2026-09-26T07:24:26+00:00"}
[2026-09-26 02:24:56] TX Python SDK azure-iot-device (MQTT 8883) -> {"tempIntake": 21.33, "tempExhaust": 31.62, "humedadRack": 45.65, "tsDispositivo": "2026-09-26T07:24:56+00:00"}
[2026-09-26 02:25:26] TX Python SDK azure-iot-device (MQTT 8883) -> {"tempIntake": 21.94, "tempExhaust": 31.4, "humedadRack": 43.74, "tsDispositivo": "2026-09-26T07:25:26+00:00"}
[2026-09-26 02:25:57] TX Python SDK azure-iot-device (MQTT 8883) -> {"tempIntake": 21.61, "tempExhaust": 31.93, "humedadRack": 45.48, "tsDispositivo": "2026-09-26T07:25:56+00:00"}
[2026-09-26 02:26:27] TX Python SDK azure-iot-device (MQTT 8883) -> {"tempIntake": 21.75, "tempExhaust": 32.04, "humedadRack": 43.44, "tsDispositivo": "2026-09-26T07:26:27+00:00"}
[2026-09-26 02:26:57] TX Python SDK azure-iot-device (MQTT 8883) -> {"tempIntake": 21.3, "tempExhaust": 31.32, "humedadRack": 45.24, "tsDispositivo": "2026-09-26T07:26:57+00:00"}
[2026-09-26 02:27:27] TX Python SDK azure-iot-device (MQTT 8883) -> {"tempIntake": 21.34, "tempExhaust": 31.8, "humedadRack": 43.69, "tsDispositivo": "2026-09-26T07:27:27+00:00"}
[2026-09-26 02:27:57] TX Python SDK azure-iot-device (MQTT 8883) -> {"tempIntake": 21.85, "tempExhaust": 31.93, "humedadRack": 44.37, "tsDispositivo": "2026-09-26T07:27:57+00:00"}
[2026-09-26 02:28:28] TX Python SDK azure-iot-device (MQTT 8883) -> {"tempIntake": 21.69, "tempExhaust": 31.83, "humedadRack": 44.17, "tsDispositivo": "2026-09-26T07:28:27+00:00"}
[2026-09-26 02:28:58] TX Python SDK azure-iot-device (MQTT 8883) -> {"tempIntake": 21.7, "tempExhaust": 31.22, "humedadRack": 45.36, "tsDispositivo": "2026-09-26T07:28:58+00:00"}
[2026-09-26 02:29:28] TX Python SDK azure-iot-device (MQTT 8883) -> {"tempIntake": 21.76, "tempExhaust": 31.33, "humedadRack": 45.08, "tsDispositivo": "2026-09-26T07:29:28+00:00"}
[2026-09-26 02:29:58] TX Python SDK azure-iot-device (MQTT 8883) -> {"tempIntake": 21.82, "tempExhaust": 32.19, "humedadRack": 44.17, "tsDispositivo": "2026-09-26T07:29:58+00:00"}
[2026-09-26 02:30:28] TX Python SDK azure-iot-device (MQTT 8883) -> {"tempIntake": 21.65, "tempExhaust": 31.65, "humedadRack": 45.04, "tsDispositivo": "2026-09-26T07:30:28+00:00"}
[2026-09-26 02:30:59] TX Python SDK azure-iot-device (MQTT 8883) -> {"tempIntake": 21.76, "tempExhaust": 32.05, "humedadRack": 44.59, "tsDispositivo": "2026-09-26T07:30:58+00:00"}
[2026-09-26 02:31:29] TX Python SDK azure-iot-device (MQTT 8883) -> {"tempIntake": 21.73, "tempExhaust": 31.3, "humedadRack": 45.68, "tsDispositivo": "2026-09-26T07:31:29+00:00"}
[2026-09-26 02:31:59] TX Python SDK azure-iot-device (MQTT 8883) -> {"tempIntake": 21.8, "tempExhaust": 31.26, "humedadRack": 45.65, "tsDispositivo": "2026-09-26T07:31:59+00:00"}
[2026-09-26 02:32:29] TX Python SDK azure-iot-device (MQTT 8883) -> {"tempIntake": 21.43, "tempExhaust": 31.46, "humedadRack": 44.4, "tsDispositivo": "2026-09-26T07:32:29+00:00"}
[2026-09-26 02:33:00] TX Python SDK azure-iot-device (MQTT 8883) -> {"tempIntake": 21.96, "tempExhaust": 32.28, "humedadRack": 45.32, "tsDispositivo": "2026-09-26T07:32:59+00:00"}
[2026-09-26 02:33:30] TX Python SDK azure-iot-device (MQTT 8883) -> {"tempIntake": 21.54, "tempExhaust": 31.35, "humedadRack": 44.7, "tsDispositivo": "2026-09-26T07:33:30+00:00"}
[2026-09-26 02:34:00] TX Python SDK azure-iot-device (MQTT 8883) -> {"tempIntake": 21.34, "tempExhaust": 31.27, "humedadRack": 44.08, "tsDispositivo": "2026-09-26T07:34:00+00:00"}
[2026-09-26 02:34:30] TX Python SDK azure-iot-device (MQTT 8883) -> {"tempIntake": 21.63, "tempExhaust": 30.94, "humedadRack": 45.12, "tsDispositivo": "2026-09-26T07:34:30+00:00"}
[2026-09-26 02:35:00] TX Python SDK azure-iot-device (MQTT 8883) -> {"tempIntake": 21.76, "tempExhaust": 31.23, "humedadRack": 45.26, "tsDispositivo": "2026-09-26T07:35:00+00:00"}
[2026-09-26 02:35:31] TX Python SDK azure-iot-device (MQTT 8883) -> {"tempIntake": 21.53, "tempExhaust": 31.73, "humedadRack": 45.93, "tsDispositivo": "2026-09-26T07:35:30+00:00"}
[2026-09-26 02:36:01] TX Python SDK azure-iot-device (MQTT 8883) -> {"tempIntake": 21.65, "tempExhaust": 31.29, "humedadRack": 43.67, "tsDispositivo": "2026-09-26T07:36:01+00:00"}
[2026-09-26 02:36:31] TX Python SDK azure-iot-device (MQTT 8883) -> {"tempIntake": 21.56, "tempExhaust": 31.99, "humedadRack": 45.62, "tsDispositivo": "2026-09-26T07:36:31+00:00"}
[2026-09-26 02:37:01] TX Python SDK azure-iot-device (MQTT 8883) -> {"tempIntake": 21.84, "tempExhaust": 32.35, "humedadRack": 45.87, "tsDispositivo": "2026-09-26T07:37:01+00:00"}
[2026-09-26 02:37:31] TX Python SDK azure-iot-device (MQTT 8883) -> {"tempIntake": 21.63, "tempExhaust": 31.8, "humedadRack": 43.69, "tsDispositivo": "2026-09-26T07:37:31+00:00"}
[2026-09-26 02:38:02] TX Python SDK azure-iot-device (MQTT 8883) -> {"tempIntake": 21.85, "tempExhaust": 31.24, "humedadRack": 44.92, "tsDispositivo": "2026-09-26T07:38:01+00:00"}
[2026-09-26 02:38:32] TX Python SDK azure-iot-device (MQTT 8883) -> {"tempIntake": 21.7, "tempExhaust": 31.66, "humedadRack": 44.29, "tsDispositivo": "2026-09-26T07:38:32+00:00"}
[2026-09-26 02:39:02] TX Python SDK azure-iot-device (MQTT 8883) -> {"tempIntake": 21.94, "tempExhaust": 31.6, "humedadRack": 44.94, "tsDispositivo": "2026-09-26T07:39:02+00:00"}
[2026-09-26 02:39:32] TX Python SDK azure-iot-device (MQTT 8883) -> {"tempIntake": 21.95, "tempExhaust": 32.2, "humedadRack": 44.3, "tsDispositivo": "2026-09-26T07:39:32+00:00"}
[2026-09-26 02:40:02] TX Python SDK azure-iot-device (MQTT 8883) -> {"tempIntake": 21.79, "tempExhaust": 31.23, "humedadRack": 45.42, "tsDispositivo": "2026-09-26T07:40:02+00:00"}
[2026-09-26 02:40:33] TX Python SDK azure-iot-device (MQTT 8883) -> {"tempIntake": 21.42, "tempExhaust": 30.98, "humedadRack": 44.6, "tsDispositivo": "2026-09-26T07:40:32+00:00"}
[2026-09-26 02:41:03] TX Python SDK azure-iot-device (MQTT 8883) -> {"tempIntake": 21.63, "tempExhaust": 31.05, "humedadRack": 44.91, "tsDispositivo": "2026-09-26T07:41:03+00:00"}
[2026-09-26 02:41:33] TX Python SDK azure-iot-device (MQTT 8883) -> {"tempIntake": 21.73, "tempExhaust": 31.5, "humedadRack": 44.5, "tsDispositivo": "2026-09-26T07:41:33+00:00"}
[2026-09-26 02:42:03] TX Python SDK azure-iot-device (MQTT 8883) -> {"tempIntake": 21.75, "tempExhaust": 31.79, "humedadRack": 44.78, "tsDispositivo": "2026-09-26T07:42:03+00:00"}
[2026-09-26 02:42:33] TX Python SDK azure-iot-device (MQTT 8883) -> {"tempIntake": 21.84, "tempExhaust": 31.72, "humedadRack": 45.7, "tsDispositivo": "2026-09-26T07:42:33+00:00"}
[2026-09-26 02:43:04] TX Python SDK azure-iot-device (MQTT 8883) -> {"tempIntake": 21.39, "tempExhaust": 30.98, "humedadRack": 44.97, "tsDispositivo": "2026-09-26T07:43:03+00:00"}
[2026-09-26 02:43:34] TX Python SDK azure-iot-device (MQTT 8883) -> {"tempIntake": 21.66, "tempExhaust": 31.59, "humedadRack": 45.07, "tsDispositivo": "2026-09-26T07:43:34+00:00"}
[2026-09-26 02:44:04] TX Python SDK azure-iot-device (MQTT 8883) -> {"tempIntake": 21.52, "tempExhaust": 31.08, "humedadRack": 44.58, "tsDispositivo": "2026-09-26T07:44:04+00:00"}
[2026-09-26 02:44:34] TX Python SDK azure-iot-device (MQTT 8883) -> {"tempIntake": 21.83, "tempExhaust": 31.15, "humedadRack": 45.12, "tsDispositivo": "2026-09-26T07:44:34+00:00"}
[2026-09-26 02:45:05] TX Python SDK azure-iot-device (MQTT 8883) -> {"tempIntake": 21.26, "tempExhaust": 30.61, "humedadRack": 45.73, "tsDispositivo": "2026-09-26T07:45:04+00:00"}
[2026-09-26 02:45:35] TX Python SDK azure-iot-device (MQTT 8883) -> {"tempIntake": 21.61, "tempExhaust": 31.91, "humedadRack": 44.66, "tsDispositivo": "2026-09-26T07:45:35+00:00"}
[2026-09-26 02:46:05] TX Python SDK azure-iot-device (MQTT 8883) -> {"tempIntake": 21.92, "tempExhaust": 31.79, "humedadRack": 45.73, "tsDispositivo": "2026-09-26T07:46:05+00:00"}
[2026-09-26 02:46:35] TX Python SDK azure-iot-device (MQTT 8883) -> {"tempIntake": 21.6, "tempExhaust": 31.89, "humedadRack": 45.77, "tsDispositivo": "2026-09-26T07:46:35+00:00"}
[2026-09-26 02:47:05] TX Python SDK azure-iot-device (MQTT 8883) -> {"tempIntake": 21.83, "tempExhaust": 31.43, "humedadRack": 44.2, "tsDispositivo": "2026-09-26T07:47:05+00:00"}
[2026-09-26 02:47:36] TX Python SDK azure-iot-device (MQTT 8883) -> {"tempIntake": 21.53, "tempExhaust": 31.41, "humedadRack": 46.17, "tsDispositivo": "2026-09-26T07:47:35+00:00"}
[2026-09-26 02:48:06] TX Python SDK azure-iot-device (MQTT 8883) -> {"tempIntake": 21.35, "tempExhaust": 31.33, "humedadRack": 46.24, "tsDispositivo": "2026-09-26T07:48:06+00:00"}
[2026-09-26 02:48:36] TX Python SDK azure-iot-device (MQTT 8883) -> {"tempIntake": 21.39, "tempExhaust": 30.93, "humedadRack": 45.11, "tsDispositivo": "2026-09-26T07:48:36+00:00"}
[2026-09-26 02:49:06] TX Python SDK azure-iot-device (MQTT 8883) -> {"tempIntake": 21.94, "tempExhaust": 32.19, "humedadRack": 44.7, "tsDispositivo": "2026-09-26T07:49:06+00:00"}
[2026-09-26 02:49:36] TX Python SDK azure-iot-device (MQTT 8883) -> {"tempIntake": 21.79, "tempExhaust": 31.83, "humedadRack": 45.56, "tsDispositivo": "2026-09-26T07:49:36+00:00"}
[2026-09-26 02:50:07] TX Python SDK azure-iot-device (MQTT 8883) -> {"tempIntake": 21.35, "tempExhaust": 31.49, "humedadRack": 44.74, "tsDispositivo": "2026-09-26T07:50:06+00:00"}
[2026-09-26 02:50:37] TX Python SDK azure-iot-device (MQTT 8883) -> {"tempIntake": 21.74, "tempExhaust": 32.21, "humedadRack": 46.09, "tsDispositivo": "2026-09-26T07:50:37+00:00"}
[2026-09-26 02:51:07] TX Python SDK azure-iot-device (MQTT 8883) -> {"tempIntake": 21.42, "tempExhaust": 30.82, "humedadRack": 44.43, "tsDispositivo": "2026-09-26T07:51:07+00:00"}
[2026-09-26 02:51:37] TX Python SDK azure-iot-device (MQTT 8883) -> {"tempIntake": 21.51, "tempExhaust": 31.92, "humedadRack": 45.3, "tsDispositivo": "2026-09-26T07:51:37+00:00"}
[2026-09-26 02:52:07] TX Python SDK azure-iot-device (MQTT 8883) -> {"tempIntake": 21.78, "tempExhaust": 31.53, "humedadRack": 45.95, "tsDispositivo": "2026-09-26T07:52:07+00:00"}
[2026-09-26 02:52:38] TX Python SDK azure-iot-device (MQTT 8883) -> {"tempIntake": 21.65, "tempExhaust": 31.45, "humedadRack": 45.34, "tsDispositivo": "2026-09-26T07:52:37+00:00"}
[2026-09-26 02:53:08] TX Python SDK azure-iot-device (MQTT 8883) -> {"tempIntake": 21.35, "tempExhaust": 31.33, "humedadRack": 46.39, "tsDispositivo": "2026-09-26T07:53:08+00:00"}
[2026-09-26 02:53:38] TX Python SDK azure-iot-device (MQTT 8883) -> {"tempIntake": 21.89, "tempExhaust": 31.98, "humedadRack": 45.09, "tsDispositivo": "2026-09-26T07:53:38+00:00"}
[2026-09-26 02:54:08] TX Python SDK azure-iot-device (MQTT 8883) -> {"tempIntake": 21.94, "tempExhaust": 31.5, "humedadRack": 45.32, "tsDispositivo": "2026-09-26T07:54:08+00:00"}
[2026-09-26 02:54:39] TX Python SDK azure-iot-device (MQTT 8883) -> {"tempIntake": 21.88, "tempExhaust": 31.8, "humedadRack": 44.7, "tsDispositivo": "2026-09-26T07:54:38+00:00"}
[2026-09-26 02:55:09] TX Python SDK azure-iot-device (MQTT 8883) -> {"tempIntake": 21.36, "tempExhaust": 30.75, "humedadRack": 44.91, "tsDispositivo": "2026-09-26T07:55:09+00:00"}
[2026-09-26 02:55:39] TX Python SDK azure-iot-device (MQTT 8883) -> {"tempIntake": 21.42, "tempExhaust": 31.69, "humedadRack": 45.73, "tsDispositivo": "2026-09-26T07:55:39+00:00"}
[2026-09-26 02:56:09] TX Python SDK azure-iot-device (MQTT 8883) -> {"tempIntake": 21.51, "tempExhaust": 31.81, "humedadRack": 44.63, "tsDispositivo": "2026-09-26T07:56:09+00:00"}
[2026-09-26 02:56:39] TX Python SDK azure-iot-device (MQTT 8883) -> {"tempIntake": 21.64, "tempExhaust": 31.19, "humedadRack": 44.49, "tsDispositivo": "2026-09-26T07:56:39+00:00"}
[2026-09-26 02:57:10] TX Python SDK azure-iot-device (MQTT 8883) -> {"tempIntake": 21.36, "tempExhaust": 31.03, "humedadRack": 45.3, "tsDispositivo": "2026-09-26T07:57:09+00:00"}
[2026-09-26 02:57:40] TX Python SDK azure-iot-device (MQTT 8883) -> {"tempIntake": 21.64, "tempExhaust": 31.11, "humedadRack": 45.04, "tsDispositivo": "2026-09-26T07:57:40+00:00"}
[2026-09-26 02:58:10] TX Python SDK azure-iot-device (MQTT 8883) -> {"tempIntake": 21.85, "tempExhaust": 31.58, "humedadRack": 44.55, "tsDispositivo": "2026-09-26T07:58:10+00:00"}
[2026-09-26 02:58:40] TX Python SDK azure-iot-device (MQTT 8883) -> {"tempIntake": 21.51, "tempExhaust": 31.11, "humedadRack": 45.04, "tsDispositivo": "2026-09-26T07:58:40+00:00"}
[2026-09-26 02:59:10] TX Python SDK azure-iot-device (MQTT 8883) -> {"tempIntake": 21.57, "tempExhaust": 30.94, "humedadRack": 46.03, "tsDispositivo": "2026-09-26T07:59:10+00:00"}
[2026-09-26 02:59:41] TX Python SDK azure-iot-device (MQTT 8883) -> {"tempIntake": 21.82, "tempExhaust": 32.29, "humedadRack": 44.44, "tsDispositivo": "2026-09-26T07:59:40+00:00"}
[2026-09-26 03:00:11] TX Python SDK azure-iot-device (MQTT 8883) -> {"tempIntake": 21.71, "tempExhaust": 31.65, "humedadRack": 46.07, "tsDispositivo": "2026-09-26T08:00:11+00:00"}
[2026-09-26 03:00:41] TX Python SDK azure-iot-device (MQTT 8883) -> {"tempIntake": 21.61, "tempExhaust": 31.68, "humedadRack": 44.77, "tsDispositivo": "2026-09-26T08:00:41+00:00"}
[2026-09-26 03:01:11] TX Python SDK azure-iot-device (MQTT 8883) -> {"tempIntake": 21.55, "tempExhaust": 31.86, "humedadRack": 46.51, "tsDispositivo": "2026-09-26T08:01:11+00:00"}
[2026-09-26 03:01:41] TX Python SDK azure-iot-device (MQTT 8883) -> {"tempIntake": 21.58, "tempExhaust": 31.82, "humedadRack": 45.01, "tsDispositivo": "2026-09-26T08:01:41+00:00"}
[2026-09-26 03:02:11] TX Python SDK azure-iot-device (MQTT 8883) -> {"tempIntake": 21.53, "tempExhaust": 30.91, "humedadRack": 45.78, "tsDispositivo": "2026-09-26T08:02:11+00:00"}
[2026-09-26 03:02:42] TX Python SDK azure-iot-device (MQTT 8883) -> {"tempIntake": 21.39, "tempExhaust": 31.31, "humedadRack": 44.73, "tsDispositivo": "2026-09-26T08:02:41+00:00"}
[2026-09-26 03:03:12] TX Python SDK azure-iot-device (MQTT 8883) -> {"tempIntake": 21.88, "tempExhaust": 32.02, "humedadRack": 44.99, "tsDispositivo": "2026-09-26T08:03:12+00:00"}
[2026-09-26 03:03:42] TX Python SDK azure-iot-device (MQTT 8883) -> {"tempIntake": 21.31, "tempExhaust": 31.54, "humedadRack": 46.14, "tsDispositivo": "2026-09-26T08:03:42+00:00"}
[2026-09-26 03:04:12] TX Python SDK azure-iot-device (MQTT 8883) -> {"tempIntake": 21.32, "tempExhaust": 31.75, "humedadRack": 46.61, "tsDispositivo": "2026-09-26T08:04:12+00:00"}
[2026-09-26 03:04:42] TX Python SDK azure-iot-device (MQTT 8883) -> {"tempIntake": 21.66, "tempExhaust": 31.86, "humedadRack": 46.56, "tsDispositivo": "2026-09-26T08:04:42+00:00"}
[2026-09-26 03:05:13] TX Python SDK azure-iot-device (MQTT 8883) -> {"tempIntake": 21.58, "tempExhaust": 31.63, "humedadRack": 46.4, "tsDispositivo": "2026-09-26T08:05:12+00:00"}
[2026-09-26 03:05:43] TX Python SDK azure-iot-device (MQTT 8883) -> {"tempIntake": 21.38, "tempExhaust": 31.3, "humedadRack": 46.7, "tsDispositivo": "2026-09-26T08:05:43+00:00"}
[2026-09-26 03:06:13] TX Python SDK azure-iot-device (MQTT 8883) -> {"tempIntake": 21.79, "tempExhaust": 31.09, "humedadRack": 44.6, "tsDispositivo": "2026-09-26T08:06:13+00:00"}
[2026-09-26 03:06:43] TX Python SDK azure-iot-device (MQTT 8883) -> {"tempIntake": 21.66, "tempExhaust": 31.06, "humedadRack": 46.3, "tsDispositivo": "2026-09-26T08:06:43+00:00"}
[2026-09-26 03:07:13] TX Python SDK azure-iot-device (MQTT 8883) -> {"tempIntake": 21.34, "tempExhaust": 30.79, "humedadRack": 45.25, "tsDispositivo": "2026-09-26T08:07:13+00:00"}
[2026-09-26 03:07:44] TX Python SDK azure-iot-device (MQTT 8883) -> {"tempIntake": 21.37, "tempExhaust": 31.67, "humedadRack": 46.83, "tsDispositivo": "2026-09-26T08:07:43+00:00"}
[2026-09-26 03:08:14] TX Python SDK azure-iot-device (MQTT 8883) -> {"tempIntake": 21.55, "tempExhaust": 31.82, "humedadRack": 45.94, "tsDispositivo": "2026-09-26T08:08:14+00:00"}
[2026-09-26 03:08:44] TX Python SDK azure-iot-device (MQTT 8883) -> {"tempIntake": 21.39, "tempExhaust": 31.82, "humedadRack": 46.28, "tsDispositivo": "2026-09-26T08:08:44+00:00"}
[2026-09-26 03:09:14] TX Python SDK azure-iot-device (MQTT 8883) -> {"tempIntake": 21.46, "tempExhaust": 31.42, "humedadRack": 45.61, "tsDispositivo": "2026-09-26T08:09:14+00:00"}
[2026-09-26 03:09:44] TX Python SDK azure-iot-device (MQTT 8883) -> {"tempIntake": 21.62, "tempExhaust": 31.53, "humedadRack": 46.8, "tsDispositivo": "2026-09-26T08:09:44+00:00"}
[2026-09-26 03:10:15] TX Python SDK azure-iot-device (MQTT 8883) -> {"tempIntake": 21.59, "tempExhaust": 32.0, "humedadRack": 44.86, "tsDispositivo": "2026-09-26T08:10:14+00:00"}
[2026-09-26 03:10:45] TX Python SDK azure-iot-device (MQTT 8883) -> {"tempIntake": 21.93, "tempExhaust": 32.23, "humedadRack": 44.58, "tsDispositivo": "2026-09-26T08:10:45+00:00"}
[2026-09-26 03:11:15] TX Python SDK azure-iot-device (MQTT 8883) -> {"tempIntake": 21.71, "tempExhaust": 31.34, "humedadRack": 45.2, "tsDispositivo": "2026-09-26T08:11:15+00:00"}
[2026-09-26 03:11:45] TX Python SDK azure-iot-device (MQTT 8883) -> {"tempIntake": 21.33, "tempExhaust": 31.02, "humedadRack": 45.86, "tsDispositivo": "2026-09-26T08:11:45+00:00"}
[2026-09-26 03:12:15] TX Python SDK azure-iot-device (MQTT 8883) -> {"tempIntake": 21.86, "tempExhaust": 31.49, "humedadRack": 45.59, "tsDispositivo": "2026-09-26T08:12:15+00:00"}
[2026-09-26 03:12:45] TX Python SDK azure-iot-device (MQTT 8883) -> {"tempIntake": 21.38, "tempExhaust": 30.85, "humedadRack": 46.15, "tsDispositivo": "2026-09-26T08:12:45+00:00"}
[2026-09-26 03:13:16] TX Python SDK azure-iot-device (MQTT 8883) -> {"tempIntake": 21.79, "tempExhaust": 31.45, "humedadRack": 46.12, "tsDispositivo": "2026-09-26T08:13:15+00:00"}
[2026-09-26 03:13:46] TX Python SDK azure-iot-device (MQTT 8883) -> {"tempIntake": 21.67, "tempExhaust": 31.67, "humedadRack": 46.36, "tsDispositivo": "2026-09-26T08:13:46+00:00"}
[2026-09-26 03:14:16] TX Python SDK azure-iot-device (MQTT 8883) -> {"tempIntake": 21.57, "tempExhaust": 31.79, "humedadRack": 45.85, "tsDispositivo": "2026-09-26T08:14:16+00:00"}
[2026-09-26 03:14:46] TX Python SDK azure-iot-device (MQTT 8883) -> {"tempIntake": 21.76, "tempExhaust": 31.69, "humedadRack": 46.61, "tsDispositivo": "2026-09-26T08:14:46+00:00"}
[2026-09-26 03:15:16] TX Python SDK azure-iot-device (MQTT 8883) -> {"tempIntake": 21.77, "tempExhaust": 31.69, "humedadRack": 46.83, "tsDispositivo": "2026-09-26T08:15:16+00:00"}
[2026-09-26 03:15:47] TX Python SDK azure-iot-device (MQTT 8883) -> {"tempIntake": 21.32, "tempExhaust": 30.96, "humedadRack": 45.11, "tsDispositivo": "2026-09-26T08:15:46+00:00"}
[2026-09-26 03:16:17] TX Python SDK azure-iot-device (MQTT 8883) -> {"tempIntake": 21.97, "tempExhaust": 32.35, "humedadRack": 46.47, "tsDispositivo": "2026-09-26T08:16:17+00:00"}
[2026-09-26 03:16:47] TX Python SDK azure-iot-device (MQTT 8883) -> {"tempIntake": 21.86, "tempExhaust": 31.32, "humedadRack": 45.32, "tsDispositivo": "2026-09-26T08:16:47+00:00"}
[2026-09-26 03:17:17] TX Python SDK azure-iot-device (MQTT 8883) -> {"tempIntake": 21.33, "tempExhaust": 30.66, "humedadRack": 46.31, "tsDispositivo": "2026-09-26T08:17:17+00:00"}
[2026-09-26 03:17:47] TX Python SDK azure-iot-device (MQTT 8883) -> {"tempIntake": 21.67, "tempExhaust": 31.22, "humedadRack": 45.82, "tsDispositivo": "2026-09-26T08:17:47+00:00"}
[2026-09-26 03:18:18] TX Python SDK azure-iot-device (MQTT 8883) -> {"tempIntake": 21.62, "tempExhaust": 31.83, "humedadRack": 45.44, "tsDispositivo": "2026-09-26T08:18:17+00:00"}
[2026-09-26 03:18:48] TX Python SDK azure-iot-device (MQTT 8883) -> {"tempIntake": 21.7, "tempExhaust": 31.37, "humedadRack": 44.9, "tsDispositivo": "2026-09-26T08:18:48+00:00"}
[2026-09-26 03:19:18] TX Python SDK azure-iot-device (MQTT 8883) -> {"tempIntake": 21.88, "tempExhaust": 31.48, "humedadRack": 46.36, "tsDispositivo": "2026-09-26T08:19:18+00:00"}
[2026-09-26 03:19:48] TX Python SDK azure-iot-device (MQTT 8883) -> {"tempIntake": 21.97, "tempExhaust": 31.55, "humedadRack": 46.74, "tsDispositivo": "2026-09-26T08:19:48+00:00"}
[2026-09-26 03:20:18] TX Python SDK azure-iot-device (MQTT 8883) -> {"tempIntake": 21.36, "tempExhaust": 30.91, "humedadRack": 47.14, "tsDispositivo": "2026-09-26T08:20:18+00:00"}
[2026-09-26 03:20:49] TX Python SDK azure-iot-device (MQTT 8883) -> {"tempIntake": 21.62, "tempExhaust": 31.94, "humedadRack": 46.14, "tsDispositivo": "2026-09-26T08:20:48+00:00"}
[2026-09-26 03:21:19] TX Python SDK azure-iot-device (MQTT 8883) -> {"tempIntake": 21.31, "tempExhaust": 31.36, "humedadRack": 47.13, "tsDispositivo": "2026-09-26T08:21:19+00:00"}
[2026-09-26 03:21:49] TX Python SDK azure-iot-device (MQTT 8883) -> {"tempIntake": 21.38, "tempExhaust": 31.15, "humedadRack": 44.94, "tsDispositivo": "2026-09-26T08:21:49+00:00"}
[2026-09-26 03:22:19] TX Python SDK azure-iot-device (MQTT 8883) -> {"tempIntake": 21.56, "tempExhaust": 31.77, "humedadRack": 44.88, "tsDispositivo": "2026-09-26T08:22:19+00:00"}
[2026-09-26 03:22:49] TX Python SDK azure-iot-device (MQTT 8883) -> {"tempIntake": 21.4, "tempExhaust": 31.16, "humedadRack": 45.28, "tsDispositivo": "2026-09-26T08:22:49+00:00"}
[2026-09-26 03:23:19] TX Python SDK azure-iot-device (MQTT 8883) -> {"tempIntake": 21.59, "tempExhaust": 31.9, "humedadRack": 45.78, "tsDispositivo": "2026-09-26T08:23:19+00:00"}
[2026-09-26 03:23:50] TX Python SDK azure-iot-device (MQTT 8883) -> {"tempIntake": 21.63, "tempExhaust": 32.0, "humedadRack": 44.92, "tsDispositivo": "2026-09-26T08:23:49+00:00"}
[2026-09-26 03:24:20] TX Python SDK azure-iot-device (MQTT 8883) -> {"tempIntake": 21.35, "tempExhaust": 31.09, "humedadRack": 46.45, "tsDispositivo": "2026-09-26T08:24:20+00:00"}
[2026-09-26 03:24:50] TX Python SDK azure-iot-device (MQTT 8883) -> {"tempIntake": 21.71, "tempExhaust": 31.4, "humedadRack": 46.75, "tsDispositivo": "2026-09-26T08:24:50+00:00"}
[2026-09-26 03:25:20] TX Python SDK azure-iot-device (MQTT 8883) -> {"tempIntake": 21.82, "tempExhaust": 31.33, "humedadRack": 45.07, "tsDispositivo": "2026-09-26T08:25:20+00:00"}
[2026-09-26 03:25:50] TX Python SDK azure-iot-device (MQTT 8883) -> {"tempIntake": 21.81, "tempExhaust": 31.42, "humedadRack": 46.28, "tsDispositivo": "2026-09-26T08:25:50+00:00"}
[2026-09-26 03:26:21] TX Python SDK azure-iot-device (MQTT 8883) -> {"tempIntake": 21.78, "tempExhaust": 31.42, "humedadRack": 47.16, "tsDispositivo": "2026-09-26T08:26:20+00:00"}
[2026-09-26 03:26:51] TX Python SDK azure-iot-device (MQTT 8883) -> {"tempIntake": 21.81, "tempExhaust": 32.21, "humedadRack": 47.04, "tsDispositivo": "2026-09-26T08:26:51+00:00"}
[2026-09-26 03:27:21] TX Python SDK azure-iot-device (MQTT 8883) -> {"tempIntake": 21.59, "tempExhaust": 31.12, "humedadRack": 45.58, "tsDispositivo": "2026-09-26T08:27:21+00:00"}
[2026-09-26 03:27:51] TX Python SDK azure-iot-device (MQTT 8883) -> {"tempIntake": 21.65, "tempExhaust": 31.07, "humedadRack": 45.37, "tsDispositivo": "2026-09-26T08:27:51+00:00"}
[2026-09-26 03:28:21] TX Python SDK azure-iot-device (MQTT 8883) -> {"tempIntake": 21.91, "tempExhaust": 31.73, "humedadRack": 47.04, "tsDispositivo": "2026-09-26T08:28:21+00:00"}
[2026-09-26 03:28:52] TX Python SDK azure-iot-device (MQTT 8883) -> {"tempIntake": 21.68, "tempExhaust": 31.3, "humedadRack": 45.59, "tsDispositivo": "2026-09-26T08:28:51+00:00"}
[2026-09-26 03:29:22] TX Python SDK azure-iot-device (MQTT 8883) -> {"tempIntake": 21.39, "tempExhaust": 30.82, "humedadRack": 46.1, "tsDispositivo": "2026-09-26T08:29:22+00:00"}
[2026-09-26 03:29:52] TX Python SDK azure-iot-device (MQTT 8883) -> {"tempIntake": 21.5, "tempExhaust": 31.99, "humedadRack": 47.36, "tsDispositivo": "2026-09-26T08:29:52+00:00"}
[2026-09-26 03:30:22] TX Python SDK azure-iot-device (MQTT 8883) -> {"tempIntake": 21.81, "tempExhaust": 31.25, "humedadRack": 45.58, "tsDispositivo": "2026-09-26T08:30:22+00:00"}
[2026-09-26 03:30:52] TX Python SDK azure-iot-device (MQTT 8883) -> {"tempIntake": 21.64, "tempExhaust": 31.43, "humedadRack": 45.62, "tsDispositivo": "2026-09-26T08:30:52+00:00"}
[2026-09-26 03:31:23] TX Python SDK azure-iot-device (MQTT 8883) -> {"tempIntake": 21.59, "tempExhaust": 31.03, "humedadRack": 46.76, "tsDispositivo": "2026-09-26T08:31:22+00:00"}
[2026-09-26 03:31:53] TX Python SDK azure-iot-device (MQTT 8883) -> {"tempIntake": 21.55, "tempExhaust": 31.02, "humedadRack": 45.28, "tsDispositivo": "2026-09-26T08:31:53+00:00"}
[2026-09-26 03:32:23] TX Python SDK azure-iot-device (MQTT 8883) -> {"tempIntake": 21.46, "tempExhaust": 31.01, "humedadRack": 46.41, "tsDispositivo": "2026-09-26T08:32:23+00:00"}
[2026-09-26 03:32:53] TX Python SDK azure-iot-device (MQTT 8883) -> {"tempIntake": 21.57, "tempExhaust": 31.12, "humedadRack": 45.94, "tsDispositivo": "2026-09-26T08:32:53+00:00"}
[2026-09-26 03:33:23] TX Python SDK azure-iot-device (MQTT 8883) -> {"tempIntake": 21.36, "tempExhaust": 30.71, "humedadRack": 46.27, "tsDispositivo": "2026-09-26T08:33:23+00:00"}
[2026-09-26 03:33:54] TX Python SDK azure-iot-device (MQTT 8883) -> {"tempIntake": 21.94, "tempExhaust": 32.17, "humedadRack": 47.44, "tsDispositivo": "2026-09-26T08:33:53+00:00"}
[2026-09-26 03:34:24] TX Python SDK azure-iot-device (MQTT 8883) -> {"tempIntake": 21.37, "tempExhaust": 31.01, "humedadRack": 45.69, "tsDispositivo": "2026-09-26T08:34:24+00:00"}
[2026-09-26 03:34:54] TX Python SDK azure-iot-device (MQTT 8883) -> {"tempIntake": 21.86, "tempExhaust": 31.96, "humedadRack": 45.96, "tsDispositivo": "2026-09-26T08:34:54+00:00"}
[2026-09-26 03:35:24] TX Python SDK azure-iot-device (MQTT 8883) -> {"tempIntake": 21.65, "tempExhaust": 31.5, "humedadRack": 47.15, "tsDispositivo": "2026-09-26T08:35:24+00:00"}
[2026-09-26 03:35:54] TX Python SDK azure-iot-device (MQTT 8883) -> {"tempIntake": 21.63, "tempExhaust": 31.96, "humedadRack": 46.05, "tsDispositivo": "2026-09-26T08:35:54+00:00"}
[2026-09-26 03:36:25] TX Python SDK azure-iot-device (MQTT 8883) -> {"tempIntake": 21.44, "tempExhaust": 31.88, "humedadRack": 47.32, "tsDispositivo": "2026-09-26T08:36:24+00:00"}
[2026-09-26 03:36:55] TX Python SDK azure-iot-device (MQTT 8883) -> {"tempIntake": 21.76, "tempExhaust": 31.32, "humedadRack": 46.35, "tsDispositivo": "2026-09-26T08:36:55+00:00"}
[2026-09-26 03:37:25] TX Python SDK azure-iot-device (MQTT 8883) -> {"tempIntake": 21.3, "tempExhaust": 31.3, "humedadRack": 45.22, "tsDispositivo": "2026-09-26T08:37:25+00:00"}
[2026-09-26 03:37:55] TX Python SDK azure-iot-device (MQTT 8883) -> {"tempIntake": 21.55, "tempExhaust": 31.17, "humedadRack": 46.69, "tsDispositivo": "2026-09-26T08:37:55+00:00"}
[2026-09-26 03:38:25] TX Python SDK azure-iot-device (MQTT 8883) -> {"tempIntake": 21.35, "tempExhaust": 31.18, "humedadRack": 46.74, "tsDispositivo": "2026-09-26T08:38:25+00:00"}
[2026-09-26 03:38:55] TX Python SDK azure-iot-device (MQTT 8883) -> {"tempIntake": 21.35, "tempExhaust": 31.36, "humedadRack": 46.83, "tsDispositivo": "2026-09-26T08:38:55+00:00"}
[2026-09-26 03:39:26] TX Python SDK azure-iot-device (MQTT 8883) -> {"tempIntake": 21.73, "tempExhaust": 31.13, "humedadRack": 45.73, "tsDispositivo": "2026-09-26T08:39:25+00:00"}
[2026-09-26 03:39:56] TX Python SDK azure-iot-device (MQTT 8883) -> {"tempIntake": 21.82, "tempExhaust": 32.18, "humedadRack": 45.6, "tsDispositivo": "2026-09-26T08:39:56+00:00"}
[2026-09-26 03:40:26] TX Python SDK azure-iot-device (MQTT 8883) -> {"tempIntake": 21.52, "tempExhaust": 31.93, "humedadRack": 46.28, "tsDispositivo": "2026-09-26T08:40:26+00:00"}
[2026-09-26 03:40:56] TX Python SDK azure-iot-device (MQTT 8883) -> {"tempIntake": 21.95, "tempExhaust": 31.97, "humedadRack": 45.5, "tsDispositivo": "2026-09-26T08:40:56+00:00"}
[2026-09-26 03:41:26] TX Python SDK azure-iot-device (MQTT 8883) -> {"tempIntake": 21.36, "tempExhaust": 31.44, "humedadRack": 47.58, "tsDispositivo": "2026-09-26T08:41:26+00:00"}
[2026-09-26 03:41:57] TX Python SDK azure-iot-device (MQTT 8883) -> {"tempIntake": 21.46, "tempExhaust": 31.65, "humedadRack": 45.88, "tsDispositivo": "2026-09-26T08:41:56+00:00"}
[2026-09-26 03:42:27] TX Python SDK azure-iot-device (MQTT 8883) -> {"tempIntake": 21.75, "tempExhaust": 31.87, "humedadRack": 45.6, "tsDispositivo": "2026-09-26T08:42:27+00:00"}
[2026-09-26 03:42:57] TX Python SDK azure-iot-device (MQTT 8883) -> {"tempIntake": 21.93, "tempExhaust": 31.59, "humedadRack": 46.58, "tsDispositivo": "2026-09-26T08:42:57+00:00"}
[2026-09-26 03:43:27] TX Python SDK azure-iot-device (MQTT 8883) -> {"tempIntake": 21.83, "tempExhaust": 31.67, "humedadRack": 47.06, "tsDispositivo": "2026-09-26T08:43:27+00:00"}
[2026-09-26 03:43:57] TX Python SDK azure-iot-device (MQTT 8883) -> {"tempIntake": 21.7, "tempExhaust": 31.25, "humedadRack": 47.17, "tsDispositivo": "2026-09-26T08:43:57+00:00"}
[2026-09-26 03:44:28] TX Python SDK azure-iot-device (MQTT 8883) -> {"tempIntake": 21.4, "tempExhaust": 31.87, "humedadRack": 47.28, "tsDispositivo": "2026-09-26T08:44:27+00:00"}
[2026-09-26 03:44:58] TX Python SDK azure-iot-device (MQTT 8883) -> {"tempIntake": 21.87, "tempExhaust": 32.03, "humedadRack": 47.2, "tsDispositivo": "2026-09-26T08:44:58+00:00"}
[2026-09-26 03:45:28] TX Python SDK azure-iot-device (MQTT 8883) -> {"tempIntake": 21.65, "tempExhaust": 31.15, "humedadRack": 45.89, "tsDispositivo": "2026-09-26T08:45:28+00:00"}
[2026-09-26 03:45:58] TX Python SDK azure-iot-device (MQTT 8883) -> {"tempIntake": 21.65, "tempExhaust": 31.39, "humedadRack": 47.69, "tsDispositivo": "2026-09-26T08:45:58+00:00"}
[2026-09-26 03:46:28] TX Python SDK azure-iot-device (MQTT 8883) -> {"tempIntake": 21.34, "tempExhaust": 31.31, "humedadRack": 45.62, "tsDispositivo": "2026-09-26T08:46:28+00:00"}
[2026-09-26 03:46:59] TX Python SDK azure-iot-device (MQTT 8883) -> {"tempIntake": 21.28, "tempExhaust": 30.91, "humedadRack": 45.73, "tsDispositivo": "2026-09-26T08:46:58+00:00"}
[2026-09-26 03:47:29] TX Python SDK azure-iot-device (MQTT 8883) -> {"tempIntake": 21.69, "tempExhaust": 31.33, "humedadRack": 47.87, "tsDispositivo": "2026-09-26T08:47:29+00:00"}
[2026-09-26 03:47:59] TX Python SDK azure-iot-device (MQTT 8883) -> {"tempIntake": 21.32, "tempExhaust": 31.05, "humedadRack": 47.6, "tsDispositivo": "2026-09-26T08:47:59+00:00"}
[2026-09-26 03:48:29] TX Python SDK azure-iot-device (MQTT 8883) -> {"tempIntake": 21.72, "tempExhaust": 32.21, "humedadRack": 47.36, "tsDispositivo": "2026-09-26T08:48:29+00:00"}
[2026-09-26 03:48:59] TX Python SDK azure-iot-device (MQTT 8883) -> {"tempIntake": 21.73, "tempExhaust": 32.07, "humedadRack": 45.78, "tsDispositivo": "2026-09-26T08:48:59+00:00"}
[2026-09-26 03:49:29] TX Python SDK azure-iot-device (MQTT 8883) -> {"tempIntake": 21.35, "tempExhaust": 31.34, "humedadRack": 45.94, "tsDispositivo": "2026-09-26T08:49:29+00:00"}
[2026-09-26 03:50:00] TX Python SDK azure-iot-device (MQTT 8883) -> {"tempIntake": 21.39, "tempExhaust": 31.65, "humedadRack": 46.17, "tsDispositivo": "2026-09-26T08:49:59+00:00"}
[2026-09-26 03:50:30] TX Python SDK azure-iot-device (MQTT 8883) -> {"tempIntake": 21.94, "tempExhaust": 31.84, "humedadRack": 47.81, "tsDispositivo": "2026-09-26T08:50:30+00:00"}
[2026-09-26 03:51:00] TX Python SDK azure-iot-device (MQTT 8883) -> {"tempIntake": 21.88, "tempExhaust": 31.45, "humedadRack": 46.57, "tsDispositivo": "2026-09-26T08:51:00+00:00"}
[2026-09-26 03:51:30] TX Python SDK azure-iot-device (MQTT 8883) -> {"tempIntake": 21.57, "tempExhaust": 31.64, "humedadRack": 46.41, "tsDispositivo": "2026-09-26T08:51:30+00:00"}
[2026-09-26 03:52:00] TX Python SDK azure-iot-device (MQTT 8883) -> {"tempIntake": 21.74, "tempExhaust": 31.25, "humedadRack": 46.18, "tsDispositivo": "2026-09-26T08:52:00+00:00"}
[2026-09-26 03:52:31] TX Python SDK azure-iot-device (MQTT 8883) -> {"tempIntake": 21.32, "tempExhaust": 30.62, "humedadRack": 46.12, "tsDispositivo": "2026-09-26T08:52:30+00:00"}
[2026-09-26 03:53:01] TX Python SDK azure-iot-device (MQTT 8883) -> {"tempIntake": 21.45, "tempExhaust": 31.23, "humedadRack": 45.79, "tsDispositivo": "2026-09-26T08:53:01+00:00"}
[2026-09-26 03:53:31] TX Python SDK azure-iot-device (MQTT 8883) -> {"tempIntake": 21.33, "tempExhaust": 31.63, "humedadRack": 46.26, "tsDispositivo": "2026-09-26T08:53:31+00:00"}
[2026-09-26 03:54:01] TX Python SDK azure-iot-device (MQTT 8883) -> {"tempIntake": 21.87, "tempExhaust": 31.56, "humedadRack": 47.14, "tsDispositivo": "2026-09-26T08:54:01+00:00"}
[2026-09-26 03:54:31] TX Python SDK azure-iot-device (MQTT 8883) -> {"tempIntake": 21.5, "tempExhaust": 31.4, "humedadRack": 47.4, "tsDispositivo": "2026-09-26T08:54:31+00:00"}
[2026-09-26 03:55:02] TX Python SDK azure-iot-device (MQTT 8883) -> {"tempIntake": 21.52, "tempExhaust": 30.91, "humedadRack": 46.18, "tsDispositivo": "2026-09-26T08:55:01+00:00"}
[2026-09-26 03:55:32] TX Python SDK azure-iot-device (MQTT 8883) -> {"tempIntake": 21.42, "tempExhaust": 31.58, "humedadRack": 46.9, "tsDispositivo": "2026-09-26T08:55:32+00:00"}
[2026-09-26 03:56:02] TX Python SDK azure-iot-device (MQTT 8883) -> {"tempIntake": 21.94, "tempExhaust": 31.84, "humedadRack": 47.93, "tsDispositivo": "2026-09-26T08:56:02+00:00"}
[2026-09-26 03:56:32] TX Python SDK azure-iot-device (MQTT 8883) -> {"tempIntake": 21.83, "tempExhaust": 32.06, "humedadRack": 46.75, "tsDispositivo": "2026-09-26T08:56:32+00:00"}
[2026-09-26 03:57:02] TX Python SDK azure-iot-device (MQTT 8883) -> {"tempIntake": 21.36, "tempExhaust": 31.78, "humedadRack": 47.48, "tsDispositivo": "2026-09-26T08:57:02+00:00"}
[2026-09-26 03:57:33] TX Python SDK azure-iot-device (MQTT 8883) -> {"tempIntake": 21.87, "tempExhaust": 32.27, "humedadRack": 48.08, "tsDispositivo": "2026-09-26T08:57:32+00:00"}
[2026-09-26 03:58:03] TX Python SDK azure-iot-device (MQTT 8883) -> {"tempIntake": 21.73, "tempExhaust": 31.13, "humedadRack": 46.44, "tsDispositivo": "2026-09-26T08:58:03+00:00"}
[2026-09-26 03:58:33] TX Python SDK azure-iot-device (MQTT 8883) -> {"tempIntake": 21.39, "tempExhaust": 31.96, "humedadRack": 47.25, "tsDispositivo": "2026-09-26T08:58:33+00:00"}
[2026-09-26 03:59:03] TX Python SDK azure-iot-device (MQTT 8883) -> {"tempIntake": 21.89, "tempExhaust": 31.67, "humedadRack": 46.45, "tsDispositivo": "2026-09-26T08:59:03+00:00"}
[2026-09-26 03:59:34] TX Python SDK azure-iot-device (MQTT 8883) -> {"tempIntake": 21.92, "tempExhaust": 32.01, "humedadRack": 47.7, "tsDispositivo": "2026-09-26T08:59:33+00:00"}
[2026-09-26 04:00:04] TX Python SDK azure-iot-device (MQTT 8883) -> {"tempIntake": 21.58, "tempExhaust": 31.29, "humedadRack": 45.99, "tsDispositivo": "2026-09-26T09:00:04+00:00"}
[2026-09-26 04:00:34] TX Python SDK azure-iot-device (MQTT 8883) -> {"tempIntake": 21.85, "tempExhaust": 32.22, "humedadRack": 47.38, "tsDispositivo": "2026-09-26T09:00:34+00:00"}
[2026-09-26 04:01:04] TX Python SDK azure-iot-device (MQTT 8883) -> {"tempIntake": 21.91, "tempExhaust": 31.71, "humedadRack": 46.14, "tsDispositivo": "2026-09-26T09:01:04+00:00"}
[2026-09-26 04:01:34] TX Python SDK azure-iot-device (MQTT 8883) -> {"tempIntake": 21.65, "tempExhaust": 31.65, "humedadRack": 47.79, "tsDispositivo": "2026-09-26T09:01:34+00:00"}
[2026-09-26 04:02:05] TX Python SDK azure-iot-device (MQTT 8883) -> {"tempIntake": 21.41, "tempExhaust": 31.68, "humedadRack": 46.47, "tsDispositivo": "2026-09-26T09:02:04+00:00"}
[2026-09-26 04:02:35] TX Python SDK azure-iot-device (MQTT 8883) -> {"tempIntake": 21.68, "tempExhaust": 31.6, "humedadRack": 46.62, "tsDispositivo": "2026-09-26T09:02:35+00:00"}
[2026-09-26 04:03:05] TX Python SDK azure-iot-device (MQTT 8883) -> {"tempIntake": 21.88, "tempExhaust": 31.59, "humedadRack": 46.36, "tsDispositivo": "2026-09-26T09:03:05+00:00"}
[2026-09-26 04:03:35] TX Python SDK azure-iot-device (MQTT 8883) -> {"tempIntake": 21.54, "tempExhaust": 31.44, "humedadRack": 46.74, "tsDispositivo": "2026-09-26T09:03:35+00:00"}
[2026-09-26 04:04:05] TX Python SDK azure-iot-device (MQTT 8883) -> {"tempIntake": 21.57, "tempExhaust": 32.03, "humedadRack": 47.94, "tsDispositivo": "2026-09-26T09:04:05+00:00"}
[2026-09-26 04:04:36] TX Python SDK azure-iot-device (MQTT 8883) -> {"tempIntake": 21.73, "tempExhaust": 31.55, "humedadRack": 46.16, "tsDispositivo": "2026-09-26T09:04:35+00:00"}
[2026-09-26 04:05:06] TX Python SDK azure-iot-device (MQTT 8883) -> {"tempIntake": 21.5, "tempExhaust": 31.0, "humedadRack": 48.33, "tsDispositivo": "2026-09-26T09:05:06+00:00"}
[2026-09-26 04:05:36] TX Python SDK azure-iot-device (MQTT 8883) -> {"tempIntake": 21.37, "tempExhaust": 31.15, "humedadRack": 47.25, "tsDispositivo": "2026-09-26T09:05:36+00:00"}
[2026-09-26 04:06:06] TX Python SDK azure-iot-device (MQTT 8883) -> {"tempIntake": 21.93, "tempExhaust": 32.11, "humedadRack": 46.83, "tsDispositivo": "2026-09-26T09:06:06+00:00"}
[2026-09-26 04:06:37] TX Python SDK azure-iot-device (MQTT 8883) -> {"tempIntake": 21.75, "tempExhaust": 31.89, "humedadRack": 48.14, "tsDispositivo": "2026-09-26T09:06:36+00:00"}
[2026-09-26 04:07:07] TX Python SDK azure-iot-device (MQTT 8883) -> {"tempIntake": 21.69, "tempExhaust": 31.42, "humedadRack": 46.03, "tsDispositivo": "2026-09-26T09:07:07+00:00"}
[2026-09-26 04:07:37] TX Python SDK azure-iot-device (MQTT 8883) -> {"tempIntake": 21.94, "tempExhaust": 32.36, "humedadRack": 47.7, "tsDispositivo": "2026-09-26T09:07:37+00:00"}
[2026-09-26 04:08:07] TX Python SDK azure-iot-device (MQTT 8883) -> {"tempIntake": 21.57, "tempExhaust": 31.12, "humedadRack": 48.15, "tsDispositivo": "2026-09-26T09:08:07+00:00"}
[2026-09-26 04:08:37] TX Python SDK azure-iot-device (MQTT 8883) -> {"tempIntake": 21.96, "tempExhaust": 31.33, "humedadRack": 46.84, "tsDispositivo": "2026-09-26T09:08:37+00:00"}
[2026-09-26 04:09:08] TX Python SDK azure-iot-device (MQTT 8883) -> {"tempIntake": 21.57, "tempExhaust": 31.04, "humedadRack": 46.4, "tsDispositivo": "2026-09-26T09:09:07+00:00"}
[2026-09-26 04:09:38] TX Python SDK azure-iot-device (MQTT 8883) -> {"tempIntake": 21.74, "tempExhaust": 31.11, "humedadRack": 48.07, "tsDispositivo": "2026-09-26T09:09:38+00:00"}
[2026-09-26 04:10:08] TX Python SDK azure-iot-device (MQTT 8883) -> {"tempIntake": 21.42, "tempExhaust": 31.64, "humedadRack": 47.18, "tsDispositivo": "2026-09-26T09:10:08+00:00"}
[2026-09-26 04:10:38] TX Python SDK azure-iot-device (MQTT 8883) -> {"tempIntake": 21.68, "tempExhaust": 31.58, "humedadRack": 47.63, "tsDispositivo": "2026-09-26T09:10:38+00:00"}
[2026-09-26 04:11:08] TX Python SDK azure-iot-device (MQTT 8883) -> {"tempIntake": 21.99, "tempExhaust": 32.53, "humedadRack": 46.27, "tsDispositivo": "2026-09-26T09:11:08+00:00"}
[2026-09-26 04:11:39] TX Python SDK azure-iot-device (MQTT 8883) -> {"tempIntake": 21.83, "tempExhaust": 31.57, "humedadRack": 47.93, "tsDispositivo": "2026-09-26T09:11:38+00:00"}
[2026-09-26 04:12:09] TX Python SDK azure-iot-device (MQTT 8883) -> {"tempIntake": 21.33, "tempExhaust": 30.74, "humedadRack": 46.89, "tsDispositivo": "2026-09-26T09:12:09+00:00"}
[2026-09-26 04:12:39] TX Python SDK azure-iot-device (MQTT 8883) -> {"tempIntake": 21.6, "tempExhaust": 31.11, "humedadRack": 48.03, "tsDispositivo": "2026-09-26T09:12:39+00:00"}
[2026-09-26 04:13:09] TX Python SDK azure-iot-device (MQTT 8883) -> {"tempIntake": 21.67, "tempExhaust": 31.16, "humedadRack": 46.8, "tsDispositivo": "2026-09-26T09:13:09+00:00"}
[2026-09-26 04:13:39] TX Python SDK azure-iot-device (MQTT 8883) -> {"tempIntake": 21.58, "tempExhaust": 31.49, "humedadRack": 48.49, "tsDispositivo": "2026-09-26T09:13:39+00:00"}
[2026-09-26 04:14:10] TX Python SDK azure-iot-device (MQTT 8883) -> {"tempIntake": 21.4, "tempExhaust": 31.79, "humedadRack": 47.45, "tsDispositivo": "2026-09-26T09:14:09+00:00"}
[2026-09-26 04:14:40] TX Python SDK azure-iot-device (MQTT 8883) -> {"tempIntake": 21.91, "tempExhaust": 31.59, "humedadRack": 47.68, "tsDispositivo": "2026-09-26T09:14:40+00:00"}
[2026-09-26 04:15:10] TX Python SDK azure-iot-device (MQTT 8883) -> {"tempIntake": 21.68, "tempExhaust": 31.66, "humedadRack": 47.48, "tsDispositivo": "2026-09-26T09:15:10+00:00"}
[2026-09-26 04:15:40] TX Python SDK azure-iot-device (MQTT 8883) -> {"tempIntake": 21.77, "tempExhaust": 31.35, "humedadRack": 47.98, "tsDispositivo": "2026-09-26T09:15:40+00:00"}
[2026-09-26 04:16:10] TX Python SDK azure-iot-device (MQTT 8883) -> {"tempIntake": 21.96, "tempExhaust": 31.58, "humedadRack": 48.16, "tsDispositivo": "2026-09-26T09:16:10+00:00"}
[2026-09-26 04:16:41] TX Python SDK azure-iot-device (MQTT 8883) -> {"tempIntake": 21.83, "tempExhaust": 31.96, "humedadRack": 46.98, "tsDispositivo": "2026-09-26T09:16:40+00:00"}
[2026-09-26 04:17:11] TX Python SDK azure-iot-device (MQTT 8883) -> {"tempIntake": 21.8, "tempExhaust": 31.36, "humedadRack": 46.51, "tsDispositivo": "2026-09-26T09:17:11+00:00"}
[2026-09-26 04:17:41] TX Python SDK azure-iot-device (MQTT 8883) -> {"tempIntake": 21.53, "tempExhaust": 31.44, "humedadRack": 47.99, "tsDispositivo": "2026-09-26T09:17:41+00:00"}
[2026-09-26 04:18:11] TX Python SDK azure-iot-device (MQTT 8883) -> {"tempIntake": 21.8, "tempExhaust": 31.83, "humedadRack": 46.94, "tsDispositivo": "2026-09-26T09:18:11+00:00"}
[2026-09-26 04:18:42] TX Python SDK azure-iot-device (MQTT 8883) -> {"tempIntake": 21.83, "tempExhaust": 31.86, "humedadRack": 47.62, "tsDispositivo": "2026-09-26T09:18:41+00:00"}
[2026-09-26 04:19:12] TX Python SDK azure-iot-device (MQTT 8883) -> {"tempIntake": 21.69, "tempExhaust": 32.16, "humedadRack": 47.49, "tsDispositivo": "2026-09-26T09:19:12+00:00"}
[2026-09-26 04:19:42] TX Python SDK azure-iot-device (MQTT 8883) -> {"tempIntake": 21.64, "tempExhaust": 31.6, "humedadRack": 48.43, "tsDispositivo": "2026-09-26T09:19:42+00:00"}
[2026-09-26 04:20:12] TX Python SDK azure-iot-device (MQTT 8883) -> {"tempIntake": 21.41, "tempExhaust": 31.21, "humedadRack": 46.88, "tsDispositivo": "2026-09-26T09:20:12+00:00"}
[2026-09-26 04:20:42] TX Python SDK azure-iot-device (MQTT 8883) -> {"tempIntake": 21.38, "tempExhaust": 31.91, "humedadRack": 47.61, "tsDispositivo": "2026-09-26T09:20:42+00:00"}
[2026-09-26 04:21:13] TX Python SDK azure-iot-device (MQTT 8883) -> {"tempIntake": 21.82, "tempExhaust": 31.69, "humedadRack": 47.78, "tsDispositivo": "2026-09-26T09:21:12+00:00"}
[2026-09-26 04:21:43] TX Python SDK azure-iot-device (MQTT 8883) -> {"tempIntake": 21.87, "tempExhaust": 32.41, "humedadRack": 48.24, "tsDispositivo": "2026-09-26T09:21:43+00:00"}
[2026-09-26 04:22:13] TX Python SDK azure-iot-device (MQTT 8883) -> {"tempIntake": 21.9, "tempExhaust": 31.74, "humedadRack": 47.57, "tsDispositivo": "2026-09-26T09:22:13+00:00"}
[2026-09-26 04:22:43] TX Python SDK azure-iot-device (MQTT 8883) -> {"tempIntake": 21.53, "tempExhaust": 31.09, "humedadRack": 48.09, "tsDispositivo": "2026-09-26T09:22:43+00:00"}
[2026-09-26 04:23:14] TX Python SDK azure-iot-device (MQTT 8883) -> {"tempIntake": 21.5, "tempExhaust": 31.85, "humedadRack": 48.01, "tsDispositivo": "2026-09-26T09:23:13+00:00"}
[2026-09-26 04:23:44] TX Python SDK azure-iot-device (MQTT 8883) -> {"tempIntake": 21.6, "tempExhaust": 31.29, "humedadRack": 46.92, "tsDispositivo": "2026-09-26T09:23:44+00:00"}
[2026-09-26 04:24:14] TX Python SDK azure-iot-device (MQTT 8883) -> {"tempIntake": 21.42, "tempExhaust": 31.51, "humedadRack": 48.63, "tsDispositivo": "2026-09-26T09:24:14+00:00"}
[2026-09-26 04:24:44] TX Python SDK azure-iot-device (MQTT 8883) -> {"tempIntake": 21.43, "tempExhaust": 31.57, "humedadRack": 48.7, "tsDispositivo": "2026-09-26T09:24:44+00:00"}
[2026-09-26 04:25:14] TX Python SDK azure-iot-device (MQTT 8883) -> {"tempIntake": 21.76, "tempExhaust": 31.64, "humedadRack": 47.84, "tsDispositivo": "2026-09-26T09:25:14+00:00"}
[2026-09-26 04:25:45] TX Python SDK azure-iot-device (MQTT 8883) -> {"tempIntake": 21.37, "tempExhaust": 31.75, "humedadRack": 46.7, "tsDispositivo": "2026-09-26T09:25:44+00:00"}
[2026-09-26 04:26:15] TX Python SDK azure-iot-device (MQTT 8883) -> {"tempIntake": 21.65, "tempExhaust": 32.0, "humedadRack": 46.98, "tsDispositivo": "2026-09-26T09:26:15+00:00"}
[2026-09-26 04:26:45] TX Python SDK azure-iot-device (MQTT 8883) -> {"tempIntake": 21.82, "tempExhaust": 32.04, "humedadRack": 47.51, "tsDispositivo": "2026-09-26T09:26:45+00:00"}
[2026-09-26 04:27:15] TX Python SDK azure-iot-device (MQTT 8883) -> {"tempIntake": 21.58, "tempExhaust": 30.99, "humedadRack": 48.17, "tsDispositivo": "2026-09-26T09:27:15+00:00"}
[2026-09-26 04:27:45] TX Python SDK azure-iot-device (MQTT 8883) -> {"tempIntake": 21.74, "tempExhaust": 31.72, "humedadRack": 48.49, "tsDispositivo": "2026-09-26T09:27:45+00:00"}
[2026-09-26 04:28:16] TX Python SDK azure-iot-device (MQTT 8883) -> {"tempIntake": 21.75, "tempExhaust": 32.17, "humedadRack": 47.73, "tsDispositivo": "2026-09-26T09:28:15+00:00"}
[2026-09-26 04:28:46] TX Python SDK azure-iot-device (MQTT 8883) -> {"tempIntake": 21.48, "tempExhaust": 31.96, "humedadRack": 47.57, "tsDispositivo": "2026-09-26T09:28:46+00:00"}
[2026-09-26 04:29:16] TX Python SDK azure-iot-device (MQTT 8883) -> {"tempIntake": 21.77, "tempExhaust": 31.75, "humedadRack": 48.22, "tsDispositivo": "2026-09-26T09:29:16+00:00"}
[2026-09-26 04:29:46] TX Python SDK azure-iot-device (MQTT 8883) -> {"tempIntake": 21.69, "tempExhaust": 31.84, "humedadRack": 46.77, "tsDispositivo": "2026-09-26T09:29:46+00:00"}
[2026-09-26 04:30:16] TX Python SDK azure-iot-device (MQTT 8883) -> {"tempIntake": 21.73, "tempExhaust": 31.16, "humedadRack": 47.64, "tsDispositivo": "2026-09-26T09:30:16+00:00"}
[2026-09-26 04:30:47] TX Python SDK azure-iot-device (MQTT 8883) -> {"tempIntake": 21.9, "tempExhaust": 31.36, "humedadRack": 47.05, "tsDispositivo": "2026-09-26T09:30:47+00:00"}
[2026-09-26 04:31:17] TX Python SDK azure-iot-device (MQTT 8883) -> {"tempIntake": 21.89, "tempExhaust": 31.54, "humedadRack": 47.49, "tsDispositivo": "2026-09-26T09:31:17+00:00"}
[2026-09-26 04:31:47] TX Python SDK azure-iot-device (MQTT 8883) -> {"tempIntake": 21.76, "tempExhaust": 31.55, "humedadRack": 47.49, "tsDispositivo": "2026-09-26T09:31:47+00:00"}
[2026-09-26 04:32:17] TX Python SDK azure-iot-device (MQTT 8883) -> {"tempIntake": 21.28, "tempExhaust": 31.15, "humedadRack": 47.72, "tsDispositivo": "2026-09-26T09:32:17+00:00"}
[2026-09-26 04:32:48] TX Python SDK azure-iot-device (MQTT 8883) -> {"tempIntake": 21.58, "tempExhaust": 31.11, "humedadRack": 48.88, "tsDispositivo": "2026-09-26T09:32:47+00:00"}
[2026-09-26 04:33:18] TX Python SDK azure-iot-device (MQTT 8883) -> {"tempIntake": 21.46, "tempExhaust": 31.93, "humedadRack": 47.25, "tsDispositivo": "2026-09-26T09:33:18+00:00"}
[2026-09-26 04:33:48] TX Python SDK azure-iot-device (MQTT 8883) -> {"tempIntake": 21.6, "tempExhaust": 31.21, "humedadRack": 47.5, "tsDispositivo": "2026-09-26T09:33:48+00:00"}
[2026-09-26 04:34:18] TX Python SDK azure-iot-device (MQTT 8883) -> {"tempIntake": 21.3, "tempExhaust": 31.69, "humedadRack": 47.7, "tsDispositivo": "2026-09-26T09:34:18+00:00"}
[2026-09-26 04:34:48] TX Python SDK azure-iot-device (MQTT 8883) -> {"tempIntake": 21.54, "tempExhaust": 30.96, "humedadRack": 47.54, "tsDispositivo": "2026-09-26T09:34:48+00:00"}
[2026-09-26 04:35:19] TX Python SDK azure-iot-device (MQTT 8883) -> {"tempIntake": 21.84, "tempExhaust": 32.31, "humedadRack": 48.26, "tsDispositivo": "2026-09-26T09:35:18+00:00"}
[2026-09-26 04:35:49] TX Python SDK azure-iot-device (MQTT 8883) -> {"tempIntake": 21.43, "tempExhaust": 30.87, "humedadRack": 47.61, "tsDispositivo": "2026-09-26T09:35:49+00:00"}
[2026-09-26 04:36:19] TX Python SDK azure-iot-device (MQTT 8883) -> {"tempIntake": 21.35, "tempExhaust": 31.37, "humedadRack": 48.23, "tsDispositivo": "2026-09-26T09:36:19+00:00"}
[2026-09-26 04:36:49] TX Python SDK azure-iot-device (MQTT 8883) -> {"tempIntake": 21.34, "tempExhaust": 30.74, "humedadRack": 49.12, "tsDispositivo": "2026-09-26T09:36:49+00:00"}
[2026-09-26 04:37:19] TX Python SDK azure-iot-device (MQTT 8883) -> {"tempIntake": 21.53, "tempExhaust": 31.0, "humedadRack": 46.85, "tsDispositivo": "2026-09-26T09:37:19+00:00"}
[2026-09-26 04:37:50] TX Python SDK azure-iot-device (MQTT 8883) -> {"tempIntake": 21.5, "tempExhaust": 32.03, "humedadRack": 48.21, "tsDispositivo": "2026-09-26T09:37:49+00:00"}
[2026-09-26 04:38:20] TX Python SDK azure-iot-device (MQTT 8883) -> {"tempIntake": 21.95, "tempExhaust": 31.56, "humedadRack": 49.11, "tsDispositivo": "2026-09-26T09:38:20+00:00"}
[2026-09-26 04:38:50] TX Python SDK azure-iot-device (MQTT 8883) -> {"tempIntake": 21.71, "tempExhaust": 31.11, "humedadRack": 48.41, "tsDispositivo": "2026-09-26T09:38:50+00:00"}
[2026-09-26 04:39:20] TX Python SDK azure-iot-device (MQTT 8883) -> {"tempIntake": 21.71, "tempExhaust": 31.09, "humedadRack": 47.55, "tsDispositivo": "2026-09-26T09:39:20+00:00"}
[2026-09-26 04:39:50] TX Python SDK azure-iot-device (MQTT 8883) -> {"tempIntake": 21.31, "tempExhaust": 31.28, "humedadRack": 48.4, "tsDispositivo": "2026-09-26T09:39:50+00:00"}
[2026-09-26 04:40:21] TX Python SDK azure-iot-device (MQTT 8883) -> {"tempIntake": 21.75, "tempExhaust": 31.69, "humedadRack": 47.06, "tsDispositivo": "2026-09-26T09:40:20+00:00"}
[2026-09-26 04:40:51] TX Python SDK azure-iot-device (MQTT 8883) -> {"tempIntake": 21.71, "tempExhaust": 31.75, "humedadRack": 48.38, "tsDispositivo": "2026-09-26T09:40:51+00:00"}
[2026-09-26 04:41:21] TX Python SDK azure-iot-device (MQTT 8883) -> {"tempIntake": 21.44, "tempExhaust": 31.22, "humedadRack": 46.96, "tsDispositivo": "2026-09-26T09:41:21+00:00"}
[2026-09-26 04:41:51] TX Python SDK azure-iot-device (MQTT 8883) -> {"tempIntake": 21.47, "tempExhaust": 31.06, "humedadRack": 47.83, "tsDispositivo": "2026-09-26T09:41:51+00:00"}
[2026-09-26 04:42:21] TX Python SDK azure-iot-device (MQTT 8883) -> {"tempIntake": 21.97, "tempExhaust": 31.85, "humedadRack": 47.61, "tsDispositivo": "2026-09-26T09:42:21+00:00"}
[2026-09-26 04:42:52] TX Python SDK azure-iot-device (MQTT 8883) -> {"tempIntake": 21.45, "tempExhaust": 31.18, "humedadRack": 48.95, "tsDispositivo": "2026-09-26T09:42:51+00:00"}
[2026-09-26 04:43:22] TX Python SDK azure-iot-device (MQTT 8883) -> {"tempIntake": 21.66, "tempExhaust": 31.99, "humedadRack": 47.38, "tsDispositivo": "2026-09-26T09:43:22+00:00"}
[2026-09-26 04:43:52] TX Python SDK azure-iot-device (MQTT 8883) -> {"tempIntake": 21.38, "tempExhaust": 31.4, "humedadRack": 47.64, "tsDispositivo": "2026-09-26T09:43:52+00:00"}
[2026-09-26 04:44:22] TX Python SDK azure-iot-device (MQTT 8883) -> {"tempIntake": 21.39, "tempExhaust": 31.55, "humedadRack": 47.96, "tsDispositivo": "2026-09-26T09:44:22+00:00"}
[2026-09-26 04:44:53] TX Python SDK azure-iot-device (MQTT 8883) -> {"tempIntake": 21.44, "tempExhaust": 31.33, "humedadRack": 47.87, "tsDispositivo": "2026-09-26T09:44:52+00:00"}
[2026-09-26 04:45:23] TX Python SDK azure-iot-device (MQTT 8883) -> {"tempIntake": 21.83, "tempExhaust": 32.16, "humedadRack": 47.83, "tsDispositivo": "2026-09-26T09:45:23+00:00"}
[2026-09-26 04:45:53] TX Python SDK azure-iot-device (MQTT 8883) -> {"tempIntake": 21.92, "tempExhaust": 31.93, "humedadRack": 47.74, "tsDispositivo": "2026-09-26T09:45:53+00:00"}
[2026-09-26 04:46:23] TX Python SDK azure-iot-device (MQTT 8883) -> {"tempIntake": 21.6, "tempExhaust": 31.9, "humedadRack": 48.4, "tsDispositivo": "2026-09-26T09:46:23+00:00"}
[2026-09-26 04:46:53] TX Python SDK azure-iot-device (MQTT 8883) -> {"tempIntake": 21.46, "tempExhaust": 31.5, "humedadRack": 47.37, "tsDispositivo": "2026-09-26T09:46:53+00:00"}
[2026-09-26 04:47:24] TX Python SDK azure-iot-device (MQTT 8883) -> {"tempIntake": 21.83, "tempExhaust": 32.16, "humedadRack": 49.39, "tsDispositivo": "2026-09-26T09:47:23+00:00"}
[2026-09-26 04:47:54] TX Python SDK azure-iot-device (MQTT 8883) -> {"tempIntake": 21.67, "tempExhaust": 31.88, "humedadRack": 47.83, "tsDispositivo": "2026-09-26T09:47:54+00:00"}
[2026-09-26 04:48:24] TX Python SDK azure-iot-device (MQTT 8883) -> {"tempIntake": 21.49, "tempExhaust": 31.31, "humedadRack": 49.22, "tsDispositivo": "2026-09-26T09:48:24+00:00"}
[2026-09-26 04:48:54] TX Python SDK azure-iot-device (MQTT 8883) -> {"tempIntake": 21.92, "tempExhaust": 31.47, "humedadRack": 47.71, "tsDispositivo": "2026-09-26T09:48:54+00:00"}
[2026-09-26 04:49:24] TX Python SDK azure-iot-device (MQTT 8883) -> {"tempIntake": 21.88, "tempExhaust": 31.5, "humedadRack": 49.31, "tsDispositivo": "2026-09-26T09:49:24+00:00"}
[2026-09-26 04:49:55] TX Python SDK azure-iot-device (MQTT 8883) -> {"tempIntake": 21.45, "tempExhaust": 31.88, "humedadRack": 48.32, "tsDispositivo": "2026-09-26T09:49:54+00:00"}
[2026-09-26 04:50:25] TX Python SDK azure-iot-device (MQTT 8883) -> {"tempIntake": 21.35, "tempExhaust": 31.49, "humedadRack": 47.36, "tsDispositivo": "2026-09-26T09:50:25+00:00"}
[2026-09-26 04:50:55] TX Python SDK azure-iot-device (MQTT 8883) -> {"tempIntake": 21.56, "tempExhaust": 31.67, "humedadRack": 48.96, "tsDispositivo": "2026-09-26T09:50:55+00:00"}
[2026-09-26 04:51:25] TX Python SDK azure-iot-device (MQTT 8883) -> {"tempIntake": 21.33, "tempExhaust": 31.04, "humedadRack": 47.84, "tsDispositivo": "2026-09-26T09:51:25+00:00"}
[2026-09-26 04:51:55] TX Python SDK azure-iot-device (MQTT 8883) -> {"tempIntake": 21.93, "tempExhaust": 32.15, "humedadRack": 48.13, "tsDispositivo": "2026-09-26T09:51:55+00:00"}
[2026-09-26 04:52:26] TX Python SDK azure-iot-device (MQTT 8883) -> {"tempIntake": 21.69, "tempExhaust": 31.53, "humedadRack": 48.46, "tsDispositivo": "2026-09-26T09:52:25+00:00"}
[2026-09-26 04:52:56] TX Python SDK azure-iot-device (MQTT 8883) -> {"tempIntake": 21.55, "tempExhaust": 32.01, "humedadRack": 47.67, "tsDispositivo": "2026-09-26T09:52:56+00:00"}
[2026-09-26 04:53:26] TX Python SDK azure-iot-device (MQTT 8883) -> {"tempIntake": 22.02, "tempExhaust": 32.44, "humedadRack": 47.81, "tsDispositivo": "2026-09-26T09:53:26+00:00"}
[2026-09-26 04:53:56] TX Python SDK azure-iot-device (MQTT 8883) -> {"tempIntake": 22.02, "tempExhaust": 32.22, "humedadRack": 48.05, "tsDispositivo": "2026-09-26T09:53:56+00:00"}
[2026-09-26 04:54:26] TX Python SDK azure-iot-device (MQTT 8883) -> {"tempIntake": 21.63, "tempExhaust": 31.24, "humedadRack": 48.56, "tsDispositivo": "2026-09-26T09:54:26+00:00"}
[2026-09-26 04:54:57] TX Python SDK azure-iot-device (MQTT 8883) -> {"tempIntake": 21.48, "tempExhaust": 31.04, "humedadRack": 48.98, "tsDispositivo": "2026-09-26T09:54:56+00:00"}
[2026-09-26 04:55:27] TX Python SDK azure-iot-device (MQTT 8883) -> {"tempIntake": 21.64, "tempExhaust": 31.24, "humedadRack": 48.83, "tsDispositivo": "2026-09-26T09:55:27+00:00"}
[2026-09-26 04:55:57] TX Python SDK azure-iot-device (MQTT 8883) -> {"tempIntake": 21.63, "tempExhaust": 30.99, "humedadRack": 49.28, "tsDispositivo": "2026-09-26T09:55:57+00:00"}
[2026-09-26 04:56:27] TX Python SDK azure-iot-device (MQTT 8883) -> {"tempIntake": 21.58, "tempExhaust": 31.49, "humedadRack": 49.42, "tsDispositivo": "2026-09-26T09:56:27+00:00"}
[2026-09-26 04:56:57] TX Python SDK azure-iot-device (MQTT 8883) -> {"tempIntake": 21.82, "tempExhaust": 31.37, "humedadRack": 49.46, "tsDispositivo": "2026-09-26T09:56:57+00:00"}
[2026-09-26 04:57:28] TX Python SDK azure-iot-device (MQTT 8883) -> {"tempIntake": 21.4, "tempExhaust": 30.91, "humedadRack": 47.54, "tsDispositivo": "2026-09-26T09:57:27+00:00"}
[2026-09-26 04:57:58] TX Python SDK azure-iot-device (MQTT 8883) -> {"tempIntake": 21.32, "tempExhaust": 31.69, "humedadRack": 48.16, "tsDispositivo": "2026-09-26T09:57:58+00:00"}
[2026-09-26 04:58:28] TX Python SDK azure-iot-device (MQTT 8883) -> {"tempIntake": 21.46, "tempExhaust": 31.24, "humedadRack": 48.08, "tsDispositivo": "2026-09-26T09:58:28+00:00"}
[2026-09-26 04:58:58] TX Python SDK azure-iot-device (MQTT 8883) -> {"tempIntake": 21.34, "tempExhaust": 30.74, "humedadRack": 47.87, "tsDispositivo": "2026-09-26T09:58:58+00:00"}
[2026-09-26 04:59:28] TX Python SDK azure-iot-device (MQTT 8883) -> {"tempIntake": 21.64, "tempExhaust": 30.97, "humedadRack": 47.94, "tsDispositivo": "2026-09-26T09:59:28+00:00"}
[2026-09-26 04:59:59] TX Python SDK azure-iot-device (MQTT 8883) -> {"tempIntake": 21.8, "tempExhaust": 31.62, "humedadRack": 49.35, "tsDispositivo": "2026-09-26T09:59:58+00:00"}
[2026-09-26 05:00:29] TX Python SDK azure-iot-device (MQTT 8883) -> {"tempIntake": 21.63, "tempExhaust": 32.17, "humedadRack": 48.33, "tsDispositivo": "2026-09-26T10:00:29+00:00"}
[2026-09-26 05:00:59] TX Python SDK azure-iot-device (MQTT 8883) -> {"tempIntake": 21.53, "tempExhaust": 31.06, "humedadRack": 48.64, "tsDispositivo": "2026-09-26T10:00:59+00:00"}
[2026-09-26 05:01:29] TX Python SDK azure-iot-device (MQTT 8883) -> {"tempIntake": 22.01, "tempExhaust": 31.51, "humedadRack": 48.11, "tsDispositivo": "2026-09-26T10:01:29+00:00"}
[2026-09-26 05:01:59] TX Python SDK azure-iot-device (MQTT 8883) -> {"tempIntake": 21.95, "tempExhaust": 31.82, "humedadRack": 49.69, "tsDispositivo": "2026-09-26T10:01:59+00:00"}
[2026-09-26 05:02:30] TX Python SDK azure-iot-device (MQTT 8883) -> {"tempIntake": 21.87, "tempExhaust": 31.84, "humedadRack": 48.58, "tsDispositivo": "2026-09-26T10:02:29+00:00"}
[2026-09-26 05:03:00] TX Python SDK azure-iot-device (MQTT 8883) -> {"tempIntake": 21.56, "tempExhaust": 31.48, "humedadRack": 49.73, "tsDispositivo": "2026-09-26T10:03:00+00:00"}
[2026-09-26 05:03:30] TX Python SDK azure-iot-device (MQTT 8883) -> {"tempIntake": 21.66, "tempExhaust": 31.61, "humedadRack": 48.71, "tsDispositivo": "2026-09-26T10:03:30+00:00"}
[2026-09-26 05:04:00] TX Python SDK azure-iot-device (MQTT 8883) -> {"tempIntake": 21.39, "tempExhaust": 31.28, "humedadRack": 48.15, "tsDispositivo": "2026-09-26T10:04:00+00:00"}
[2026-09-26 05:04:30] TX Python SDK azure-iot-device (MQTT 8883) -> {"tempIntake": 21.76, "tempExhaust": 31.45, "humedadRack": 49.16, "tsDispositivo": "2026-09-26T10:04:30+00:00"}
[2026-09-26 05:05:01] TX Python SDK azure-iot-device (MQTT 8883) -> {"tempIntake": 21.56, "tempExhaust": 31.24, "humedadRack": 48.29, "tsDispositivo": "2026-09-26T10:05:00+00:00"}
[2026-09-26 05:05:31] TX Python SDK azure-iot-device (MQTT 8883) -> {"tempIntake": 21.71, "tempExhaust": 32.19, "humedadRack": 49.34, "tsDispositivo": "2026-09-26T10:05:31+00:00"}
[2026-09-26 05:06:01] TX Python SDK azure-iot-device (MQTT 8883) -> {"tempIntake": 21.34, "tempExhaust": 31.66, "humedadRack": 49.22, "tsDispositivo": "2026-09-26T10:06:01+00:00"}
[2026-09-26 05:06:31] TX Python SDK azure-iot-device (MQTT 8883) -> {"tempIntake": 21.95, "tempExhaust": 32.26, "humedadRack": 49.07, "tsDispositivo": "2026-09-26T10:06:31+00:00"}
[2026-09-26 05:07:01] TX Python SDK azure-iot-device (MQTT 8883) -> {"tempIntake": 21.69, "tempExhaust": 31.92, "humedadRack": 49.52, "tsDispositivo": "2026-09-26T10:07:01+00:00"}
[2026-09-26 05:07:32] TX Python SDK azure-iot-device (MQTT 8883) -> {"tempIntake": 21.78, "tempExhaust": 31.95, "humedadRack": 49.92, "tsDispositivo": "2026-09-26T10:07:31+00:00"}
[2026-09-26 05:08:02] TX Python SDK azure-iot-device (MQTT 8883) -> {"tempIntake": 21.96, "tempExhaust": 32.53, "humedadRack": 49.58, "tsDispositivo": "2026-09-26T10:08:02+00:00"}
[2026-09-26 05:08:32] TX Python SDK azure-iot-device (MQTT 8883) -> {"tempIntake": 21.7, "tempExhaust": 32.09, "humedadRack": 48.27, "tsDispositivo": "2026-09-26T10:08:32+00:00"}
[2026-09-26 05:09:02] TX Python SDK azure-iot-device (MQTT 8883) -> {"tempIntake": 21.43, "tempExhaust": 31.99, "humedadRack": 48.83, "tsDispositivo": "2026-09-26T10:09:02+00:00"}
[2026-09-26 05:09:32] TX Python SDK azure-iot-device (MQTT 8883) -> {"tempIntake": 21.35, "tempExhaust": 31.53, "humedadRack": 47.63, "tsDispositivo": "2026-09-26T10:09:32+00:00"}
[2026-09-26 05:10:03] TX Python SDK azure-iot-device (MQTT 8883) -> {"tempIntake": 21.89, "tempExhaust": 31.56, "humedadRack": 49.28, "tsDispositivo": "2026-09-26T10:10:02+00:00"}
[2026-09-26 05:10:33] TX Python SDK azure-iot-device (MQTT 8883) -> {"tempIntake": 22.04, "tempExhaust": 31.67, "humedadRack": 49.22, "tsDispositivo": "2026-09-26T10:10:33+00:00"}
[2026-09-26 05:11:03] TX Python SDK azure-iot-device (MQTT 8883) -> {"tempIntake": 21.91, "tempExhaust": 32.35, "humedadRack": 48.38, "tsDispositivo": "2026-09-26T10:11:03+00:00"}
[2026-09-26 05:11:33] TX Python SDK azure-iot-device (MQTT 8883) -> {"tempIntake": 21.61, "tempExhaust": 31.79, "humedadRack": 49.51, "tsDispositivo": "2026-09-26T10:11:33+00:00"}
[2026-09-26 05:12:03] TX Python SDK azure-iot-device (MQTT 8883) -> {"tempIntake": 21.63, "tempExhaust": 32.15, "humedadRack": 48.57, "tsDispositivo": "2026-09-26T10:12:03+00:00"}
[2026-09-26 05:12:33] TX Python SDK azure-iot-device (MQTT 8883) -> {"tempIntake": 21.5, "tempExhaust": 31.58, "humedadRack": 47.72, "tsDispositivo": "2026-09-26T10:12:33+00:00"}
[2026-09-26 05:13:04] TX Python SDK azure-iot-device (MQTT 8883) -> {"tempIntake": 21.72, "tempExhaust": 32.01, "humedadRack": 50.07, "tsDispositivo": "2026-09-26T10:13:03+00:00"}
[2026-09-26 05:13:34] TX Python SDK azure-iot-device (MQTT 8883) -> {"tempIntake": 21.87, "tempExhaust": 31.97, "humedadRack": 50.02, "tsDispositivo": "2026-09-26T10:13:34+00:00"}
[2026-09-26 05:14:04] TX Python SDK azure-iot-device (MQTT 8883) -> {"tempIntake": 21.95, "tempExhaust": 31.46, "humedadRack": 48.12, "tsDispositivo": "2026-09-26T10:14:04+00:00"}
[2026-09-26 05:14:34] TX Python SDK azure-iot-device (MQTT 8883) -> {"tempIntake": 21.96, "tempExhaust": 32.27, "humedadRack": 47.75, "tsDispositivo": "2026-09-26T10:14:34+00:00"}
[2026-09-26 05:15:04] TX Python SDK azure-iot-device (MQTT 8883) -> {"tempIntake": 21.73, "tempExhaust": 31.61, "humedadRack": 47.86, "tsDispositivo": "2026-09-26T10:15:04+00:00"}
[2026-09-26 05:15:35] TX Python SDK azure-iot-device (MQTT 8883) -> {"tempIntake": 21.78, "tempExhaust": 31.95, "humedadRack": 49.54, "tsDispositivo": "2026-09-26T10:15:34+00:00"}
[2026-09-26 05:16:05] TX Python SDK azure-iot-device (MQTT 8883) -> {"tempIntake": 21.41, "tempExhaust": 31.8, "humedadRack": 49.99, "tsDispositivo": "2026-09-26T10:16:05+00:00"}
[2026-09-26 05:16:35] TX Python SDK azure-iot-device (MQTT 8883) -> {"tempIntake": 21.84, "tempExhaust": 31.42, "humedadRack": 49.36, "tsDispositivo": "2026-09-26T10:16:35+00:00"}
[2026-09-26 05:17:05] TX Python SDK azure-iot-device (MQTT 8883) -> {"tempIntake": 21.6, "tempExhaust": 31.46, "humedadRack": 49.01, "tsDispositivo": "2026-09-26T10:17:05+00:00"}
[2026-09-26 05:17:35] TX Python SDK azure-iot-device (MQTT 8883) -> {"tempIntake": 21.73, "tempExhaust": 31.54, "humedadRack": 48.89, "tsDispositivo": "2026-09-26T10:17:35+00:00"}
[2026-09-26 05:18:06] TX Python SDK azure-iot-device (MQTT 8883) -> {"tempIntake": 21.94, "tempExhaust": 32.31, "humedadRack": 48.21, "tsDispositivo": "2026-09-26T10:18:05+00:00"}
[2026-09-26 05:18:36] TX Python SDK azure-iot-device (MQTT 8883) -> {"tempIntake": 21.4, "tempExhaust": 32.02, "humedadRack": 48.73, "tsDispositivo": "2026-09-26T10:18:36+00:00"}
[2026-09-26 05:19:06] TX Python SDK azure-iot-device (MQTT 8883) -> {"tempIntake": 21.86, "tempExhaust": 32.5, "humedadRack": 50.19, "tsDispositivo": "2026-09-26T10:19:06+00:00"}
[2026-09-26 05:19:36] TX Python SDK azure-iot-device (MQTT 8883) -> {"tempIntake": 21.83, "tempExhaust": 32.06, "humedadRack": 48.91, "tsDispositivo": "2026-09-26T10:19:36+00:00"}
[2026-09-26 05:20:06] TX Python SDK azure-iot-device (MQTT 8883) -> {"tempIntake": 21.44, "tempExhaust": 31.72, "humedadRack": 48.53, "tsDispositivo": "2026-09-26T10:20:06+00:00"}
[2026-09-26 05:20:37] TX Python SDK azure-iot-device (MQTT 8883) -> {"tempIntake": 21.56, "tempExhaust": 31.85, "humedadRack": 49.97, "tsDispositivo": "2026-09-26T10:20:36+00:00"}
[2026-09-26 05:21:07] TX Python SDK azure-iot-device (MQTT 8883) -> {"tempIntake": 21.7, "tempExhaust": 31.46, "humedadRack": 50.1, "tsDispositivo": "2026-09-26T10:21:07+00:00"}
[2026-09-26 05:21:37] TX Python SDK azure-iot-device (MQTT 8883) -> {"tempIntake": 21.31, "tempExhaust": 30.73, "humedadRack": 49.85, "tsDispositivo": "2026-09-26T10:21:37+00:00"}
[2026-09-26 05:22:07] TX Python SDK azure-iot-device (MQTT 8883) -> {"tempIntake": 21.99, "tempExhaust": 32.37, "humedadRack": 48.04, "tsDispositivo": "2026-09-26T10:22:07+00:00"}
[2026-09-26 05:22:37] TX Python SDK azure-iot-device (MQTT 8883) -> {"tempIntake": 21.75, "tempExhaust": 31.92, "humedadRack": 48.22, "tsDispositivo": "2026-09-26T10:22:37+00:00"}
[2026-09-26 05:23:08] TX Python SDK azure-iot-device (MQTT 8883) -> {"tempIntake": 21.58, "tempExhaust": 30.94, "humedadRack": 50.21, "tsDispositivo": "2026-09-26T10:23:07+00:00"}
[2026-09-26 05:23:38] TX Python SDK azure-iot-device (MQTT 8883) -> {"tempIntake": 21.57, "tempExhaust": 31.53, "humedadRack": 49.2, "tsDispositivo": "2026-09-26T10:23:38+00:00"}
[2026-09-26 05:24:08] TX Python SDK azure-iot-device (MQTT 8883) -> {"tempIntake": 21.99, "tempExhaust": 31.97, "humedadRack": 48.58, "tsDispositivo": "2026-09-26T10:24:08+00:00"}
[2026-09-26 05:24:38] TX Python SDK azure-iot-device (MQTT 8883) -> {"tempIntake": 21.9, "tempExhaust": 32.13, "humedadRack": 49.8, "tsDispositivo": "2026-09-26T10:24:38+00:00"}
[2026-09-26 05:25:08] TX Python SDK azure-iot-device (MQTT 8883) -> {"tempIntake": 21.35, "tempExhaust": 31.55, "humedadRack": 48.5, "tsDispositivo": "2026-09-26T10:25:08+00:00"}
[2026-09-26 05:25:39] TX Python SDK azure-iot-device (MQTT 8883) -> {"tempIntake": 21.65, "tempExhaust": 31.42, "humedadRack": 49.37, "tsDispositivo": "2026-09-26T10:25:38+00:00"}
[2026-09-26 05:26:09] TX Python SDK azure-iot-device (MQTT 8883) -> {"tempIntake": 21.43, "tempExhaust": 31.04, "humedadRack": 49.53, "tsDispositivo": "2026-09-26T10:26:09+00:00"}
[2026-09-26 05:26:39] TX Python SDK azure-iot-device (MQTT 8883) -> {"tempIntake": 21.97, "tempExhaust": 32.5, "humedadRack": 49.96, "tsDispositivo": "2026-09-26T10:26:39+00:00"}
[2026-09-26 05:27:09] TX Python SDK azure-iot-device (MQTT 8883) -> {"tempIntake": 21.69, "tempExhaust": 31.51, "humedadRack": 48.06, "tsDispositivo": "2026-09-26T10:27:09+00:00"}
[2026-09-26 05:27:39] TX Python SDK azure-iot-device (MQTT 8883) -> {"tempIntake": 21.93, "tempExhaust": 31.63, "humedadRack": 48.98, "tsDispositivo": "2026-09-26T10:27:39+00:00"}
[2026-09-26 05:28:10] TX Python SDK azure-iot-device (MQTT 8883) -> {"tempIntake": 21.98, "tempExhaust": 32.54, "humedadRack": 48.75, "tsDispositivo": "2026-09-26T10:28:09+00:00"}
[2026-09-26 05:28:40] TX Python SDK azure-iot-device (MQTT 8883) -> {"tempIntake": 21.6, "tempExhaust": 31.88, "humedadRack": 48.5, "tsDispositivo": "2026-09-26T10:28:40+00:00"}
[2026-09-26 05:29:10] TX Python SDK azure-iot-device (MQTT 8883) -> {"tempIntake": 21.88, "tempExhaust": 31.43, "humedadRack": 48.74, "tsDispositivo": "2026-09-26T10:29:10+00:00"}
[2026-09-26 05:29:40] TX Python SDK azure-iot-device (MQTT 8883) -> {"tempIntake": 21.8, "tempExhaust": 32.17, "humedadRack": 49.21, "tsDispositivo": "2026-09-26T10:29:40+00:00"}
[2026-09-26 05:30:10] TX Python SDK azure-iot-device (MQTT 8883) -> {"tempIntake": 21.87, "tempExhaust": 31.45, "humedadRack": 48.35, "tsDispositivo": "2026-09-26T10:30:10+00:00"}
[2026-09-26 05:30:41] TX Python SDK azure-iot-device (MQTT 8883) -> {"tempIntake": 21.87, "tempExhaust": 32.12, "humedadRack": 48.33, "tsDispositivo": "2026-09-26T10:30:40+00:00"}
[2026-09-26 05:31:11] TX Python SDK azure-iot-device (MQTT 8883) -> {"tempIntake": 21.94, "tempExhaust": 31.62, "humedadRack": 48.9, "tsDispositivo": "2026-09-26T10:31:11+00:00"}
[2026-09-26 05:31:41] TX Python SDK azure-iot-device (MQTT 8883) -> {"tempIntake": 21.75, "tempExhaust": 32.11, "humedadRack": 49.8, "tsDispositivo": "2026-09-26T10:31:41+00:00"}
[2026-09-26 05:32:11] TX Python SDK azure-iot-device (MQTT 8883) -> {"tempIntake": 21.79, "tempExhaust": 31.98, "humedadRack": 48.37, "tsDispositivo": "2026-09-26T10:32:11+00:00"}
[2026-09-26 05:32:41] TX Python SDK azure-iot-device (MQTT 8883) -> {"tempIntake": 21.62, "tempExhaust": 32.12, "humedadRack": 50.55, "tsDispositivo": "2026-09-26T10:32:41+00:00"}
[2026-09-26 05:33:12] TX Python SDK azure-iot-device (MQTT 8883) -> {"tempIntake": 21.99, "tempExhaust": 31.66, "humedadRack": 48.21, "tsDispositivo": "2026-09-26T10:33:11+00:00"}
[2026-09-26 05:33:42] TX Python SDK azure-iot-device (MQTT 8883) -> {"tempIntake": 21.82, "tempExhaust": 31.41, "humedadRack": 49.1, "tsDispositivo": "2026-09-26T10:33:42+00:00"}
[2026-09-26 05:34:12] TX Python SDK azure-iot-device (MQTT 8883) -> {"tempIntake": 21.77, "tempExhaust": 31.98, "humedadRack": 48.71, "tsDispositivo": "2026-09-26T10:34:12+00:00"}
[2026-09-26 05:34:42] TX Python SDK azure-iot-device (MQTT 8883) -> {"tempIntake": 21.85, "tempExhaust": 31.73, "humedadRack": 48.48, "tsDispositivo": "2026-09-26T10:34:42+00:00"}
[2026-09-26 05:35:12] TX Python SDK azure-iot-device (MQTT 8883) -> {"tempIntake": 21.94, "tempExhaust": 32.02, "humedadRack": 49.31, "tsDispositivo": "2026-09-26T10:35:12+00:00"}
[2026-09-26 05:35:43] TX Python SDK azure-iot-device (MQTT 8883) -> {"tempIntake": 22.06, "tempExhaust": 32.43, "humedadRack": 49.57, "tsDispositivo": "2026-09-26T10:35:42+00:00"}
[2026-09-26 05:36:13] TX Python SDK azure-iot-device (MQTT 8883) -> {"tempIntake": 21.43, "tempExhaust": 31.22, "humedadRack": 49.56, "tsDispositivo": "2026-09-26T10:36:13+00:00"}
[2026-09-26 05:36:43] TX Python SDK azure-iot-device (MQTT 8883) -> {"tempIntake": 21.84, "tempExhaust": 31.85, "humedadRack": 49.78, "tsDispositivo": "2026-09-26T10:36:43+00:00"}
[2026-09-26 05:37:13] TX Python SDK azure-iot-device (MQTT 8883) -> {"tempIntake": 21.41, "tempExhaust": 31.6, "humedadRack": 48.43, "tsDispositivo": "2026-09-26T10:37:13+00:00"}
[2026-09-26 05:37:43] TX Python SDK azure-iot-device (MQTT 8883) -> {"tempIntake": 21.7, "tempExhaust": 31.95, "humedadRack": 48.32, "tsDispositivo": "2026-09-26T10:37:43+00:00"}
[2026-09-26 05:38:13] TX Python SDK azure-iot-device (MQTT 8883) -> {"tempIntake": 21.8, "tempExhaust": 31.97, "humedadRack": 49.33, "tsDispositivo": "2026-09-26T10:38:13+00:00"}
[2026-09-26 05:38:44] TX Python SDK azure-iot-device (MQTT 8883) -> {"tempIntake": 21.55, "tempExhaust": 31.7, "humedadRack": 50.68, "tsDispositivo": "2026-09-26T10:38:43+00:00"}
[2026-09-26 05:39:14] TX Python SDK azure-iot-device (MQTT 8883) -> {"tempIntake": 21.86, "tempExhaust": 32.08, "humedadRack": 49.8, "tsDispositivo": "2026-09-26T10:39:14+00:00"}
[2026-09-26 05:39:44] TX Python SDK azure-iot-device (MQTT 8883) -> {"tempIntake": 21.35, "tempExhaust": 31.11, "humedadRack": 50.67, "tsDispositivo": "2026-09-26T10:39:44+00:00"}
[2026-09-26 05:40:14] TX Python SDK azure-iot-device (MQTT 8883) -> {"tempIntake": 21.39, "tempExhaust": 31.83, "humedadRack": 50.41, "tsDispositivo": "2026-09-26T10:40:14+00:00"}
[2026-09-26 05:40:44] TX Python SDK azure-iot-device (MQTT 8883) -> {"tempIntake": 21.51, "tempExhaust": 31.29, "humedadRack": 48.78, "tsDispositivo": "2026-09-26T10:40:44+00:00"}
[2026-09-26 05:41:15] TX Python SDK azure-iot-device (MQTT 8883) -> {"tempIntake": 21.84, "tempExhaust": 32.43, "humedadRack": 49.02, "tsDispositivo": "2026-09-26T10:41:14+00:00"}
[2026-09-26 05:41:45] TX Python SDK azure-iot-device (MQTT 8883) -> {"tempIntake": 21.92, "tempExhaust": 31.78, "humedadRack": 49.08, "tsDispositivo": "2026-09-26T10:41:45+00:00"}
[2026-09-26 05:42:15] TX Python SDK azure-iot-device (MQTT 8883) -> {"tempIntake": 21.93, "tempExhaust": 32.58, "humedadRack": 50.63, "tsDispositivo": "2026-09-26T10:42:15+00:00"}
[2026-09-26 05:42:45] TX Python SDK azure-iot-device (MQTT 8883) -> {"tempIntake": 21.54, "tempExhaust": 32.19, "humedadRack": 50.75, "tsDispositivo": "2026-09-26T10:42:45+00:00"}
[2026-09-26 05:43:15] TX Python SDK azure-iot-device (MQTT 8883) -> {"tempIntake": 21.71, "tempExhaust": 31.4, "humedadRack": 48.91, "tsDispositivo": "2026-09-26T10:43:15+00:00"}
[2026-09-26 05:43:46] TX Python SDK azure-iot-device (MQTT 8883) -> {"tempIntake": 22.0, "tempExhaust": 32.38, "humedadRack": 50.33, "tsDispositivo": "2026-09-26T10:43:45+00:00"}
[2026-09-26 05:44:16] TX Python SDK azure-iot-device (MQTT 8883) -> {"tempIntake": 21.56, "tempExhaust": 31.86, "humedadRack": 50.72, "tsDispositivo": "2026-09-26T10:44:16+00:00"}
[2026-09-26 05:44:46] TX Python SDK azure-iot-device (MQTT 8883) -> {"tempIntake": 21.38, "tempExhaust": 31.74, "humedadRack": 49.11, "tsDispositivo": "2026-09-26T10:44:46+00:00"}
[2026-09-26 05:45:16] TX Python SDK azure-iot-device (MQTT 8883) -> {"tempIntake": 21.5, "tempExhaust": 32.05, "humedadRack": 49.01, "tsDispositivo": "2026-09-26T10:45:16+00:00"}
[2026-09-26 05:45:46] TX Python SDK azure-iot-device (MQTT 8883) -> {"tempIntake": 22.0, "tempExhaust": 32.31, "humedadRack": 48.71, "tsDispositivo": "2026-09-26T10:45:46+00:00"}
[2026-09-26 05:46:17] TX Python SDK azure-iot-device (MQTT 8883) -> {"tempIntake": 21.59, "tempExhaust": 31.25, "humedadRack": 49.32, "tsDispositivo": "2026-09-26T10:46:16+00:00"}
[2026-09-26 05:46:47] TX Python SDK azure-iot-device (MQTT 8883) -> {"tempIntake": 21.53, "tempExhaust": 31.16, "humedadRack": 50.27, "tsDispositivo": "2026-09-26T10:46:47+00:00"}
[2026-09-26 05:47:17] TX Python SDK azure-iot-device (MQTT 8883) -> {"tempIntake": 22.0, "tempExhaust": 32.07, "humedadRack": 49.47, "tsDispositivo": "2026-09-26T10:47:17+00:00"}
[2026-09-26 05:47:47] TX Python SDK azure-iot-device (MQTT 8883) -> {"tempIntake": 21.56, "tempExhaust": 31.12, "humedadRack": 49.45, "tsDispositivo": "2026-09-26T10:47:47+00:00"}
[2026-09-26 05:48:17] TX Python SDK azure-iot-device (MQTT 8883) -> {"tempIntake": 21.56, "tempExhaust": 31.58, "humedadRack": 49.92, "tsDispositivo": "2026-09-26T10:48:17+00:00"}
[2026-09-26 05:48:48] TX Python SDK azure-iot-device (MQTT 8883) -> {"tempIntake": 21.76, "tempExhaust": 31.25, "humedadRack": 50.67, "tsDispositivo": "2026-09-26T10:48:47+00:00"}
[2026-09-26 05:49:18] TX Python SDK azure-iot-device (MQTT 8883) -> {"tempIntake": 21.41, "tempExhaust": 31.33, "humedadRack": 49.56, "tsDispositivo": "2026-09-26T10:49:18+00:00"}
[2026-09-26 05:49:48] TX Python SDK azure-iot-device (MQTT 8883) -> {"tempIntake": 21.9, "tempExhaust": 31.82, "humedadRack": 50.83, "tsDispositivo": "2026-09-26T10:49:48+00:00"}
[2026-09-26 05:50:18] TX Python SDK azure-iot-device (MQTT 8883) -> {"tempIntake": 21.51, "tempExhaust": 31.29, "humedadRack": 49.4, "tsDispositivo": "2026-09-26T10:50:18+00:00"}
[2026-09-26 05:50:48] TX Python SDK azure-iot-device (MQTT 8883) -> {"tempIntake": 21.81, "tempExhaust": 31.58, "humedadRack": 48.66, "tsDispositivo": "2026-09-26T10:50:48+00:00"}
[2026-09-26 05:51:19] TX Python SDK azure-iot-device (MQTT 8883) -> {"tempIntake": 21.38, "tempExhaust": 31.08, "humedadRack": 50.73, "tsDispositivo": "2026-09-26T10:51:18+00:00"}
[2026-09-26 05:51:49] TX Python SDK azure-iot-device (MQTT 8883) -> {"tempIntake": 21.41, "tempExhaust": 31.77, "humedadRack": 50.77, "tsDispositivo": "2026-09-26T10:51:49+00:00"}
[2026-09-26 05:52:19] TX Python SDK azure-iot-device (MQTT 8883) -> {"tempIntake": 21.6, "tempExhaust": 31.51, "humedadRack": 51.0, "tsDispositivo": "2026-09-26T10:52:19+00:00"}
[2026-09-26 05:52:49] TX Python SDK azure-iot-device (MQTT 8883) -> {"tempIntake": 21.71, "tempExhaust": 31.22, "humedadRack": 50.9, "tsDispositivo": "2026-09-26T10:52:49+00:00"}
[2026-09-26 05:53:19] TX Python SDK azure-iot-device (MQTT 8883) -> {"tempIntake": 21.77, "tempExhaust": 31.98, "humedadRack": 50.49, "tsDispositivo": "2026-09-26T10:53:19+00:00"}
[2026-09-26 05:53:50] TX Python SDK azure-iot-device (MQTT 8883) -> {"tempIntake": 21.44, "tempExhaust": 31.93, "humedadRack": 49.44, "tsDispositivo": "2026-09-26T10:53:49+00:00"}
[2026-09-26 05:54:20] TX Python SDK azure-iot-device (MQTT 8883) -> {"tempIntake": 21.61, "tempExhaust": 32.32, "humedadRack": 50.51, "tsDispositivo": "2026-09-26T10:54:20+00:00"}
[2026-09-26 05:54:50] TX Python SDK azure-iot-device (MQTT 8883) -> {"tempIntake": 21.55, "tempExhaust": 31.36, "humedadRack": 48.98, "tsDispositivo": "2026-09-26T10:54:50+00:00"}
[2026-09-26 05:55:20] TX Python SDK azure-iot-device (MQTT 8883) -> {"tempIntake": 21.92, "tempExhaust": 31.82, "humedadRack": 48.85, "tsDispositivo": "2026-09-26T10:55:20+00:00"}
[2026-09-26 05:55:50] TX Python SDK azure-iot-device (MQTT 8883) -> {"tempIntake": 21.46, "tempExhaust": 31.16, "humedadRack": 49.7, "tsDispositivo": "2026-09-26T10:55:50+00:00"}
[2026-09-26 05:56:21] TX Python SDK azure-iot-device (MQTT 8883) -> {"tempIntake": 21.61, "tempExhaust": 32.24, "humedadRack": 51.1, "tsDispositivo": "2026-09-26T10:56:20+00:00"}
[2026-09-26 05:56:51] TX Python SDK azure-iot-device (MQTT 8883) -> {"tempIntake": 21.91, "tempExhaust": 31.51, "humedadRack": 50.02, "tsDispositivo": "2026-09-26T10:56:51+00:00"}
[2026-09-26 05:57:21] TX Python SDK azure-iot-device (MQTT 8883) -> {"tempIntake": 21.66, "tempExhaust": 31.24, "humedadRack": 50.63, "tsDispositivo": "2026-09-26T10:57:21+00:00"}
[2026-09-26 05:57:51] TX Python SDK azure-iot-device (MQTT 8883) -> {"tempIntake": 21.97, "tempExhaust": 32.27, "humedadRack": 50.4, "tsDispositivo": "2026-09-26T10:57:51+00:00"}
[2026-09-26 05:58:21] TX Python SDK azure-iot-device (MQTT 8883) -> {"tempIntake": 21.83, "tempExhaust": 32.28, "humedadRack": 50.76, "tsDispositivo": "2026-09-26T10:58:21+00:00"}
[2026-09-26 05:58:52] TX Python SDK azure-iot-device (MQTT 8883) -> {"tempIntake": 21.45, "tempExhaust": 31.23, "humedadRack": 50.86, "tsDispositivo": "2026-09-26T10:58:51+00:00"}
[2026-09-26 05:59:22] TX Python SDK azure-iot-device (MQTT 8883) -> {"tempIntake": 21.75, "tempExhaust": 31.41, "humedadRack": 50.16, "tsDispositivo": "2026-09-26T10:59:22+00:00"}
[2026-09-26 05:59:52] TX Python SDK azure-iot-device (MQTT 8883) -> {"tempIntake": 21.57, "tempExhaust": 32.04, "humedadRack": 50.65, "tsDispositivo": "2026-09-26T10:59:52+00:00"}
[2026-09-26 06:00:22] TX Python SDK azure-iot-device (MQTT 8883) -> {"tempIntake": 21.61, "tempExhaust": 31.85, "humedadRack": 49.81, "tsDispositivo": "2026-09-26T11:00:22+00:00"}
[2026-09-26 06:00:52] TX Python SDK azure-iot-device (MQTT 8883) -> {"tempIntake": 21.38, "tempExhaust": 31.22, "humedadRack": 50.63, "tsDispositivo": "2026-09-26T11:00:52+00:00"}
[2026-09-26 06:01:23] TX Python SDK azure-iot-device (MQTT 8883) -> {"tempIntake": 21.88, "tempExhaust": 32.22, "humedadRack": 49.32, "tsDispositivo": "2026-09-26T11:01:22+00:00"}
[2026-09-26 06:01:53] TX Python SDK azure-iot-device (MQTT 8883) -> {"tempIntake": 21.59, "tempExhaust": 31.41, "humedadRack": 50.76, "tsDispositivo": "2026-09-26T11:01:53+00:00"}
[2026-09-26 06:02:23] TX Python SDK azure-iot-device (MQTT 8883) -> {"tempIntake": 21.66, "tempExhaust": 31.49, "humedadRack": 50.78, "tsDispositivo": "2026-09-26T11:02:23+00:00"}
[2026-09-26 06:02:53] TX Python SDK azure-iot-device (MQTT 8883) -> {"tempIntake": 21.39, "tempExhaust": 31.46, "humedadRack": 49.67, "tsDispositivo": "2026-09-26T11:02:53+00:00"}
[2026-09-26 06:03:24] TX Python SDK azure-iot-device (MQTT 8883) -> {"tempIntake": 21.62, "tempExhaust": 31.73, "humedadRack": 49.88, "tsDispositivo": "2026-09-26T11:03:23+00:00"}
[2026-09-26 06:03:55] TX Python SDK azure-iot-device (MQTT 8883) -> {"tempIntake": 21.64, "tempExhaust": 32.34, "humedadRack": 50.29, "tsDispositivo": "2026-09-26T11:03:54+00:00"}
[2026-09-26 06:04:30] TX Python SDK azure-iot-device (MQTT 8883) -> {"tempIntake": 21.71, "tempExhaust": 31.21, "humedadRack": 50.11, "tsDispositivo": "2026-09-26T11:04:30+00:00"}
[2026-09-26 06:05:01] TX Python SDK azure-iot-device (MQTT 8883) -> {"tempIntake": 21.62, "tempExhaust": 32.31, "humedadRack": 50.55, "tsDispositivo": "2026-09-26T11:05:01+00:00"}
[2026-09-26 06:05:31] TX Python SDK azure-iot-device (MQTT 8883) -> {"tempIntake": 21.47, "tempExhaust": 31.34, "humedadRack": 49.74, "tsDispositivo": "2026-09-26T11:05:31+00:00"}
[2026-09-26 06:06:01] TX Python SDK azure-iot-device (MQTT 8883) -> {"tempIntake": 22.03, "tempExhaust": 31.6, "humedadRack": 51.03, "tsDispositivo": "2026-09-26T11:06:01+00:00"}
[2026-09-26 06:06:31] TX Python SDK azure-iot-device (MQTT 8883) -> {"tempIntake": 22.05, "tempExhaust": 31.89, "humedadRack": 50.74, "tsDispositivo": "2026-09-26T11:06:31+00:00"}
[2026-09-26 06:07:02] TX Python SDK azure-iot-device (MQTT 8883) -> {"tempIntake": 21.41, "tempExhaust": 31.09, "humedadRack": 50.79, "tsDispositivo": "2026-09-26T11:07:01+00:00"}
[2026-09-26 06:07:32] TX Python SDK azure-iot-device (MQTT 8883) -> {"tempIntake": 21.45, "tempExhaust": 31.22, "humedadRack": 50.26, "tsDispositivo": "2026-09-26T11:07:32+00:00"}
[2026-09-26 06:08:02] TX Python SDK azure-iot-device (MQTT 8883) -> {"tempIntake": 21.77, "tempExhaust": 32.29, "humedadRack": 50.46, "tsDispositivo": "2026-09-26T11:08:02+00:00"}
[2026-09-26 06:08:32] TX Python SDK azure-iot-device (MQTT 8883) -> {"tempIntake": 21.67, "tempExhaust": 31.12, "humedadRack": 49.19, "tsDispositivo": "2026-09-26T11:08:32+00:00"}
[2026-09-26 06:09:02] TX Python SDK azure-iot-device (MQTT 8883) -> {"tempIntake": 21.59, "tempExhaust": 31.53, "humedadRack": 49.6, "tsDispositivo": "2026-09-26T11:09:02+00:00"}
[2026-09-26 06:09:33] TX Python SDK azure-iot-device (MQTT 8883) -> {"tempIntake": 21.88, "tempExhaust": 31.99, "humedadRack": 49.05, "tsDispositivo": "2026-09-26T11:09:32+00:00"}
[2026-09-26 06:10:03] TX Python SDK azure-iot-device (MQTT 8883) -> {"tempIntake": 21.91, "tempExhaust": 31.82, "humedadRack": 49.15, "tsDispositivo": "2026-09-26T11:10:03+00:00"}
[2026-09-26 06:10:33] TX Python SDK azure-iot-device (MQTT 8883) -> {"tempIntake": 21.96, "tempExhaust": 31.76, "humedadRack": 50.92, "tsDispositivo": "2026-09-26T11:10:33+00:00"}
[2026-09-26 06:11:03] TX Python SDK azure-iot-device (MQTT 8883) -> {"tempIntake": 21.77, "tempExhaust": 32.1, "humedadRack": 49.63, "tsDispositivo": "2026-09-26T11:11:03+00:00"}
[2026-09-26 06:11:34] TX Python SDK azure-iot-device (MQTT 8883) -> {"tempIntake": 22.03, "tempExhaust": 32.74, "humedadRack": 50.19, "tsDispositivo": "2026-09-26T11:11:33+00:00"}
[2026-09-26 06:12:04] TX Python SDK azure-iot-device (MQTT 8883) -> {"tempIntake": 21.95, "tempExhaust": 31.77, "humedadRack": 49.52, "tsDispositivo": "2026-09-26T11:12:04+00:00"}
[2026-09-26 06:12:34] TX Python SDK azure-iot-device (MQTT 8883) -> {"tempIntake": 21.35, "tempExhaust": 31.78, "humedadRack": 50.58, "tsDispositivo": "2026-09-26T11:12:34+00:00"}
[2026-09-26 06:13:04] TX Python SDK azure-iot-device (MQTT 8883) -> {"tempIntake": 22.0, "tempExhaust": 32.49, "humedadRack": 49.68, "tsDispositivo": "2026-09-26T11:13:04+00:00"}
[2026-09-26 06:13:34] TX Python SDK azure-iot-device (MQTT 8883) -> {"tempIntake": 21.41, "tempExhaust": 31.74, "humedadRack": 51.45, "tsDispositivo": "2026-09-26T11:13:34+00:00"}
[2026-09-26 06:14:05] TX Python SDK azure-iot-device (MQTT 8883) -> {"tempIntake": 21.47, "tempExhaust": 31.88, "humedadRack": 51.18, "tsDispositivo": "2026-09-26T11:14:04+00:00"}
[2026-09-26 06:14:35] TX Python SDK azure-iot-device (MQTT 8883) -> {"tempIntake": 21.67, "tempExhaust": 31.45, "humedadRack": 51.24, "tsDispositivo": "2026-09-26T11:14:35+00:00"}
[2026-09-26 06:15:05] TX Python SDK azure-iot-device (MQTT 8883) -> {"tempIntake": 21.47, "tempExhaust": 31.03, "humedadRack": 50.63, "tsDispositivo": "2026-09-26T11:15:05+00:00"}
[2026-09-26 06:15:35] TX Python SDK azure-iot-device (MQTT 8883) -> {"tempIntake": 21.53, "tempExhaust": 31.36, "humedadRack": 51.12, "tsDispositivo": "2026-09-26T11:15:35+00:00"}
[2026-09-26 06:16:05] TX Python SDK azure-iot-device (MQTT 8883) -> {"tempIntake": 21.99, "tempExhaust": 31.75, "humedadRack": 49.77, "tsDispositivo": "2026-09-26T11:16:05+00:00"}
[2026-09-26 06:16:36] TX Python SDK azure-iot-device (MQTT 8883) -> {"tempIntake": 21.94, "tempExhaust": 32.05, "humedadRack": 49.7, "tsDispositivo": "2026-09-26T11:16:35+00:00"}
[2026-09-26 06:17:06] TX Python SDK azure-iot-device (MQTT 8883) -> {"tempIntake": 21.9, "tempExhaust": 31.98, "humedadRack": 50.8, "tsDispositivo": "2026-09-26T11:17:06+00:00"}
[2026-09-26 06:17:36] TX Python SDK azure-iot-device (MQTT 8883) -> {"tempIntake": 21.67, "tempExhaust": 32.03, "humedadRack": 49.8, "tsDispositivo": "2026-09-26T11:17:36+00:00"}
[2026-09-26 06:18:06] TX Python SDK azure-iot-device (MQTT 8883) -> {"tempIntake": 21.37, "tempExhaust": 31.43, "humedadRack": 50.27, "tsDispositivo": "2026-09-26T11:18:06+00:00"}
[2026-09-26 06:18:36] TX Python SDK azure-iot-device (MQTT 8883) -> {"tempIntake": 21.48, "tempExhaust": 31.8, "humedadRack": 50.68, "tsDispositivo": "2026-09-26T11:18:36+00:00"}
[2026-09-26 06:19:07] TX Python SDK azure-iot-device (MQTT 8883) -> {"tempIntake": 22.04, "tempExhaust": 32.26, "humedadRack": 49.53, "tsDispositivo": "2026-09-26T11:19:06+00:00"}
[2026-09-26 06:19:37] TX Python SDK azure-iot-device (MQTT 8883) -> {"tempIntake": 21.38, "tempExhaust": 32.02, "humedadRack": 50.81, "tsDispositivo": "2026-09-26T11:19:37+00:00"}
[2026-09-26 06:20:07] TX Python SDK azure-iot-device (MQTT 8883) -> {"tempIntake": 21.65, "tempExhaust": 31.8, "humedadRack": 49.71, "tsDispositivo": "2026-09-26T11:20:07+00:00"}
[2026-09-26 06:20:37] TX Python SDK azure-iot-device (MQTT 8883) -> {"tempIntake": 22.05, "tempExhaust": 32.03, "humedadRack": 51.04, "tsDispositivo": "2026-09-26T11:20:37+00:00"}
[2026-09-26 06:21:08] TX Python SDK azure-iot-device (MQTT 8883) -> {"tempIntake": 21.97, "tempExhaust": 32.42, "humedadRack": 51.2, "tsDispositivo": "2026-09-26T11:21:07+00:00"}
[2026-09-26 06:21:38] TX Python SDK azure-iot-device (MQTT 8883) -> {"tempIntake": 21.86, "tempExhaust": 31.49, "humedadRack": 51.5, "tsDispositivo": "2026-09-26T11:21:38+00:00"}
[2026-09-26 06:22:08] TX Python SDK azure-iot-device (MQTT 8883) -> {"tempIntake": 21.76, "tempExhaust": 32.42, "humedadRack": 50.99, "tsDispositivo": "2026-09-26T11:22:08+00:00"}
[2026-09-26 06:22:38] TX Python SDK azure-iot-device (MQTT 8883) -> {"tempIntake": 21.73, "tempExhaust": 31.87, "humedadRack": 51.66, "tsDispositivo": "2026-09-26T11:22:38+00:00"}
[2026-09-26 06:23:08] TX Python SDK azure-iot-device (MQTT 8883) -> {"tempIntake": 21.99, "tempExhaust": 32.55, "humedadRack": 50.47, "tsDispositivo": "2026-09-26T11:23:08+00:00"}
[2026-09-26 06:23:39] TX Python SDK azure-iot-device (MQTT 8883) -> {"tempIntake": 21.39, "tempExhaust": 32.15, "humedadRack": 51.09, "tsDispositivo": "2026-09-26T11:23:38+00:00"}
[2026-09-26 06:24:09] TX Python SDK azure-iot-device (MQTT 8883) -> {"tempIntake": 21.51, "tempExhaust": 31.57, "humedadRack": 50.08, "tsDispositivo": "2026-09-26T11:24:09+00:00"}
[2026-09-26 06:24:39] TX Python SDK azure-iot-device (MQTT 8883) -> {"tempIntake": 21.47, "tempExhaust": 32.17, "humedadRack": 51.68, "tsDispositivo": "2026-09-26T11:24:39+00:00"}
[2026-09-26 06:25:09] TX Python SDK azure-iot-device (MQTT 8883) -> {"tempIntake": 21.49, "tempExhaust": 31.83, "humedadRack": 50.83, "tsDispositivo": "2026-09-26T11:25:09+00:00"}
[2026-09-26 06:25:40] TX Python SDK azure-iot-device (MQTT 8883) -> {"tempIntake": 21.48, "tempExhaust": 32.16, "humedadRack": 49.56, "tsDispositivo": "2026-09-26T11:25:39+00:00"}
[2026-09-26 06:26:20] TX Python SDK azure-iot-device (MQTT 8883) -> {"tempIntake": 21.74, "tempExhaust": 31.33, "humedadRack": 50.09, "tsDispositivo": "2026-09-26T11:26:13+00:00"}
[2026-09-26 06:26:50] TX Python SDK azure-iot-device (MQTT 8883) -> {"tempIntake": 21.6, "tempExhaust": 31.26, "humedadRack": 50.38, "tsDispositivo": "2026-09-26T11:26:50+00:00"}
[2026-09-26 06:27:21] TX Python SDK azure-iot-device (MQTT 8883) -> {"tempIntake": 21.92, "tempExhaust": 32.07, "humedadRack": 51.04, "tsDispositivo": "2026-09-26T11:27:20+00:00"}
[2026-09-26 06:27:51] TX Python SDK azure-iot-device (MQTT 8883) -> {"tempIntake": 21.51, "tempExhaust": 32.21, "humedadRack": 51.28, "tsDispositivo": "2026-09-26T11:27:51+00:00"}
[2026-09-26 06:28:21] TX Python SDK azure-iot-device (MQTT 8883) -> {"tempIntake": 22.0, "tempExhaust": 32.4, "humedadRack": 51.57, "tsDispositivo": "2026-09-26T11:28:21+00:00"}
[2026-09-26 06:28:51] TX Python SDK azure-iot-device (MQTT 8883) -> {"tempIntake": 21.47, "tempExhaust": 31.68, "humedadRack": 49.74, "tsDispositivo": "2026-09-26T11:28:51+00:00"}
[2026-09-26 06:29:21] TX Python SDK azure-iot-device (MQTT 8883) -> {"tempIntake": 21.72, "tempExhaust": 31.4, "humedadRack": 50.53, "tsDispositivo": "2026-09-26T11:29:21+00:00"}
[2026-09-26 06:29:52] TX Python SDK azure-iot-device (MQTT 8883) -> {"tempIntake": 21.98, "tempExhaust": 32.13, "humedadRack": 51.2, "tsDispositivo": "2026-09-26T11:29:51+00:00"}
[2026-09-26 06:30:22] TX Python SDK azure-iot-device (MQTT 8883) -> {"tempIntake": 21.98, "tempExhaust": 32.3, "humedadRack": 50.19, "tsDispositivo": "2026-09-26T11:30:22+00:00"}
[2026-09-26 06:30:52] TX Python SDK azure-iot-device (MQTT 8883) -> {"tempIntake": 21.46, "tempExhaust": 31.91, "humedadRack": 51.36, "tsDispositivo": "2026-09-26T11:30:52+00:00"}
[2026-09-26 06:31:22] TX Python SDK azure-iot-device (MQTT 8883) -> {"tempIntake": 21.52, "tempExhaust": 31.42, "humedadRack": 51.71, "tsDispositivo": "2026-09-26T11:31:22+00:00"}
[2026-09-26 06:31:53] TX Python SDK azure-iot-device (MQTT 8883) -> {"tempIntake": 22.01, "tempExhaust": 32.01, "humedadRack": 51.23, "tsDispositivo": "2026-09-26T11:31:52+00:00"}
[2026-09-26 06:32:23] TX Python SDK azure-iot-device (MQTT 8883) -> {"tempIntake": 21.53, "tempExhaust": 31.9, "humedadRack": 51.06, "tsDispositivo": "2026-09-26T11:32:23+00:00"}
[2026-09-26 06:32:53] TX Python SDK azure-iot-device (MQTT 8883) -> {"tempIntake": 21.43, "tempExhaust": 32.16, "humedadRack": 51.08, "tsDispositivo": "2026-09-26T11:32:53+00:00"}
[2026-09-26 06:33:23] TX Python SDK azure-iot-device (MQTT 8883) -> {"tempIntake": 21.8, "tempExhaust": 32.34, "humedadRack": 51.58, "tsDispositivo": "2026-09-26T11:33:23+00:00"}
[2026-09-26 06:33:53] TX Python SDK azure-iot-device (MQTT 8883) -> {"tempIntake": 22.01, "tempExhaust": 31.88, "humedadRack": 50.13, "tsDispositivo": "2026-09-26T11:33:53+00:00"}
[2026-09-26 06:34:24] TX Python SDK azure-iot-device (MQTT 8883) -> {"tempIntake": 21.63, "tempExhaust": 32.09, "humedadRack": 50.11, "tsDispositivo": "2026-09-26T11:34:23+00:00"}
[2026-09-26 06:34:54] TX Python SDK azure-iot-device (MQTT 8883) -> {"tempIntake": 21.85, "tempExhaust": 31.55, "humedadRack": 50.92, "tsDispositivo": "2026-09-26T11:34:54+00:00"}
[2026-09-26 06:35:24] TX Python SDK azure-iot-device (MQTT 8883) -> {"tempIntake": 22.07, "tempExhaust": 32.05, "humedadRack": 50.16, "tsDispositivo": "2026-09-26T11:35:24+00:00"}
[2026-09-26 06:35:54] TX Python SDK azure-iot-device (MQTT 8883) -> {"tempIntake": 21.67, "tempExhaust": 31.39, "humedadRack": 50.8, "tsDispositivo": "2026-09-26T11:35:54+00:00"}
[2026-09-26 06:36:25] TX Python SDK azure-iot-device (MQTT 8883) -> {"tempIntake": 21.92, "tempExhaust": 31.93, "humedadRack": 51.68, "tsDispositivo": "2026-09-26T11:36:24+00:00"}
[2026-09-26 06:36:55] TX Python SDK azure-iot-device (MQTT 8883) -> {"tempIntake": 22.02, "tempExhaust": 32.61, "humedadRack": 50.29, "tsDispositivo": "2026-09-26T11:36:55+00:00"}
[2026-09-26 06:37:25] TX Python SDK azure-iot-device (MQTT 8883) -> {"tempIntake": 21.58, "tempExhaust": 31.74, "humedadRack": 49.75, "tsDispositivo": "2026-09-26T11:37:25+00:00"}
[2026-09-26 06:37:55] TX Python SDK azure-iot-device (MQTT 8883) -> {"tempIntake": 21.46, "tempExhaust": 32.05, "humedadRack": 50.15, "tsDispositivo": "2026-09-26T11:37:55+00:00"}
[2026-09-26 06:38:25] TX Python SDK azure-iot-device (MQTT 8883) -> {"tempIntake": 21.5, "tempExhaust": 31.42, "humedadRack": 51.27, "tsDispositivo": "2026-09-26T11:38:25+00:00"}
[2026-09-26 06:38:56] TX Python SDK azure-iot-device (MQTT 8883) -> {"tempIntake": 21.4, "tempExhaust": 31.22, "humedadRack": 50.41, "tsDispositivo": "2026-09-26T11:38:55+00:00"}
[2026-09-26 06:39:26] TX Python SDK azure-iot-device (MQTT 8883) -> {"tempIntake": 21.58, "tempExhaust": 31.24, "humedadRack": 50.31, "tsDispositivo": "2026-09-26T11:39:26+00:00"}
[2026-09-26 06:39:56] TX Python SDK azure-iot-device (MQTT 8883) -> {"tempIntake": 21.5, "tempExhaust": 31.71, "humedadRack": 50.25, "tsDispositivo": "2026-09-26T11:39:56+00:00"}
[2026-09-26 06:40:26] TX Python SDK azure-iot-device (MQTT 8883) -> {"tempIntake": 21.48, "tempExhaust": 31.57, "humedadRack": 50.21, "tsDispositivo": "2026-09-26T11:40:26+00:00"}
[2026-09-26 06:40:57] TX Python SDK azure-iot-device (MQTT 8883) -> {"tempIntake": 21.73, "tempExhaust": 31.64, "humedadRack": 51.69, "tsDispositivo": "2026-09-26T11:40:56+00:00"}
[2026-09-26 06:41:27] TX Python SDK azure-iot-device (MQTT 8883) -> {"tempIntake": 21.53, "tempExhaust": 31.14, "humedadRack": 51.53, "tsDispositivo": "2026-09-26T11:41:27+00:00"}
[2026-09-26 06:41:57] TX Python SDK azure-iot-device (MQTT 8883) -> {"tempIntake": 21.67, "tempExhaust": 31.79, "humedadRack": 50.52, "tsDispositivo": "2026-09-26T11:41:57+00:00"}
[2026-09-26 06:42:27] TX Python SDK azure-iot-device (MQTT 8883) -> {"tempIntake": 22.03, "tempExhaust": 32.2, "humedadRack": 51.42, "tsDispositivo": "2026-09-26T11:42:27+00:00"}
[2026-09-26 06:42:57] TX Python SDK azure-iot-device (MQTT 8883) -> {"tempIntake": 21.89, "tempExhaust": 32.18, "humedadRack": 51.92, "tsDispositivo": "2026-09-26T11:42:57+00:00"}
[2026-09-26 06:43:28] TX Python SDK azure-iot-device (MQTT 8883) -> {"tempIntake": 21.41, "tempExhaust": 31.1, "humedadRack": 51.76, "tsDispositivo": "2026-09-26T11:43:27+00:00"}
[2026-09-26 06:43:58] TX Python SDK azure-iot-device (MQTT 8883) -> {"tempIntake": 21.67, "tempExhaust": 31.92, "humedadRack": 51.65, "tsDispositivo": "2026-09-26T11:43:58+00:00"}
[2026-09-26 06:44:28] TX Python SDK azure-iot-device (MQTT 8883) -> {"tempIntake": 21.96, "tempExhaust": 32.57, "humedadRack": 51.94, "tsDispositivo": "2026-09-26T11:44:28+00:00"}
[2026-09-26 06:44:58] TX Python SDK azure-iot-device (MQTT 8883) -> {"tempIntake": 22.03, "tempExhaust": 32.46, "humedadRack": 51.6, "tsDispositivo": "2026-09-26T11:44:58+00:00"}
[2026-09-26 06:45:29] TX Python SDK azure-iot-device (MQTT 8883) -> {"tempIntake": 21.67, "tempExhaust": 31.5, "humedadRack": 51.93, "tsDispositivo": "2026-09-26T11:45:28+00:00"}
[2026-09-26 06:45:59] TX Python SDK azure-iot-device (MQTT 8883) -> {"tempIntake": 21.66, "tempExhaust": 32.02, "humedadRack": 50.11, "tsDispositivo": "2026-09-26T11:45:59+00:00"}
[2026-09-26 06:46:29] TX Python SDK azure-iot-device (MQTT 8883) -> {"tempIntake": 21.83, "tempExhaust": 31.79, "humedadRack": 51.46, "tsDispositivo": "2026-09-26T11:46:29+00:00"}
[2026-09-26 06:46:59] TX Python SDK azure-iot-device (MQTT 8883) -> {"tempIntake": 21.48, "tempExhaust": 31.11, "humedadRack": 51.05, "tsDispositivo": "2026-09-26T11:46:59+00:00"}
[2026-09-26 06:47:29] TX Python SDK azure-iot-device (MQTT 8883) -> {"tempIntake": 21.83, "tempExhaust": 32.53, "humedadRack": 50.25, "tsDispositivo": "2026-09-26T11:47:29+00:00"}
[2026-09-26 06:48:00] TX Python SDK azure-iot-device (MQTT 8883) -> {"tempIntake": 21.88, "tempExhaust": 32.64, "humedadRack": 51.17, "tsDispositivo": "2026-09-26T11:47:59+00:00"}
[2026-09-26 06:48:31] TX Python SDK azure-iot-device (MQTT 8883) -> {"tempIntake": 21.86, "tempExhaust": 31.58, "humedadRack": 51.07, "tsDispositivo": "2026-09-26T11:48:31+00:00"}
[2026-09-26 06:49:01] TX Python SDK azure-iot-device (MQTT 8883) -> {"tempIntake": 22.0, "tempExhaust": 31.67, "humedadRack": 50.27, "tsDispositivo": "2026-09-26T11:49:01+00:00"}
[2026-09-26 06:49:39] TX Python SDK azure-iot-device (MQTT 8883) -> {"tempIntake": 21.87, "tempExhaust": 31.88, "humedadRack": 51.06, "tsDispositivo": "2026-09-26T11:49:34+00:00"}
[2026-09-26 06:50:09] TX Python SDK azure-iot-device (MQTT 8883) -> {"tempIntake": 21.82, "tempExhaust": 31.45, "humedadRack": 51.21, "tsDispositivo": "2026-09-26T11:50:09+00:00"}
[2026-09-26 06:50:40] TX Python SDK azure-iot-device (MQTT 8883) -> {"tempIntake": 21.75, "tempExhaust": 32.29, "humedadRack": 51.02, "tsDispositivo": "2026-09-26T11:50:39+00:00"}
[2026-09-26 06:51:10] TX Python SDK azure-iot-device (MQTT 8883) -> {"tempIntake": 21.91, "tempExhaust": 31.6, "humedadRack": 49.97, "tsDispositivo": "2026-09-26T11:51:10+00:00"}
[2026-09-26 06:51:41] TX Python SDK azure-iot-device (MQTT 8883) -> {"tempIntake": 21.64, "tempExhaust": 31.3, "humedadRack": 52.14, "tsDispositivo": "2026-09-26T11:51:41+00:00"}
[2026-09-26 06:52:11] TX Python SDK azure-iot-device (MQTT 8883) -> {"tempIntake": 22.03, "tempExhaust": 31.81, "humedadRack": 51.78, "tsDispositivo": "2026-09-26T11:52:11+00:00"}
[2026-09-26 06:52:41] TX Python SDK azure-iot-device (MQTT 8883) -> {"tempIntake": 21.38, "tempExhaust": 31.65, "humedadRack": 50.2, "tsDispositivo": "2026-09-26T11:52:41+00:00"}
[2026-09-26 06:53:12] TX Python SDK azure-iot-device (MQTT 8883) -> {"tempIntake": 21.86, "tempExhaust": 31.68, "humedadRack": 50.76, "tsDispositivo": "2026-09-26T11:53:11+00:00"}
[2026-09-26 06:53:42] TX Python SDK azure-iot-device (MQTT 8883) -> {"tempIntake": 21.48, "tempExhaust": 31.3, "humedadRack": 51.55, "tsDispositivo": "2026-09-26T11:53:42+00:00"}
[2026-09-26 06:54:12] TX Python SDK azure-iot-device (MQTT 8883) -> {"tempIntake": 22.08, "tempExhaust": 31.99, "humedadRack": 51.79, "tsDispositivo": "2026-09-26T11:54:12+00:00"}
[2026-09-26 06:54:42] TX Python SDK azure-iot-device (MQTT 8883) -> {"tempIntake": 22.03, "tempExhaust": 32.13, "humedadRack": 50.44, "tsDispositivo": "2026-09-26T11:54:42+00:00"}
[2026-09-26 06:55:12] TX Python SDK azure-iot-device (MQTT 8883) -> {"tempIntake": 22.06, "tempExhaust": 32.25, "humedadRack": 51.52, "tsDispositivo": "2026-09-26T11:55:12+00:00"}
[2026-09-26 06:55:43] TX Python SDK azure-iot-device (MQTT 8883) -> {"tempIntake": 21.8, "tempExhaust": 31.97, "humedadRack": 52.09, "tsDispositivo": "2026-09-26T11:55:42+00:00"}
[2026-09-26 06:56:13] TX Python SDK azure-iot-device (MQTT 8883) -> {"tempIntake": 21.58, "tempExhaust": 32.18, "humedadRack": 51.46, "tsDispositivo": "2026-09-26T11:56:13+00:00"}
[2026-09-26 06:56:43] TX Python SDK azure-iot-device (MQTT 8883) -> {"tempIntake": 21.45, "tempExhaust": 32.27, "humedadRack": 51.3, "tsDispositivo": "2026-09-26T11:56:43+00:00"}
[2026-09-26 06:57:13] TX Python SDK azure-iot-device (MQTT 8883) -> {"tempIntake": 21.82, "tempExhaust": 32.13, "humedadRack": 51.53, "tsDispositivo": "2026-09-26T11:57:13+00:00"}
[2026-09-26 06:57:43] TX Python SDK azure-iot-device (MQTT 8883) -> {"tempIntake": 21.42, "tempExhaust": 31.95, "humedadRack": 51.13, "tsDispositivo": "2026-09-26T11:57:43+00:00"}
[2026-09-26 06:58:14] TX Python SDK azure-iot-device (MQTT 8883) -> {"tempIntake": 22.07, "tempExhaust": 31.85, "humedadRack": 51.1, "tsDispositivo": "2026-09-26T11:58:14+00:00"}
[2026-09-26 06:58:44] TX Python SDK azure-iot-device (MQTT 8883) -> {"tempIntake": 21.67, "tempExhaust": 31.61, "humedadRack": 50.24, "tsDispositivo": "2026-09-26T11:58:44+00:00"}
[2026-09-26 06:59:14] TX Python SDK azure-iot-device (MQTT 8883) -> {"tempIntake": 21.98, "tempExhaust": 32.74, "humedadRack": 50.96, "tsDispositivo": "2026-09-26T11:59:14+00:00"}
[2026-09-26 06:59:44] TX Python SDK azure-iot-device (MQTT 8883) -> {"tempIntake": 21.9, "tempExhaust": 31.83, "humedadRack": 52.12, "tsDispositivo": "2026-09-26T11:59:44+00:00"}
[2026-09-26 07:00:15] TX Python SDK azure-iot-device (MQTT 8883) -> {"tempIntake": 21.84, "tempExhaust": 32.64, "humedadRack": 51.0, "tsDispositivo": "2026-09-26T12:00:14+00:00"}
[2026-09-26 07:00:45] TX Python SDK azure-iot-device (MQTT 8883) -> {"tempIntake": 21.42, "tempExhaust": 31.98, "humedadRack": 51.67, "tsDispositivo": "2026-09-26T12:00:45+00:00"}
[2026-09-26 07:01:15] TX Python SDK azure-iot-device (MQTT 8883) -> {"tempIntake": 21.73, "tempExhaust": 32.22, "humedadRack": 51.34, "tsDispositivo": "2026-09-26T12:01:15+00:00"}
[2026-09-26 07:01:46] TX Python SDK azure-iot-device (MQTT 8883) -> {"tempIntake": 21.39, "tempExhaust": 31.17, "humedadRack": 51.36, "tsDispositivo": "2026-09-26T12:01:45+00:00"}
[2026-09-26 07:02:16] TX Python SDK azure-iot-device (MQTT 8883) -> {"tempIntake": 21.64, "tempExhaust": 31.45, "humedadRack": 50.29, "tsDispositivo": "2026-09-26T12:02:16+00:00"}
[2026-09-26 07:02:46] TX Python SDK azure-iot-device (MQTT 8883) -> {"tempIntake": 21.99, "tempExhaust": 31.9, "humedadRack": 51.33, "tsDispositivo": "2026-09-26T12:02:46+00:00"}
[2026-09-26 07:03:16] TX Python SDK azure-iot-device (MQTT 8883) -> {"tempIntake": 21.78, "tempExhaust": 32.1, "humedadRack": 51.93, "tsDispositivo": "2026-09-26T12:03:16+00:00"}
[2026-09-26 07:03:46] TX Python SDK azure-iot-device (MQTT 8883) -> {"tempIntake": 21.45, "tempExhaust": 31.98, "humedadRack": 51.05, "tsDispositivo": "2026-09-26T12:03:46+00:00"}
[2026-09-26 07:04:17] TX Python SDK azure-iot-device (MQTT 8883) -> {"tempIntake": 21.73, "tempExhaust": 31.96, "humedadRack": 51.89, "tsDispositivo": "2026-09-26T12:04:16+00:00"}
[2026-09-26 07:04:47] TX Python SDK azure-iot-device (MQTT 8883) -> {"tempIntake": 22.01, "tempExhaust": 32.76, "humedadRack": 51.09, "tsDispositivo": "2026-09-26T12:04:47+00:00"}
[2026-09-26 07:05:17] TX Python SDK azure-iot-device (MQTT 8883) -> {"tempIntake": 22.02, "tempExhaust": 32.23, "humedadRack": 51.85, "tsDispositivo": "2026-09-26T12:05:17+00:00"}
[2026-09-26 07:05:49] TX Python SDK azure-iot-device (MQTT 8883) -> {"tempIntake": 21.52, "tempExhaust": 31.99, "humedadRack": 51.62, "tsDispositivo": "2026-09-26T12:05:49+00:00"}
[2026-09-26 07:06:20] TX Python SDK azure-iot-device (MQTT 8883) -> {"tempIntake": 21.62, "tempExhaust": 32.28, "humedadRack": 51.8, "tsDispositivo": "2026-09-26T12:06:19+00:00"}
[2026-09-26 07:06:50] TX Python SDK azure-iot-device (MQTT 8883) -> {"tempIntake": 21.91, "tempExhaust": 32.18, "humedadRack": 52.56, "tsDispositivo": "2026-09-26T12:06:50+00:00"}
[2026-09-26 07:07:20] TX Python SDK azure-iot-device (MQTT 8883) -> {"tempIntake": 21.4, "tempExhaust": 31.52, "humedadRack": 52.17, "tsDispositivo": "2026-09-26T12:07:20+00:00"}
[2026-09-26 07:07:50] TX Python SDK azure-iot-device (MQTT 8883) -> {"tempIntake": 21.88, "tempExhaust": 32.08, "humedadRack": 52.46, "tsDispositivo": "2026-09-26T12:07:50+00:00"}
[2026-09-26 07:08:20] TX Python SDK azure-iot-device (MQTT 8883) -> {"tempIntake": 21.76, "tempExhaust": 32.1, "humedadRack": 51.11, "tsDispositivo": "2026-09-26T12:08:20+00:00"}
[2026-09-26 07:08:51] TX Python SDK azure-iot-device (MQTT 8883) -> {"tempIntake": 21.56, "tempExhaust": 32.03, "humedadRack": 51.36, "tsDispositivo": "2026-09-26T12:08:50+00:00"}
[2026-09-26 07:09:21] TX Python SDK azure-iot-device (MQTT 8883) -> {"tempIntake": 21.63, "tempExhaust": 32.27, "humedadRack": 50.86, "tsDispositivo": "2026-09-26T12:09:21+00:00"}
[2026-09-26 07:09:51] TX Python SDK azure-iot-device (MQTT 8883) -> {"tempIntake": 21.51, "tempExhaust": 31.41, "humedadRack": 50.24, "tsDispositivo": "2026-09-26T12:09:51+00:00"}
[2026-09-26 07:10:21] TX Python SDK azure-iot-device (MQTT 8883) -> {"tempIntake": 21.71, "tempExhaust": 31.47, "humedadRack": 51.67, "tsDispositivo": "2026-09-26T12:10:21+00:00"}
[2026-09-26 07:10:55] TX Python SDK azure-iot-device (MQTT 8883) -> {"tempIntake": 21.72, "tempExhaust": 32.52, "humedadRack": 50.27, "tsDispositivo": "2026-09-26T12:10:54+00:00"}
[2026-09-26 07:11:25] TX Python SDK azure-iot-device (MQTT 8883) -> {"tempIntake": 21.79, "tempExhaust": 32.34, "humedadRack": 52.01, "tsDispositivo": "2026-09-26T12:11:25+00:00"}
[2026-09-26 07:11:55] TX Python SDK azure-iot-device (MQTT 8883) -> {"tempIntake": 21.89, "tempExhaust": 31.85, "humedadRack": 52.4, "tsDispositivo": "2026-09-26T12:11:55+00:00"}
[2026-09-26 07:12:25] TX Python SDK azure-iot-device (MQTT 8883) -> {"tempIntake": 21.65, "tempExhaust": 32.07, "humedadRack": 50.74, "tsDispositivo": "2026-09-26T12:12:25+00:00"}
[2026-09-26 07:12:58] TX Python SDK azure-iot-device (MQTT 8883) -> {"tempIntake": 21.49, "tempExhaust": 31.59, "humedadRack": 50.52, "tsDispositivo": "2026-09-26T12:12:55+00:00"}
[2026-09-26 07:13:28] TX Python SDK azure-iot-device (MQTT 8883) -> {"tempIntake": 21.9, "tempExhaust": 32.5, "humedadRack": 52.62, "tsDispositivo": "2026-09-26T12:13:28+00:00"}
[2026-09-26 07:13:58] TX Python SDK azure-iot-device (MQTT 8883) -> {"tempIntake": 21.72, "tempExhaust": 31.5, "humedadRack": 52.21, "tsDispositivo": "2026-09-26T12:13:58+00:00"}
[2026-09-26 07:14:29] TX Python SDK azure-iot-device (MQTT 8883) -> {"tempIntake": 21.54, "tempExhaust": 32.08, "humedadRack": 52.6, "tsDispositivo": "2026-09-26T12:14:28+00:00"}
[2026-09-26 07:15:00] TX Python SDK azure-iot-device (MQTT 8883) -> {"tempIntake": 21.67, "tempExhaust": 31.98, "humedadRack": 50.37, "tsDispositivo": "2026-09-26T12:14:59+00:00"}
[2026-09-26 07:15:32] TX Python SDK azure-iot-device (MQTT 8883) -> {"tempIntake": 21.87, "tempExhaust": 31.63, "humedadRack": 51.48, "tsDispositivo": "2026-09-26T12:15:30+00:00"}
[2026-09-26 07:16:13] TX Python SDK azure-iot-device (MQTT 8883) -> {"tempIntake": 21.56, "tempExhaust": 31.4, "humedadRack": 51.72, "tsDispositivo": "2026-09-26T12:16:04+00:00"}
[2026-09-26 07:16:44] TX Python SDK azure-iot-device (MQTT 8883) -> {"tempIntake": 21.97, "tempExhaust": 31.69, "humedadRack": 51.28, "tsDispositivo": "2026-09-26T12:16:43+00:00"}
[2026-09-26 07:17:14] TX Python SDK azure-iot-device (MQTT 8883) -> {"tempIntake": 22.12, "tempExhaust": 32.11, "humedadRack": 52.6, "tsDispositivo": "2026-09-26T12:17:14+00:00"}
[2026-09-26 07:17:44] TX Python SDK azure-iot-device (MQTT 8883) -> {"tempIntake": 21.47, "tempExhaust": 31.29, "humedadRack": 52.19, "tsDispositivo": "2026-09-26T12:17:44+00:00"}
[2026-09-26 07:18:18] TX Python SDK azure-iot-device (MQTT 8883) -> {"tempIntake": 21.82, "tempExhaust": 31.8, "humedadRack": 51.77, "tsDispositivo": "2026-09-26T12:18:17+00:00"}
[2026-09-26 07:18:50] TX Python SDK azure-iot-device (MQTT 8883) -> {"tempIntake": 21.45, "tempExhaust": 31.17, "humedadRack": 50.43, "tsDispositivo": "2026-09-26T12:18:48+00:00"}
[2026-09-26 07:19:22] TX Python SDK azure-iot-device (MQTT 8883) -> {"tempIntake": 21.53, "tempExhaust": 31.49, "humedadRack": 51.27, "tsDispositivo": "2026-09-26T12:19:22+00:00"}
[2026-09-26 07:19:52] TX Python SDK azure-iot-device (MQTT 8883) -> {"tempIntake": 21.78, "tempExhaust": 31.61, "humedadRack": 51.13, "tsDispositivo": "2026-09-26T12:19:52+00:00"}
[2026-09-26 07:20:23] TX Python SDK azure-iot-device (MQTT 8883) -> {"tempIntake": 21.88, "tempExhaust": 32.64, "humedadRack": 52.53, "tsDispositivo": "2026-09-26T12:20:22+00:00"}
[2026-09-26 07:20:57] TX Python SDK azure-iot-device (MQTT 8883) -> {"tempIntake": 21.92, "tempExhaust": 31.68, "humedadRack": 51.03, "tsDispositivo": "2026-09-26T12:20:54+00:00"}
[2026-09-26 07:21:29] TX Python SDK azure-iot-device (MQTT 8883) -> {"tempIntake": 21.43, "tempExhaust": 31.26, "humedadRack": 50.62, "tsDispositivo": "2026-09-26T12:21:27+00:00"}
[2026-09-26 07:22:05] TX Python SDK azure-iot-device (MQTT 8883) -> {"tempIntake": 21.83, "tempExhaust": 32.3, "humedadRack": 51.28, "tsDispositivo": "2026-09-26T12:22:02+00:00"}
[2026-09-26 07:22:40] TX Python SDK azure-iot-device (MQTT 8883) -> {"tempIntake": 21.7, "tempExhaust": 31.98, "humedadRack": 52.16, "tsDispositivo": "2026-09-26T12:22:39+00:00"}
[2026-09-26 07:23:10] TX Python SDK azure-iot-device (MQTT 8883) -> {"tempIntake": 21.54, "tempExhaust": 31.37, "humedadRack": 51.03, "tsDispositivo": "2026-09-26T12:23:10+00:00"}
[2026-09-26 07:23:40] TX Python SDK azure-iot-device (MQTT 8883) -> {"tempIntake": 21.62, "tempExhaust": 32.19, "humedadRack": 51.79, "tsDispositivo": "2026-09-26T12:23:40+00:00"}
[2026-09-26 07:24:10] TX Python SDK azure-iot-device (MQTT 8883) -> {"tempIntake": 21.48, "tempExhaust": 31.55, "humedadRack": 50.64, "tsDispositivo": "2026-09-26T12:24:10+00:00"}
[2026-09-26 07:24:41] TX Python SDK azure-iot-device (MQTT 8883) -> {"tempIntake": 22.0, "tempExhaust": 32.93, "humedadRack": 52.74, "tsDispositivo": "2026-09-26T12:24:40+00:00"}
[2026-09-26 07:25:11] TX Python SDK azure-iot-device (MQTT 8883) -> {"tempIntake": 21.99, "tempExhaust": 31.69, "humedadRack": 51.02, "tsDispositivo": "2026-09-26T12:25:11+00:00"}
[2026-09-26 07:25:41] TX Python SDK azure-iot-device (MQTT 8883) -> {"tempIntake": 21.89, "tempExhaust": 32.2, "humedadRack": 52.59, "tsDispositivo": "2026-09-26T12:25:41+00:00"}
[2026-09-26 07:26:11] TX Python SDK azure-iot-device (MQTT 8883) -> {"tempIntake": 21.53, "tempExhaust": 31.78, "humedadRack": 52.2, "tsDispositivo": "2026-09-26T12:26:11+00:00"}
[2026-09-26 07:26:42] TX Python SDK azure-iot-device (MQTT 8883) -> {"tempIntake": 21.74, "tempExhaust": 31.69, "humedadRack": 51.44, "tsDispositivo": "2026-09-26T12:26:41+00:00"}
[2026-09-26 07:27:12] TX Python SDK azure-iot-device (MQTT 8883) -> {"tempIntake": 21.47, "tempExhaust": 32.07, "humedadRack": 52.09, "tsDispositivo": "2026-09-26T12:27:12+00:00"}
[2026-09-26 07:27:43] TX Python SDK azure-iot-device (MQTT 8883) -> {"tempIntake": 21.89, "tempExhaust": 31.59, "humedadRack": 52.69, "tsDispositivo": "2026-09-26T12:27:43+00:00"}
[2026-09-26 07:28:13] TX Python SDK azure-iot-device (MQTT 8883) -> {"tempIntake": 21.61, "tempExhaust": 32.0, "humedadRack": 50.57, "tsDispositivo": "2026-09-26T12:28:13+00:00"}
[2026-09-26 07:28:44] TX Python SDK azure-iot-device (MQTT 8883) -> {"tempIntake": 21.57, "tempExhaust": 32.19, "humedadRack": 52.47, "tsDispositivo": "2026-09-26T12:28:43+00:00"}
[2026-09-26 07:29:14] TX Python SDK azure-iot-device (MQTT 8883) -> {"tempIntake": 21.44, "tempExhaust": 31.46, "humedadRack": 50.65, "tsDispositivo": "2026-09-26T12:29:14+00:00"}
[2026-09-26 07:29:44] TX Python SDK azure-iot-device (MQTT 8883) -> {"tempIntake": 21.43, "tempExhaust": 31.71, "humedadRack": 50.59, "tsDispositivo": "2026-09-26T12:29:44+00:00"}
[2026-09-26 07:30:14] TX Python SDK azure-iot-device (MQTT 8883) -> {"tempIntake": 21.49, "tempExhaust": 31.92, "humedadRack": 51.63, "tsDispositivo": "2026-09-26T12:30:14+00:00"}
[2026-09-26 07:30:44] TX Python SDK azure-iot-device (MQTT 8883) -> {"tempIntake": 21.89, "tempExhaust": 32.08, "humedadRack": 52.7, "tsDispositivo": "2026-09-26T12:30:44+00:00"}
[2026-09-26 07:31:15] TX Python SDK azure-iot-device (MQTT 8883) -> {"tempIntake": 22.12, "tempExhaust": 32.98, "humedadRack": 51.05, "tsDispositivo": "2026-09-26T12:31:14+00:00"}
[2026-09-26 07:31:45] TX Python SDK azure-iot-device (MQTT 8883) -> {"tempIntake": 21.92, "tempExhaust": 32.84, "humedadRack": 51.17, "tsDispositivo": "2026-09-26T12:31:45+00:00"}
[2026-09-26 07:32:15] TX Python SDK azure-iot-device (MQTT 8883) -> {"tempIntake": 21.79, "tempExhaust": 31.57, "humedadRack": 51.18, "tsDispositivo": "2026-09-26T12:32:15+00:00"}
[2026-09-26 07:32:45] TX Python SDK azure-iot-device (MQTT 8883) -> {"tempIntake": 22.01, "tempExhaust": 32.46, "humedadRack": 51.29, "tsDispositivo": "2026-09-26T12:32:45+00:00"}
[2026-09-26 07:33:15] TX Python SDK azure-iot-device (MQTT 8883) -> {"tempIntake": 21.8, "tempExhaust": 31.86, "humedadRack": 50.76, "tsDispositivo": "2026-09-26T12:33:15+00:00"}
[2026-09-26 07:33:46] TX Python SDK azure-iot-device (MQTT 8883) -> {"tempIntake": 21.95, "tempExhaust": 31.85, "humedadRack": 51.53, "tsDispositivo": "2026-09-26T12:33:45+00:00"}
[2026-09-26 07:34:16] TX Python SDK azure-iot-device (MQTT 8883) -> {"tempIntake": 22.04, "tempExhaust": 32.72, "humedadRack": 52.39, "tsDispositivo": "2026-09-26T12:34:16+00:00"}
[2026-09-26 07:34:46] TX Python SDK azure-iot-device (MQTT 8883) -> {"tempIntake": 21.7, "tempExhaust": 32.26, "humedadRack": 51.78, "tsDispositivo": "2026-09-26T12:34:46+00:00"}
[2026-09-26 07:35:16] TX Python SDK azure-iot-device (MQTT 8883) -> {"tempIntake": 21.76, "tempExhaust": 32.38, "humedadRack": 50.67, "tsDispositivo": "2026-09-26T12:35:16+00:00"}
[2026-09-26 07:35:46] TX Python SDK azure-iot-device (MQTT 8883) -> {"tempIntake": 21.89, "tempExhaust": 32.31, "humedadRack": 50.88, "tsDispositivo": "2026-09-26T12:35:46+00:00"}
[2026-09-26 07:36:17] TX Python SDK azure-iot-device (MQTT 8883) -> {"tempIntake": 21.96, "tempExhaust": 32.06, "humedadRack": 52.77, "tsDispositivo": "2026-09-26T12:36:16+00:00"}
[2026-09-26 07:36:47] TX Python SDK azure-iot-device (MQTT 8883) -> {"tempIntake": 21.94, "tempExhaust": 32.26, "humedadRack": 50.9, "tsDispositivo": "2026-09-26T12:36:47+00:00"}
[2026-09-26 07:37:17] TX Python SDK azure-iot-device (MQTT 8883) -> {"tempIntake": 21.88, "tempExhaust": 32.58, "humedadRack": 50.95, "tsDispositivo": "2026-09-26T12:37:17+00:00"}
[2026-09-26 07:37:48] TX Python SDK azure-iot-device (MQTT 8883) -> {"tempIntake": 21.81, "tempExhaust": 32.63, "humedadRack": 52.9, "tsDispositivo": "2026-09-26T12:37:47+00:00"}
[2026-09-26 07:38:19] TX Python SDK azure-iot-device (MQTT 8883) -> {"tempIntake": 21.74, "tempExhaust": 32.47, "humedadRack": 51.64, "tsDispositivo": "2026-09-26T12:38:19+00:00"}
[2026-09-26 07:38:49] TX Python SDK azure-iot-device (MQTT 8883) -> {"tempIntake": 21.78, "tempExhaust": 32.62, "humedadRack": 52.03, "tsDispositivo": "2026-09-26T12:38:49+00:00"}
[2026-09-26 07:39:20] TX Python SDK azure-iot-device (MQTT 8883) -> {"tempIntake": 22.03, "tempExhaust": 32.45, "humedadRack": 52.08, "tsDispositivo": "2026-09-26T12:39:19+00:00"}
[2026-09-26 07:39:50] TX Python SDK azure-iot-device (MQTT 8883) -> {"tempIntake": 21.65, "tempExhaust": 31.77, "humedadRack": 52.45, "tsDispositivo": "2026-09-26T12:39:50+00:00"}
[2026-09-26 07:40:20] TX Python SDK azure-iot-device (MQTT 8883) -> {"tempIntake": 21.68, "tempExhaust": 32.6, "humedadRack": 51.35, "tsDispositivo": "2026-09-26T12:40:20+00:00"}
[2026-09-26 07:40:50] TX Python SDK azure-iot-device (MQTT 8883) -> {"tempIntake": 22.08, "tempExhaust": 32.83, "humedadRack": 52.46, "tsDispositivo": "2026-09-26T12:40:50+00:00"}
[2026-09-26 07:41:20] TX Python SDK azure-iot-device (MQTT 8883) -> {"tempIntake": 21.92, "tempExhaust": 32.27, "humedadRack": 52.33, "tsDispositivo": "2026-09-26T12:41:20+00:00"}
[2026-09-26 07:41:51] TX Python SDK azure-iot-device (MQTT 8883) -> {"tempIntake": 21.59, "tempExhaust": 31.41, "humedadRack": 52.91, "tsDispositivo": "2026-09-26T12:41:50+00:00"}
[2026-09-26 07:42:21] TX Python SDK azure-iot-device (MQTT 8883) -> {"tempIntake": 22.0, "tempExhaust": 32.59, "humedadRack": 51.08, "tsDispositivo": "2026-09-26T12:42:21+00:00"}
[2026-09-26 07:42:51] TX Python SDK azure-iot-device (MQTT 8883) -> {"tempIntake": 21.98, "tempExhaust": 32.14, "humedadRack": 52.18, "tsDispositivo": "2026-09-26T12:42:51+00:00"}
[2026-09-26 07:43:21] TX Python SDK azure-iot-device (MQTT 8883) -> {"tempIntake": 21.5, "tempExhaust": 32.02, "humedadRack": 51.04, "tsDispositivo": "2026-09-26T12:43:21+00:00"}
[2026-09-26 07:43:52] TX Python SDK azure-iot-device (MQTT 8883) -> {"tempIntake": 21.94, "tempExhaust": 32.31, "humedadRack": 52.68, "tsDispositivo": "2026-09-26T12:43:51+00:00"}
[2026-09-26 07:44:22] TX Python SDK azure-iot-device (MQTT 8883) -> {"tempIntake": 21.98, "tempExhaust": 32.27, "humedadRack": 51.49, "tsDispositivo": "2026-09-26T12:44:22+00:00"}
[2026-09-26 07:44:52] TX Python SDK azure-iot-device (MQTT 8883) -> {"tempIntake": 22.01, "tempExhaust": 31.98, "humedadRack": 51.11, "tsDispositivo": "2026-09-26T12:44:52+00:00"}
[2026-09-26 07:45:22] TX Python SDK azure-iot-device (MQTT 8883) -> {"tempIntake": 21.64, "tempExhaust": 32.06, "humedadRack": 52.25, "tsDispositivo": "2026-09-26T12:45:22+00:00"}
[2026-09-26 07:45:52] TX Python SDK azure-iot-device (MQTT 8883) -> {"tempIntake": 22.15, "tempExhaust": 32.33, "humedadRack": 52.44, "tsDispositivo": "2026-09-26T12:45:52+00:00"}
[2026-09-26 07:46:23] TX Python SDK azure-iot-device (MQTT 8883) -> {"tempIntake": 22.05, "tempExhaust": 32.6, "humedadRack": 52.36, "tsDispositivo": "2026-09-26T12:46:22+00:00"}
[2026-09-26 07:46:53] TX Python SDK azure-iot-device (MQTT 8883) -> {"tempIntake": 22.01, "tempExhaust": 31.75, "humedadRack": 52.7, "tsDispositivo": "2026-09-26T12:46:53+00:00"}
[2026-09-26 07:47:23] TX Python SDK azure-iot-device (MQTT 8883) -> {"tempIntake": 21.67, "tempExhaust": 31.71, "humedadRack": 52.08, "tsDispositivo": "2026-09-26T12:47:23+00:00"}
[2026-09-26 07:47:53] TX Python SDK azure-iot-device (MQTT 8883) -> {"tempIntake": 21.53, "tempExhaust": 31.57, "humedadRack": 52.84, "tsDispositivo": "2026-09-26T12:47:53+00:00"}
[2026-09-26 07:48:23] TX Python SDK azure-iot-device (MQTT 8883) -> {"tempIntake": 21.58, "tempExhaust": 32.4, "humedadRack": 51.25, "tsDispositivo": "2026-09-26T12:48:23+00:00"}
[2026-09-26 07:48:54] TX Python SDK azure-iot-device (MQTT 8883) -> {"tempIntake": 21.94, "tempExhaust": 32.4, "humedadRack": 52.03, "tsDispositivo": "2026-09-26T12:48:53+00:00"}
[2026-09-26 07:49:24] TX Python SDK azure-iot-device (MQTT 8883) -> {"tempIntake": 21.74, "tempExhaust": 31.49, "humedadRack": 52.32, "tsDispositivo": "2026-09-26T12:49:24+00:00"}
[2026-09-26 07:49:54] TX Python SDK azure-iot-device (MQTT 8883) -> {"tempIntake": 21.5, "tempExhaust": 32.05, "humedadRack": 52.22, "tsDispositivo": "2026-09-26T12:49:54+00:00"}
[2026-09-26 07:50:24] TX Python SDK azure-iot-device (MQTT 8883) -> {"tempIntake": 22.11, "tempExhaust": 32.65, "humedadRack": 52.87, "tsDispositivo": "2026-09-26T12:50:24+00:00"}
[2026-09-26 07:50:54] TX Python SDK azure-iot-device (MQTT 8883) -> {"tempIntake": 21.71, "tempExhaust": 32.36, "humedadRack": 52.07, "tsDispositivo": "2026-09-26T12:50:54+00:00"}
[2026-09-26 07:51:25] TX Python SDK azure-iot-device (MQTT 8883) -> {"tempIntake": 21.99, "tempExhaust": 32.57, "humedadRack": 53.24, "tsDispositivo": "2026-09-26T12:51:24+00:00"}
[2026-09-26 07:51:55] TX Python SDK azure-iot-device (MQTT 8883) -> {"tempIntake": 21.73, "tempExhaust": 32.25, "humedadRack": 51.68, "tsDispositivo": "2026-09-26T12:51:55+00:00"}
[2026-09-26 07:52:25] TX Python SDK azure-iot-device (MQTT 8883) -> {"tempIntake": 22.1, "tempExhaust": 31.94, "humedadRack": 52.43, "tsDispositivo": "2026-09-26T12:52:25+00:00"}
[2026-09-26 07:52:55] TX Python SDK azure-iot-device (MQTT 8883) -> {"tempIntake": 21.61, "tempExhaust": 31.86, "humedadRack": 51.04, "tsDispositivo": "2026-09-26T12:52:55+00:00"}
[2026-09-26 07:53:25] TX Python SDK azure-iot-device (MQTT 8883) -> {"tempIntake": 21.75, "tempExhaust": 31.96, "humedadRack": 51.58, "tsDispositivo": "2026-09-26T12:53:25+00:00"}
[2026-09-26 07:53:56] TX Python SDK azure-iot-device (MQTT 8883) -> {"tempIntake": 21.61, "tempExhaust": 32.22, "humedadRack": 52.17, "tsDispositivo": "2026-09-26T12:53:55+00:00"}
[2026-09-26 07:54:26] TX Python SDK azure-iot-device (MQTT 8883) -> {"tempIntake": 21.95, "tempExhaust": 32.4, "humedadRack": 51.81, "tsDispositivo": "2026-09-26T12:54:26+00:00"}
[2026-09-26 07:54:56] TX Python SDK azure-iot-device (MQTT 8883) -> {"tempIntake": 22.0, "tempExhaust": 32.48, "humedadRack": 53.07, "tsDispositivo": "2026-09-26T12:54:56+00:00"}
[2026-09-26 07:55:26] TX Python SDK azure-iot-device (MQTT 8883) -> {"tempIntake": 21.84, "tempExhaust": 31.83, "humedadRack": 53.01, "tsDispositivo": "2026-09-26T12:55:26+00:00"}
[2026-09-26 07:55:57] TX Python SDK azure-iot-device (MQTT 8883) -> {"tempIntake": 22.03, "tempExhaust": 32.48, "humedadRack": 53.29, "tsDispositivo": "2026-09-26T12:55:56+00:00"}
[2026-09-26 07:56:27] TX Python SDK azure-iot-device (MQTT 8883) -> {"tempIntake": 22.0, "tempExhaust": 32.03, "humedadRack": 51.24, "tsDispositivo": "2026-09-26T12:56:27+00:00"}
[2026-09-26 07:56:57] TX Python SDK azure-iot-device (MQTT 8883) -> {"tempIntake": 21.67, "tempExhaust": 32.5, "humedadRack": 52.37, "tsDispositivo": "2026-09-26T12:56:57+00:00"}
[2026-09-26 07:57:27] TX Python SDK azure-iot-device (MQTT 8883) -> {"tempIntake": 21.47, "tempExhaust": 31.92, "humedadRack": 52.33, "tsDispositivo": "2026-09-26T12:57:27+00:00"}
[2026-09-26 07:57:57] TX Python SDK azure-iot-device (MQTT 8883) -> {"tempIntake": 21.79, "tempExhaust": 31.64, "humedadRack": 52.19, "tsDispositivo": "2026-09-26T12:57:57+00:00"}
[2026-09-26 07:58:28] TX Python SDK azure-iot-device (MQTT 8883) -> {"tempIntake": 22.08, "tempExhaust": 32.79, "humedadRack": 52.27, "tsDispositivo": "2026-09-26T12:58:27+00:00"}
[2026-09-26 07:58:58] TX Python SDK azure-iot-device (MQTT 8883) -> {"tempIntake": 21.66, "tempExhaust": 32.62, "humedadRack": 51.98, "tsDispositivo": "2026-09-26T12:58:58+00:00"}
[2026-09-26 07:59:28] TX Python SDK azure-iot-device (MQTT 8883) -> {"tempIntake": 21.9, "tempExhaust": 32.43, "humedadRack": 52.94, "tsDispositivo": "2026-09-26T12:59:28+00:00"}
[2026-09-26 07:59:58] TX Python SDK azure-iot-device (MQTT 8883) -> {"tempIntake": 22.1, "tempExhaust": 33.04, "humedadRack": 51.25, "tsDispositivo": "2026-09-26T12:59:58+00:00"}
[2026-09-26 08:00:28] TX Python SDK azure-iot-device (MQTT 8883) -> {"tempIntake": 21.54, "tempExhaust": 32.34, "humedadRack": 53.12, "tsDispositivo": "2026-09-26T13:00:28+00:00"}
[2026-09-26 08:00:59] TX Python SDK azure-iot-device (MQTT 8883) -> {"tempIntake": 21.8, "tempExhaust": 31.69, "humedadRack": 52.9, "tsDispositivo": "2026-09-26T13:00:58+00:00"}
[2026-09-26 08:01:29] TX Python SDK azure-iot-device (MQTT 8883) -> {"tempIntake": 21.49, "tempExhaust": 32.39, "humedadRack": 52.31, "tsDispositivo": "2026-09-26T13:01:29+00:00"}
[2026-09-26 08:01:59] TX Python SDK azure-iot-device (MQTT 8883) -> {"tempIntake": 21.68, "tempExhaust": 31.91, "humedadRack": 51.68, "tsDispositivo": "2026-09-26T13:01:59+00:00"}
[2026-09-26 08:02:29] TX Python SDK azure-iot-device (MQTT 8883) -> {"tempIntake": 21.77, "tempExhaust": 32.66, "humedadRack": 51.32, "tsDispositivo": "2026-09-26T13:02:29+00:00"}
[2026-09-26 08:02:59] TX Python SDK azure-iot-device (MQTT 8883) -> {"tempIntake": 22.1, "tempExhaust": 32.46, "humedadRack": 51.05, "tsDispositivo": "2026-09-26T13:02:59+00:00"}
[2026-09-26 08:03:30] TX Python SDK azure-iot-device (MQTT 8883) -> {"tempIntake": 21.84, "tempExhaust": 32.2, "humedadRack": 51.3, "tsDispositivo": "2026-09-26T13:03:29+00:00"}
[2026-09-26 08:04:00] TX Python SDK azure-iot-device (MQTT 8883) -> {"tempIntake": 22.05, "tempExhaust": 32.98, "humedadRack": 51.49, "tsDispositivo": "2026-09-26T13:04:00+00:00"}
[2026-09-26 08:04:30] TX Python SDK azure-iot-device (MQTT 8883) -> {"tempIntake": 21.73, "tempExhaust": 31.92, "humedadRack": 52.22, "tsDispositivo": "2026-09-26T13:04:30+00:00"}
[2026-09-26 08:05:00] TX Python SDK azure-iot-device (MQTT 8883) -> {"tempIntake": 21.77, "tempExhaust": 32.0, "humedadRack": 52.68, "tsDispositivo": "2026-09-26T13:05:00+00:00"}
[2026-09-26 08:05:30] TX Python SDK azure-iot-device (MQTT 8883) -> {"tempIntake": 21.81, "tempExhaust": 32.29, "humedadRack": 51.18, "tsDispositivo": "2026-09-26T13:05:30+00:00"}
[2026-09-26 08:06:01] TX Python SDK azure-iot-device (MQTT 8883) -> {"tempIntake": 22.02, "tempExhaust": 31.83, "humedadRack": 51.2, "tsDispositivo": "2026-09-26T13:06:00+00:00"}
[2026-09-26 08:06:31] TX Python SDK azure-iot-device (MQTT 8883) -> {"tempIntake": 21.8, "tempExhaust": 32.49, "humedadRack": 52.29, "tsDispositivo": "2026-09-26T13:06:31+00:00"}
[2026-09-26 08:07:01] TX Python SDK azure-iot-device (MQTT 8883) -> {"tempIntake": 22.06, "tempExhaust": 32.95, "humedadRack": 51.82, "tsDispositivo": "2026-09-26T13:07:01+00:00"}
[2026-09-26 08:07:31] TX Python SDK azure-iot-device (MQTT 8883) -> {"tempIntake": 21.9, "tempExhaust": 32.54, "humedadRack": 52.51, "tsDispositivo": "2026-09-26T13:07:31+00:00"}
[2026-09-26 08:08:01] TX Python SDK azure-iot-device (MQTT 8883) -> {"tempIntake": 21.48, "tempExhaust": 32.12, "humedadRack": 52.86, "tsDispositivo": "2026-09-26T13:08:01+00:00"}
[2026-09-26 08:08:32] TX Python SDK azure-iot-device (MQTT 8883) -> {"tempIntake": 22.02, "tempExhaust": 32.12, "humedadRack": 52.77, "tsDispositivo": "2026-09-26T13:08:31+00:00"}
[2026-09-26 08:09:02] TX Python SDK azure-iot-device (MQTT 8883) -> {"tempIntake": 21.77, "tempExhaust": 31.94, "humedadRack": 52.4, "tsDispositivo": "2026-09-26T13:09:02+00:00"}
[2026-09-26 08:09:32] TX Python SDK azure-iot-device (MQTT 8883) -> {"tempIntake": 22.06, "tempExhaust": 31.99, "humedadRack": 51.12, "tsDispositivo": "2026-09-26T13:09:32+00:00"}
[2026-09-26 08:10:02] TX Python SDK azure-iot-device (MQTT 8883) -> {"tempIntake": 22.16, "tempExhaust": 32.12, "humedadRack": 52.06, "tsDispositivo": "2026-09-26T13:10:02+00:00"}
[2026-09-26 08:10:33] TX Python SDK azure-iot-device (MQTT 8883) -> {"tempIntake": 22.15, "tempExhaust": 32.31, "humedadRack": 51.39, "tsDispositivo": "2026-09-26T13:10:32+00:00"}
[2026-09-26 08:11:03] TX Python SDK azure-iot-device (MQTT 8883) -> {"tempIntake": 21.66, "tempExhaust": 32.37, "humedadRack": 51.46, "tsDispositivo": "2026-09-26T13:11:03+00:00"}
[2026-09-26 08:11:33] TX Python SDK azure-iot-device (MQTT 8883) -> {"tempIntake": 22.01, "tempExhaust": 32.41, "humedadRack": 51.82, "tsDispositivo": "2026-09-26T13:11:33+00:00"}
[2026-09-26 08:12:03] TX Python SDK azure-iot-device (MQTT 8883) -> {"tempIntake": 21.78, "tempExhaust": 31.71, "humedadRack": 52.96, "tsDispositivo": "2026-09-26T13:12:03+00:00"}
[2026-09-26 08:12:33] TX Python SDK azure-iot-device (MQTT 8883) -> {"tempIntake": 21.98, "tempExhaust": 31.78, "humedadRack": 53.29, "tsDispositivo": "2026-09-26T13:12:33+00:00"}
[2026-09-26 08:13:04] TX Python SDK azure-iot-device (MQTT 8883) -> {"tempIntake": 21.74, "tempExhaust": 32.32, "humedadRack": 51.82, "tsDispositivo": "2026-09-26T13:13:03+00:00"}
[2026-09-26 08:13:34] TX Python SDK azure-iot-device (MQTT 8883) -> {"tempIntake": 22.05, "tempExhaust": 32.15, "humedadRack": 51.51, "tsDispositivo": "2026-09-26T13:13:34+00:00"}
[2026-09-26 08:14:04] TX Python SDK azure-iot-device (MQTT 8883) -> {"tempIntake": 21.65, "tempExhaust": 32.33, "humedadRack": 52.54, "tsDispositivo": "2026-09-26T13:14:04+00:00"}
[2026-09-26 08:14:34] TX Python SDK azure-iot-device (MQTT 8883) -> {"tempIntake": 21.48, "tempExhaust": 31.34, "humedadRack": 53.23, "tsDispositivo": "2026-09-26T13:14:34+00:00"}
[2026-09-26 08:15:04] TX Python SDK azure-iot-device (MQTT 8883) -> {"tempIntake": 21.83, "tempExhaust": 31.86, "humedadRack": 52.21, "tsDispositivo": "2026-09-26T13:15:04+00:00"}
[2026-09-26 08:15:35] TX Python SDK azure-iot-device (MQTT 8883) -> {"tempIntake": 21.67, "tempExhaust": 31.83, "humedadRack": 53.29, "tsDispositivo": "2026-09-26T13:15:34+00:00"}
[2026-09-26 08:16:05] TX Python SDK azure-iot-device (MQTT 8883) -> {"tempIntake": 21.73, "tempExhaust": 32.05, "humedadRack": 52.81, "tsDispositivo": "2026-09-26T13:16:05+00:00"}
[2026-09-26 08:16:35] TX Python SDK azure-iot-device (MQTT 8883) -> {"tempIntake": 22.01, "tempExhaust": 32.9, "humedadRack": 53.51, "tsDispositivo": "2026-09-26T13:16:35+00:00"}
[2026-09-26 08:17:05] TX Python SDK azure-iot-device (MQTT 8883) -> {"tempIntake": 21.98, "tempExhaust": 32.61, "humedadRack": 52.01, "tsDispositivo": "2026-09-26T13:17:05+00:00"}
[2026-09-26 08:17:35] TX Python SDK azure-iot-device (MQTT 8883) -> {"tempIntake": 22.06, "tempExhaust": 33.05, "humedadRack": 52.2, "tsDispositivo": "2026-09-26T13:17:35+00:00"}
[2026-09-26 08:18:06] TX Python SDK azure-iot-device (MQTT 8883) -> {"tempIntake": 21.74, "tempExhaust": 32.09, "humedadRack": 52.26, "tsDispositivo": "2026-09-26T13:18:05+00:00"}
[2026-09-26 08:18:36] TX Python SDK azure-iot-device (MQTT 8883) -> {"tempIntake": 21.94, "tempExhaust": 32.81, "humedadRack": 52.6, "tsDispositivo": "2026-09-26T13:18:36+00:00"}
[2026-09-26 08:19:06] TX Python SDK azure-iot-device (MQTT 8883) -> {"tempIntake": 21.76, "tempExhaust": 32.39, "humedadRack": 51.72, "tsDispositivo": "2026-09-26T13:19:06+00:00"}
[2026-09-26 08:19:36] TX Python SDK azure-iot-device (MQTT 8883) -> {"tempIntake": 21.84, "tempExhaust": 32.63, "humedadRack": 53.39, "tsDispositivo": "2026-09-26T13:19:36+00:00"}
[2026-09-26 08:20:06] TX Python SDK azure-iot-device (MQTT 8883) -> {"tempIntake": 22.02, "tempExhaust": 33.06, "humedadRack": 52.23, "tsDispositivo": "2026-09-26T13:20:06+00:00"}
[2026-09-26 08:20:37] TX Python SDK azure-iot-device (MQTT 8883) -> {"tempIntake": 21.61, "tempExhaust": 32.24, "humedadRack": 52.03, "tsDispositivo": "2026-09-26T13:20:36+00:00"}
[2026-09-26 08:21:07] TX Python SDK azure-iot-device (MQTT 8883) -> {"tempIntake": 21.59, "tempExhaust": 31.56, "humedadRack": 51.73, "tsDispositivo": "2026-09-26T13:21:07+00:00"}
[2026-09-26 08:21:37] TX Python SDK azure-iot-device (MQTT 8883) -> {"tempIntake": 22.09, "tempExhaust": 32.81, "humedadRack": 52.47, "tsDispositivo": "2026-09-26T13:21:37+00:00"}
[2026-09-26 08:22:07] TX Python SDK azure-iot-device (MQTT 8883) -> {"tempIntake": 21.59, "tempExhaust": 31.74, "humedadRack": 52.4, "tsDispositivo": "2026-09-26T13:22:07+00:00"}
[2026-09-26 08:22:37] TX Python SDK azure-iot-device (MQTT 8883) -> {"tempIntake": 21.47, "tempExhaust": 32.22, "humedadRack": 53.14, "tsDispositivo": "2026-09-26T13:22:37+00:00"}
[2026-09-26 08:23:08] TX Python SDK azure-iot-device (MQTT 8883) -> {"tempIntake": 21.74, "tempExhaust": 32.45, "humedadRack": 52.03, "tsDispositivo": "2026-09-26T13:23:07+00:00"}
[2026-09-26 08:23:38] TX Python SDK azure-iot-device (MQTT 8883) -> {"tempIntake": 22.1, "tempExhaust": 33.09, "humedadRack": 51.49, "tsDispositivo": "2026-09-26T13:23:38+00:00"}
[2026-09-26 08:24:08] TX Python SDK azure-iot-device (MQTT 8883) -> {"tempIntake": 22.0, "tempExhaust": 32.17, "humedadRack": 52.41, "tsDispositivo": "2026-09-26T13:24:08+00:00"}
[2026-09-26 08:24:38] TX Python SDK azure-iot-device (MQTT 8883) -> {"tempIntake": 22.07, "tempExhaust": 32.82, "humedadRack": 52.05, "tsDispositivo": "2026-09-26T13:24:38+00:00"}
[2026-09-26 08:25:08] TX Python SDK azure-iot-device (MQTT 8883) -> {"tempIntake": 21.58, "tempExhaust": 32.63, "humedadRack": 52.58, "tsDispositivo": "2026-09-26T13:25:08+00:00"}
[2026-09-26 08:25:39] TX Python SDK azure-iot-device (MQTT 8883) -> {"tempIntake": 21.94, "tempExhaust": 32.77, "humedadRack": 53.29, "tsDispositivo": "2026-09-26T13:25:38+00:00"}
[2026-09-26 08:26:09] TX Python SDK azure-iot-device (MQTT 8883) -> {"tempIntake": 21.96, "tempExhaust": 32.67, "humedadRack": 53.33, "tsDispositivo": "2026-09-26T13:26:09+00:00"}
[2026-09-26 08:26:39] TX Python SDK azure-iot-device (MQTT 8883) -> {"tempIntake": 21.97, "tempExhaust": 32.24, "humedadRack": 52.48, "tsDispositivo": "2026-09-26T13:26:39+00:00"}
[2026-09-26 08:27:09] TX Python SDK azure-iot-device (MQTT 8883) -> {"tempIntake": 21.93, "tempExhaust": 32.85, "humedadRack": 52.41, "tsDispositivo": "2026-09-26T13:27:09+00:00"}
[2026-09-26 08:27:40] TX Python SDK azure-iot-device (MQTT 8883) -> {"tempIntake": 21.7, "tempExhaust": 31.76, "humedadRack": 51.74, "tsDispositivo": "2026-09-26T13:27:39+00:00"}
[2026-09-26 08:28:10] TX Python SDK azure-iot-device (MQTT 8883) -> {"tempIntake": 21.46, "tempExhaust": 31.82, "humedadRack": 52.57, "tsDispositivo": "2026-09-26T13:28:10+00:00"}
[2026-09-26 08:28:40] TX Python SDK azure-iot-device (MQTT 8883) -> {"tempIntake": 21.49, "tempExhaust": 32.22, "humedadRack": 53.59, "tsDispositivo": "2026-09-26T13:28:40+00:00"}
[2026-09-26 08:29:10] TX Python SDK azure-iot-device (MQTT 8883) -> {"tempIntake": 21.97, "tempExhaust": 32.08, "humedadRack": 52.86, "tsDispositivo": "2026-09-26T13:29:10+00:00"}
[2026-09-26 08:29:40] TX Python SDK azure-iot-device (MQTT 8883) -> {"tempIntake": 21.92, "tempExhaust": 32.13, "humedadRack": 51.74, "tsDispositivo": "2026-09-26T13:29:40+00:00"}
[2026-09-26 08:30:11] TX Python SDK azure-iot-device (MQTT 8883) -> {"tempIntake": 22.12, "tempExhaust": 32.7, "humedadRack": 52.86, "tsDispositivo": "2026-09-26T13:30:10+00:00"}
[2026-09-26 08:30:41] TX Python SDK azure-iot-device (MQTT 8883) -> {"tempIntake": 21.77, "tempExhaust": 32.4, "humedadRack": 51.42, "tsDispositivo": "2026-09-26T13:30:41+00:00"}
[2026-09-26 08:31:11] TX Python SDK azure-iot-device (MQTT 8883) -> {"tempIntake": 21.89, "tempExhaust": 32.35, "humedadRack": 53.44, "tsDispositivo": "2026-09-26T13:31:11+00:00"}
[2026-09-26 08:31:41] TX Python SDK azure-iot-device (MQTT 8883) -> {"tempIntake": 22.0, "tempExhaust": 32.97, "humedadRack": 52.86, "tsDispositivo": "2026-09-26T13:31:41+00:00"}
[2026-09-26 08:32:11] TX Python SDK azure-iot-device (MQTT 8883) -> {"tempIntake": 21.81, "tempExhaust": 32.21, "humedadRack": 51.41, "tsDispositivo": "2026-09-26T13:32:11+00:00"}
[2026-09-26 08:32:42] TX Python SDK azure-iot-device (MQTT 8883) -> {"tempIntake": 21.91, "tempExhaust": 32.5, "humedadRack": 52.05, "tsDispositivo": "2026-09-26T13:32:41+00:00"}
[2026-09-26 08:33:12] TX Python SDK azure-iot-device (MQTT 8883) -> {"tempIntake": 22.2, "tempExhaust": 32.17, "humedadRack": 53.44, "tsDispositivo": "2026-09-26T13:33:12+00:00"}
[2026-09-26 08:33:42] TX Python SDK azure-iot-device (MQTT 8883) -> {"tempIntake": 22.08, "tempExhaust": 32.15, "humedadRack": 51.85, "tsDispositivo": "2026-09-26T13:33:42+00:00"}
[2026-09-26 08:34:12] TX Python SDK azure-iot-device (MQTT 8883) -> {"tempIntake": 21.92, "tempExhaust": 32.29, "humedadRack": 51.81, "tsDispositivo": "2026-09-26T13:34:12+00:00"}
[2026-09-26 08:34:42] TX Python SDK azure-iot-device (MQTT 8883) -> {"tempIntake": 21.7, "tempExhaust": 32.24, "humedadRack": 52.46, "tsDispositivo": "2026-09-26T13:34:42+00:00"}
[2026-09-26 08:35:13] TX Python SDK azure-iot-device (MQTT 8883) -> {"tempIntake": 22.13, "tempExhaust": 33.12, "humedadRack": 53.71, "tsDispositivo": "2026-09-26T13:35:12+00:00"}
[2026-09-26 08:35:43] TX Python SDK azure-iot-device (MQTT 8883) -> {"tempIntake": 21.67, "tempExhaust": 32.33, "humedadRack": 51.97, "tsDispositivo": "2026-09-26T13:35:43+00:00"}
[2026-09-26 08:36:13] TX Python SDK azure-iot-device (MQTT 8883) -> {"tempIntake": 21.99, "tempExhaust": 32.02, "humedadRack": 52.03, "tsDispositivo": "2026-09-26T13:36:13+00:00"}
[2026-09-26 08:36:43] TX Python SDK azure-iot-device (MQTT 8883) -> {"tempIntake": 21.84, "tempExhaust": 32.22, "humedadRack": 52.8, "tsDispositivo": "2026-09-26T13:36:43+00:00"}
[2026-09-26 08:37:13] TX Python SDK azure-iot-device (MQTT 8883) -> {"tempIntake": 21.57, "tempExhaust": 31.78, "humedadRack": 52.24, "tsDispositivo": "2026-09-26T13:37:13+00:00"}
[2026-09-26 08:37:44] TX Python SDK azure-iot-device (MQTT 8883) -> {"tempIntake": 21.73, "tempExhaust": 32.33, "humedadRack": 52.03, "tsDispositivo": "2026-09-26T13:37:43+00:00"}
[2026-09-26 08:38:14] TX Python SDK azure-iot-device (MQTT 8883) -> {"tempIntake": 21.87, "tempExhaust": 32.91, "humedadRack": 53.21, "tsDispositivo": "2026-09-26T13:38:14+00:00"}
[2026-09-26 08:38:44] TX Python SDK azure-iot-device (MQTT 8883) -> {"tempIntake": 22.11, "tempExhaust": 32.04, "humedadRack": 52.6, "tsDispositivo": "2026-09-26T13:38:44+00:00"}
[2026-09-26 08:39:14] TX Python SDK azure-iot-device (MQTT 8883) -> {"tempIntake": 21.73, "tempExhaust": 32.52, "humedadRack": 52.15, "tsDispositivo": "2026-09-26T13:39:14+00:00"}
[2026-09-26 08:39:44] TX Python SDK azure-iot-device (MQTT 8883) -> {"tempIntake": 21.52, "tempExhaust": 31.78, "humedadRack": 53.68, "tsDispositivo": "2026-09-26T13:39:44+00:00"}
[2026-09-26 08:40:15] TX Python SDK azure-iot-device (MQTT 8883) -> {"tempIntake": 22.14, "tempExhaust": 32.8, "humedadRack": 52.75, "tsDispositivo": "2026-09-26T13:40:14+00:00"}
[2026-09-26 08:40:45] TX Python SDK azure-iot-device (MQTT 8883) -> {"tempIntake": 21.67, "tempExhaust": 32.59, "humedadRack": 52.45, "tsDispositivo": "2026-09-26T13:40:45+00:00"}
[2026-09-26 08:41:15] TX Python SDK azure-iot-device (MQTT 8883) -> {"tempIntake": 21.7, "tempExhaust": 31.77, "humedadRack": 53.71, "tsDispositivo": "2026-09-26T13:41:15+00:00"}
[2026-09-26 08:41:45] TX Python SDK azure-iot-device (MQTT 8883) -> {"tempIntake": 21.69, "tempExhaust": 31.82, "humedadRack": 51.91, "tsDispositivo": "2026-09-26T13:41:45+00:00"}
[2026-09-26 08:42:15] TX Python SDK azure-iot-device (MQTT 8883) -> {"tempIntake": 21.71, "tempExhaust": 32.09, "humedadRack": 52.79, "tsDispositivo": "2026-09-26T13:42:15+00:00"}
[2026-09-26 08:42:46] TX Python SDK azure-iot-device (MQTT 8883) -> {"tempIntake": 21.84, "tempExhaust": 32.02, "humedadRack": 51.47, "tsDispositivo": "2026-09-26T13:42:45+00:00"}
[2026-09-26 08:43:16] TX Python SDK azure-iot-device (MQTT 8883) -> {"tempIntake": 21.48, "tempExhaust": 31.54, "humedadRack": 52.96, "tsDispositivo": "2026-09-26T13:43:16+00:00"}
[2026-09-26 08:43:46] TX Python SDK azure-iot-device (MQTT 8883) -> {"tempIntake": 21.64, "tempExhaust": 31.58, "humedadRack": 53.86, "tsDispositivo": "2026-09-26T13:43:46+00:00"}
[2026-09-26 08:44:16] TX Python SDK azure-iot-device (MQTT 8883) -> {"tempIntake": 21.61, "tempExhaust": 32.64, "humedadRack": 53.33, "tsDispositivo": "2026-09-26T13:44:16+00:00"}
[2026-09-26 08:44:47] TX Python SDK azure-iot-device (MQTT 8883) -> {"tempIntake": 21.9, "tempExhaust": 32.31, "humedadRack": 53.76, "tsDispositivo": "2026-09-26T13:44:46+00:00"}
[2026-09-26 08:45:17] TX Python SDK azure-iot-device (MQTT 8883) -> {"tempIntake": 21.98, "tempExhaust": 32.3, "humedadRack": 52.36, "tsDispositivo": "2026-09-26T13:45:17+00:00"}
[2026-09-26 08:45:47] TX Python SDK azure-iot-device (MQTT 8883) -> {"tempIntake": 22.03, "tempExhaust": 32.47, "humedadRack": 53.33, "tsDispositivo": "2026-09-26T13:45:47+00:00"}
[2026-09-26 08:46:17] TX Python SDK azure-iot-device (MQTT 8883) -> {"tempIntake": 21.69, "tempExhaust": 32.31, "humedadRack": 53.79, "tsDispositivo": "2026-09-26T13:46:17+00:00"}
[2026-09-26 08:46:47] TX Python SDK azure-iot-device (MQTT 8883) -> {"tempIntake": 21.69, "tempExhaust": 32.15, "humedadRack": 52.98, "tsDispositivo": "2026-09-26T13:46:47+00:00"}
[2026-09-26 08:47:18] TX Python SDK azure-iot-device (MQTT 8883) -> {"tempIntake": 21.78, "tempExhaust": 31.82, "humedadRack": 52.55, "tsDispositivo": "2026-09-26T13:47:17+00:00"}
[2026-09-26 08:47:48] TX Python SDK azure-iot-device (MQTT 8883) -> {"tempIntake": 21.73, "tempExhaust": 32.63, "humedadRack": 52.54, "tsDispositivo": "2026-09-26T13:47:48+00:00"}
[2026-09-26 08:48:20] TX Python SDK azure-iot-device (MQTT 8883) -> {"tempIntake": 22.15, "tempExhaust": 32.36, "humedadRack": 53.18, "tsDispositivo": "2026-09-26T13:48:19+00:00"}
[2026-09-26 08:48:50] TX Python SDK azure-iot-device (MQTT 8883) -> {"tempIntake": 22.07, "tempExhaust": 33.13, "humedadRack": 52.46, "tsDispositivo": "2026-09-26T13:48:50+00:00"}
[2026-09-26 08:49:21] TX Python SDK azure-iot-device (MQTT 8883) -> {"tempIntake": 21.74, "tempExhaust": 31.87, "humedadRack": 52.3, "tsDispositivo": "2026-09-26T13:49:20+00:00"}
[2026-09-26 08:49:51] TX Python SDK azure-iot-device (MQTT 8883) -> {"tempIntake": 22.04, "tempExhaust": 32.88, "humedadRack": 53.79, "tsDispositivo": "2026-09-26T13:49:51+00:00"}
[2026-09-26 08:50:21] TX Python SDK azure-iot-device (MQTT 8883) -> {"tempIntake": 21.91, "tempExhaust": 32.31, "humedadRack": 53.79, "tsDispositivo": "2026-09-26T13:50:21+00:00"}
[2026-09-26 08:50:51] TX Python SDK azure-iot-device (MQTT 8883) -> {"tempIntake": 21.57, "tempExhaust": 31.77, "humedadRack": 52.87, "tsDispositivo": "2026-09-26T13:50:51+00:00"}
[2026-09-26 08:51:21] TX Python SDK azure-iot-device (MQTT 8883) -> {"tempIntake": 22.08, "tempExhaust": 32.31, "humedadRack": 51.89, "tsDispositivo": "2026-09-26T13:51:21+00:00"}
[2026-09-26 08:51:52] TX Python SDK azure-iot-device (MQTT 8883) -> {"tempIntake": 21.75, "tempExhaust": 31.8, "humedadRack": 52.8, "tsDispositivo": "2026-09-26T13:51:51+00:00"}
[2026-09-26 08:52:22] TX Python SDK azure-iot-device (MQTT 8883) -> {"tempIntake": 21.8, "tempExhaust": 31.95, "humedadRack": 52.98, "tsDispositivo": "2026-09-26T13:52:22+00:00"}
[2026-09-26 08:52:52] TX Python SDK azure-iot-device (MQTT 8883) -> {"tempIntake": 22.11, "tempExhaust": 32.38, "humedadRack": 51.7, "tsDispositivo": "2026-09-26T13:52:52+00:00"}
[2026-09-26 08:53:22] TX Python SDK azure-iot-device (MQTT 8883) -> {"tempIntake": 21.77, "tempExhaust": 31.84, "humedadRack": 53.11, "tsDispositivo": "2026-09-26T13:53:22+00:00"}
[2026-09-26 08:53:53] TX Python SDK azure-iot-device (MQTT 8883) -> {"tempIntake": 21.98, "tempExhaust": 32.34, "humedadRack": 51.83, "tsDispositivo": "2026-09-26T13:53:52+00:00"}
[2026-09-26 08:54:23] TX Python SDK azure-iot-device (MQTT 8883) -> {"tempIntake": 21.73, "tempExhaust": 31.81, "humedadRack": 53.18, "tsDispositivo": "2026-09-26T13:54:23+00:00"}
[2026-09-26 08:54:53] TX Python SDK azure-iot-device (MQTT 8883) -> {"tempIntake": 21.95, "tempExhaust": 32.76, "humedadRack": 53.46, "tsDispositivo": "2026-09-26T13:54:53+00:00"}
[2026-09-26 08:55:23] TX Python SDK azure-iot-device (MQTT 8883) -> {"tempIntake": 21.77, "tempExhaust": 32.17, "humedadRack": 51.91, "tsDispositivo": "2026-09-26T13:55:23+00:00"}
[2026-09-26 08:55:54] TX Python SDK azure-iot-device (MQTT 8883) -> {"tempIntake": 21.55, "tempExhaust": 31.98, "humedadRack": 52.47, "tsDispositivo": "2026-09-26T13:55:53+00:00"}
[2026-09-26 08:56:24] TX Python SDK azure-iot-device (MQTT 8883) -> {"tempIntake": 21.74, "tempExhaust": 31.95, "humedadRack": 53.56, "tsDispositivo": "2026-09-26T13:56:24+00:00"}
[2026-09-26 08:56:55] TX Python SDK azure-iot-device (MQTT 8883) -> {"tempIntake": 21.99, "tempExhaust": 33.16, "humedadRack": 51.79, "tsDispositivo": "2026-09-26T13:56:54+00:00"}
[2026-09-26 08:57:27] TX Python SDK azure-iot-device (MQTT 8883) -> {"tempIntake": 22.08, "tempExhaust": 32.76, "humedadRack": 52.56, "tsDispositivo": "2026-09-26T13:57:26+00:00"}
[2026-09-26 08:57:57] TX Python SDK azure-iot-device (MQTT 8883) -> {"tempIntake": 21.66, "tempExhaust": 32.53, "humedadRack": 53.04, "tsDispositivo": "2026-09-26T13:57:57+00:00"}
[2026-09-26 08:58:27] TX Python SDK azure-iot-device (MQTT 8883) -> {"tempIntake": 21.96, "tempExhaust": 32.61, "humedadRack": 52.12, "tsDispositivo": "2026-09-26T13:58:27+00:00"}
[2026-09-26 08:58:57] TX Python SDK azure-iot-device (MQTT 8883) -> {"tempIntake": 21.91, "tempExhaust": 32.01, "humedadRack": 52.64, "tsDispositivo": "2026-09-26T13:58:57+00:00"}
[2026-09-26 08:59:28] TX Python SDK azure-iot-device (MQTT 8883) -> {"tempIntake": 21.69, "tempExhaust": 32.29, "humedadRack": 52.75, "tsDispositivo": "2026-09-26T13:59:28+00:00"}
[2026-09-26 08:59:58] TX Python SDK azure-iot-device (MQTT 8883) -> {"tempIntake": 21.69, "tempExhaust": 32.0, "humedadRack": 53.16, "tsDispositivo": "2026-09-26T13:59:58+00:00"}
[2026-09-26 09:00:28] TX Python SDK azure-iot-device (MQTT 8883) -> {"tempIntake": 21.7, "tempExhaust": 31.72, "humedadRack": 52.63, "tsDispositivo": "2026-09-26T14:00:28+00:00"}
[2026-09-26 09:00:59] TX Python SDK azure-iot-device (MQTT 8883) -> {"tempIntake": 21.97, "tempExhaust": 32.18, "humedadRack": 51.88, "tsDispositivo": "2026-09-26T14:00:58+00:00"}
[2026-09-26 09:01:29] TX Python SDK azure-iot-device (MQTT 8883) -> {"tempIntake": 22.17, "tempExhaust": 33.36, "humedadRack": 52.55, "tsDispositivo": "2026-09-26T14:01:29+00:00"}
[2026-09-26 09:01:59] TX Python SDK azure-iot-device (MQTT 8883) -> {"tempIntake": 21.67, "tempExhaust": 31.95, "humedadRack": 52.72, "tsDispositivo": "2026-09-26T14:01:59+00:00"}
[2026-09-26 09:02:29] TX Python SDK azure-iot-device (MQTT 8883) -> {"tempIntake": 22.13, "tempExhaust": 32.44, "humedadRack": 52.76, "tsDispositivo": "2026-09-26T14:02:29+00:00"}
[2026-09-26 09:02:59] TX Python SDK azure-iot-device (MQTT 8883) -> {"tempIntake": 21.67, "tempExhaust": 32.46, "humedadRack": 53.6, "tsDispositivo": "2026-09-26T14:02:59+00:00"}
[2026-09-26 09:03:30] TX Python SDK azure-iot-device (MQTT 8883) -> {"tempIntake": 21.67, "tempExhaust": 32.44, "humedadRack": 51.83, "tsDispositivo": "2026-09-26T14:03:29+00:00"}
[2026-09-26 09:04:00] TX Python SDK azure-iot-device (MQTT 8883) -> {"tempIntake": 22.0, "tempExhaust": 32.67, "humedadRack": 53.31, "tsDispositivo": "2026-09-26T14:04:00+00:00"}
[2026-09-26 09:04:30] TX Python SDK azure-iot-device (MQTT 8883) -> {"tempIntake": 21.77, "tempExhaust": 32.5, "humedadRack": 51.88, "tsDispositivo": "2026-09-26T14:04:30+00:00"}
[2026-09-26 09:05:00] TX Python SDK azure-iot-device (MQTT 8883) -> {"tempIntake": 22.08, "tempExhaust": 33.04, "humedadRack": 53.9, "tsDispositivo": "2026-09-26T14:05:00+00:00"}
[2026-09-26 09:05:30] TX Python SDK azure-iot-device (MQTT 8883) -> {"tempIntake": 21.74, "tempExhaust": 32.33, "humedadRack": 52.48, "tsDispositivo": "2026-09-26T14:05:30+00:00"}
[2026-09-26 09:06:01] TX Python SDK azure-iot-device (MQTT 8883) -> {"tempIntake": 21.99, "tempExhaust": 32.01, "humedadRack": 53.09, "tsDispositivo": "2026-09-26T14:06:00+00:00"}
[2026-09-26 09:06:31] TX Python SDK azure-iot-device (MQTT 8883) -> {"tempIntake": 21.67, "tempExhaust": 32.3, "humedadRack": 53.52, "tsDispositivo": "2026-09-26T14:06:31+00:00"}
[2026-09-26 09:07:01] TX Python SDK azure-iot-device (MQTT 8883) -> {"tempIntake": 22.06, "tempExhaust": 33.04, "humedadRack": 53.11, "tsDispositivo": "2026-09-26T14:07:01+00:00"}
[2026-09-26 09:07:31] TX Python SDK azure-iot-device (MQTT 8883) -> {"tempIntake": 21.89, "tempExhaust": 32.69, "humedadRack": 53.37, "tsDispositivo": "2026-09-26T14:07:31+00:00"}
[2026-09-26 09:08:01] TX Python SDK azure-iot-device (MQTT 8883) -> {"tempIntake": 21.84, "tempExhaust": 32.97, "humedadRack": 52.17, "tsDispositivo": "2026-09-26T14:08:01+00:00"}
[2026-09-26 09:08:32] TX Python SDK azure-iot-device (MQTT 8883) -> {"tempIntake": 21.91, "tempExhaust": 32.94, "humedadRack": 53.3, "tsDispositivo": "2026-09-26T14:08:31+00:00"}
[2026-09-26 09:09:02] TX Python SDK azure-iot-device (MQTT 8883) -> {"tempIntake": 21.75, "tempExhaust": 32.7, "humedadRack": 52.98, "tsDispositivo": "2026-09-26T14:09:02+00:00"}
[2026-09-26 09:09:32] TX Python SDK azure-iot-device (MQTT 8883) -> {"tempIntake": 21.56, "tempExhaust": 32.2, "humedadRack": 52.63, "tsDispositivo": "2026-09-26T14:09:32+00:00"}
[2026-09-26 09:10:02] TX Python SDK azure-iot-device (MQTT 8883) -> {"tempIntake": 21.98, "tempExhaust": 32.06, "humedadRack": 52.82, "tsDispositivo": "2026-09-26T14:10:02+00:00"}
[2026-09-26 09:10:33] TX Python SDK azure-iot-device (MQTT 8883) -> {"tempIntake": 21.91, "tempExhaust": 32.06, "humedadRack": 53.57, "tsDispositivo": "2026-09-26T14:10:32+00:00"}
[2026-09-26 09:11:03] TX Python SDK azure-iot-device (MQTT 8883) -> {"tempIntake": 21.75, "tempExhaust": 32.75, "humedadRack": 53.39, "tsDispositivo": "2026-09-26T14:11:03+00:00"}
[2026-09-26 09:11:33] TX Python SDK azure-iot-device (MQTT 8883) -> {"tempIntake": 21.67, "tempExhaust": 32.35, "humedadRack": 53.22, "tsDispositivo": "2026-09-26T14:11:33+00:00"}
[2026-09-26 09:12:03] TX Python SDK azure-iot-device (MQTT 8883) -> {"tempIntake": 22.2, "tempExhaust": 33.2, "humedadRack": 53.06, "tsDispositivo": "2026-09-26T14:12:03+00:00"}
[2026-09-26 09:12:33] TX Python SDK azure-iot-device (MQTT 8883) -> {"tempIntake": 22.08, "tempExhaust": 32.26, "humedadRack": 53.33, "tsDispositivo": "2026-09-26T14:12:33+00:00"}
[2026-09-26 09:13:04] TX Python SDK azure-iot-device (MQTT 8883) -> {"tempIntake": 21.99, "tempExhaust": 32.2, "humedadRack": 53.71, "tsDispositivo": "2026-09-26T14:13:03+00:00"}
[2026-09-26 09:13:34] TX Python SDK azure-iot-device (MQTT 8883) -> {"tempIntake": 21.59, "tempExhaust": 32.77, "humedadRack": 52.92, "tsDispositivo": "2026-09-26T14:13:34+00:00"}
[2026-09-26 09:14:04] TX Python SDK azure-iot-device (MQTT 8883) -> {"tempIntake": 21.8, "tempExhaust": 32.44, "humedadRack": 53.73, "tsDispositivo": "2026-09-26T14:14:04+00:00"}
[2026-09-26 09:14:34] TX Python SDK azure-iot-device (MQTT 8883) -> {"tempIntake": 21.61, "tempExhaust": 32.4, "humedadRack": 53.01, "tsDispositivo": "2026-09-26T14:14:34+00:00"}
[2026-09-26 09:15:05] TX Python SDK azure-iot-device (MQTT 8883) -> {"tempIntake": 21.55, "tempExhaust": 32.33, "humedadRack": 53.02, "tsDispositivo": "2026-09-26T14:15:04+00:00"}
[2026-09-26 09:15:35] TX Python SDK azure-iot-device (MQTT 8883) -> {"tempIntake": 22.04, "tempExhaust": 32.22, "humedadRack": 54.05, "tsDispositivo": "2026-09-26T14:15:35+00:00"}
[2026-09-26 09:16:05] TX Python SDK azure-iot-device (MQTT 8883) -> {"tempIntake": 21.61, "tempExhaust": 31.8, "humedadRack": 52.23, "tsDispositivo": "2026-09-26T14:16:05+00:00"}
[2026-09-26 09:16:35] TX Python SDK azure-iot-device (MQTT 8883) -> {"tempIntake": 22.19, "tempExhaust": 33.3, "humedadRack": 51.99, "tsDispositivo": "2026-09-26T14:16:35+00:00"}
[2026-09-26 09:17:05] TX Python SDK azure-iot-device (MQTT 8883) -> {"tempIntake": 22.12, "tempExhaust": 32.7, "humedadRack": 52.78, "tsDispositivo": "2026-09-26T14:17:05+00:00"}
[2026-09-26 09:17:36] TX Python SDK azure-iot-device (MQTT 8883) -> {"tempIntake": 22.03, "tempExhaust": 32.12, "humedadRack": 52.9, "tsDispositivo": "2026-09-26T14:17:35+00:00"}
[2026-09-26 09:18:06] TX Python SDK azure-iot-device (MQTT 8883) -> {"tempIntake": 21.59, "tempExhaust": 32.43, "humedadRack": 53.78, "tsDispositivo": "2026-09-26T14:18:06+00:00"}
[2026-09-26 09:18:36] TX Python SDK azure-iot-device (MQTT 8883) -> {"tempIntake": 21.89, "tempExhaust": 32.02, "humedadRack": 52.98, "tsDispositivo": "2026-09-26T14:18:36+00:00"}
[2026-09-26 09:19:06] TX Python SDK azure-iot-device (MQTT 8883) -> {"tempIntake": 21.9, "tempExhaust": 32.44, "humedadRack": 53.52, "tsDispositivo": "2026-09-26T14:19:06+00:00"}
[2026-09-26 09:19:36] TX Python SDK azure-iot-device (MQTT 8883) -> {"tempIntake": 22.04, "tempExhaust": 33.16, "humedadRack": 52.44, "tsDispositivo": "2026-09-26T14:19:36+00:00"}
[2026-09-26 09:20:07] TX Python SDK azure-iot-device (MQTT 8883) -> {"tempIntake": 22.02, "tempExhaust": 33.1, "humedadRack": 54.02, "tsDispositivo": "2026-09-26T14:20:06+00:00"}
[2026-09-26 09:20:37] TX Python SDK azure-iot-device (MQTT 8883) -> {"tempIntake": 21.62, "tempExhaust": 32.27, "humedadRack": 53.89, "tsDispositivo": "2026-09-26T14:20:37+00:00"}
[2026-09-26 09:21:07] TX Python SDK azure-iot-device (MQTT 8883) -> {"tempIntake": 21.85, "tempExhaust": 32.92, "humedadRack": 51.77, "tsDispositivo": "2026-09-26T14:21:07+00:00"}
[2026-09-26 09:21:37] TX Python SDK azure-iot-device (MQTT 8883) -> {"tempIntake": 21.59, "tempExhaust": 32.05, "humedadRack": 54.09, "tsDispositivo": "2026-09-26T14:21:37+00:00"}
[2026-09-26 09:22:07] TX Python SDK azure-iot-device (MQTT 8883) -> {"tempIntake": 22.02, "tempExhaust": 32.95, "humedadRack": 53.12, "tsDispositivo": "2026-09-26T14:22:07+00:00"}
[2026-09-26 09:22:38] TX Python SDK azure-iot-device (MQTT 8883) -> {"tempIntake": 21.7, "tempExhaust": 32.81, "humedadRack": 53.4, "tsDispositivo": "2026-09-26T14:22:37+00:00"}
[2026-09-26 09:23:08] TX Python SDK azure-iot-device (MQTT 8883) -> {"tempIntake": 22.17, "tempExhaust": 33.09, "humedadRack": 53.8, "tsDispositivo": "2026-09-26T14:23:08+00:00"}
[2026-09-26 09:23:38] TX Python SDK azure-iot-device (MQTT 8883) -> {"tempIntake": 22.18, "tempExhaust": 33.26, "humedadRack": 53.9, "tsDispositivo": "2026-09-26T14:23:38+00:00"}
[2026-09-26 09:24:08] TX Python SDK azure-iot-device (MQTT 8883) -> {"tempIntake": 22.12, "tempExhaust": 32.75, "humedadRack": 53.64, "tsDispositivo": "2026-09-26T14:24:08+00:00"}
[2026-09-26 09:24:38] TX Python SDK azure-iot-device (MQTT 8883) -> {"tempIntake": 21.66, "tempExhaust": 32.6, "humedadRack": 52.95, "tsDispositivo": "2026-09-26T14:24:38+00:00"}
[2026-09-26 09:25:09] TX Python SDK azure-iot-device (MQTT 8883) -> {"tempIntake": 21.56, "tempExhaust": 31.8, "humedadRack": 52.74, "tsDispositivo": "2026-09-26T14:25:08+00:00"}
[2026-09-26 09:25:39] TX Python SDK azure-iot-device (MQTT 8883) -> {"tempIntake": 21.68, "tempExhaust": 32.19, "humedadRack": 54.0, "tsDispositivo": "2026-09-26T14:25:39+00:00"}
[2026-09-26 09:26:10] TX Python SDK azure-iot-device (MQTT 8883) -> {"tempIntake": 21.66, "tempExhaust": 32.29, "humedadRack": 53.14, "tsDispositivo": "2026-09-26T14:26:09+00:00"}
[2026-09-26 09:26:41] TX Python SDK azure-iot-device (MQTT 8883) -> {"tempIntake": 21.89, "tempExhaust": 32.75, "humedadRack": 53.69, "tsDispositivo": "2026-09-26T14:26:40+00:00"}
[2026-09-26 09:27:12] TX Python SDK azure-iot-device (MQTT 8883) -> {"tempIntake": 21.79, "tempExhaust": 32.53, "humedadRack": 52.98, "tsDispositivo": "2026-09-26T14:27:12+00:00"}
[2026-09-26 09:27:42] TX Python SDK azure-iot-device (MQTT 8883) -> {"tempIntake": 22.1, "tempExhaust": 32.23, "humedadRack": 52.03, "tsDispositivo": "2026-09-26T14:27:42+00:00"}
[2026-09-26 09:28:12] TX Python SDK azure-iot-device (MQTT 8883) -> {"tempIntake": 22.06, "tempExhaust": 32.22, "humedadRack": 51.97, "tsDispositivo": "2026-09-26T14:28:12+00:00"}
[2026-09-26 09:28:42] TX Python SDK azure-iot-device (MQTT 8883) -> {"tempIntake": 21.59, "tempExhaust": 32.35, "humedadRack": 53.73, "tsDispositivo": "2026-09-26T14:28:42+00:00"}
[2026-09-26 09:29:13] TX Python SDK azure-iot-device (MQTT 8883) -> {"tempIntake": 22.0, "tempExhaust": 32.85, "humedadRack": 53.04, "tsDispositivo": "2026-09-26T14:29:12+00:00"}
[2026-09-26 09:29:43] TX Python SDK azure-iot-device (MQTT 8883) -> {"tempIntake": 21.87, "tempExhaust": 32.59, "humedadRack": 52.64, "tsDispositivo": "2026-09-26T14:29:43+00:00"}
[2026-09-26 09:30:13] TX Python SDK azure-iot-device (MQTT 8883) -> {"tempIntake": 22.01, "tempExhaust": 32.29, "humedadRack": 52.41, "tsDispositivo": "2026-09-26T14:30:13+00:00"}
[2026-09-26 09:30:43] TX Python SDK azure-iot-device (MQTT 8883) -> {"tempIntake": 21.77, "tempExhaust": 32.87, "humedadRack": 52.28, "tsDispositivo": "2026-09-26T14:30:43+00:00"}
[2026-09-26 09:31:14] TX Python SDK azure-iot-device (MQTT 8883) -> {"tempIntake": 21.75, "tempExhaust": 32.48, "humedadRack": 54.1, "tsDispositivo": "2026-09-26T14:31:13+00:00"}
[2026-09-26 09:31:45] TX Python SDK azure-iot-device (MQTT 8883) -> {"tempIntake": 22.25, "tempExhaust": 33.27, "humedadRack": 52.95, "tsDispositivo": "2026-09-26T14:31:45+00:00"}
[2026-09-26 09:32:15] TX Python SDK azure-iot-device (MQTT 8883) -> {"tempIntake": 21.55, "tempExhaust": 31.56, "humedadRack": 53.68, "tsDispositivo": "2026-09-26T14:32:15+00:00"}
[2026-09-26 09:32:45] TX Python SDK azure-iot-device (MQTT 8883) -> {"tempIntake": 21.7, "tempExhaust": 32.93, "humedadRack": 53.0, "tsDispositivo": "2026-09-26T14:32:45+00:00"}
[2026-09-26 09:33:16] TX Python SDK azure-iot-device (MQTT 8883) -> {"tempIntake": 22.0, "tempExhaust": 32.91, "humedadRack": 52.93, "tsDispositivo": "2026-09-26T14:33:15+00:00"}
[2026-09-26 09:33:46] TX Python SDK azure-iot-device (MQTT 8883) -> {"tempIntake": 21.71, "tempExhaust": 32.69, "humedadRack": 53.9, "tsDispositivo": "2026-09-26T14:33:46+00:00"}
[2026-09-26 09:34:16] TX Python SDK azure-iot-device (MQTT 8883) -> {"tempIntake": 21.82, "tempExhaust": 32.8, "humedadRack": 53.37, "tsDispositivo": "2026-09-26T14:34:16+00:00"}
[2026-09-26 09:34:46] TX Python SDK azure-iot-device (MQTT 8883) -> {"tempIntake": 21.86, "tempExhaust": 32.03, "humedadRack": 51.97, "tsDispositivo": "2026-09-26T14:34:46+00:00"}
[2026-09-26 09:35:16] TX Python SDK azure-iot-device (MQTT 8883) -> {"tempIntake": 21.53, "tempExhaust": 32.57, "humedadRack": 53.58, "tsDispositivo": "2026-09-26T14:35:16+00:00"}
[2026-09-26 09:35:47] TX Python SDK azure-iot-device (MQTT 8883) -> {"tempIntake": 21.64, "tempExhaust": 32.12, "humedadRack": 53.31, "tsDispositivo": "2026-09-26T14:35:46+00:00"}
[2026-09-26 09:36:17] TX Python SDK azure-iot-device (MQTT 8883) -> {"tempIntake": 22.0, "tempExhaust": 32.99, "humedadRack": 51.8, "tsDispositivo": "2026-09-26T14:36:17+00:00"}
[2026-09-26 09:36:47] TX Python SDK azure-iot-device (MQTT 8883) -> {"tempIntake": 22.13, "tempExhaust": 32.61, "humedadRack": 52.35, "tsDispositivo": "2026-09-26T14:36:47+00:00"}
[2026-09-26 09:37:18] TX Python SDK azure-iot-device (MQTT 8883) -> {"tempIntake": 21.94, "tempExhaust": 33.14, "humedadRack": 53.01, "tsDispositivo": "2026-09-26T14:37:17+00:00"}
[2026-09-26 09:37:50] TX Python SDK azure-iot-device (MQTT 8883) -> {"tempIntake": 21.64, "tempExhaust": 32.16, "humedadRack": 52.17, "tsDispositivo": "2026-09-26T14:37:49+00:00"}
[2026-09-26 09:38:20] TX Python SDK azure-iot-device (MQTT 8883) -> {"tempIntake": 21.74, "tempExhaust": 32.6, "humedadRack": 52.35, "tsDispositivo": "2026-09-26T14:38:20+00:00"}
[2026-09-26 09:38:50] TX Python SDK azure-iot-device (MQTT 8883) -> {"tempIntake": 21.62, "tempExhaust": 32.53, "humedadRack": 53.12, "tsDispositivo": "2026-09-26T14:38:50+00:00"}
[2026-09-26 09:39:20] TX Python SDK azure-iot-device (MQTT 8883) -> {"tempIntake": 22.15, "tempExhaust": 32.24, "humedadRack": 52.87, "tsDispositivo": "2026-09-26T14:39:20+00:00"}
[2026-09-26 09:39:51] TX Python SDK azure-iot-device (MQTT 8883) -> {"tempIntake": 21.92, "tempExhaust": 32.46, "humedadRack": 52.49, "tsDispositivo": "2026-09-26T14:39:50+00:00"}
[2026-09-26 09:40:21] TX Python SDK azure-iot-device (MQTT 8883) -> {"tempIntake": 21.79, "tempExhaust": 32.98, "humedadRack": 51.98, "tsDispositivo": "2026-09-26T14:40:21+00:00"}
[2026-09-26 09:40:52] TX Python SDK azure-iot-device (MQTT 8883) -> {"tempIntake": 21.83, "tempExhaust": 32.75, "humedadRack": 53.09, "tsDispositivo": "2026-09-26T14:40:52+00:00"}
[2026-09-26 09:41:22] TX Python SDK azure-iot-device (MQTT 8883) -> {"tempIntake": 21.7, "tempExhaust": 32.85, "humedadRack": 52.25, "tsDispositivo": "2026-09-26T14:41:22+00:00"}
[2026-09-26 09:41:52] TX Python SDK azure-iot-device (MQTT 8883) -> {"tempIntake": 21.88, "tempExhaust": 32.56, "humedadRack": 52.67, "tsDispositivo": "2026-09-26T14:41:52+00:00"}
[2026-09-26 09:42:22] TX Python SDK azure-iot-device (MQTT 8883) -> {"tempIntake": 21.63, "tempExhaust": 32.04, "humedadRack": 52.82, "tsDispositivo": "2026-09-26T14:42:22+00:00"}
[2026-09-26 09:42:53] TX Python SDK azure-iot-device (MQTT 8883) -> {"tempIntake": 21.73, "tempExhaust": 32.73, "humedadRack": 52.38, "tsDispositivo": "2026-09-26T14:42:52+00:00"}
[2026-09-26 09:43:23] TX Python SDK azure-iot-device (MQTT 8883) -> {"tempIntake": 21.71, "tempExhaust": 32.5, "humedadRack": 53.42, "tsDispositivo": "2026-09-26T14:43:23+00:00"}
[2026-09-26 09:43:53] TX Python SDK azure-iot-device (MQTT 8883) -> {"tempIntake": 21.6, "tempExhaust": 32.58, "humedadRack": 52.13, "tsDispositivo": "2026-09-26T14:43:53+00:00"}
[2026-09-26 09:44:23] TX Python SDK azure-iot-device (MQTT 8883) -> {"tempIntake": 21.91, "tempExhaust": 32.16, "humedadRack": 53.34, "tsDispositivo": "2026-09-26T14:44:23+00:00"}
[2026-09-26 09:44:53] TX Python SDK azure-iot-device (MQTT 8883) -> {"tempIntake": 21.78, "tempExhaust": 32.22, "humedadRack": 52.72, "tsDispositivo": "2026-09-26T14:44:53+00:00"}
[2026-09-26 09:45:24] TX Python SDK azure-iot-device (MQTT 8883) -> {"tempIntake": 21.95, "tempExhaust": 32.59, "humedadRack": 52.66, "tsDispositivo": "2026-09-26T14:45:23+00:00"}
[2026-09-26 09:45:54] TX Python SDK azure-iot-device (MQTT 8883) -> {"tempIntake": 21.77, "tempExhaust": 32.94, "humedadRack": 52.29, "tsDispositivo": "2026-09-26T14:45:54+00:00"}
[2026-09-26 09:46:24] TX Python SDK azure-iot-device (MQTT 8883) -> {"tempIntake": 21.86, "tempExhaust": 32.07, "humedadRack": 53.24, "tsDispositivo": "2026-09-26T14:46:24+00:00"}
[2026-09-26 09:46:54] TX Python SDK azure-iot-device (MQTT 8883) -> {"tempIntake": 22.01, "tempExhaust": 32.2, "humedadRack": 53.85, "tsDispositivo": "2026-09-26T14:46:54+00:00"}
[2026-09-26 09:47:24] TX Python SDK azure-iot-device (MQTT 8883) -> {"tempIntake": 22.14, "tempExhaust": 32.96, "humedadRack": 53.08, "tsDispositivo": "2026-09-26T14:47:24+00:00"}
[2026-09-26 09:47:55] TX Python SDK azure-iot-device (MQTT 8883) -> {"tempIntake": 21.92, "tempExhaust": 32.93, "humedadRack": 52.21, "tsDispositivo": "2026-09-26T14:47:54+00:00"}
[2026-09-26 09:48:25] TX Python SDK azure-iot-device (MQTT 8883) -> {"tempIntake": 21.77, "tempExhaust": 31.81, "humedadRack": 52.94, "tsDispositivo": "2026-09-26T14:48:25+00:00"}
[2026-09-26 09:48:55] TX Python SDK azure-iot-device (MQTT 8883) -> {"tempIntake": 22.09, "tempExhaust": 32.95, "humedadRack": 52.15, "tsDispositivo": "2026-09-26T14:48:55+00:00"}
[2026-09-26 09:49:25] TX Python SDK azure-iot-device (MQTT 8883) -> {"tempIntake": 22.22, "tempExhaust": 32.64, "humedadRack": 53.05, "tsDispositivo": "2026-09-26T14:49:25+00:00"}
[2026-09-26 09:49:56] TX Python SDK azure-iot-device (MQTT 8883) -> {"tempIntake": 21.89, "tempExhaust": 32.57, "humedadRack": 52.86, "tsDispositivo": "2026-09-26T14:49:55+00:00"}
[2026-09-26 09:50:26] TX Python SDK azure-iot-device (MQTT 8883) -> {"tempIntake": 21.61, "tempExhaust": 32.07, "humedadRack": 53.28, "tsDispositivo": "2026-09-26T14:50:26+00:00"}
[2026-09-26 09:50:56] TX Python SDK azure-iot-device (MQTT 8883) -> {"tempIntake": 22.22, "tempExhaust": 32.46, "humedadRack": 53.95, "tsDispositivo": "2026-09-26T14:50:56+00:00"}
[2026-09-26 09:51:26] TX Python SDK azure-iot-device (MQTT 8883) -> {"tempIntake": 22.09, "tempExhaust": 32.28, "humedadRack": 52.83, "tsDispositivo": "2026-09-26T14:51:26+00:00"}
[2026-09-26 09:51:56] TX Python SDK azure-iot-device (MQTT 8883) -> {"tempIntake": 22.22, "tempExhaust": 33.06, "humedadRack": 51.97, "tsDispositivo": "2026-09-26T14:51:56+00:00"}
[2026-09-26 09:52:27] TX Python SDK azure-iot-device (MQTT 8883) -> {"tempIntake": 21.92, "tempExhaust": 32.78, "humedadRack": 53.07, "tsDispositivo": "2026-09-26T14:52:26+00:00"}
[2026-09-26 09:52:57] TX Python SDK azure-iot-device (MQTT 8883) -> {"tempIntake": 22.23, "tempExhaust": 33.41, "humedadRack": 52.82, "tsDispositivo": "2026-09-26T14:52:57+00:00"}
[2026-09-26 09:53:27] TX Python SDK azure-iot-device (MQTT 8883) -> {"tempIntake": 22.07, "tempExhaust": 32.42, "humedadRack": 54.01, "tsDispositivo": "2026-09-26T14:53:27+00:00"}
[2026-09-26 09:53:57] TX Python SDK azure-iot-device (MQTT 8883) -> {"tempIntake": 21.7, "tempExhaust": 32.07, "humedadRack": 52.89, "tsDispositivo": "2026-09-26T14:53:57+00:00"}
[2026-09-26 09:54:28] TX Python SDK azure-iot-device (MQTT 8883) -> {"tempIntake": 22.23, "tempExhaust": 33.39, "humedadRack": 52.1, "tsDispositivo": "2026-09-26T14:54:27+00:00"}
[2026-09-26 09:54:58] TX Python SDK azure-iot-device (MQTT 8883) -> {"tempIntake": 21.98, "tempExhaust": 32.8, "humedadRack": 52.52, "tsDispositivo": "2026-09-26T14:54:58+00:00"}
[2026-09-26 09:55:28] TX Python SDK azure-iot-device (MQTT 8883) -> {"tempIntake": 22.24, "tempExhaust": 33.51, "humedadRack": 52.24, "tsDispositivo": "2026-09-26T14:55:28+00:00"}
[2026-09-26 09:55:58] TX Python SDK azure-iot-device (MQTT 8883) -> {"tempIntake": 21.95, "tempExhaust": 33.26, "humedadRack": 53.58, "tsDispositivo": "2026-09-26T14:55:58+00:00"}
[2026-09-26 09:56:29] TX Python SDK azure-iot-device (MQTT 8883) -> {"tempIntake": 22.05, "tempExhaust": 32.49, "humedadRack": 52.85, "tsDispositivo": "2026-09-26T14:56:28+00:00"}
[2026-09-26 09:56:59] TX Python SDK azure-iot-device (MQTT 8883) -> {"tempIntake": 21.99, "tempExhaust": 33.25, "humedadRack": 52.39, "tsDispositivo": "2026-09-26T14:56:59+00:00"}
[2026-09-26 09:57:29] TX Python SDK azure-iot-device (MQTT 8883) -> {"tempIntake": 21.89, "tempExhaust": 32.43, "humedadRack": 53.53, "tsDispositivo": "2026-09-26T14:57:29+00:00"}
[2026-09-26 09:57:59] TX Python SDK azure-iot-device (MQTT 8883) -> {"tempIntake": 22.17, "tempExhaust": 33.43, "humedadRack": 52.55, "tsDispositivo": "2026-09-26T14:57:59+00:00"}
[2026-09-26 09:58:29] TX Python SDK azure-iot-device (MQTT 8883) -> {"tempIntake": 22.05, "tempExhaust": 32.81, "humedadRack": 53.22, "tsDispositivo": "2026-09-26T14:58:29+00:00"}
[2026-09-26 09:59:00] TX Python SDK azure-iot-device (MQTT 8883) -> {"tempIntake": 21.79, "tempExhaust": 32.18, "humedadRack": 51.89, "tsDispositivo": "2026-09-26T14:58:59+00:00"}
[2026-09-26 09:59:30] TX Python SDK azure-iot-device (MQTT 8883) -> {"tempIntake": 22.17, "tempExhaust": 33.32, "humedadRack": 53.91, "tsDispositivo": "2026-09-26T14:59:30+00:00"}
[2026-09-26 10:00:00] TX Python SDK azure-iot-device (MQTT 8883) -> {"tempIntake": 21.97, "tempExhaust": 32.26, "humedadRack": 52.06, "tsDispositivo": "2026-09-26T15:00:00+00:00"}
[2026-09-26 10:00:30] TX Python SDK azure-iot-device (MQTT 8883) -> {"tempIntake": 21.62, "tempExhaust": 31.84, "humedadRack": 53.04, "tsDispositivo": "2026-09-26T15:00:30+00:00"}
[2026-09-26 10:01:01] TX Python SDK azure-iot-device (MQTT 8883) -> {"tempIntake": 21.71, "tempExhaust": 32.27, "humedadRack": 51.88, "tsDispositivo": "2026-09-26T15:01:00+00:00"}
[2026-09-26 10:01:31] TX Python SDK azure-iot-device (MQTT 8883) -> {"tempIntake": 21.99, "tempExhaust": 32.86, "humedadRack": 52.78, "tsDispositivo": "2026-09-26T15:01:31+00:00"}
[2026-09-26 10:02:01] TX Python SDK azure-iot-device (MQTT 8883) -> {"tempIntake": 22.02, "tempExhaust": 32.93, "humedadRack": 53.98, "tsDispositivo": "2026-09-26T15:02:01+00:00"}
[2026-09-26 10:02:31] TX Python SDK azure-iot-device (MQTT 8883) -> {"tempIntake": 21.98, "tempExhaust": 33.08, "humedadRack": 53.78, "tsDispositivo": "2026-09-26T15:02:31+00:00"}
[2026-09-26 10:03:01] TX Python SDK azure-iot-device (MQTT 8883) -> {"tempIntake": 21.72, "tempExhaust": 32.82, "humedadRack": 53.74, "tsDispositivo": "2026-09-26T15:03:01+00:00"}
[2026-09-26 10:03:32] TX Python SDK azure-iot-device (MQTT 8883) -> {"tempIntake": 22.22, "tempExhaust": 33.29, "humedadRack": 52.8, "tsDispositivo": "2026-09-26T15:03:31+00:00"}
[2026-09-26 10:04:02] TX Python SDK azure-iot-device (MQTT 8883) -> {"tempIntake": 21.74, "tempExhaust": 32.46, "humedadRack": 52.99, "tsDispositivo": "2026-09-26T15:04:02+00:00"}
[2026-09-26 10:04:32] TX Python SDK azure-iot-device (MQTT 8883) -> {"tempIntake": 22.04, "tempExhaust": 33.09, "humedadRack": 52.85, "tsDispositivo": "2026-09-26T15:04:32+00:00"}
[2026-09-26 10:05:02] TX Python SDK azure-iot-device (MQTT 8883) -> {"tempIntake": 21.59, "tempExhaust": 32.89, "humedadRack": 52.35, "tsDispositivo": "2026-09-26T15:05:02+00:00"}
[2026-09-26 10:05:32] TX Python SDK azure-iot-device (MQTT 8883) -> {"tempIntake": 22.17, "tempExhaust": 32.4, "humedadRack": 53.77, "tsDispositivo": "2026-09-26T15:05:32+00:00"}
[2026-09-26 10:06:03] TX Python SDK azure-iot-device (MQTT 8883) -> {"tempIntake": 21.88, "tempExhaust": 33.08, "humedadRack": 54.15, "tsDispositivo": "2026-09-26T15:06:02+00:00"}
[2026-09-26 10:06:33] TX Python SDK azure-iot-device (MQTT 8883) -> {"tempIntake": 21.58, "tempExhaust": 31.87, "humedadRack": 53.39, "tsDispositivo": "2026-09-26T15:06:33+00:00"}
[2026-09-26 10:07:03] TX Python SDK azure-iot-device (MQTT 8883) -> {"tempIntake": 21.92, "tempExhaust": 32.15, "humedadRack": 53.8, "tsDispositivo": "2026-09-26T15:07:03+00:00"}
[2026-09-26 10:07:33] TX Python SDK azure-iot-device (MQTT 8883) -> {"tempIntake": 21.67, "tempExhaust": 32.42, "humedadRack": 53.98, "tsDispositivo": "2026-09-26T15:07:33+00:00"}
[2026-09-26 10:08:03] TX Python SDK azure-iot-device (MQTT 8883) -> {"tempIntake": 22.11, "tempExhaust": 32.62, "humedadRack": 52.52, "tsDispositivo": "2026-09-26T15:08:03+00:00"}
[2026-09-26 10:08:34] TX Python SDK azure-iot-device (MQTT 8883) -> {"tempIntake": 21.64, "tempExhaust": 32.5, "humedadRack": 53.25, "tsDispositivo": "2026-09-26T15:08:33+00:00"}
[2026-09-26 10:09:04] TX Python SDK azure-iot-device (MQTT 8883) -> {"tempIntake": 21.93, "tempExhaust": 33.19, "humedadRack": 53.76, "tsDispositivo": "2026-09-26T15:09:04+00:00"}
[2026-09-26 10:09:35] TX Python SDK azure-iot-device (MQTT 8883) -> {"tempIntake": 21.83, "tempExhaust": 32.73, "humedadRack": 52.4, "tsDispositivo": "2026-09-26T15:09:34+00:00"}
[2026-09-26 10:10:05] TX Python SDK azure-iot-device (MQTT 8883) -> {"tempIntake": 22.03, "tempExhaust": 33.21, "humedadRack": 54.17, "tsDispositivo": "2026-09-26T15:10:05+00:00"}
[2026-09-26 10:10:35] TX Python SDK azure-iot-device (MQTT 8883) -> {"tempIntake": 21.99, "tempExhaust": 32.43, "humedadRack": 54.14, "tsDispositivo": "2026-09-26T15:10:35+00:00"}
[2026-09-26 10:11:05] TX Python SDK azure-iot-device (MQTT 8883) -> {"tempIntake": 22.15, "tempExhaust": 33.58, "humedadRack": 52.46, "tsDispositivo": "2026-09-26T15:11:05+00:00"}
[2026-09-26 10:11:35] TX Python SDK azure-iot-device (MQTT 8883) -> {"tempIntake": 22.25, "tempExhaust": 33.06, "humedadRack": 53.43, "tsDispositivo": "2026-09-26T15:11:35+00:00"}
[2026-09-26 10:12:06] TX Python SDK azure-iot-device (MQTT 8883) -> {"tempIntake": 21.9, "tempExhaust": 33.02, "humedadRack": 53.25, "tsDispositivo": "2026-09-26T15:12:06+00:00"}
[2026-09-26 10:12:36] TX Python SDK azure-iot-device (MQTT 8883) -> {"tempIntake": 21.63, "tempExhaust": 32.83, "humedadRack": 53.58, "tsDispositivo": "2026-09-26T15:12:36+00:00"}
[2026-09-26 10:13:06] TX Python SDK azure-iot-device (MQTT 8883) -> {"tempIntake": 22.26, "tempExhaust": 33.31, "humedadRack": 53.97, "tsDispositivo": "2026-09-26T15:13:06+00:00"}
[2026-09-26 10:13:36] TX Python SDK azure-iot-device (MQTT 8883) -> {"tempIntake": 21.63, "tempExhaust": 32.66, "humedadRack": 53.68, "tsDispositivo": "2026-09-26T15:13:36+00:00"}
[2026-09-26 10:14:07] TX Python SDK azure-iot-device (MQTT 8883) -> {"tempIntake": 21.83, "tempExhaust": 32.61, "humedadRack": 53.49, "tsDispositivo": "2026-09-26T15:14:06+00:00"}
[2026-09-26 10:14:37] TX Python SDK azure-iot-device (MQTT 8883) -> {"tempIntake": 21.63, "tempExhaust": 32.48, "humedadRack": 53.63, "tsDispositivo": "2026-09-26T15:14:37+00:00"}
[2026-09-26 10:15:07] TX Python SDK azure-iot-device (MQTT 8883) -> {"tempIntake": 21.62, "tempExhaust": 31.84, "humedadRack": 53.17, "tsDispositivo": "2026-09-26T15:15:07+00:00"}
[2026-09-26 10:15:37] TX Python SDK azure-iot-device (MQTT 8883) -> {"tempIntake": 22.28, "tempExhaust": 33.06, "humedadRack": 52.9, "tsDispositivo": "2026-09-26T15:15:37+00:00"}
[2026-09-26 10:16:07] TX Python SDK azure-iot-device (MQTT 8883) -> {"tempIntake": 21.94, "tempExhaust": 32.6, "humedadRack": 53.49, "tsDispositivo": "2026-09-26T15:16:07+00:00"}
[2026-09-26 10:16:38] TX Python SDK azure-iot-device (MQTT 8883) -> {"tempIntake": 22.17, "tempExhaust": 33.17, "humedadRack": 53.52, "tsDispositivo": "2026-09-26T15:16:38+00:00"}
[2026-09-26 10:17:08] TX Python SDK azure-iot-device (MQTT 8883) -> {"tempIntake": 22.08, "tempExhaust": 32.43, "humedadRack": 54.07, "tsDispositivo": "2026-09-26T15:17:08+00:00"}
[2026-09-26 10:17:38] TX Python SDK azure-iot-device (MQTT 8883) -> {"tempIntake": 21.71, "tempExhaust": 31.95, "humedadRack": 53.09, "tsDispositivo": "2026-09-26T15:17:38+00:00"}
[2026-09-26 10:18:08] TX Python SDK azure-iot-device (MQTT 8883) -> {"tempIntake": 22.12, "tempExhaust": 32.5, "humedadRack": 52.29, "tsDispositivo": "2026-09-26T15:18:08+00:00"}
[2026-09-26 10:18:39] TX Python SDK azure-iot-device (MQTT 8883) -> {"tempIntake": 21.86, "tempExhaust": 32.74, "humedadRack": 53.5, "tsDispositivo": "2026-09-26T15:18:38+00:00"}
[2026-09-26 10:19:09] TX Python SDK azure-iot-device (MQTT 8883) -> {"tempIntake": 22.13, "tempExhaust": 32.78, "humedadRack": 53.95, "tsDispositivo": "2026-09-26T15:19:09+00:00"}
[2026-09-26 10:19:39] TX Python SDK azure-iot-device (MQTT 8883) -> {"tempIntake": 22.01, "tempExhaust": 32.95, "humedadRack": 51.83, "tsDispositivo": "2026-09-26T15:19:39+00:00"}
[2026-09-26 10:20:09] TX Python SDK azure-iot-device (MQTT 8883) -> {"tempIntake": 22.07, "tempExhaust": 33.43, "humedadRack": 51.88, "tsDispositivo": "2026-09-26T15:20:09+00:00"}
[2026-09-26 10:20:40] TX Python SDK azure-iot-device (MQTT 8883) -> {"tempIntake": 21.97, "tempExhaust": 33.25, "humedadRack": 53.95, "tsDispositivo": "2026-09-26T15:20:39+00:00"}
[2026-09-26 10:21:10] TX Python SDK azure-iot-device (MQTT 8883) -> {"tempIntake": 22.18, "tempExhaust": 33.08, "humedadRack": 52.27, "tsDispositivo": "2026-09-26T15:21:10+00:00"}
[2026-09-26 10:21:40] TX Python SDK azure-iot-device (MQTT 8883) -> {"tempIntake": 21.81, "tempExhaust": 31.97, "humedadRack": 53.47, "tsDispositivo": "2026-09-26T15:21:40+00:00"}
[2026-09-26 10:22:10] TX Python SDK azure-iot-device (MQTT 8883) -> {"tempIntake": 22.14, "tempExhaust": 32.74, "humedadRack": 53.41, "tsDispositivo": "2026-09-26T15:22:10+00:00"}
[2026-09-26 10:22:41] TX Python SDK azure-iot-device (MQTT 8883) -> {"tempIntake": 22.12, "tempExhaust": 32.54, "humedadRack": 52.45, "tsDispositivo": "2026-09-26T15:22:40+00:00"}
[2026-09-26 10:23:11] TX Python SDK azure-iot-device (MQTT 8883) -> {"tempIntake": 21.59, "tempExhaust": 32.55, "humedadRack": 53.82, "tsDispositivo": "2026-09-26T15:23:11+00:00"}
[2026-09-26 10:23:41] TX Python SDK azure-iot-device (MQTT 8883) -> {"tempIntake": 21.86, "tempExhaust": 32.39, "humedadRack": 53.13, "tsDispositivo": "2026-09-26T15:23:41+00:00"}
[2026-09-26 10:24:11] TX Python SDK azure-iot-device (MQTT 8883) -> {"tempIntake": 22.09, "tempExhaust": 32.91, "humedadRack": 53.09, "tsDispositivo": "2026-09-26T15:24:11+00:00"}
[2026-09-26 10:24:41] TX Python SDK azure-iot-device (MQTT 8883) -> {"tempIntake": 22.19, "tempExhaust": 33.45, "humedadRack": 51.91, "tsDispositivo": "2026-09-26T15:24:41+00:00"}
[2026-09-26 10:25:12] TX Python SDK azure-iot-device (MQTT 8883) -> {"tempIntake": 22.18, "tempExhaust": 33.47, "humedadRack": 52.24, "tsDispositivo": "2026-09-26T15:25:11+00:00"}
[2026-09-26 10:25:42] TX Python SDK azure-iot-device (MQTT 8883) -> {"tempIntake": 21.83, "tempExhaust": 32.26, "humedadRack": 52.82, "tsDispositivo": "2026-09-26T15:25:42+00:00"}
[2026-09-26 10:26:12] TX Python SDK azure-iot-device (MQTT 8883) -> {"tempIntake": 21.86, "tempExhaust": 32.34, "humedadRack": 52.28, "tsDispositivo": "2026-09-26T15:26:12+00:00"}
[2026-09-26 10:26:42] TX Python SDK azure-iot-device (MQTT 8883) -> {"tempIntake": 22.06, "tempExhaust": 32.42, "humedadRack": 52.16, "tsDispositivo": "2026-09-26T15:26:42+00:00"}
[2026-09-26 10:27:13] TX Python SDK azure-iot-device (MQTT 8883) -> {"tempIntake": 21.62, "tempExhaust": 32.52, "humedadRack": 54.04, "tsDispositivo": "2026-09-26T15:27:12+00:00"}
[2026-09-26 10:27:43] TX Python SDK azure-iot-device (MQTT 8883) -> {"tempIntake": 22.13, "tempExhaust": 32.79, "humedadRack": 51.8, "tsDispositivo": "2026-09-26T15:27:43+00:00"}
[2026-09-26 10:28:13] TX Python SDK azure-iot-device (MQTT 8883) -> {"tempIntake": 22.3, "tempExhaust": 33.55, "humedadRack": 53.75, "tsDispositivo": "2026-09-26T15:28:13+00:00"}
[2026-09-26 10:28:43] TX Python SDK azure-iot-device (MQTT 8883) -> {"tempIntake": 22.11, "tempExhaust": 33.21, "humedadRack": 52.52, "tsDispositivo": "2026-09-26T15:28:43+00:00"}
[2026-09-26 10:29:14] TX Python SDK azure-iot-device (MQTT 8883) -> {"tempIntake": 21.64, "tempExhaust": 32.14, "humedadRack": 53.85, "tsDispositivo": "2026-09-26T15:29:13+00:00"}
[2026-09-26 10:29:44] TX Python SDK azure-iot-device (MQTT 8883) -> {"tempIntake": 21.81, "tempExhaust": 33.06, "humedadRack": 53.71, "tsDispositivo": "2026-09-26T15:29:44+00:00"}
[2026-09-26 10:30:14] TX Python SDK azure-iot-device (MQTT 8883) -> {"tempIntake": 21.82, "tempExhaust": 32.3, "humedadRack": 53.75, "tsDispositivo": "2026-09-26T15:30:14+00:00"}
[2026-09-26 10:30:44] TX Python SDK azure-iot-device (MQTT 8883) -> {"tempIntake": 21.71, "tempExhaust": 32.96, "humedadRack": 53.42, "tsDispositivo": "2026-09-26T15:30:44+00:00"}
[2026-09-26 10:31:14] TX Python SDK azure-iot-device (MQTT 8883) -> {"tempIntake": 22.19, "tempExhaust": 32.68, "humedadRack": 53.28, "tsDispositivo": "2026-09-26T15:31:14+00:00"}
[2026-09-26 10:31:45] TX Python SDK azure-iot-device (MQTT 8883) -> {"tempIntake": 21.78, "tempExhaust": 32.32, "humedadRack": 53.54, "tsDispositivo": "2026-09-26T15:31:44+00:00"}
[2026-09-26 10:32:15] TX Python SDK azure-iot-device (MQTT 8883) -> {"tempIntake": 21.86, "tempExhaust": 32.34, "humedadRack": 54.13, "tsDispositivo": "2026-09-26T15:32:15+00:00"}
[2026-09-26 10:32:45] TX Python SDK azure-iot-device (MQTT 8883) -> {"tempIntake": 22.24, "tempExhaust": 33.17, "humedadRack": 53.23, "tsDispositivo": "2026-09-26T15:32:45+00:00"}
[2026-09-26 10:33:15] TX Python SDK azure-iot-device (MQTT 8883) -> {"tempIntake": 21.69, "tempExhaust": 32.4, "humedadRack": 52.79, "tsDispositivo": "2026-09-26T15:33:15+00:00"}
[2026-09-26 10:33:45] TX Python SDK azure-iot-device (MQTT 8883) -> {"tempIntake": 21.94, "tempExhaust": 32.84, "humedadRack": 52.73, "tsDispositivo": "2026-09-26T15:33:45+00:00"}
[2026-09-26 10:34:16] TX Python SDK azure-iot-device (MQTT 8883) -> {"tempIntake": 22.13, "tempExhaust": 32.72, "humedadRack": 52.58, "tsDispositivo": "2026-09-26T15:34:15+00:00"}
[2026-09-26 10:34:46] TX Python SDK azure-iot-device (MQTT 8883) -> {"tempIntake": 21.75, "tempExhaust": 32.54, "humedadRack": 53.16, "tsDispositivo": "2026-09-26T15:34:46+00:00"}
[2026-09-26 10:35:16] TX Python SDK azure-iot-device (MQTT 8883) -> {"tempIntake": 21.6, "tempExhaust": 32.4, "humedadRack": 52.35, "tsDispositivo": "2026-09-26T15:35:16+00:00"}
[2026-09-26 10:35:46] TX Python SDK azure-iot-device (MQTT 8883) -> {"tempIntake": 21.72, "tempExhaust": 33.01, "humedadRack": 51.83, "tsDispositivo": "2026-09-26T15:35:46+00:00"}
[2026-09-26 10:36:16] TX Python SDK azure-iot-device (MQTT 8883) -> {"tempIntake": 22.22, "tempExhaust": 33.64, "humedadRack": 53.27, "tsDispositivo": "2026-09-26T15:36:16+00:00"}
[2026-09-26 10:36:46] TX Python SDK azure-iot-device (MQTT 8883) -> {"tempIntake": 21.72, "tempExhaust": 32.62, "humedadRack": 52.82, "tsDispositivo": "2026-09-26T15:36:46+00:00"}
[2026-09-26 10:37:17] TX Python SDK azure-iot-device (MQTT 8883) -> {"tempIntake": 22.15, "tempExhaust": 32.65, "humedadRack": 52.13, "tsDispositivo": "2026-09-26T15:37:16+00:00"}
[2026-09-26 10:37:47] TX Python SDK azure-iot-device (MQTT 8883) -> {"tempIntake": 22.0, "tempExhaust": 32.65, "humedadRack": 53.5, "tsDispositivo": "2026-09-26T15:37:47+00:00"}
[2026-09-26 10:38:17] TX Python SDK azure-iot-device (MQTT 8883) -> {"tempIntake": 21.95, "tempExhaust": 33.04, "humedadRack": 51.79, "tsDispositivo": "2026-09-26T15:38:17+00:00"}
[2026-09-26 10:38:47] TX Python SDK azure-iot-device (MQTT 8883) -> {"tempIntake": 21.81, "tempExhaust": 32.77, "humedadRack": 52.09, "tsDispositivo": "2026-09-26T15:38:47+00:00"}
[2026-09-26 10:39:18] TX Python SDK azure-iot-device (MQTT 8883) -> {"tempIntake": 21.8, "tempExhaust": 32.88, "humedadRack": 53.3, "tsDispositivo": "2026-09-26T15:39:17+00:00"}
[2026-09-26 10:39:48] TX Python SDK azure-iot-device (MQTT 8883) -> {"tempIntake": 21.68, "tempExhaust": 32.81, "humedadRack": 52.69, "tsDispositivo": "2026-09-26T15:39:48+00:00"}
[2026-09-26 10:40:18] TX Python SDK azure-iot-device (MQTT 8883) -> {"tempIntake": 21.87, "tempExhaust": 33.27, "humedadRack": 51.88, "tsDispositivo": "2026-09-26T15:40:18+00:00"}
[2026-09-26 10:40:48] TX Python SDK azure-iot-device (MQTT 8883) -> {"tempIntake": 21.9, "tempExhaust": 33.23, "humedadRack": 51.95, "tsDispositivo": "2026-09-26T15:40:48+00:00"}
[2026-09-26 10:41:19] TX Python SDK azure-iot-device (MQTT 8883) -> {"tempIntake": 21.95, "tempExhaust": 32.58, "humedadRack": 53.36, "tsDispositivo": "2026-09-26T15:41:18+00:00"}
[2026-09-26 10:41:49] TX Python SDK azure-iot-device (MQTT 8883) -> {"tempIntake": 21.76, "tempExhaust": 32.82, "humedadRack": 53.22, "tsDispositivo": "2026-09-26T15:41:49+00:00"}
[2026-09-26 10:42:19] TX Python SDK azure-iot-device (MQTT 8883) -> {"tempIntake": 21.91, "tempExhaust": 32.19, "humedadRack": 52.07, "tsDispositivo": "2026-09-26T15:42:19+00:00"}
[2026-09-26 10:42:49] TX Python SDK azure-iot-device (MQTT 8883) -> {"tempIntake": 22.09, "tempExhaust": 32.7, "humedadRack": 51.81, "tsDispositivo": "2026-09-26T15:42:49+00:00"}
[2026-09-26 10:43:19] TX Python SDK azure-iot-device (MQTT 8883) -> {"tempIntake": 21.85, "tempExhaust": 33.15, "humedadRack": 54.03, "tsDispositivo": "2026-09-26T15:43:19+00:00"}
[2026-09-26 10:43:50] TX Python SDK azure-iot-device (MQTT 8883) -> {"tempIntake": 22.02, "tempExhaust": 32.65, "humedadRack": 52.59, "tsDispositivo": "2026-09-26T15:43:49+00:00"}
[2026-09-26 10:44:20] TX Python SDK azure-iot-device (MQTT 8883) -> {"tempIntake": 22.28, "tempExhaust": 33.01, "humedadRack": 53.07, "tsDispositivo": "2026-09-26T15:44:20+00:00"}
[2026-09-26 10:44:50] TX Python SDK azure-iot-device (MQTT 8883) -> {"tempIntake": 22.2, "tempExhaust": 33.54, "humedadRack": 51.7, "tsDispositivo": "2026-09-26T15:44:50+00:00"}
[2026-09-26 10:45:20] TX Python SDK azure-iot-device (MQTT 8883) -> {"tempIntake": 21.93, "tempExhaust": 32.79, "humedadRack": 52.24, "tsDispositivo": "2026-09-26T15:45:20+00:00"}
[2026-09-26 10:45:51] TX Python SDK azure-iot-device (MQTT 8883) -> {"tempIntake": 21.92, "tempExhaust": 32.89, "humedadRack": 53.27, "tsDispositivo": "2026-09-26T15:45:50+00:00"}
[2026-09-26 10:46:21] TX Python SDK azure-iot-device (MQTT 8883) -> {"tempIntake": 21.76, "tempExhaust": 32.57, "humedadRack": 54.0, "tsDispositivo": "2026-09-26T15:46:21+00:00"}
[2026-09-26 10:46:51] TX Python SDK azure-iot-device (MQTT 8883) -> {"tempIntake": 21.91, "tempExhaust": 33.27, "humedadRack": 51.85, "tsDispositivo": "2026-09-26T15:46:51+00:00"}
[2026-09-26 10:47:21] TX Python SDK azure-iot-device (MQTT 8883) -> {"tempIntake": 21.64, "tempExhaust": 32.78, "humedadRack": 51.78, "tsDispositivo": "2026-09-26T15:47:21+00:00"}
[2026-09-26 10:47:51] TX Python SDK azure-iot-device (MQTT 8883) -> {"tempIntake": 21.67, "tempExhaust": 32.83, "humedadRack": 51.97, "tsDispositivo": "2026-09-26T15:47:51+00:00"}
[2026-09-26 10:48:26] TX Python SDK azure-iot-device (MQTT 8883) -> {"tempIntake": 22.08, "tempExhaust": 32.87, "humedadRack": 52.45, "tsDispositivo": "2026-09-26T15:48:21+00:00"}
[2026-09-26 10:48:56] TX Python SDK azure-iot-device (MQTT 8883) -> {"tempIntake": 21.97, "tempExhaust": 32.37, "humedadRack": 51.81, "tsDispositivo": "2026-09-26T15:48:56+00:00"}
[2026-09-26 10:49:32] TX Python SDK azure-iot-device (MQTT 8883) -> {"tempIntake": 22.04, "tempExhaust": 33.24, "humedadRack": 53.89, "tsDispositivo": "2026-09-26T15:49:29+00:00"}
[2026-09-26 10:50:08] TX Python SDK azure-iot-device (MQTT 8883) -> {"tempIntake": 22.11, "tempExhaust": 33.15, "humedadRack": 52.49, "tsDispositivo": "2026-09-26T15:50:02+00:00"}
[2026-09-26 10:50:38] TX Python SDK azure-iot-device (MQTT 8883) -> {"tempIntake": 21.63, "tempExhaust": 31.98, "humedadRack": 52.75, "tsDispositivo": "2026-09-26T15:50:38+00:00"}
[2026-09-26 10:51:08] TX Python SDK azure-iot-device (MQTT 8883) -> {"tempIntake": 21.97, "tempExhaust": 32.88, "humedadRack": 52.5, "tsDispositivo": "2026-09-26T15:51:08+00:00"}
[2026-09-26 10:51:38] TX Python SDK azure-iot-device (MQTT 8883) -> {"tempIntake": 21.97, "tempExhaust": 32.53, "humedadRack": 52.61, "tsDispositivo": "2026-09-26T15:51:38+00:00"}
[2026-09-26 10:52:09] TX Python SDK azure-iot-device (MQTT 8883) -> {"tempIntake": 22.16, "tempExhaust": 32.87, "humedadRack": 53.9, "tsDispositivo": "2026-09-26T15:52:08+00:00"}
[2026-09-26 10:52:41] TX Python SDK azure-iot-device (MQTT 8883) -> {"tempIntake": 21.66, "tempExhaust": 32.03, "humedadRack": 52.4, "tsDispositivo": "2026-09-26T15:52:41+00:00"}
[2026-09-26 10:53:12] TX Python SDK azure-iot-device (MQTT 8883) -> {"tempIntake": 21.87, "tempExhaust": 32.67, "humedadRack": 53.35, "tsDispositivo": "2026-09-26T15:53:11+00:00"}
[2026-09-26 10:53:42] TX Python SDK azure-iot-device (MQTT 8883) -> {"tempIntake": 21.69, "tempExhaust": 32.09, "humedadRack": 53.29, "tsDispositivo": "2026-09-26T15:53:42+00:00"}
[2026-09-26 10:54:12] TX Python SDK azure-iot-device (MQTT 8883) -> {"tempIntake": 21.76, "tempExhaust": 32.32, "humedadRack": 52.25, "tsDispositivo": "2026-09-26T15:54:12+00:00"}
[2026-09-26 10:54:42] TX Python SDK azure-iot-device (MQTT 8883) -> {"tempIntake": 22.19, "tempExhaust": 32.52, "humedadRack": 53.79, "tsDispositivo": "2026-09-26T15:54:42+00:00"}
[2026-09-26 10:55:12] TX Python SDK azure-iot-device (MQTT 8883) -> {"tempIntake": 22.0, "tempExhaust": 33.31, "humedadRack": 51.65, "tsDispositivo": "2026-09-26T15:55:12+00:00"}
[2026-09-26 10:55:43] TX Python SDK azure-iot-device (MQTT 8883) -> {"tempIntake": 22.08, "tempExhaust": 32.48, "humedadRack": 53.44, "tsDispositivo": "2026-09-26T15:55:42+00:00"}
[2026-09-26 10:56:13] TX Python SDK azure-iot-device (MQTT 8883) -> {"tempIntake": 21.63, "tempExhaust": 32.2, "humedadRack": 52.11, "tsDispositivo": "2026-09-26T15:56:13+00:00"}
[2026-09-26 10:56:43] TX Python SDK azure-iot-device (MQTT 8883) -> {"tempIntake": 21.74, "tempExhaust": 32.29, "humedadRack": 52.56, "tsDispositivo": "2026-09-26T15:56:43+00:00"}
[2026-09-26 10:57:13] TX Python SDK azure-iot-device (MQTT 8883) -> {"tempIntake": 21.99, "tempExhaust": 33.02, "humedadRack": 51.76, "tsDispositivo": "2026-09-26T15:57:13+00:00"}
[2026-09-26 10:57:44] TX Python SDK azure-iot-device (MQTT 8883) -> {"tempIntake": 22.05, "tempExhaust": 33.26, "humedadRack": 52.72, "tsDispositivo": "2026-09-26T15:57:43+00:00"}
[2026-09-26 10:58:14] TX Python SDK azure-iot-device (MQTT 8883) -> {"tempIntake": 21.7, "tempExhaust": 32.22, "humedadRack": 51.66, "tsDispositivo": "2026-09-26T15:58:14+00:00"}
[2026-09-26 10:58:44] TX Python SDK azure-iot-device (MQTT 8883) -> {"tempIntake": 21.76, "tempExhaust": 32.68, "humedadRack": 52.6, "tsDispositivo": "2026-09-26T15:58:44+00:00"}
[2026-09-26 10:59:15] TX Python SDK azure-iot-device (MQTT 8883) -> {"tempIntake": 22.13, "tempExhaust": 33.21, "humedadRack": 51.87, "tsDispositivo": "2026-09-26T15:59:15+00:00"}
[2026-09-26 10:59:45] TX Python SDK azure-iot-device (MQTT 8883) -> {"tempIntake": 22.0, "tempExhaust": 33.46, "humedadRack": 53.82, "tsDispositivo": "2026-09-26T15:59:45+00:00"}
[2026-09-26 11:00:16] TX Python SDK azure-iot-device (MQTT 8883) -> {"tempIntake": 21.93, "tempExhaust": 32.83, "humedadRack": 51.8, "tsDispositivo": "2026-09-26T16:00:16+00:00"}
[2026-09-26 11:00:46] TX Python SDK azure-iot-device (MQTT 8883) -> {"tempIntake": 22.29, "tempExhaust": 33.54, "humedadRack": 51.94, "tsDispositivo": "2026-09-26T16:00:46+00:00"}
[2026-09-26 11:01:17] TX Python SDK azure-iot-device (MQTT 8883) -> {"tempIntake": 22.08, "tempExhaust": 33.51, "humedadRack": 53.98, "tsDispositivo": "2026-09-26T16:01:16+00:00"}
[2026-09-26 11:01:47] TX Python SDK azure-iot-device (MQTT 8883) -> {"tempIntake": 21.86, "tempExhaust": 33.25, "humedadRack": 53.59, "tsDispositivo": "2026-09-26T16:01:47+00:00"}
[2026-09-26 11:02:17] TX Python SDK azure-iot-device (MQTT 8883) -> {"tempIntake": 22.12, "tempExhaust": 33.42, "humedadRack": 52.49, "tsDispositivo": "2026-09-26T16:02:17+00:00"}
[2026-09-26 11:02:48] TX Python SDK azure-iot-device (MQTT 8883) -> {"tempIntake": 21.99, "tempExhaust": 33.51, "humedadRack": 53.81, "tsDispositivo": "2026-09-26T16:02:47+00:00"}
[2026-09-26 11:03:22] TX Python SDK azure-iot-device (MQTT 8883) -> {"tempIntake": 21.64, "tempExhaust": 32.1, "humedadRack": 52.65, "tsDispositivo": "2026-09-26T16:03:18+00:00"}
[2026-09-26 11:03:53] TX Python SDK azure-iot-device (MQTT 8883) -> {"tempIntake": 21.71, "tempExhaust": 32.89, "humedadRack": 52.83, "tsDispositivo": "2026-09-26T16:03:52+00:00"}
[2026-09-26 11:04:23] TX Python SDK azure-iot-device (MQTT 8883) -> {"tempIntake": 21.71, "tempExhaust": 32.23, "humedadRack": 52.92, "tsDispositivo": "2026-09-26T16:04:23+00:00"}
[2026-09-26 11:04:53] TX Python SDK azure-iot-device (MQTT 8883) -> {"tempIntake": 21.68, "tempExhaust": 32.66, "humedadRack": 52.76, "tsDispositivo": "2026-09-26T16:04:53+00:00"}
[2026-09-26 11:05:23] TX Python SDK azure-iot-device (MQTT 8883) -> {"tempIntake": 22.2, "tempExhaust": 32.76, "humedadRack": 53.95, "tsDispositivo": "2026-09-26T16:05:23+00:00"}
[2026-09-26 11:05:53] TX Python SDK azure-iot-device (MQTT 8883) -> {"tempIntake": 21.83, "tempExhaust": 32.42, "humedadRack": 53.07, "tsDispositivo": "2026-09-26T16:05:53+00:00"}
[2026-09-26 11:06:24] TX Python SDK azure-iot-device (MQTT 8883) -> {"tempIntake": 21.87, "tempExhaust": 33.2, "humedadRack": 53.9, "tsDispositivo": "2026-09-26T16:06:23+00:00"}
[2026-09-26 11:06:54] TX Python SDK azure-iot-device (MQTT 8883) -> {"tempIntake": 22.22, "tempExhaust": 33.44, "humedadRack": 52.64, "tsDispositivo": "2026-09-26T16:06:54+00:00"}
[2026-09-26 11:07:24] TX Python SDK azure-iot-device (MQTT 8883) -> {"tempIntake": 21.7, "tempExhaust": 32.34, "humedadRack": 53.81, "tsDispositivo": "2026-09-26T16:07:24+00:00"}
[2026-09-26 11:07:55] TX Python SDK azure-iot-device (MQTT 8883) -> {"tempIntake": 22.16, "tempExhaust": 32.77, "humedadRack": 53.63, "tsDispositivo": "2026-09-26T16:07:54+00:00"}
[2026-09-26 11:08:25] TX Python SDK azure-iot-device (MQTT 8883) -> {"tempIntake": 21.91, "tempExhaust": 33.06, "humedadRack": 51.88, "tsDispositivo": "2026-09-26T16:08:25+00:00"}
[2026-09-26 11:09:02] TX Python SDK azure-iot-device (MQTT 8883) -> {"tempIntake": 22.3, "tempExhaust": 33.66, "humedadRack": 51.84, "tsDispositivo": "2026-09-26T16:08:58+00:00"}
[2026-09-26 11:09:33] TX Python SDK azure-iot-device (MQTT 8883) -> {"tempIntake": 21.74, "tempExhaust": 32.0, "humedadRack": 52.5, "tsDispositivo": "2026-09-26T16:09:32+00:00"}
[2026-09-26 11:10:04] TX Python SDK azure-iot-device (MQTT 8883) -> {"tempIntake": 22.23, "tempExhaust": 32.92, "humedadRack": 51.81, "tsDispositivo": "2026-09-26T16:10:03+00:00"}
[2026-09-26 11:10:34] TX Python SDK azure-iot-device (MQTT 8883) -> {"tempIntake": 21.73, "tempExhaust": 32.34, "humedadRack": 51.65, "tsDispositivo": "2026-09-26T16:10:34+00:00"}
[2026-09-26 11:11:04] TX Python SDK azure-iot-device (MQTT 8883) -> {"tempIntake": 21.72, "tempExhaust": 33.09, "humedadRack": 53.22, "tsDispositivo": "2026-09-26T16:11:04+00:00"}
[2026-09-26 11:11:34] TX Python SDK azure-iot-device (MQTT 8883) -> {"tempIntake": 21.83, "tempExhaust": 32.93, "humedadRack": 53.25, "tsDispositivo": "2026-09-26T16:11:34+00:00"}
[2026-09-26 11:12:04] TX Python SDK azure-iot-device (MQTT 8883) -> {"tempIntake": 22.16, "tempExhaust": 32.68, "humedadRack": 51.86, "tsDispositivo": "2026-09-26T16:12:04+00:00"}
[2026-09-26 11:12:35] TX Python SDK azure-iot-device (MQTT 8883) -> {"tempIntake": 21.87, "tempExhaust": 33.1, "humedadRack": 53.03, "tsDispositivo": "2026-09-26T16:12:34+00:00"}
[2026-09-26 11:13:05] TX Python SDK azure-iot-device (MQTT 8883) -> {"tempIntake": 21.86, "tempExhaust": 33.21, "humedadRack": 53.13, "tsDispositivo": "2026-09-26T16:13:05+00:00"}
[2026-09-26 11:13:36] TX Python SDK azure-iot-device (MQTT 8883) -> {"tempIntake": 22.1, "tempExhaust": 33.05, "humedadRack": 52.04, "tsDispositivo": "2026-09-26T16:13:36+00:00"}
[2026-09-26 11:14:07] TX Python SDK azure-iot-device (MQTT 8883) -> {"tempIntake": 22.06, "tempExhaust": 32.9, "humedadRack": 52.51, "tsDispositivo": "2026-09-26T16:14:06+00:00"}
[2026-09-26 11:14:37] TX Python SDK azure-iot-device (MQTT 8883) -> {"tempIntake": 21.86, "tempExhaust": 32.65, "humedadRack": 52.87, "tsDispositivo": "2026-09-26T16:14:37+00:00"}
[2026-09-26 11:15:07] TX Python SDK azure-iot-device (MQTT 8883) -> {"tempIntake": 21.87, "tempExhaust": 32.15, "humedadRack": 52.07, "tsDispositivo": "2026-09-26T16:15:07+00:00"}
[2026-09-26 11:15:43] TX Python SDK azure-iot-device (MQTT 8883) -> {"tempIntake": 21.98, "tempExhaust": 33.47, "humedadRack": 52.72, "tsDispositivo": "2026-09-26T16:15:39+00:00"}
[2026-09-26 11:16:13] TX Python SDK azure-iot-device (MQTT 8883) -> {"tempIntake": 21.71, "tempExhaust": 33.18, "humedadRack": 52.36, "tsDispositivo": "2026-09-26T16:16:13+00:00"}
[2026-09-26 11:16:43] TX Python SDK azure-iot-device (MQTT 8883) -> {"tempIntake": 21.61, "tempExhaust": 32.57, "humedadRack": 52.49, "tsDispositivo": "2026-09-26T16:16:43+00:00"}
[2026-09-26 11:17:13] TX Python SDK azure-iot-device (MQTT 8883) -> {"tempIntake": 21.71, "tempExhaust": 32.06, "humedadRack": 51.61, "tsDispositivo": "2026-09-26T16:17:13+00:00"}
[2026-09-26 11:17:44] TX Python SDK azure-iot-device (MQTT 8883) -> {"tempIntake": 21.82, "tempExhaust": 32.12, "humedadRack": 52.85, "tsDispositivo": "2026-09-26T16:17:43+00:00"}
[2026-09-26 11:18:14] TX Python SDK azure-iot-device (MQTT 8883) -> {"tempIntake": 21.97, "tempExhaust": 33.55, "humedadRack": 51.75, "tsDispositivo": "2026-09-26T16:18:14+00:00"}
[2026-09-26 11:18:44] TX Python SDK azure-iot-device (MQTT 8883) -> {"tempIntake": 21.66, "tempExhaust": 32.25, "humedadRack": 52.2, "tsDispositivo": "2026-09-26T16:18:44+00:00"}
[2026-09-26 11:19:14] TX Python SDK azure-iot-device (MQTT 8883) -> {"tempIntake": 22.18, "tempExhaust": 33.66, "humedadRack": 53.05, "tsDispositivo": "2026-09-26T16:19:14+00:00"}
[2026-09-26 11:19:44] TX Python SDK azure-iot-device (MQTT 8883) -> {"tempIntake": 22.08, "tempExhaust": 32.75, "humedadRack": 53.65, "tsDispositivo": "2026-09-26T16:19:44+00:00"}
[2026-09-26 11:20:15] TX Python SDK azure-iot-device (MQTT 8883) -> {"tempIntake": 21.84, "tempExhaust": 32.34, "humedadRack": 52.55, "tsDispositivo": "2026-09-26T16:20:14+00:00"}
[2026-09-26 11:20:45] TX Python SDK azure-iot-device (MQTT 8883) -> {"tempIntake": 22.01, "tempExhaust": 33.08, "humedadRack": 51.92, "tsDispositivo": "2026-09-26T16:20:45+00:00"}
[2026-09-26 11:21:15] TX Python SDK azure-iot-device (MQTT 8883) -> {"tempIntake": 22.08, "tempExhaust": 32.47, "humedadRack": 51.82, "tsDispositivo": "2026-09-26T16:21:15+00:00"}
[2026-09-26 11:21:45] TX Python SDK azure-iot-device (MQTT 8883) -> {"tempIntake": 21.71, "tempExhaust": 32.91, "humedadRack": 52.89, "tsDispositivo": "2026-09-26T16:21:45+00:00"}
[2026-09-26 11:22:15] TX Python SDK azure-iot-device (MQTT 8883) -> {"tempIntake": 21.91, "tempExhaust": 33.1, "humedadRack": 53.52, "tsDispositivo": "2026-09-26T16:22:15+00:00"}
[2026-09-26 11:22:46] TX Python SDK azure-iot-device (MQTT 8883) -> {"tempIntake": 21.97, "tempExhaust": 32.88, "humedadRack": 52.84, "tsDispositivo": "2026-09-26T16:22:45+00:00"}
[2026-09-26 11:23:16] TX Python SDK azure-iot-device (MQTT 8883) -> {"tempIntake": 21.97, "tempExhaust": 33.01, "humedadRack": 52.97, "tsDispositivo": "2026-09-26T16:23:16+00:00"}
[2026-09-26 11:23:46] TX Python SDK azure-iot-device (MQTT 8883) -> {"tempIntake": 21.68, "tempExhaust": 32.12, "humedadRack": 53.74, "tsDispositivo": "2026-09-26T16:23:46+00:00"}
[2026-09-26 11:24:16] TX Python SDK azure-iot-device (MQTT 8883) -> {"tempIntake": 21.72, "tempExhaust": 32.85, "humedadRack": 53.6, "tsDispositivo": "2026-09-26T16:24:16+00:00"}
[2026-09-26 11:24:47] TX Python SDK azure-iot-device (MQTT 8883) -> {"tempIntake": 21.83, "tempExhaust": 32.48, "humedadRack": 52.4, "tsDispositivo": "2026-09-26T16:24:46+00:00"}
[2026-09-26 11:25:18] TX Python SDK azure-iot-device (MQTT 8883) -> {"tempIntake": 21.98, "tempExhaust": 33.05, "humedadRack": 52.09, "tsDispositivo": "2026-09-26T16:25:18+00:00"}
[2026-09-26 11:25:48] TX Python SDK azure-iot-device (MQTT 8883) -> {"tempIntake": 22.06, "tempExhaust": 32.45, "humedadRack": 53.55, "tsDispositivo": "2026-09-26T16:25:48+00:00"}
[2026-09-26 11:26:19] TX Python SDK azure-iot-device (MQTT 8883) -> {"tempIntake": 22.14, "tempExhaust": 33.18, "humedadRack": 53.17, "tsDispositivo": "2026-09-26T16:26:18+00:00"}
[2026-09-26 11:26:49] TX Python SDK azure-iot-device (MQTT 8883) -> {"tempIntake": 21.77, "tempExhaust": 32.51, "humedadRack": 51.81, "tsDispositivo": "2026-09-26T16:26:49+00:00"}
[2026-09-26 11:27:19] TX Python SDK azure-iot-device (MQTT 8883) -> {"tempIntake": 21.72, "tempExhaust": 33.13, "humedadRack": 51.42, "tsDispositivo": "2026-09-26T16:27:19+00:00"}
[2026-09-26 11:27:49] TX Python SDK azure-iot-device (MQTT 8883) -> {"tempIntake": 21.87, "tempExhaust": 32.74, "humedadRack": 53.35, "tsDispositivo": "2026-09-26T16:27:49+00:00"}
[2026-09-26 11:28:20] TX Python SDK azure-iot-device (MQTT 8883) -> {"tempIntake": 22.09, "tempExhaust": 33.35, "humedadRack": 51.56, "tsDispositivo": "2026-09-26T16:28:19+00:00"}
[2026-09-26 11:28:50] TX Python SDK azure-iot-device (MQTT 8883) -> {"tempIntake": 21.82, "tempExhaust": 32.29, "humedadRack": 53.46, "tsDispositivo": "2026-09-26T16:28:50+00:00"}
[2026-09-26 11:29:20] TX Python SDK azure-iot-device (MQTT 8883) -> {"tempIntake": 21.64, "tempExhaust": 32.63, "humedadRack": 52.57, "tsDispositivo": "2026-09-26T16:29:20+00:00"}
[2026-09-26 11:29:50] TX Python SDK azure-iot-device (MQTT 8883) -> {"tempIntake": 21.98, "tempExhaust": 33.12, "humedadRack": 51.84, "tsDispositivo": "2026-09-26T16:29:50+00:00"}
[2026-09-26 11:30:20] TX Python SDK azure-iot-device (MQTT 8883) -> {"tempIntake": 22.26, "tempExhaust": 33.42, "humedadRack": 52.42, "tsDispositivo": "2026-09-26T16:30:20+00:00"}
[2026-09-26 11:30:51] TX Python SDK azure-iot-device (MQTT 8883) -> {"tempIntake": 22.04, "tempExhaust": 33.16, "humedadRack": 53.5, "tsDispositivo": "2026-09-26T16:30:50+00:00"}
[2026-09-26 11:31:21] TX Python SDK azure-iot-device (MQTT 8883) -> {"tempIntake": 21.77, "tempExhaust": 32.82, "humedadRack": 53.56, "tsDispositivo": "2026-09-26T16:31:21+00:00"}
[2026-09-26 11:31:51] TX Python SDK azure-iot-device (MQTT 8883) -> {"tempIntake": 21.98, "tempExhaust": 32.62, "humedadRack": 51.42, "tsDispositivo": "2026-09-26T16:31:51+00:00"}
[2026-09-26 11:32:21] TX Python SDK azure-iot-device (MQTT 8883) -> {"tempIntake": 21.89, "tempExhaust": 33.29, "humedadRack": 52.87, "tsDispositivo": "2026-09-26T16:32:21+00:00"}
[2026-09-26 11:32:51] TX Python SDK azure-iot-device (MQTT 8883) -> {"tempIntake": 22.2, "tempExhaust": 32.58, "humedadRack": 51.73, "tsDispositivo": "2026-09-26T16:32:51+00:00"}
[2026-09-26 11:33:22] TX Python SDK azure-iot-device (MQTT 8883) -> {"tempIntake": 22.11, "tempExhaust": 32.85, "humedadRack": 51.49, "tsDispositivo": "2026-09-26T16:33:21+00:00"}
[2026-09-26 11:33:52] TX Python SDK azure-iot-device (MQTT 8883) -> {"tempIntake": 21.79, "tempExhaust": 32.66, "humedadRack": 51.53, "tsDispositivo": "2026-09-26T16:33:52+00:00"}
[2026-09-26 11:34:22] TX Python SDK azure-iot-device (MQTT 8883) -> {"tempIntake": 22.19, "tempExhaust": 32.79, "humedadRack": 52.16, "tsDispositivo": "2026-09-26T16:34:22+00:00"}
[2026-09-26 11:34:52] TX Python SDK azure-iot-device (MQTT 8883) -> {"tempIntake": 22.02, "tempExhaust": 32.9, "humedadRack": 52.77, "tsDispositivo": "2026-09-26T16:34:52+00:00"}
[2026-09-26 11:35:22] TX Python SDK azure-iot-device (MQTT 8883) -> {"tempIntake": 22.26, "tempExhaust": 33.16, "humedadRack": 51.42, "tsDispositivo": "2026-09-26T16:35:22+00:00"}
[2026-09-26 11:35:53] TX Python SDK azure-iot-device (MQTT 8883) -> {"tempIntake": 21.9, "tempExhaust": 33.13, "humedadRack": 52.18, "tsDispositivo": "2026-09-26T16:35:52+00:00"}
[2026-09-26 11:36:23] TX Python SDK azure-iot-device (MQTT 8883) -> {"tempIntake": 21.76, "tempExhaust": 32.22, "humedadRack": 51.76, "tsDispositivo": "2026-09-26T16:36:23+00:00"}
[2026-09-26 11:36:53] TX Python SDK azure-iot-device (MQTT 8883) -> {"tempIntake": 22.01, "tempExhaust": 32.77, "humedadRack": 52.78, "tsDispositivo": "2026-09-26T16:36:53+00:00"}
[2026-09-26 11:37:23] TX Python SDK azure-iot-device (MQTT 8883) -> {"tempIntake": 22.26, "tempExhaust": 33.74, "humedadRack": 52.86, "tsDispositivo": "2026-09-26T16:37:23+00:00"}
[2026-09-26 11:37:53] TX Python SDK azure-iot-device (MQTT 8883) -> {"tempIntake": 22.3, "tempExhaust": 33.43, "humedadRack": 52.84, "tsDispositivo": "2026-09-26T16:37:53+00:00"}
[2026-09-26 11:38:24] TX Python SDK azure-iot-device (MQTT 8883) -> {"tempIntake": 21.65, "tempExhaust": 32.34, "humedadRack": 52.74, "tsDispositivo": "2026-09-26T16:38:23+00:00"}
[2026-09-26 11:38:54] TX Python SDK azure-iot-device (MQTT 8883) -> {"tempIntake": 21.8, "tempExhaust": 32.42, "humedadRack": 52.02, "tsDispositivo": "2026-09-26T16:38:54+00:00"}
[2026-09-26 11:39:24] TX Python SDK azure-iot-device (MQTT 8883) -> {"tempIntake": 21.88, "tempExhaust": 33.28, "humedadRack": 51.88, "tsDispositivo": "2026-09-26T16:39:24+00:00"}
[2026-09-26 11:39:54] TX Python SDK azure-iot-device (MQTT 8883) -> {"tempIntake": 22.16, "tempExhaust": 33.58, "humedadRack": 53.49, "tsDispositivo": "2026-09-26T16:39:54+00:00"}
[2026-09-26 11:40:24] TX Python SDK azure-iot-device (MQTT 8883) -> {"tempIntake": 22.02, "tempExhaust": 32.65, "humedadRack": 52.48, "tsDispositivo": "2026-09-26T16:40:24+00:00"}
[2026-09-26 11:40:54] TX Python SDK azure-iot-device (MQTT 8883) -> {"tempIntake": 22.14, "tempExhaust": 33.09, "humedadRack": 52.09, "tsDispositivo": "2026-09-26T16:40:54+00:00"}
[2026-09-26 11:41:25] TX Python SDK azure-iot-device (MQTT 8883) -> {"tempIntake": 22.17, "tempExhaust": 33.64, "humedadRack": 53.55, "tsDispositivo": "2026-09-26T16:41:24+00:00"}
[2026-09-26 11:41:55] TX Python SDK azure-iot-device (MQTT 8883) -> {"tempIntake": 21.79, "tempExhaust": 33.09, "humedadRack": 52.83, "tsDispositivo": "2026-09-26T16:41:55+00:00"}
[2026-09-26 11:42:25] TX Python SDK azure-iot-device (MQTT 8883) -> {"tempIntake": 21.9, "tempExhaust": 33.32, "humedadRack": 52.03, "tsDispositivo": "2026-09-26T16:42:25+00:00"}
[2026-09-26 11:42:55] TX Python SDK azure-iot-device (MQTT 8883) -> {"tempIntake": 21.73, "tempExhaust": 32.92, "humedadRack": 53.51, "tsDispositivo": "2026-09-26T16:42:55+00:00"}
[2026-09-26 11:43:25] TX Python SDK azure-iot-device (MQTT 8883) -> {"tempIntake": 22.11, "tempExhaust": 33.42, "humedadRack": 52.98, "tsDispositivo": "2026-09-26T16:43:25+00:00"}
[2026-09-26 11:43:56] TX Python SDK azure-iot-device (MQTT 8883) -> {"tempIntake": 22.33, "tempExhaust": 33.08, "humedadRack": 51.9, "tsDispositivo": "2026-09-26T16:43:55+00:00"}
[2026-09-26 11:44:26] TX Python SDK azure-iot-device (MQTT 8883) -> {"tempIntake": 22.34, "tempExhaust": 32.78, "humedadRack": 51.24, "tsDispositivo": "2026-09-26T16:44:26+00:00"}
[2026-09-26 11:44:56] TX Python SDK azure-iot-device (MQTT 8883) -> {"tempIntake": 21.97, "tempExhaust": 32.49, "humedadRack": 52.51, "tsDispositivo": "2026-09-26T16:44:56+00:00"}
[2026-09-26 11:45:26] TX Python SDK azure-iot-device (MQTT 8883) -> {"tempIntake": 22.3, "tempExhaust": 33.24, "humedadRack": 53.45, "tsDispositivo": "2026-09-26T16:45:26+00:00"}
[2026-09-26 11:45:56] TX Python SDK azure-iot-device (MQTT 8883) -> {"tempIntake": 22.09, "tempExhaust": 32.53, "humedadRack": 53.11, "tsDispositivo": "2026-09-26T16:45:56+00:00"}
[2026-09-26 11:46:27] TX Python SDK azure-iot-device (MQTT 8883) -> {"tempIntake": 21.65, "tempExhaust": 32.56, "humedadRack": 52.09, "tsDispositivo": "2026-09-26T16:46:26+00:00"}
[2026-09-26 11:46:57] TX Python SDK azure-iot-device (MQTT 8883) -> {"tempIntake": 22.07, "tempExhaust": 33.6, "humedadRack": 52.53, "tsDispositivo": "2026-09-26T16:46:57+00:00"}
[2026-09-26 11:47:27] TX Python SDK azure-iot-device (MQTT 8883) -> {"tempIntake": 22.22, "tempExhaust": 33.78, "humedadRack": 53.35, "tsDispositivo": "2026-09-26T16:47:27+00:00"}
[2026-09-26 11:47:57] TX Python SDK azure-iot-device (MQTT 8883) -> {"tempIntake": 21.78, "tempExhaust": 32.59, "humedadRack": 52.04, "tsDispositivo": "2026-09-26T16:47:57+00:00"}
[2026-09-26 11:48:28] TX Python SDK azure-iot-device (MQTT 8883) -> {"tempIntake": 21.94, "tempExhaust": 32.44, "humedadRack": 53.25, "tsDispositivo": "2026-09-26T16:48:27+00:00"}
[2026-09-26 11:48:58] TX Python SDK azure-iot-device (MQTT 8883) -> {"tempIntake": 21.92, "tempExhaust": 32.75, "humedadRack": 51.81, "tsDispositivo": "2026-09-26T16:48:58+00:00"}
[2026-09-26 11:49:28] TX Python SDK azure-iot-device (MQTT 8883) -> {"tempIntake": 21.87, "tempExhaust": 32.9, "humedadRack": 52.4, "tsDispositivo": "2026-09-26T16:49:28+00:00"}
[2026-09-26 11:49:58] TX Python SDK azure-iot-device (MQTT 8883) -> {"tempIntake": 21.7, "tempExhaust": 32.83, "humedadRack": 52.26, "tsDispositivo": "2026-09-26T16:49:58+00:00"}
[2026-09-26 11:50:28] TX Python SDK azure-iot-device (MQTT 8883) -> {"tempIntake": 22.07, "tempExhaust": 33.06, "humedadRack": 51.35, "tsDispositivo": "2026-09-26T16:50:28+00:00"}
[2026-09-26 11:50:59] TX Python SDK azure-iot-device (MQTT 8883) -> {"tempIntake": 22.27, "tempExhaust": 33.84, "humedadRack": 51.79, "tsDispositivo": "2026-09-26T16:50:58+00:00"}
[2026-09-26 11:51:29] TX Python SDK azure-iot-device (MQTT 8883) -> {"tempIntake": 22.01, "tempExhaust": 33.11, "humedadRack": 52.26, "tsDispositivo": "2026-09-26T16:51:29+00:00"}
[2026-09-26 11:51:59] TX Python SDK azure-iot-device (MQTT 8883) -> {"tempIntake": 22.23, "tempExhaust": 33.19, "humedadRack": 51.85, "tsDispositivo": "2026-09-26T16:51:59+00:00"}
[2026-09-26 11:52:29] TX Python SDK azure-iot-device (MQTT 8883) -> {"tempIntake": 22.27, "tempExhaust": 33.61, "humedadRack": 53.13, "tsDispositivo": "2026-09-26T16:52:29+00:00"}
[2026-09-26 11:52:59] TX Python SDK azure-iot-device (MQTT 8883) -> {"tempIntake": 22.26, "tempExhaust": 32.74, "humedadRack": 52.5, "tsDispositivo": "2026-09-26T16:52:59+00:00"}
[2026-09-26 11:53:30] TX Python SDK azure-iot-device (MQTT 8883) -> {"tempIntake": 21.86, "tempExhaust": 32.33, "humedadRack": 53.41, "tsDispositivo": "2026-09-26T16:53:29+00:00"}
[2026-09-26 11:54:00] TX Python SDK azure-iot-device (MQTT 8883) -> {"tempIntake": 22.07, "tempExhaust": 33.47, "humedadRack": 51.58, "tsDispositivo": "2026-09-26T16:54:00+00:00"}
[2026-09-26 11:54:30] TX Python SDK azure-iot-device (MQTT 8883) -> {"tempIntake": 22.35, "tempExhaust": 33.06, "humedadRack": 51.54, "tsDispositivo": "2026-09-26T16:54:30+00:00"}
[2026-09-26 11:55:00] TX Python SDK azure-iot-device (MQTT 8883) -> {"tempIntake": 21.95, "tempExhaust": 32.56, "humedadRack": 52.61, "tsDispositivo": "2026-09-26T16:55:00+00:00"}
[2026-09-26 11:55:30] TX Python SDK azure-iot-device (MQTT 8883) -> {"tempIntake": 21.84, "tempExhaust": 33.13, "humedadRack": 52.99, "tsDispositivo": "2026-09-26T16:55:30+00:00"}
[2026-09-26 11:56:01] TX Python SDK azure-iot-device (MQTT 8883) -> {"tempIntake": 21.66, "tempExhaust": 32.78, "humedadRack": 51.41, "tsDispositivo": "2026-09-26T16:56:00+00:00"}
[2026-09-26 11:56:42] TX Python SDK azure-iot-device (MQTT 8883) -> {"tempIntake": 21.77, "tempExhaust": 32.8, "humedadRack": 51.75, "tsDispositivo": "2026-09-26T16:56:32+00:00"}
[2026-09-26 11:57:12] TX Python SDK azure-iot-device (MQTT 8883) -> {"tempIntake": 21.72, "tempExhaust": 32.67, "humedadRack": 51.6, "tsDispositivo": "2026-09-26T16:57:12+00:00"}
[2026-09-26 11:57:42] TX Python SDK azure-iot-device (MQTT 8883) -> {"tempIntake": 22.21, "tempExhaust": 33.33, "humedadRack": 51.61, "tsDispositivo": "2026-09-26T16:57:42+00:00"}
[2026-09-26 11:58:13] TX Python SDK azure-iot-device (MQTT 8883) -> {"tempIntake": 22.14, "tempExhaust": 33.63, "humedadRack": 51.17, "tsDispositivo": "2026-09-26T16:58:12+00:00"}
[2026-09-26 11:58:43] TX Python SDK azure-iot-device (MQTT 8883) -> {"tempIntake": 21.97, "tempExhaust": 32.35, "humedadRack": 52.3, "tsDispositivo": "2026-09-26T16:58:43+00:00"}
[2026-09-26 11:59:13] TX Python SDK azure-iot-device (MQTT 8883) -> {"tempIntake": 22.15, "tempExhaust": 33.28, "humedadRack": 52.54, "tsDispositivo": "2026-09-26T16:59:13+00:00"}
[2026-09-26 11:59:44] TX Python SDK azure-iot-device (MQTT 8883) -> {"tempIntake": 22.16, "tempExhaust": 32.81, "humedadRack": 51.86, "tsDispositivo": "2026-09-26T16:59:43+00:00"}
[2026-09-26 12:00:14] TX Python SDK azure-iot-device (MQTT 8883) -> {"tempIntake": 22.15, "tempExhaust": 33.19, "humedadRack": 52.55, "tsDispositivo": "2026-09-26T17:00:14+00:00"}
[2026-09-26 12:00:45] TX Python SDK azure-iot-device (MQTT 8883) -> {"tempIntake": 22.01, "tempExhaust": 32.84, "humedadRack": 51.59, "tsDispositivo": "2026-09-26T17:00:44+00:00"}
[2026-09-26 12:01:15] TX Python SDK azure-iot-device (MQTT 8883) -> {"tempIntake": 22.17, "tempExhaust": 33.24, "humedadRack": 53.03, "tsDispositivo": "2026-09-26T17:01:15+00:00"}
[2026-09-26 12:01:45] TX Python SDK azure-iot-device (MQTT 8883) -> {"tempIntake": 21.7, "tempExhaust": 32.85, "humedadRack": 52.92, "tsDispositivo": "2026-09-26T17:01:45+00:00"}
[2026-09-26 12:02:15] TX Python SDK azure-iot-device (MQTT 8883) -> {"tempIntake": 22.37, "tempExhaust": 32.89, "humedadRack": 52.92, "tsDispositivo": "2026-09-26T17:02:15+00:00"}
[2026-09-26 12:02:48] TX Python SDK azure-iot-device (MQTT 8883) -> {"tempIntake": 21.66, "tempExhaust": 33.21, "humedadRack": 52.02, "tsDispositivo": "2026-09-26T17:02:48+00:00"}
[2026-09-26 12:03:18] TX Python SDK azure-iot-device (MQTT 8883) -> {"tempIntake": 22.23, "tempExhaust": 33.07, "humedadRack": 51.05, "tsDispositivo": "2026-09-26T17:03:18+00:00"}
[2026-09-26 12:03:49] TX Python SDK azure-iot-device (MQTT 8883) -> {"tempIntake": 21.82, "tempExhaust": 33.27, "humedadRack": 52.4, "tsDispositivo": "2026-09-26T17:03:48+00:00"}
[2026-09-26 12:04:25] TX Python SDK azure-iot-device (MQTT 8883) -> {"tempIntake": 21.97, "tempExhaust": 32.63, "humedadRack": 51.18, "tsDispositivo": "2026-09-26T17:04:19+00:00"}
[2026-09-26 12:04:58] TX Python SDK azure-iot-device (MQTT 8883) -> {"tempIntake": 22.14, "tempExhaust": 33.37, "humedadRack": 52.03, "tsDispositivo": "2026-09-26T17:04:58+00:00"}
[2026-09-26 12:05:28] TX Python SDK azure-iot-device (MQTT 8883) -> {"tempIntake": 22.1, "tempExhaust": 32.62, "humedadRack": 52.6, "tsDispositivo": "2026-09-26T17:05:28+00:00"}
[2026-09-26 12:05:58] TX Python SDK azure-iot-device (MQTT 8883) -> {"tempIntake": 21.93, "tempExhaust": 33.16, "humedadRack": 51.76, "tsDispositivo": "2026-09-26T17:05:58+00:00"}
[2026-09-26 12:06:29] TX Python SDK azure-iot-device (MQTT 8883) -> {"tempIntake": 22.3, "tempExhaust": 33.26, "humedadRack": 51.65, "tsDispositivo": "2026-09-26T17:06:28+00:00"}
[2026-09-26 12:06:59] TX Python SDK azure-iot-device (MQTT 8883) -> {"tempIntake": 22.0, "tempExhaust": 32.5, "humedadRack": 52.33, "tsDispositivo": "2026-09-26T17:06:59+00:00"}
[2026-09-26 12:07:29] TX Python SDK azure-iot-device (MQTT 8883) -> {"tempIntake": 22.35, "tempExhaust": 33.45, "humedadRack": 52.91, "tsDispositivo": "2026-09-26T17:07:29+00:00"}
[2026-09-26 12:08:01] TX Python SDK azure-iot-device (MQTT 8883) -> {"tempIntake": 21.99, "tempExhaust": 33.27, "humedadRack": 52.59, "tsDispositivo": "2026-09-26T17:08:00+00:00"}
[2026-09-26 12:08:31] TX Python SDK azure-iot-device (MQTT 8883) -> {"tempIntake": 21.92, "tempExhaust": 33.34, "humedadRack": 51.19, "tsDispositivo": "2026-09-26T17:08:31+00:00"}
[2026-09-26 12:09:01] TX Python SDK azure-iot-device (MQTT 8883) -> {"tempIntake": 22.25, "tempExhaust": 33.64, "humedadRack": 50.97, "tsDispositivo": "2026-09-26T17:09:01+00:00"}
[2026-09-26 12:09:31] TX Python SDK azure-iot-device (MQTT 8883) -> {"tempIntake": 21.74, "tempExhaust": 32.94, "humedadRack": 52.07, "tsDispositivo": "2026-09-26T17:09:31+00:00"}
[2026-09-26 12:10:01] TX Python SDK azure-iot-device (MQTT 8883) -> {"tempIntake": 22.23, "tempExhaust": 33.71, "humedadRack": 51.76, "tsDispositivo": "2026-09-26T17:10:01+00:00"}
[2026-09-26 12:10:32] TX Python SDK azure-iot-device (MQTT 8883) -> {"tempIntake": 21.86, "tempExhaust": 32.46, "humedadRack": 52.48, "tsDispositivo": "2026-09-26T17:10:31+00:00"}
[2026-09-26 12:11:02] TX Python SDK azure-iot-device (MQTT 8883) -> {"tempIntake": 22.04, "tempExhaust": 33.58, "humedadRack": 52.72, "tsDispositivo": "2026-09-26T17:11:02+00:00"}
[2026-09-26 12:11:32] TX Python SDK azure-iot-device (MQTT 8883) -> {"tempIntake": 21.9, "tempExhaust": 32.39, "humedadRack": 51.21, "tsDispositivo": "2026-09-26T17:11:32+00:00"}
[2026-09-26 12:12:03] TX Python SDK azure-iot-device (MQTT 8883) -> {"tempIntake": 21.66, "tempExhaust": 32.21, "humedadRack": 51.73, "tsDispositivo": "2026-09-26T17:12:02+00:00"}
[2026-09-26 12:12:33] TX Python SDK azure-iot-device (MQTT 8883) -> {"tempIntake": 21.79, "tempExhaust": 32.85, "humedadRack": 53.22, "tsDispositivo": "2026-09-26T17:12:33+00:00"}
[2026-09-26 12:13:03] TX Python SDK azure-iot-device (MQTT 8883) -> {"tempIntake": 22.27, "tempExhaust": 33.89, "humedadRack": 51.56, "tsDispositivo": "2026-09-26T17:13:03+00:00"}
[2026-09-26 12:13:33] TX Python SDK azure-iot-device (MQTT 8883) -> {"tempIntake": 22.08, "tempExhaust": 33.01, "humedadRack": 51.8, "tsDispositivo": "2026-09-26T17:13:33+00:00"}
[2026-09-26 12:14:03] TX Python SDK azure-iot-device (MQTT 8883) -> {"tempIntake": 22.01, "tempExhaust": 32.97, "humedadRack": 51.39, "tsDispositivo": "2026-09-26T17:14:03+00:00"}
[2026-09-26 12:14:34] TX Python SDK azure-iot-device (MQTT 8883) -> {"tempIntake": 21.75, "tempExhaust": 32.34, "humedadRack": 50.9, "tsDispositivo": "2026-09-26T17:14:33+00:00"}
[2026-09-26 12:15:04] TX Python SDK azure-iot-device (MQTT 8883) -> {"tempIntake": 22.07, "tempExhaust": 32.77, "humedadRack": 51.5, "tsDispositivo": "2026-09-26T17:15:04+00:00"}
[2026-09-26 12:15:34] TX Python SDK azure-iot-device (MQTT 8883) -> {"tempIntake": 21.71, "tempExhaust": 32.28, "humedadRack": 52.78, "tsDispositivo": "2026-09-26T17:15:34+00:00"}
[2026-09-26 12:16:04] TX Python SDK azure-iot-device (MQTT 8883) -> {"tempIntake": 21.77, "tempExhaust": 32.5, "humedadRack": 51.68, "tsDispositivo": "2026-09-26T17:16:04+00:00"}
[2026-09-26 12:16:34] TX Python SDK azure-iot-device (MQTT 8883) -> {"tempIntake": 21.68, "tempExhaust": 32.94, "humedadRack": 51.55, "tsDispositivo": "2026-09-26T17:16:34+00:00"}
[2026-09-26 12:17:05] TX Python SDK azure-iot-device (MQTT 8883) -> {"tempIntake": 22.19, "tempExhaust": 33.45, "humedadRack": 51.45, "tsDispositivo": "2026-09-26T17:17:04+00:00"}
[2026-09-26 12:17:35] TX Python SDK azure-iot-device (MQTT 8883) -> {"tempIntake": 22.02, "tempExhaust": 33.03, "humedadRack": 50.75, "tsDispositivo": "2026-09-26T17:17:35+00:00"}
[2026-09-26 12:18:05] TX Python SDK azure-iot-device (MQTT 8883) -> {"tempIntake": 21.79, "tempExhaust": 33.37, "humedadRack": 51.88, "tsDispositivo": "2026-09-26T17:18:05+00:00"}
[2026-09-26 12:18:35] TX Python SDK azure-iot-device (MQTT 8883) -> {"tempIntake": 22.09, "tempExhaust": 32.58, "humedadRack": 51.54, "tsDispositivo": "2026-09-26T17:18:35+00:00"}
[2026-09-26 12:19:05] TX Python SDK azure-iot-device (MQTT 8883) -> {"tempIntake": 21.8, "tempExhaust": 32.79, "humedadRack": 51.12, "tsDispositivo": "2026-09-26T17:19:05+00:00"}
[2026-09-26 12:19:36] TX Python SDK azure-iot-device (MQTT 8883) -> {"tempIntake": 22.08, "tempExhaust": 32.89, "humedadRack": 50.99, "tsDispositivo": "2026-09-26T17:19:35+00:00"}
[2026-09-26 12:20:06] TX Python SDK azure-iot-device (MQTT 8883) -> {"tempIntake": 22.09, "tempExhaust": 33.26, "humedadRack": 51.95, "tsDispositivo": "2026-09-26T17:20:06+00:00"}
[2026-09-26 12:20:36] TX Python SDK azure-iot-device (MQTT 8883) -> {"tempIntake": 22.09, "tempExhaust": 33.0, "humedadRack": 52.22, "tsDispositivo": "2026-09-26T17:20:36+00:00"}
[2026-09-26 12:21:06] TX Python SDK azure-iot-device (MQTT 8883) -> {"tempIntake": 22.03, "tempExhaust": 32.65, "humedadRack": 51.33, "tsDispositivo": "2026-09-26T17:21:06+00:00"}
[2026-09-26 12:21:37] TX Python SDK azure-iot-device (MQTT 8883) -> {"tempIntake": 22.34, "tempExhaust": 33.63, "humedadRack": 51.09, "tsDispositivo": "2026-09-26T17:21:36+00:00"}
[2026-09-26 12:22:07] TX Python SDK azure-iot-device (MQTT 8883) -> {"tempIntake": 21.78, "tempExhaust": 33.18, "humedadRack": 51.01, "tsDispositivo": "2026-09-26T17:22:07+00:00"}
[2026-09-26 12:22:37] TX Python SDK azure-iot-device (MQTT 8883) -> {"tempIntake": 22.1, "tempExhaust": 32.64, "humedadRack": 50.74, "tsDispositivo": "2026-09-26T17:22:37+00:00"}
[2026-09-26 12:23:07] TX Python SDK azure-iot-device (MQTT 8883) -> {"tempIntake": 21.95, "tempExhaust": 33.26, "humedadRack": 51.54, "tsDispositivo": "2026-09-26T17:23:07+00:00"}
[2026-09-26 12:23:37] TX Python SDK azure-iot-device (MQTT 8883) -> {"tempIntake": 22.0, "tempExhaust": 33.02, "humedadRack": 51.75, "tsDispositivo": "2026-09-26T17:23:37+00:00"}
[2026-09-26 12:24:07] TX Python SDK azure-iot-device (MQTT 8883) -> {"tempIntake": 22.2, "tempExhaust": 33.5, "humedadRack": 50.94, "tsDispositivo": "2026-09-26T17:24:07+00:00"}
[2026-09-26 12:24:38] TX Python SDK azure-iot-device (MQTT 8883) -> {"tempIntake": 22.19, "tempExhaust": 33.59, "humedadRack": 52.29, "tsDispositivo": "2026-09-26T17:24:37+00:00"}
[2026-09-26 12:25:08] TX Python SDK azure-iot-device (MQTT 8883) -> {"tempIntake": 21.77, "tempExhaust": 32.81, "humedadRack": 51.44, "tsDispositivo": "2026-09-26T17:25:08+00:00"}
[2026-09-26 12:25:38] TX Python SDK azure-iot-device (MQTT 8883) -> {"tempIntake": 22.0, "tempExhaust": 33.22, "humedadRack": 51.24, "tsDispositivo": "2026-09-26T17:25:38+00:00"}
[2026-09-26 12:26:08] TX Python SDK azure-iot-device (MQTT 8883) -> {"tempIntake": 22.31, "tempExhaust": 33.43, "humedadRack": 52.26, "tsDispositivo": "2026-09-26T17:26:08+00:00"}
[2026-09-26 12:26:39] TX Python SDK azure-iot-device (MQTT 8883) -> {"tempIntake": 22.14, "tempExhaust": 33.18, "humedadRack": 52.17, "tsDispositivo": "2026-09-26T17:26:38+00:00"}
[2026-09-26 12:27:09] TX Python SDK azure-iot-device (MQTT 8883) -> {"tempIntake": 21.8, "tempExhaust": 33.28, "humedadRack": 52.58, "tsDispositivo": "2026-09-26T17:27:09+00:00"}
[2026-09-26 12:27:39] TX Python SDK azure-iot-device (MQTT 8883) -> {"tempIntake": 22.32, "tempExhaust": 33.67, "humedadRack": 52.3, "tsDispositivo": "2026-09-26T17:27:39+00:00"}
[2026-09-26 12:28:09] TX Python SDK azure-iot-device (MQTT 8883) -> {"tempIntake": 22.19, "tempExhaust": 33.32, "humedadRack": 52.73, "tsDispositivo": "2026-09-26T17:28:09+00:00"}
[2026-09-26 12:28:39] TX Python SDK azure-iot-device (MQTT 8883) -> {"tempIntake": 22.25, "tempExhaust": 33.24, "humedadRack": 52.44, "tsDispositivo": "2026-09-26T17:28:39+00:00"}
[2026-09-26 12:29:10] TX Python SDK azure-iot-device (MQTT 8883) -> {"tempIntake": 22.08, "tempExhaust": 32.93, "humedadRack": 51.08, "tsDispositivo": "2026-09-26T17:29:09+00:00"}
[2026-09-26 12:29:40] TX Python SDK azure-iot-device (MQTT 8883) -> {"tempIntake": 21.86, "tempExhaust": 33.36, "humedadRack": 51.72, "tsDispositivo": "2026-09-26T17:29:40+00:00"}
[2026-09-26 12:30:10] TX Python SDK azure-iot-device (MQTT 8883) -> {"tempIntake": 21.74, "tempExhaust": 32.58, "humedadRack": 50.94, "tsDispositivo": "2026-09-26T17:30:10+00:00"}
[2026-09-26 12:30:40] TX Python SDK azure-iot-device (MQTT 8883) -> {"tempIntake": 21.87, "tempExhaust": 33.03, "humedadRack": 50.7, "tsDispositivo": "2026-09-26T17:30:40+00:00"}
[2026-09-26 12:31:10] TX Python SDK azure-iot-device (MQTT 8883) -> {"tempIntake": 22.06, "tempExhaust": 32.76, "humedadRack": 52.08, "tsDispositivo": "2026-09-26T17:31:10+00:00"}
[2026-09-26 12:31:41] TX Python SDK azure-iot-device (MQTT 8883) -> {"tempIntake": 22.11, "tempExhaust": 32.81, "humedadRack": 51.19, "tsDispositivo": "2026-09-26T17:31:40+00:00"}
[2026-09-26 12:32:11] TX Python SDK azure-iot-device (MQTT 8883) -> {"tempIntake": 21.86, "tempExhaust": 32.89, "humedadRack": 52.35, "tsDispositivo": "2026-09-26T17:32:11+00:00"}
[2026-09-26 12:32:46] TX Python SDK azure-iot-device (MQTT 8883) -> {"tempIntake": 21.79, "tempExhaust": 33.13, "humedadRack": 50.61, "tsDispositivo": "2026-09-26T17:32:41+00:00"}
[2026-09-26 12:33:18] TX Python SDK azure-iot-device (MQTT 8883) -> {"tempIntake": 21.84, "tempExhaust": 32.6, "humedadRack": 51.59, "tsDispositivo": "2026-09-26T17:33:18+00:00"}
[2026-09-26 12:33:48] TX Python SDK azure-iot-device (MQTT 8883) -> {"tempIntake": 22.25, "tempExhaust": 33.27, "humedadRack": 51.91, "tsDispositivo": "2026-09-26T17:33:48+00:00"}
[2026-09-26 12:34:19] TX Python SDK azure-iot-device (MQTT 8883) -> {"tempIntake": 21.83, "tempExhaust": 33.53, "humedadRack": 51.53, "tsDispositivo": "2026-09-26T17:34:18+00:00"}
[2026-09-26 12:34:50] TX Python SDK azure-iot-device (MQTT 8883) -> {"tempIntake": 21.93, "tempExhaust": 33.58, "humedadRack": 50.83, "tsDispositivo": "2026-09-26T17:34:50+00:00"}
[2026-09-26 12:35:20] TX Python SDK azure-iot-device (MQTT 8883) -> {"tempIntake": 21.92, "tempExhaust": 33.43, "humedadRack": 52.22, "tsDispositivo": "2026-09-26T17:35:20+00:00"}
[2026-09-26 12:35:50] TX Python SDK azure-iot-device (MQTT 8883) -> {"tempIntake": 21.82, "tempExhaust": 33.12, "humedadRack": 50.74, "tsDispositivo": "2026-09-26T17:35:50+00:00"}
[2026-09-26 12:36:21] TX Python SDK azure-iot-device (MQTT 8883) -> {"tempIntake": 22.1, "tempExhaust": 33.1, "humedadRack": 51.18, "tsDispositivo": "2026-09-26T17:36:20+00:00"}
[2026-09-26 12:36:51] TX Python SDK azure-iot-device (MQTT 8883) -> {"tempIntake": 21.73, "tempExhaust": 33.02, "humedadRack": 52.42, "tsDispositivo": "2026-09-26T17:36:51+00:00"}
[2026-09-26 12:37:21] TX Python SDK azure-iot-device (MQTT 8883) -> {"tempIntake": 21.96, "tempExhaust": 33.48, "humedadRack": 50.78, "tsDispositivo": "2026-09-26T17:37:21+00:00"}
[2026-09-26 12:37:51] TX Python SDK azure-iot-device (MQTT 8883) -> {"tempIntake": 21.81, "tempExhaust": 33.14, "humedadRack": 50.59, "tsDispositivo": "2026-09-26T17:37:51+00:00"}
[2026-09-26 12:38:21] TX Python SDK azure-iot-device (MQTT 8883) -> {"tempIntake": 22.35, "tempExhaust": 33.27, "humedadRack": 51.05, "tsDispositivo": "2026-09-26T17:38:21+00:00"}
[2026-09-26 12:38:52] TX Python SDK azure-iot-device (MQTT 8883) -> {"tempIntake": 22.26, "tempExhaust": 32.85, "humedadRack": 51.47, "tsDispositivo": "2026-09-26T17:38:51+00:00"}
[2026-09-26 12:39:22] TX Python SDK azure-iot-device (MQTT 8883) -> {"tempIntake": 22.04, "tempExhaust": 33.03, "humedadRack": 51.87, "tsDispositivo": "2026-09-26T17:39:22+00:00"}
[2026-09-26 12:39:52] TX Python SDK azure-iot-device (MQTT 8883) -> {"tempIntake": 21.88, "tempExhaust": 32.65, "humedadRack": 50.86, "tsDispositivo": "2026-09-26T17:39:52+00:00"}
[2026-09-26 12:40:22] TX Python SDK azure-iot-device (MQTT 8883) -> {"tempIntake": 22.33, "tempExhaust": 33.82, "humedadRack": 52.15, "tsDispositivo": "2026-09-26T17:40:22+00:00"}
[2026-09-26 12:40:52] TX Python SDK azure-iot-device (MQTT 8883) -> {"tempIntake": 21.91, "tempExhaust": 32.47, "humedadRack": 52.06, "tsDispositivo": "2026-09-26T17:40:52+00:00"}
[2026-09-26 12:41:23] TX Python SDK azure-iot-device (MQTT 8883) -> {"tempIntake": 21.91, "tempExhaust": 32.9, "humedadRack": 51.89, "tsDispositivo": "2026-09-26T17:41:22+00:00"}
[2026-09-26 12:41:53] TX Python SDK azure-iot-device (MQTT 8883) -> {"tempIntake": 22.33, "tempExhaust": 33.97, "humedadRack": 52.1, "tsDispositivo": "2026-09-26T17:41:53+00:00"}
[2026-09-26 12:42:23] TX Python SDK azure-iot-device (MQTT 8883) -> {"tempIntake": 21.89, "tempExhaust": 32.73, "humedadRack": 51.69, "tsDispositivo": "2026-09-26T17:42:23+00:00"}
[2026-09-26 12:42:53] TX Python SDK azure-iot-device (MQTT 8883) -> {"tempIntake": 21.83, "tempExhaust": 32.53, "humedadRack": 52.46, "tsDispositivo": "2026-09-26T17:42:53+00:00"}
[2026-09-26 12:43:23] TX Python SDK azure-iot-device (MQTT 8883) -> {"tempIntake": 22.22, "tempExhaust": 33.95, "humedadRack": 52.63, "tsDispositivo": "2026-09-26T17:43:23+00:00"}
[2026-09-26 12:43:54] TX Python SDK azure-iot-device (MQTT 8883) -> {"tempIntake": 22.12, "tempExhaust": 33.12, "humedadRack": 51.7, "tsDispositivo": "2026-09-26T17:43:53+00:00"}
[2026-09-26 12:44:24] TX Python SDK azure-iot-device (MQTT 8883) -> {"tempIntake": 22.35, "tempExhaust": 33.66, "humedadRack": 52.34, "tsDispositivo": "2026-09-26T17:44:24+00:00"}
[2026-09-26 12:44:54] TX Python SDK azure-iot-device (MQTT 8883) -> {"tempIntake": 21.86, "tempExhaust": 33.14, "humedadRack": 50.63, "tsDispositivo": "2026-09-26T17:44:54+00:00"}
[2026-09-26 12:45:24] TX Python SDK azure-iot-device (MQTT 8883) -> {"tempIntake": 21.89, "tempExhaust": 33.55, "humedadRack": 50.55, "tsDispositivo": "2026-09-26T17:45:24+00:00"}
[2026-09-26 12:45:55] TX Python SDK azure-iot-device (MQTT 8883) -> {"tempIntake": 21.98, "tempExhaust": 33.52, "humedadRack": 51.62, "tsDispositivo": "2026-09-26T17:45:54+00:00"}
[2026-09-26 12:46:25] TX Python SDK azure-iot-device (MQTT 8883) -> {"tempIntake": 21.72, "tempExhaust": 32.7, "humedadRack": 52.64, "tsDispositivo": "2026-09-26T17:46:25+00:00"}
[2026-09-26 12:46:55] TX Python SDK azure-iot-device (MQTT 8883) -> {"tempIntake": 22.36, "tempExhaust": 33.14, "humedadRack": 50.4, "tsDispositivo": "2026-09-26T17:46:55+00:00"}
[2026-09-26 12:47:25] TX Python SDK azure-iot-device (MQTT 8883) -> {"tempIntake": 21.87, "tempExhaust": 33.07, "humedadRack": 52.15, "tsDispositivo": "2026-09-26T17:47:25+00:00"}
[2026-09-26 12:47:55] TX Python SDK azure-iot-device (MQTT 8883) -> {"tempIntake": 22.25, "tempExhaust": 33.39, "humedadRack": 51.12, "tsDispositivo": "2026-09-26T17:47:55+00:00"}
[2026-09-26 12:48:26] TX Python SDK azure-iot-device (MQTT 8883) -> {"tempIntake": 22.4, "tempExhaust": 33.64, "humedadRack": 52.44, "tsDispositivo": "2026-09-26T17:48:25+00:00"}
[2026-09-26 12:48:56] TX Python SDK azure-iot-device (MQTT 8883) -> {"tempIntake": 21.78, "tempExhaust": 33.45, "humedadRack": 51.37, "tsDispositivo": "2026-09-26T17:48:56+00:00"}
[2026-09-26 12:49:27] TX Python SDK azure-iot-device (MQTT 8883) -> {"tempIntake": 22.33, "tempExhaust": 33.38, "humedadRack": 51.86, "tsDispositivo": "2026-09-26T17:49:26+00:00"}
[2026-09-26 12:49:57] TX Python SDK azure-iot-device (MQTT 8883) -> {"tempIntake": 22.12, "tempExhaust": 33.74, "humedadRack": 50.33, "tsDispositivo": "2026-09-26T17:49:57+00:00"}
[2026-09-26 12:50:27] TX Python SDK azure-iot-device (MQTT 8883) -> {"tempIntake": 21.84, "tempExhaust": 32.78, "humedadRack": 50.72, "tsDispositivo": "2026-09-26T17:50:27+00:00"}
[2026-09-26 12:50:57] TX Python SDK azure-iot-device (MQTT 8883) -> {"tempIntake": 21.71, "tempExhaust": 32.57, "humedadRack": 52.59, "tsDispositivo": "2026-09-26T17:50:57+00:00"}
[2026-09-26 12:51:27] TX Python SDK azure-iot-device (MQTT 8883) -> {"tempIntake": 22.13, "tempExhaust": 33.23, "humedadRack": 50.74, "tsDispositivo": "2026-09-26T17:51:27+00:00"}
[2026-09-26 12:51:58] TX Python SDK azure-iot-device (MQTT 8883) -> {"tempIntake": 22.02, "tempExhaust": 32.65, "humedadRack": 52.05, "tsDispositivo": "2026-09-26T17:51:57+00:00"}
[2026-09-26 12:52:28] TX Python SDK azure-iot-device (MQTT 8883) -> {"tempIntake": 22.09, "tempExhaust": 33.47, "humedadRack": 52.34, "tsDispositivo": "2026-09-26T17:52:28+00:00"}
[2026-09-26 12:52:58] TX Python SDK azure-iot-device (MQTT 8883) -> {"tempIntake": 21.93, "tempExhaust": 32.47, "humedadRack": 52.05, "tsDispositivo": "2026-09-26T17:52:58+00:00"}
[2026-09-26 12:53:28] TX Python SDK azure-iot-device (MQTT 8883) -> {"tempIntake": 21.79, "tempExhaust": 33.37, "humedadRack": 52.2, "tsDispositivo": "2026-09-26T17:53:28+00:00"}
[2026-09-26 12:53:58] TX Python SDK azure-iot-device (MQTT 8883) -> {"tempIntake": 22.04, "tempExhaust": 33.66, "humedadRack": 50.72, "tsDispositivo": "2026-09-26T17:53:58+00:00"}
[2026-09-26 12:54:29] TX Python SDK azure-iot-device (MQTT 8883) -> {"tempIntake": 21.96, "tempExhaust": 33.41, "humedadRack": 51.07, "tsDispositivo": "2026-09-26T17:54:28+00:00"}
[2026-09-26 12:54:59] TX Python SDK azure-iot-device (MQTT 8883) -> {"tempIntake": 22.19, "tempExhaust": 33.09, "humedadRack": 50.62, "tsDispositivo": "2026-09-26T17:54:59+00:00"}
[2026-09-26 12:55:29] TX Python SDK azure-iot-device (MQTT 8883) -> {"tempIntake": 22.29, "tempExhaust": 33.5, "humedadRack": 50.97, "tsDispositivo": "2026-09-26T17:55:29+00:00"}
[2026-09-26 12:55:59] TX Python SDK azure-iot-device (MQTT 8883) -> {"tempIntake": 22.28, "tempExhaust": 33.49, "humedadRack": 51.11, "tsDispositivo": "2026-09-26T17:55:59+00:00"}
[2026-09-26 12:56:30] TX Python SDK azure-iot-device (MQTT 8883) -> {"tempIntake": 22.2, "tempExhaust": 32.87, "humedadRack": 50.55, "tsDispositivo": "2026-09-26T17:56:29+00:00"}
[2026-09-26 12:57:00] TX Python SDK azure-iot-device (MQTT 8883) -> {"tempIntake": 22.17, "tempExhaust": 33.33, "humedadRack": 50.49, "tsDispositivo": "2026-09-26T17:57:00+00:00"}
[2026-09-26 12:57:30] TX Python SDK azure-iot-device (MQTT 8883) -> {"tempIntake": 21.84, "tempExhaust": 33.36, "humedadRack": 50.79, "tsDispositivo": "2026-09-26T17:57:30+00:00"}
[2026-09-26 12:58:00] TX Python SDK azure-iot-device (MQTT 8883) -> {"tempIntake": 21.88, "tempExhaust": 33.06, "humedadRack": 51.85, "tsDispositivo": "2026-09-26T17:58:00+00:00"}
[2026-09-26 12:58:30] TX Python SDK azure-iot-device (MQTT 8883) -> {"tempIntake": 22.08, "tempExhaust": 32.84, "humedadRack": 52.01, "tsDispositivo": "2026-09-26T17:58:30+00:00"}
[2026-09-26 12:59:02] TX Python SDK azure-iot-device (MQTT 8883) -> {"tempIntake": 22.11, "tempExhaust": 33.39, "humedadRack": 51.51, "tsDispositivo": "2026-09-26T17:59:00+00:00"}
[2026-09-26 12:59:33] TX Python SDK azure-iot-device (MQTT 8883) -> {"tempIntake": 22.18, "tempExhaust": 33.68, "humedadRack": 52.11, "tsDispositivo": "2026-09-26T17:59:32+00:00"}
[2026-09-26 13:00:03] TX Python SDK azure-iot-device (MQTT 8883) -> {"tempIntake": 22.21, "tempExhaust": 33.97, "humedadRack": 52.17, "tsDispositivo": "2026-09-26T18:00:03+00:00"}
[2026-09-26 13:00:33] TX Python SDK azure-iot-device (MQTT 8883) -> {"tempIntake": 22.15, "tempExhaust": 33.38, "humedadRack": 52.39, "tsDispositivo": "2026-09-26T18:00:33+00:00"}
[2026-09-26 13:01:04] TX Python SDK azure-iot-device (MQTT 8883) -> {"tempIntake": 22.21, "tempExhaust": 33.75, "humedadRack": 51.01, "tsDispositivo": "2026-09-26T18:01:04+00:00"}
[2026-09-26 13:01:34] TX Python SDK azure-iot-device (MQTT 8883) -> {"tempIntake": 22.0, "tempExhaust": 33.16, "humedadRack": 50.16, "tsDispositivo": "2026-09-26T18:01:34+00:00"}
[2026-09-26 13:02:04] TX Python SDK azure-iot-device (MQTT 8883) -> {"tempIntake": 22.19, "tempExhaust": 33.86, "humedadRack": 50.18, "tsDispositivo": "2026-09-26T18:02:04+00:00"}
[2026-09-26 13:02:34] TX Python SDK azure-iot-device (MQTT 8883) -> {"tempIntake": 22.06, "tempExhaust": 33.32, "humedadRack": 50.46, "tsDispositivo": "2026-09-26T18:02:34+00:00"}
[2026-09-26 13:03:05] TX Python SDK azure-iot-device (MQTT 8883) -> {"tempIntake": 21.97, "tempExhaust": 32.89, "humedadRack": 51.78, "tsDispositivo": "2026-09-26T18:03:04+00:00"}
[2026-09-26 13:03:35] TX Python SDK azure-iot-device (MQTT 8883) -> {"tempIntake": 22.08, "tempExhaust": 33.62, "humedadRack": 52.19, "tsDispositivo": "2026-09-26T18:03:35+00:00"}
[2026-09-26 13:04:05] TX Python SDK azure-iot-device (MQTT 8883) -> {"tempIntake": 21.97, "tempExhaust": 33.2, "humedadRack": 51.4, "tsDispositivo": "2026-09-26T18:04:05+00:00"}
[2026-09-26 13:04:36] TX Python SDK azure-iot-device (MQTT 8883) -> {"tempIntake": 21.91, "tempExhaust": 33.12, "humedadRack": 52.19, "tsDispositivo": "2026-09-26T18:04:35+00:00"}
[2026-09-26 13:05:07] TX Python SDK azure-iot-device (MQTT 8883) -> {"tempIntake": 22.22, "tempExhaust": 33.23, "humedadRack": 51.05, "tsDispositivo": "2026-09-26T18:05:07+00:00"}
[2026-09-26 13:05:37] TX Python SDK azure-iot-device (MQTT 8883) -> {"tempIntake": 22.33, "tempExhaust": 33.35, "humedadRack": 50.85, "tsDispositivo": "2026-09-26T18:05:37+00:00"}
[2026-09-26 13:06:07] TX Python SDK azure-iot-device (MQTT 8883) -> {"tempIntake": 22.05, "tempExhaust": 33.01, "humedadRack": 51.56, "tsDispositivo": "2026-09-26T18:06:07+00:00"}
[2026-09-26 13:06:37] TX Python SDK azure-iot-device (MQTT 8883) -> {"tempIntake": 22.15, "tempExhaust": 32.86, "humedadRack": 50.43, "tsDispositivo": "2026-09-26T18:06:37+00:00"}
[2026-09-26 13:07:09] TX Python SDK azure-iot-device (MQTT 8883) -> {"tempIntake": 22.24, "tempExhaust": 33.72, "humedadRack": 50.91, "tsDispositivo": "2026-09-26T18:07:07+00:00"}
[2026-09-26 13:07:41] TX Python SDK azure-iot-device (MQTT 8883) -> {"tempIntake": 22.09, "tempExhaust": 33.89, "humedadRack": 50.63, "tsDispositivo": "2026-09-26T18:07:39+00:00"}
[2026-09-26 13:08:11] TX Python SDK azure-iot-device (MQTT 8883) -> {"tempIntake": 21.8, "tempExhaust": 32.54, "humedadRack": 50.01, "tsDispositivo": "2026-09-26T18:08:11+00:00"}
[2026-09-26 13:08:42] TX Python SDK azure-iot-device (MQTT 8883) -> {"tempIntake": 21.85, "tempExhaust": 33.22, "humedadRack": 51.62, "tsDispositivo": "2026-09-26T18:08:41+00:00"}
[2026-09-26 13:09:12] TX Python SDK azure-iot-device (MQTT 8883) -> {"tempIntake": 21.75, "tempExhaust": 33.21, "humedadRack": 49.95, "tsDispositivo": "2026-09-26T18:09:12+00:00"}
[2026-09-26 13:09:42] TX Python SDK azure-iot-device (MQTT 8883) -> {"tempIntake": 22.02, "tempExhaust": 33.71, "humedadRack": 51.52, "tsDispositivo": "2026-09-26T18:09:42+00:00"}
[2026-09-26 13:10:12] TX Python SDK azure-iot-device (MQTT 8883) -> {"tempIntake": 21.72, "tempExhaust": 32.29, "humedadRack": 50.38, "tsDispositivo": "2026-09-26T18:10:12+00:00"}
[2026-09-26 13:10:42] TX Python SDK azure-iot-device (MQTT 8883) -> {"tempIntake": 22.35, "tempExhaust": 33.81, "humedadRack": 51.79, "tsDispositivo": "2026-09-26T18:10:42+00:00"}
[2026-09-26 13:11:13] TX Python SDK azure-iot-device (MQTT 8883) -> {"tempIntake": 21.92, "tempExhaust": 33.16, "humedadRack": 51.37, "tsDispositivo": "2026-09-26T18:11:12+00:00"}
[2026-09-26 13:11:43] TX Python SDK azure-iot-device (MQTT 8883) -> {"tempIntake": 22.2, "tempExhaust": 33.27, "humedadRack": 50.78, "tsDispositivo": "2026-09-26T18:11:43+00:00"}
[2026-09-26 13:12:13] TX Python SDK azure-iot-device (MQTT 8883) -> {"tempIntake": 22.03, "tempExhaust": 32.96, "humedadRack": 51.84, "tsDispositivo": "2026-09-26T18:12:13+00:00"}
[2026-09-26 13:12:43] TX Python SDK azure-iot-device (MQTT 8883) -> {"tempIntake": 22.03, "tempExhaust": 33.59, "humedadRack": 49.82, "tsDispositivo": "2026-09-26T18:12:43+00:00"}
[2026-09-26 13:13:13] TX Python SDK azure-iot-device (MQTT 8883) -> {"tempIntake": 22.35, "tempExhaust": 33.03, "humedadRack": 50.61, "tsDispositivo": "2026-09-26T18:13:13+00:00"}
[2026-09-26 13:13:44] TX Python SDK azure-iot-device (MQTT 8883) -> {"tempIntake": 21.84, "tempExhaust": 33.64, "humedadRack": 50.86, "tsDispositivo": "2026-09-26T18:13:43+00:00"}
[2026-09-26 13:14:14] TX Python SDK azure-iot-device (MQTT 8883) -> {"tempIntake": 21.92, "tempExhaust": 33.44, "humedadRack": 51.91, "tsDispositivo": "2026-09-26T18:14:14+00:00"}
[2026-09-26 13:14:44] TX Python SDK azure-iot-device (MQTT 8883) -> {"tempIntake": 22.08, "tempExhaust": 33.08, "humedadRack": 50.62, "tsDispositivo": "2026-09-26T18:14:44+00:00"}
[2026-09-26 13:15:14] TX Python SDK azure-iot-device (MQTT 8883) -> {"tempIntake": 22.26, "tempExhaust": 33.12, "humedadRack": 50.63, "tsDispositivo": "2026-09-26T18:15:14+00:00"}
[2026-09-26 13:15:44] TX Python SDK azure-iot-device (MQTT 8883) -> {"tempIntake": 22.0, "tempExhaust": 33.48, "humedadRack": 50.06, "tsDispositivo": "2026-09-26T18:15:44+00:00"}
[2026-09-26 13:16:15] TX Python SDK azure-iot-device (MQTT 8883) -> {"tempIntake": 22.28, "tempExhaust": 33.49, "humedadRack": 50.8, "tsDispositivo": "2026-09-26T18:16:14+00:00"}
[2026-09-26 13:16:45] TX Python SDK azure-iot-device (MQTT 8883) -> {"tempIntake": 22.19, "tempExhaust": 32.85, "humedadRack": 51.39, "tsDispositivo": "2026-09-26T18:16:45+00:00"}
[2026-09-26 13:17:15] TX Python SDK azure-iot-device (MQTT 8883) -> {"tempIntake": 22.32, "tempExhaust": 33.85, "humedadRack": 50.42, "tsDispositivo": "2026-09-26T18:17:15+00:00"}
[2026-09-26 13:17:45] TX Python SDK azure-iot-device (MQTT 8883) -> {"tempIntake": 21.7, "tempExhaust": 32.87, "humedadRack": 49.94, "tsDispositivo": "2026-09-26T18:17:45+00:00"}
[2026-09-26 13:18:15] TX Python SDK azure-iot-device (MQTT 8883) -> {"tempIntake": 22.17, "tempExhaust": 32.89, "humedadRack": 51.19, "tsDispositivo": "2026-09-26T18:18:15+00:00"}
[2026-09-26 13:18:46] TX Python SDK azure-iot-device (MQTT 8883) -> {"tempIntake": 21.98, "tempExhaust": 33.39, "humedadRack": 51.52, "tsDispositivo": "2026-09-26T18:18:45+00:00"}
[2026-09-26 13:19:16] TX Python SDK azure-iot-device (MQTT 8883) -> {"tempIntake": 22.01, "tempExhaust": 33.62, "humedadRack": 49.79, "tsDispositivo": "2026-09-26T18:19:16+00:00"}
[2026-09-26 13:19:46] TX Python SDK azure-iot-device (MQTT 8883) -> {"tempIntake": 21.94, "tempExhaust": 32.48, "humedadRack": 49.87, "tsDispositivo": "2026-09-26T18:19:46+00:00"}
[2026-09-26 13:20:16] TX Python SDK azure-iot-device (MQTT 8883) -> {"tempIntake": 21.88, "tempExhaust": 32.5, "humedadRack": 50.13, "tsDispositivo": "2026-09-26T18:20:16+00:00"}
[2026-09-26 13:20:47] TX Python SDK azure-iot-device (MQTT 8883) -> {"tempIntake": 21.88, "tempExhaust": 33.21, "humedadRack": 50.19, "tsDispositivo": "2026-09-26T18:20:46+00:00"}
[2026-09-26 13:21:17] TX Python SDK azure-iot-device (MQTT 8883) -> {"tempIntake": 21.94, "tempExhaust": 33.03, "humedadRack": 51.88, "tsDispositivo": "2026-09-26T18:21:17+00:00"}
[2026-09-26 13:21:47] TX Python SDK azure-iot-device (MQTT 8883) -> {"tempIntake": 21.97, "tempExhaust": 32.97, "humedadRack": 50.62, "tsDispositivo": "2026-09-26T18:21:47+00:00"}
[2026-09-26 13:22:17] TX Python SDK azure-iot-device (MQTT 8883) -> {"tempIntake": 22.34, "tempExhaust": 33.91, "humedadRack": 50.86, "tsDispositivo": "2026-09-26T18:22:17+00:00"}
[2026-09-26 13:22:47] TX Python SDK azure-iot-device (MQTT 8883) -> {"tempIntake": 22.25, "tempExhaust": 33.82, "humedadRack": 49.7, "tsDispositivo": "2026-09-26T18:22:47+00:00"}
[2026-09-26 13:23:18] TX Python SDK azure-iot-device (MQTT 8883) -> {"tempIntake": 22.16, "tempExhaust": 32.82, "humedadRack": 51.68, "tsDispositivo": "2026-09-26T18:23:17+00:00"}
[2026-09-26 13:23:48] TX Python SDK azure-iot-device (MQTT 8883) -> {"tempIntake": 22.07, "tempExhaust": 33.51, "humedadRack": 50.81, "tsDispositivo": "2026-09-26T18:23:48+00:00"}
[2026-09-26 13:24:18] TX Python SDK azure-iot-device (MQTT 8883) -> {"tempIntake": 21.98, "tempExhaust": 33.06, "humedadRack": 51.73, "tsDispositivo": "2026-09-26T18:24:18+00:00"}
[2026-09-26 13:24:48] TX Python SDK azure-iot-device (MQTT 8883) -> {"tempIntake": 21.88, "tempExhaust": 32.91, "humedadRack": 50.23, "tsDispositivo": "2026-09-26T18:24:48+00:00"}
[2026-09-26 13:25:18] TX Python SDK azure-iot-device (MQTT 8883) -> {"tempIntake": 21.74, "tempExhaust": 33.26, "humedadRack": 51.55, "tsDispositivo": "2026-09-26T18:25:18+00:00"}
[2026-09-26 13:25:49] TX Python SDK azure-iot-device (MQTT 8883) -> {"tempIntake": 22.1, "tempExhaust": 33.55, "humedadRack": 51.07, "tsDispositivo": "2026-09-26T18:25:48+00:00"}
[2026-09-26 13:26:19] TX Python SDK azure-iot-device (MQTT 8883) -> {"tempIntake": 21.85, "tempExhaust": 33.34, "humedadRack": 50.12, "tsDispositivo": "2026-09-26T18:26:19+00:00"}
[2026-09-26 13:26:49] TX Python SDK azure-iot-device (MQTT 8883) -> {"tempIntake": 21.84, "tempExhaust": 32.91, "humedadRack": 50.22, "tsDispositivo": "2026-09-26T18:26:49+00:00"}
[2026-09-26 13:27:19] TX Python SDK azure-iot-device (MQTT 8883) -> {"tempIntake": 22.11, "tempExhaust": 33.34, "humedadRack": 51.33, "tsDispositivo": "2026-09-26T18:27:19+00:00"}
[2026-09-26 13:27:49] TX Python SDK azure-iot-device (MQTT 8883) -> {"tempIntake": 21.7, "tempExhaust": 32.83, "humedadRack": 51.75, "tsDispositivo": "2026-09-26T18:27:49+00:00"}
[2026-09-26 13:28:20] TX Python SDK azure-iot-device (MQTT 8883) -> {"tempIntake": 22.16, "tempExhaust": 33.77, "humedadRack": 50.78, "tsDispositivo": "2026-09-26T18:28:19+00:00"}
[2026-09-26 13:28:50] TX Python SDK azure-iot-device (MQTT 8883) -> {"tempIntake": 21.84, "tempExhaust": 32.62, "humedadRack": 49.6, "tsDispositivo": "2026-09-26T18:28:50+00:00"}
[2026-09-26 13:29:20] TX Python SDK azure-iot-device (MQTT 8883) -> {"tempIntake": 22.22, "tempExhaust": 32.99, "humedadRack": 50.83, "tsDispositivo": "2026-09-26T18:29:20+00:00"}
[2026-09-26 13:29:50] TX Python SDK azure-iot-device (MQTT 8883) -> {"tempIntake": 22.07, "tempExhaust": 33.63, "humedadRack": 50.0, "tsDispositivo": "2026-09-26T18:29:50+00:00"}
[2026-09-26 13:30:20] TX Python SDK azure-iot-device (MQTT 8883) -> {"tempIntake": 22.28, "tempExhaust": 33.52, "humedadRack": 49.79, "tsDispositivo": "2026-09-26T18:30:20+00:00"}
[2026-09-26 13:30:51] TX Python SDK azure-iot-device (MQTT 8883) -> {"tempIntake": 22.14, "tempExhaust": 32.95, "humedadRack": 49.54, "tsDispositivo": "2026-09-26T18:30:50+00:00"}
[2026-09-26 13:31:21] TX Python SDK azure-iot-device (MQTT 8883) -> {"tempIntake": 21.76, "tempExhaust": 32.81, "humedadRack": 50.19, "tsDispositivo": "2026-09-26T18:31:21+00:00"}
[2026-09-26 13:31:51] TX Python SDK azure-iot-device (MQTT 8883) -> {"tempIntake": 22.37, "tempExhaust": 33.96, "humedadRack": 51.53, "tsDispositivo": "2026-09-26T18:31:51+00:00"}
[2026-09-26 13:32:21] TX Python SDK azure-iot-device (MQTT 8883) -> {"tempIntake": 21.93, "tempExhaust": 33.04, "humedadRack": 51.35, "tsDispositivo": "2026-09-26T18:32:21+00:00"}
[2026-09-26 13:32:51] TX Python SDK azure-iot-device (MQTT 8883) -> {"tempIntake": 22.27, "tempExhaust": 33.8, "humedadRack": 50.56, "tsDispositivo": "2026-09-26T18:32:51+00:00"}
[2026-09-26 13:33:22] TX Python SDK azure-iot-device (MQTT 8883) -> {"tempIntake": 22.06, "tempExhaust": 33.03, "humedadRack": 51.04, "tsDispositivo": "2026-09-26T18:33:21+00:00"}
[2026-09-26 13:33:53] TX Python SDK azure-iot-device (MQTT 8883) -> {"tempIntake": 22.02, "tempExhaust": 33.56, "humedadRack": 49.5, "tsDispositivo": "2026-09-26T18:33:52+00:00"}
[2026-09-26 13:34:23] TX Python SDK azure-iot-device (MQTT 8883) -> {"tempIntake": 22.28, "tempExhaust": 33.97, "humedadRack": 51.16, "tsDispositivo": "2026-09-26T18:34:23+00:00"}
[2026-09-26 13:34:54] TX Python SDK azure-iot-device (MQTT 8883) -> {"tempIntake": 22.26, "tempExhaust": 32.9, "humedadRack": 50.63, "tsDispositivo": "2026-09-26T18:34:54+00:00"}
[2026-09-26 13:35:25] TX Python SDK azure-iot-device (MQTT 8883) -> {"tempIntake": 21.88, "tempExhaust": 32.83, "humedadRack": 50.38, "tsDispositivo": "2026-09-26T18:35:24+00:00"}
[2026-09-26 13:35:57] TX Python SDK azure-iot-device (MQTT 8883) -> {"tempIntake": 21.92, "tempExhaust": 32.71, "humedadRack": 50.57, "tsDispositivo": "2026-09-26T18:35:57+00:00"}
[2026-09-26 13:36:30] TX Python SDK azure-iot-device (MQTT 8883) -> {"tempIntake": 22.18, "tempExhaust": 33.13, "humedadRack": 49.38, "tsDispositivo": "2026-09-26T18:36:29+00:00"}
[2026-09-26 13:37:01] TX Python SDK azure-iot-device (MQTT 8883) -> {"tempIntake": 22.43, "tempExhaust": 33.1, "humedadRack": 49.9, "tsDispositivo": "2026-09-26T18:37:00+00:00"}
[2026-09-26 13:37:32] TX Python SDK azure-iot-device (MQTT 8883) -> {"tempIntake": 21.74, "tempExhaust": 33.01, "humedadRack": 51.45, "tsDispositivo": "2026-09-26T18:37:31+00:00"}
[2026-09-26 13:38:02] TX Python SDK azure-iot-device (MQTT 8883) -> {"tempIntake": 21.96, "tempExhaust": 32.82, "humedadRack": 49.85, "tsDispositivo": "2026-09-26T18:38:02+00:00"}
[2026-09-26 13:38:32] TX Python SDK azure-iot-device (MQTT 8883) -> {"tempIntake": 21.87, "tempExhaust": 32.55, "humedadRack": 49.69, "tsDispositivo": "2026-09-26T18:38:32+00:00"}
[2026-09-26 13:39:03] TX Python SDK azure-iot-device (MQTT 8883) -> {"tempIntake": 22.33, "tempExhaust": 33.56, "humedadRack": 50.53, "tsDispositivo": "2026-09-26T18:39:02+00:00"}
[2026-09-26 13:39:33] TX Python SDK azure-iot-device (MQTT 8883) -> {"tempIntake": 22.25, "tempExhaust": 33.75, "humedadRack": 49.25, "tsDispositivo": "2026-09-26T18:39:33+00:00"}
[2026-09-26 13:40:03] TX Python SDK azure-iot-device (MQTT 8883) -> {"tempIntake": 22.34, "tempExhaust": 33.03, "humedadRack": 50.21, "tsDispositivo": "2026-09-26T18:40:03+00:00"}
[2026-09-26 13:40:33] TX Python SDK azure-iot-device (MQTT 8883) -> {"tempIntake": 22.31, "tempExhaust": 33.64, "humedadRack": 49.51, "tsDispositivo": "2026-09-26T18:40:33+00:00"}
[2026-09-26 13:41:03] TX Python SDK azure-iot-device (MQTT 8883) -> {"tempIntake": 22.19, "tempExhaust": 33.54, "humedadRack": 49.47, "tsDispositivo": "2026-09-26T18:41:03+00:00"}
[2026-09-26 13:41:34] TX Python SDK azure-iot-device (MQTT 8883) -> {"tempIntake": 22.03, "tempExhaust": 33.05, "humedadRack": 51.59, "tsDispositivo": "2026-09-26T18:41:33+00:00"}
[2026-09-26 13:42:04] TX Python SDK azure-iot-device (MQTT 8883) -> {"tempIntake": 21.78, "tempExhaust": 32.58, "humedadRack": 50.31, "tsDispositivo": "2026-09-26T18:42:04+00:00"}
[2026-09-26 13:42:34] TX Python SDK azure-iot-device (MQTT 8883) -> {"tempIntake": 21.7, "tempExhaust": 32.94, "humedadRack": 49.58, "tsDispositivo": "2026-09-26T18:42:34+00:00"}
[2026-09-26 13:43:04] TX Python SDK azure-iot-device (MQTT 8883) -> {"tempIntake": 21.79, "tempExhaust": 32.85, "humedadRack": 50.79, "tsDispositivo": "2026-09-26T18:43:04+00:00"}
[2026-09-26 13:43:34] TX Python SDK azure-iot-device (MQTT 8883) -> {"tempIntake": 22.21, "tempExhaust": 33.0, "humedadRack": 50.26, "tsDispositivo": "2026-09-26T18:43:34+00:00"}
[2026-09-26 13:44:04] TX Python SDK azure-iot-device (MQTT 8883) -> {"tempIntake": 22.37, "tempExhaust": 33.21, "humedadRack": 51.33, "tsDispositivo": "2026-09-26T18:44:04+00:00"}
[2026-09-26 13:44:35] TX Python SDK azure-iot-device (MQTT 8883) -> {"tempIntake": 22.19, "tempExhaust": 33.52, "humedadRack": 50.77, "tsDispositivo": "2026-09-26T18:44:34+00:00"}
[2026-09-26 13:45:05] TX Python SDK azure-iot-device (MQTT 8883) -> {"tempIntake": 22.29, "tempExhaust": 33.88, "humedadRack": 49.42, "tsDispositivo": "2026-09-26T18:45:05+00:00"}
[2026-09-26 13:45:35] TX Python SDK azure-iot-device (MQTT 8883) -> {"tempIntake": 22.28, "tempExhaust": 33.57, "humedadRack": 50.77, "tsDispositivo": "2026-09-26T18:45:35+00:00"}
[2026-09-26 13:46:05] TX Python SDK azure-iot-device (MQTT 8883) -> {"tempIntake": 21.86, "tempExhaust": 32.7, "humedadRack": 50.21, "tsDispositivo": "2026-09-26T18:46:05+00:00"}
[2026-09-26 13:46:35] TX Python SDK azure-iot-device (MQTT 8883) -> {"tempIntake": 22.05, "tempExhaust": 33.68, "humedadRack": 49.28, "tsDispositivo": "2026-09-26T18:46:35+00:00"}
[2026-09-26 13:47:06] TX Python SDK azure-iot-device (MQTT 8883) -> {"tempIntake": 22.39, "tempExhaust": 33.85, "humedadRack": 49.39, "tsDispositivo": "2026-09-26T18:47:05+00:00"}
[2026-09-26 13:47:36] TX Python SDK azure-iot-device (MQTT 8883) -> {"tempIntake": 22.25, "tempExhaust": 33.62, "humedadRack": 51.27, "tsDispositivo": "2026-09-26T18:47:36+00:00"}
[2026-09-26 13:48:06] TX Python SDK azure-iot-device (MQTT 8883) -> {"tempIntake": 22.09, "tempExhaust": 33.64, "humedadRack": 51.34, "tsDispositivo": "2026-09-26T18:48:06+00:00"}
[2026-09-26 13:48:36] TX Python SDK azure-iot-device (MQTT 8883) -> {"tempIntake": 21.92, "tempExhaust": 33.18, "humedadRack": 49.93, "tsDispositivo": "2026-09-26T18:48:36+00:00"}
[2026-09-26 13:49:06] TX Python SDK azure-iot-device (MQTT 8883) -> {"tempIntake": 22.04, "tempExhaust": 32.96, "humedadRack": 49.35, "tsDispositivo": "2026-09-26T18:49:06+00:00"}
[2026-09-26 13:49:37] TX Python SDK azure-iot-device (MQTT 8883) -> {"tempIntake": 22.13, "tempExhaust": 32.71, "humedadRack": 51.21, "tsDispositivo": "2026-09-26T18:49:36+00:00"}
[2026-09-26 13:50:07] TX Python SDK azure-iot-device (MQTT 8883) -> {"tempIntake": 21.84, "tempExhaust": 32.62, "humedadRack": 50.31, "tsDispositivo": "2026-09-26T18:50:07+00:00"}
[2026-09-26 13:50:37] TX Python SDK azure-iot-device (MQTT 8883) -> {"tempIntake": 22.11, "tempExhaust": 33.58, "humedadRack": 49.27, "tsDispositivo": "2026-09-26T18:50:37+00:00"}
[2026-09-26 13:51:07] TX Python SDK azure-iot-device (MQTT 8883) -> {"tempIntake": 21.95, "tempExhaust": 32.75, "humedadRack": 50.45, "tsDispositivo": "2026-09-26T18:51:07+00:00"}
[2026-09-26 13:51:38] TX Python SDK azure-iot-device (MQTT 8883) -> {"tempIntake": 21.79, "tempExhaust": 33.23, "humedadRack": 50.91, "tsDispositivo": "2026-09-26T18:51:37+00:00"}
[2026-09-26 13:52:08] TX Python SDK azure-iot-device (MQTT 8883) -> {"tempIntake": 21.83, "tempExhaust": 32.71, "humedadRack": 50.9, "tsDispositivo": "2026-09-26T18:52:08+00:00"}
[2026-09-26 13:52:40] TX Python SDK azure-iot-device (MQTT 8883) -> {"tempIntake": 21.9, "tempExhaust": 32.76, "humedadRack": 50.36, "tsDispositivo": "2026-09-26T18:52:39+00:00"}
[2026-09-26 13:53:10] TX Python SDK azure-iot-device (MQTT 8883) -> {"tempIntake": 21.92, "tempExhaust": 33.22, "humedadRack": 49.33, "tsDispositivo": "2026-09-26T18:53:10+00:00"}
[2026-09-26 13:53:40] TX Python SDK azure-iot-device (MQTT 8883) -> {"tempIntake": 21.95, "tempExhaust": 32.93, "humedadRack": 49.49, "tsDispositivo": "2026-09-26T18:53:40+00:00"}
[2026-09-26 13:54:11] TX Python SDK azure-iot-device (MQTT 8883) -> {"tempIntake": 21.96, "tempExhaust": 32.89, "humedadRack": 49.01, "tsDispositivo": "2026-09-26T18:54:10+00:00"}
[2026-09-26 13:54:41] TX Python SDK azure-iot-device (MQTT 8883) -> {"tempIntake": 22.13, "tempExhaust": 33.55, "humedadRack": 50.35, "tsDispositivo": "2026-09-26T18:54:41+00:00"}
[2026-09-26 13:55:11] TX Python SDK azure-iot-device (MQTT 8883) -> {"tempIntake": 22.05, "tempExhaust": 33.76, "humedadRack": 51.29, "tsDispositivo": "2026-09-26T18:55:11+00:00"}
[2026-09-26 13:55:41] TX Python SDK azure-iot-device (MQTT 8883) -> {"tempIntake": 22.41, "tempExhaust": 33.83, "humedadRack": 50.29, "tsDispositivo": "2026-09-26T18:55:41+00:00"}
[2026-09-26 13:56:11] TX Python SDK azure-iot-device (MQTT 8883) -> {"tempIntake": 22.39, "tempExhaust": 33.83, "humedadRack": 50.4, "tsDispositivo": "2026-09-26T18:56:11+00:00"}
[2026-09-26 13:56:42] TX Python SDK azure-iot-device (MQTT 8883) -> {"tempIntake": 22.15, "tempExhaust": 33.51, "humedadRack": 50.94, "tsDispositivo": "2026-09-26T18:56:41+00:00"}
[2026-09-26 13:57:12] TX Python SDK azure-iot-device (MQTT 8883) -> {"tempIntake": 21.76, "tempExhaust": 33.34, "humedadRack": 50.29, "tsDispositivo": "2026-09-26T18:57:12+00:00"}
[2026-09-26 13:57:42] TX Python SDK azure-iot-device (MQTT 8883) -> {"tempIntake": 22.26, "tempExhaust": 33.32, "humedadRack": 50.99, "tsDispositivo": "2026-09-26T18:57:42+00:00"}
[2026-09-26 13:58:13] TX Python SDK azure-iot-device (MQTT 8883) -> {"tempIntake": 22.06, "tempExhaust": 32.85, "humedadRack": 50.59, "tsDispositivo": "2026-09-26T18:58:13+00:00"}
[2026-09-26 13:58:43] TX Python SDK azure-iot-device (MQTT 8883) -> {"tempIntake": 22.08, "tempExhaust": 32.96, "humedadRack": 50.61, "tsDispositivo": "2026-09-26T18:58:43+00:00"}
[2026-09-26 13:59:13] TX Python SDK azure-iot-device (MQTT 8883) -> {"tempIntake": 21.82, "tempExhaust": 32.83, "humedadRack": 50.74, "tsDispositivo": "2026-09-26T18:59:13+00:00"}
[2026-09-26 13:59:43] TX Python SDK azure-iot-device (MQTT 8883) -> {"tempIntake": 21.71, "tempExhaust": 33.25, "humedadRack": 49.76, "tsDispositivo": "2026-09-26T18:59:43+00:00"}
[2026-09-26 14:00:14] TX Python SDK azure-iot-device (MQTT 8883) -> {"tempIntake": 21.98, "tempExhaust": 33.09, "humedadRack": 51.07, "tsDispositivo": "2026-09-26T19:00:13+00:00"}
[2026-09-26 14:00:44] TX Python SDK azure-iot-device (MQTT 8883) -> {"tempIntake": 22.22, "tempExhaust": 33.57, "humedadRack": 50.21, "tsDispositivo": "2026-09-26T19:00:44+00:00"}
[2026-09-26 14:01:14] TX Python SDK azure-iot-device (MQTT 8883) -> {"tempIntake": 22.25, "tempExhaust": 33.82, "humedadRack": 49.0, "tsDispositivo": "2026-09-26T19:01:14+00:00"}
[2026-09-26 14:01:44] TX Python SDK azure-iot-device (MQTT 8883) -> {"tempIntake": 21.94, "tempExhaust": 33.71, "humedadRack": 50.38, "tsDispositivo": "2026-09-26T19:01:44+00:00"}
[2026-09-26 14:02:14] TX Python SDK azure-iot-device (MQTT 8883) -> {"tempIntake": 21.91, "tempExhaust": 33.15, "humedadRack": 48.9, "tsDispositivo": "2026-09-26T19:02:14+00:00"}
[2026-09-26 14:02:45] TX Python SDK azure-iot-device (MQTT 8883) -> {"tempIntake": 21.81, "tempExhaust": 32.57, "humedadRack": 48.85, "tsDispositivo": "2026-09-26T19:02:44+00:00"}
[2026-09-26 14:03:15] TX Python SDK azure-iot-device (MQTT 8883) -> {"tempIntake": 22.19, "tempExhaust": 33.2, "humedadRack": 49.08, "tsDispositivo": "2026-09-26T19:03:15+00:00"}
[2026-09-26 14:03:45] TX Python SDK azure-iot-device (MQTT 8883) -> {"tempIntake": 22.16, "tempExhaust": 33.35, "humedadRack": 50.28, "tsDispositivo": "2026-09-26T19:03:45+00:00"}
[2026-09-26 14:04:15] TX Python SDK azure-iot-device (MQTT 8883) -> {"tempIntake": 22.21, "tempExhaust": 33.05, "humedadRack": 49.83, "tsDispositivo": "2026-09-26T19:04:15+00:00"}
[2026-09-26 14:04:45] TX Python SDK azure-iot-device (MQTT 8883) -> {"tempIntake": 21.92, "tempExhaust": 32.94, "humedadRack": 50.5, "tsDispositivo": "2026-09-26T19:04:45+00:00"}
[2026-09-26 14:05:16] TX Python SDK azure-iot-device (MQTT 8883) -> {"tempIntake": 22.33, "tempExhaust": 34.06, "humedadRack": 50.68, "tsDispositivo": "2026-09-26T19:05:15+00:00"}
[2026-09-26 14:05:46] TX Python SDK azure-iot-device (MQTT 8883) -> {"tempIntake": 22.13, "tempExhaust": 33.63, "humedadRack": 48.92, "tsDispositivo": "2026-09-26T19:05:46+00:00"}
[2026-09-26 14:06:16] TX Python SDK azure-iot-device (MQTT 8883) -> {"tempIntake": 21.89, "tempExhaust": 32.56, "humedadRack": 50.37, "tsDispositivo": "2026-09-26T19:06:16+00:00"}
[2026-09-26 14:06:46] TX Python SDK azure-iot-device (MQTT 8883) -> {"tempIntake": 21.82, "tempExhaust": 32.91, "humedadRack": 48.93, "tsDispositivo": "2026-09-26T19:06:46+00:00"}
[2026-09-26 14:07:16] TX Python SDK azure-iot-device (MQTT 8883) -> {"tempIntake": 21.92, "tempExhaust": 32.98, "humedadRack": 50.72, "tsDispositivo": "2026-09-26T19:07:16+00:00"}
[2026-09-26 14:07:47] TX Python SDK azure-iot-device (MQTT 8883) -> {"tempIntake": 21.83, "tempExhaust": 33.14, "humedadRack": 49.02, "tsDispositivo": "2026-09-26T19:07:46+00:00"}
[2026-09-26 14:08:17] TX Python SDK azure-iot-device (MQTT 8883) -> {"tempIntake": 22.07, "tempExhaust": 33.11, "humedadRack": 49.71, "tsDispositivo": "2026-09-26T19:08:17+00:00"}
[2026-09-26 14:08:47] TX Python SDK azure-iot-device (MQTT 8883) -> {"tempIntake": 22.43, "tempExhaust": 33.26, "humedadRack": 48.64, "tsDispositivo": "2026-09-26T19:08:47+00:00"}
[2026-09-26 14:09:17] TX Python SDK azure-iot-device (MQTT 8883) -> {"tempIntake": 22.04, "tempExhaust": 33.23, "humedadRack": 49.33, "tsDispositivo": "2026-09-26T19:09:17+00:00"}
[2026-09-26 14:09:48] TX Python SDK azure-iot-device (MQTT 8883) -> {"tempIntake": 21.72, "tempExhaust": 32.54, "humedadRack": 49.05, "tsDispositivo": "2026-09-26T19:09:47+00:00"}
[2026-09-26 14:10:18] TX Python SDK azure-iot-device (MQTT 8883) -> {"tempIntake": 21.74, "tempExhaust": 33.33, "humedadRack": 50.2, "tsDispositivo": "2026-09-26T19:10:18+00:00"}
[2026-09-26 14:10:48] TX Python SDK azure-iot-device (MQTT 8883) -> {"tempIntake": 22.38, "tempExhaust": 33.48, "humedadRack": 48.86, "tsDispositivo": "2026-09-26T19:10:48+00:00"}
[2026-09-26 14:11:18] TX Python SDK azure-iot-device (MQTT 8883) -> {"tempIntake": 22.43, "tempExhaust": 33.78, "humedadRack": 48.72, "tsDispositivo": "2026-09-26T19:11:18+00:00"}
[2026-09-26 14:11:49] TX Python SDK azure-iot-device (MQTT 8883) -> {"tempIntake": 21.85, "tempExhaust": 32.57, "humedadRack": 50.35, "tsDispositivo": "2026-09-26T19:11:48+00:00"}
[2026-09-26 14:12:19] TX Python SDK azure-iot-device (MQTT 8883) -> {"tempIntake": 22.41, "tempExhaust": 33.45, "humedadRack": 49.6, "tsDispositivo": "2026-09-26T19:12:19+00:00"}
[2026-09-26 14:12:49] TX Python SDK azure-iot-device (MQTT 8883) -> {"tempIntake": 22.0, "tempExhaust": 33.36, "humedadRack": 49.9, "tsDispositivo": "2026-09-26T19:12:49+00:00"}
[2026-09-26 14:13:19] TX Python SDK azure-iot-device (MQTT 8883) -> {"tempIntake": 21.92, "tempExhaust": 33.62, "humedadRack": 48.8, "tsDispositivo": "2026-09-26T19:13:19+00:00"}
[2026-09-26 14:13:52] TX Python SDK azure-iot-device (MQTT 8883) -> {"tempIntake": 21.81, "tempExhaust": 33.5, "humedadRack": 49.71, "tsDispositivo": "2026-09-26T19:13:49+00:00"}
[2026-09-26 14:14:22] TX Python SDK azure-iot-device (MQTT 8883) -> {"tempIntake": 22.39, "tempExhaust": 34.04, "humedadRack": 49.03, "tsDispositivo": "2026-09-26T19:14:22+00:00"}
[2026-09-26 14:14:52] TX Python SDK azure-iot-device (MQTT 8883) -> {"tempIntake": 22.14, "tempExhaust": 33.19, "humedadRack": 49.27, "tsDispositivo": "2026-09-26T19:14:52+00:00"}
[2026-09-26 14:15:22] TX Python SDK azure-iot-device (MQTT 8883) -> {"tempIntake": 22.09, "tempExhaust": 33.02, "humedadRack": 50.59, "tsDispositivo": "2026-09-26T19:15:22+00:00"}
[2026-09-26 14:15:52] TX Python SDK azure-iot-device (MQTT 8883) -> {"tempIntake": 22.3, "tempExhaust": 33.88, "humedadRack": 48.64, "tsDispositivo": "2026-09-26T19:15:52+00:00"}
[2026-09-26 14:16:23] TX Python SDK azure-iot-device (MQTT 8883) -> {"tempIntake": 21.97, "tempExhaust": 33.63, "humedadRack": 49.26, "tsDispositivo": "2026-09-26T19:16:22+00:00"}
[2026-09-26 14:16:53] TX Python SDK azure-iot-device (MQTT 8883) -> {"tempIntake": 22.14, "tempExhaust": 33.31, "humedadRack": 49.31, "tsDispositivo": "2026-09-26T19:16:53+00:00"}
[2026-09-26 14:17:24] TX Python SDK azure-iot-device (MQTT 8883) -> {"tempIntake": 22.15, "tempExhaust": 33.37, "humedadRack": 49.31, "tsDispositivo": "2026-09-26T19:17:23+00:00"}
[2026-09-26 14:17:54] TX Python SDK azure-iot-device (MQTT 8883) -> {"tempIntake": 22.05, "tempExhaust": 32.78, "humedadRack": 49.67, "tsDispositivo": "2026-09-26T19:17:54+00:00"}
[2026-09-26 14:18:25] TX Python SDK azure-iot-device (MQTT 8883) -> {"tempIntake": 22.08, "tempExhaust": 32.78, "humedadRack": 49.61, "tsDispositivo": "2026-09-26T19:18:24+00:00"}
[2026-09-26 14:18:55] TX Python SDK azure-iot-device (MQTT 8883) -> {"tempIntake": 22.13, "tempExhaust": 33.18, "humedadRack": 48.62, "tsDispositivo": "2026-09-26T19:18:55+00:00"}
[2026-09-26 14:19:26] TX Python SDK azure-iot-device (MQTT 8883) -> {"tempIntake": 22.14, "tempExhaust": 33.04, "humedadRack": 50.45, "tsDispositivo": "2026-09-26T19:19:25+00:00"}
[2026-09-26 14:19:57] TX Python SDK azure-iot-device (MQTT 8883) -> {"tempIntake": 22.14, "tempExhaust": 33.9, "humedadRack": 49.23, "tsDispositivo": "2026-09-26T19:19:56+00:00"}
[2026-09-26 14:20:27] TX Python SDK azure-iot-device (MQTT 8883) -> {"tempIntake": 22.06, "tempExhaust": 33.11, "humedadRack": 48.64, "tsDispositivo": "2026-09-26T19:20:27+00:00"}
[2026-09-26 14:20:57] TX Python SDK azure-iot-device (MQTT 8883) -> {"tempIntake": 22.14, "tempExhaust": 32.85, "humedadRack": 49.39, "tsDispositivo": "2026-09-26T19:20:57+00:00"}
[2026-09-26 14:21:27] TX Python SDK azure-iot-device (MQTT 8883) -> {"tempIntake": 22.12, "tempExhaust": 33.77, "humedadRack": 48.7, "tsDispositivo": "2026-09-26T19:21:27+00:00"}
[2026-09-26 14:21:58] TX Python SDK azure-iot-device (MQTT 8883) -> {"tempIntake": 21.93, "tempExhaust": 32.78, "humedadRack": 49.27, "tsDispositivo": "2026-09-26T19:21:57+00:00"}
[2026-09-26 14:22:28] TX Python SDK azure-iot-device (MQTT 8883) -> {"tempIntake": 22.05, "tempExhaust": 32.79, "humedadRack": 50.51, "tsDispositivo": "2026-09-26T19:22:28+00:00"}
[2026-09-26 14:22:58] TX Python SDK azure-iot-device (MQTT 8883) -> {"tempIntake": 21.82, "tempExhaust": 32.77, "humedadRack": 48.68, "tsDispositivo": "2026-09-26T19:22:58+00:00"}
[2026-09-26 14:23:28] TX Python SDK azure-iot-device (MQTT 8883) -> {"tempIntake": 22.17, "tempExhaust": 32.97, "humedadRack": 49.23, "tsDispositivo": "2026-09-26T19:23:28+00:00"}
[2026-09-26 14:23:58] TX Python SDK azure-iot-device (MQTT 8883) -> {"tempIntake": 22.33, "tempExhaust": 33.87, "humedadRack": 50.08, "tsDispositivo": "2026-09-26T19:23:58+00:00"}
[2026-09-26 14:24:29] TX Python SDK azure-iot-device (MQTT 8883) -> {"tempIntake": 21.77, "tempExhaust": 33.57, "humedadRack": 48.49, "tsDispositivo": "2026-09-26T19:24:28+00:00"}
[2026-09-26 14:24:59] TX Python SDK azure-iot-device (MQTT 8883) -> {"tempIntake": 21.98, "tempExhaust": 33.07, "humedadRack": 50.32, "tsDispositivo": "2026-09-26T19:24:59+00:00"}
[2026-09-26 14:25:29] TX Python SDK azure-iot-device (MQTT 8883) -> {"tempIntake": 22.08, "tempExhaust": 33.38, "humedadRack": 49.06, "tsDispositivo": "2026-09-26T19:25:29+00:00"}
[2026-09-26 14:26:00] TX Python SDK azure-iot-device (MQTT 8883) -> {"tempIntake": 22.09, "tempExhaust": 33.63, "humedadRack": 50.02, "tsDispositivo": "2026-09-26T19:25:59+00:00"}
[2026-09-26 14:26:32] TX Python SDK azure-iot-device (MQTT 8883) -> {"tempIntake": 21.87, "tempExhaust": 32.76, "humedadRack": 50.31, "tsDispositivo": "2026-09-26T19:26:30+00:00"}
[2026-09-26 14:27:02] TX Python SDK azure-iot-device (MQTT 8883) -> {"tempIntake": 22.03, "tempExhaust": 33.68, "humedadRack": 49.44, "tsDispositivo": "2026-09-26T19:27:02+00:00"}
[2026-09-26 14:27:33] TX Python SDK azure-iot-device (MQTT 8883) -> {"tempIntake": 22.36, "tempExhaust": 34.0, "humedadRack": 50.24, "tsDispositivo": "2026-09-26T19:27:33+00:00"}
[2026-09-26 14:28:04] TX Python SDK azure-iot-device (MQTT 8883) -> {"tempIntake": 22.03, "tempExhaust": 33.22, "humedadRack": 49.19, "tsDispositivo": "2026-09-26T19:28:03+00:00"}
[2026-09-26 14:28:35] TX Python SDK azure-iot-device (MQTT 8883) -> {"tempIntake": 22.33, "tempExhaust": 33.08, "humedadRack": 48.52, "tsDispositivo": "2026-09-26T19:28:34+00:00"}
[2026-09-26 14:29:05] TX Python SDK azure-iot-device (MQTT 8883) -> {"tempIntake": 22.39, "tempExhaust": 34.09, "humedadRack": 50.45, "tsDispositivo": "2026-09-26T19:29:05+00:00"}
[2026-09-26 14:29:35] TX Python SDK azure-iot-device (MQTT 8883) -> {"tempIntake": 22.32, "tempExhaust": 33.44, "humedadRack": 49.65, "tsDispositivo": "2026-09-26T19:29:35+00:00"}
[2026-09-26 14:30:06] TX Python SDK azure-iot-device (MQTT 8883) -> {"tempIntake": 22.17, "tempExhaust": 33.57, "humedadRack": 49.94, "tsDispositivo": "2026-09-26T19:30:05+00:00"}
[2026-09-26 14:30:36] TX Python SDK azure-iot-device (MQTT 8883) -> {"tempIntake": 21.82, "tempExhaust": 33.63, "humedadRack": 49.51, "tsDispositivo": "2026-09-26T19:30:36+00:00"}
[2026-09-26 14:31:07] TX Python SDK azure-iot-device (MQTT 8883) -> {"tempIntake": 22.05, "tempExhaust": 33.5, "humedadRack": 48.21, "tsDispositivo": "2026-09-26T19:31:06+00:00"}
[2026-09-26 14:31:37] TX Python SDK azure-iot-device (MQTT 8883) -> {"tempIntake": 21.81, "tempExhaust": 33.02, "humedadRack": 49.15, "tsDispositivo": "2026-09-26T19:31:37+00:00"}
[2026-09-26 14:32:07] TX Python SDK azure-iot-device (MQTT 8883) -> {"tempIntake": 21.75, "tempExhaust": 33.35, "humedadRack": 48.28, "tsDispositivo": "2026-09-26T19:32:07+00:00"}
[2026-09-26 14:32:42] TX Python SDK azure-iot-device (MQTT 8883) -> {"tempIntake": 22.14, "tempExhaust": 33.71, "humedadRack": 48.31, "tsDispositivo": "2026-09-26T19:32:40+00:00"}
[2026-09-26 14:33:14] TX Python SDK azure-iot-device (MQTT 8883) -> {"tempIntake": 21.79, "tempExhaust": 32.69, "humedadRack": 50.41, "tsDispositivo": "2026-09-26T19:33:13+00:00"}
[2026-09-26 14:33:44] TX Python SDK azure-iot-device (MQTT 8883) -> {"tempIntake": 22.2, "tempExhaust": 33.78, "humedadRack": 48.71, "tsDispositivo": "2026-09-26T19:33:44+00:00"}
[2026-09-26 14:34:14] TX Python SDK azure-iot-device (MQTT 8883) -> {"tempIntake": 22.24, "tempExhaust": 33.15, "humedadRack": 50.23, "tsDispositivo": "2026-09-26T19:34:14+00:00"}
[2026-09-26 14:34:44] TX Python SDK azure-iot-device (MQTT 8883) -> {"tempIntake": 22.09, "tempExhaust": 32.82, "humedadRack": 48.67, "tsDispositivo": "2026-09-26T19:34:44+00:00"}
[2026-09-26 14:35:14] TX Python SDK azure-iot-device (MQTT 8883) -> {"tempIntake": 22.39, "tempExhaust": 33.76, "humedadRack": 48.23, "tsDispositivo": "2026-09-26T19:35:14+00:00"}
[2026-09-26 14:35:46] TX Python SDK azure-iot-device (MQTT 8883) -> {"tempIntake": 22.12, "tempExhaust": 33.16, "humedadRack": 49.14, "tsDispositivo": "2026-09-26T19:35:44+00:00"}
[2026-09-26 14:36:19] TX Python SDK azure-iot-device (MQTT 8883) -> {"tempIntake": 21.9, "tempExhaust": 32.95, "humedadRack": 48.29, "tsDispositivo": "2026-09-26T19:36:17+00:00"}
[2026-09-26 14:36:49] TX Python SDK azure-iot-device (MQTT 8883) -> {"tempIntake": 22.03, "tempExhaust": 33.38, "humedadRack": 49.57, "tsDispositivo": "2026-09-26T19:36:49+00:00"}
[2026-09-26 14:37:22] TX Python SDK azure-iot-device (MQTT 8883) -> {"tempIntake": 22.25, "tempExhaust": 33.75, "humedadRack": 49.45, "tsDispositivo": "2026-09-26T19:37:19+00:00"}
[2026-09-26 14:37:55] TX Python SDK azure-iot-device (MQTT 8883) -> {"tempIntake": 22.19, "tempExhaust": 33.06, "humedadRack": 48.46, "tsDispositivo": "2026-09-26T19:37:54+00:00"}
[2026-09-26 14:38:25] TX Python SDK azure-iot-device (MQTT 8883) -> {"tempIntake": 21.75, "tempExhaust": 33.38, "humedadRack": 49.49, "tsDispositivo": "2026-09-26T19:38:25+00:00"}
[2026-09-26 14:38:55] TX Python SDK azure-iot-device (MQTT 8883) -> {"tempIntake": 21.8, "tempExhaust": 32.69, "humedadRack": 48.28, "tsDispositivo": "2026-09-26T19:38:55+00:00"}
[2026-09-26 14:39:25] TX Python SDK azure-iot-device (MQTT 8883) -> {"tempIntake": 21.99, "tempExhaust": 33.54, "humedadRack": 48.12, "tsDispositivo": "2026-09-26T19:39:25+00:00"}
[2026-09-26 14:39:56] TX Python SDK azure-iot-device (MQTT 8883) -> {"tempIntake": 22.27, "tempExhaust": 33.83, "humedadRack": 48.51, "tsDispositivo": "2026-09-26T19:39:55+00:00"}
[2026-09-26 14:40:26] TX Python SDK azure-iot-device (MQTT 8883) -> {"tempIntake": 21.91, "tempExhaust": 33.34, "humedadRack": 48.24, "tsDispositivo": "2026-09-26T19:40:26+00:00"}
[2026-09-26 14:40:56] TX Python SDK azure-iot-device (MQTT 8883) -> {"tempIntake": 21.81, "tempExhaust": 32.82, "humedadRack": 49.87, "tsDispositivo": "2026-09-26T19:40:56+00:00"}
[2026-09-26 14:41:26] TX Python SDK azure-iot-device (MQTT 8883) -> {"tempIntake": 22.4, "tempExhaust": 33.16, "humedadRack": 48.39, "tsDispositivo": "2026-09-26T19:41:26+00:00"}
[2026-09-26 14:41:56] TX Python SDK azure-iot-device (MQTT 8883) -> {"tempIntake": 21.93, "tempExhaust": 33.06, "humedadRack": 48.67, "tsDispositivo": "2026-09-26T19:41:56+00:00"}
[2026-09-26 14:42:27] TX Python SDK azure-iot-device (MQTT 8883) -> {"tempIntake": 22.28, "tempExhaust": 33.45, "humedadRack": 48.11, "tsDispositivo": "2026-09-26T19:42:26+00:00"}
[2026-09-26 14:42:57] TX Python SDK azure-iot-device (MQTT 8883) -> {"tempIntake": 21.83, "tempExhaust": 32.49, "humedadRack": 50.11, "tsDispositivo": "2026-09-26T19:42:57+00:00"}
[2026-09-26 14:43:27] TX Python SDK azure-iot-device (MQTT 8883) -> {"tempIntake": 22.37, "tempExhaust": 33.36, "humedadRack": 48.1, "tsDispositivo": "2026-09-26T19:43:27+00:00"}
[2026-09-26 14:43:57] TX Python SDK azure-iot-device (MQTT 8883) -> {"tempIntake": 21.78, "tempExhaust": 33.51, "humedadRack": 49.53, "tsDispositivo": "2026-09-26T19:43:57+00:00"}
[2026-09-26 14:44:27] TX Python SDK azure-iot-device (MQTT 8883) -> {"tempIntake": 21.86, "tempExhaust": 33.28, "humedadRack": 48.71, "tsDispositivo": "2026-09-26T19:44:27+00:00"}
[2026-09-26 14:44:58] TX Python SDK azure-iot-device (MQTT 8883) -> {"tempIntake": 22.07, "tempExhaust": 33.14, "humedadRack": 48.2, "tsDispositivo": "2026-09-26T19:44:57+00:00"}
[2026-09-26 14:45:28] TX Python SDK azure-iot-device (MQTT 8883) -> {"tempIntake": 22.35, "tempExhaust": 33.71, "humedadRack": 49.92, "tsDispositivo": "2026-09-26T19:45:28+00:00"}
[2026-09-26 14:45:58] TX Python SDK azure-iot-device (MQTT 8883) -> {"tempIntake": 21.8, "tempExhaust": 33.5, "humedadRack": 48.95, "tsDispositivo": "2026-09-26T19:45:58+00:00"}
[2026-09-26 14:46:28] TX Python SDK azure-iot-device (MQTT 8883) -> {"tempIntake": 21.79, "tempExhaust": 32.67, "humedadRack": 48.22, "tsDispositivo": "2026-09-26T19:46:28+00:00"}
[2026-09-26 14:46:59] TX Python SDK azure-iot-device (MQTT 8883) -> {"tempIntake": 22.0, "tempExhaust": 33.4, "humedadRack": 47.8, "tsDispositivo": "2026-09-26T19:46:58+00:00"}
[2026-09-26 14:47:29] TX Python SDK azure-iot-device (MQTT 8883) -> {"tempIntake": 22.37, "tempExhaust": 33.69, "humedadRack": 49.25, "tsDispositivo": "2026-09-26T19:47:29+00:00"}
[2026-09-26 14:47:59] TX Python SDK azure-iot-device (MQTT 8883) -> {"tempIntake": 22.24, "tempExhaust": 33.41, "humedadRack": 48.95, "tsDispositivo": "2026-09-26T19:47:59+00:00"}
[2026-09-26 14:48:29] TX Python SDK azure-iot-device (MQTT 8883) -> {"tempIntake": 21.79, "tempExhaust": 33.19, "humedadRack": 49.93, "tsDispositivo": "2026-09-26T19:48:29+00:00"}
[2026-09-26 14:48:59] TX Python SDK azure-iot-device (MQTT 8883) -> {"tempIntake": 22.18, "tempExhaust": 33.23, "humedadRack": 48.68, "tsDispositivo": "2026-09-26T19:48:59+00:00"}
[2026-09-26 14:49:30] TX Python SDK azure-iot-device (MQTT 8883) -> {"tempIntake": 21.8, "tempExhaust": 33.48, "humedadRack": 48.81, "tsDispositivo": "2026-09-26T19:49:29+00:00"}
[2026-09-26 14:50:00] TX Python SDK azure-iot-device (MQTT 8883) -> {"tempIntake": 22.05, "tempExhaust": 33.31, "humedadRack": 49.15, "tsDispositivo": "2026-09-26T19:50:00+00:00"}
[2026-09-26 14:50:30] TX Python SDK azure-iot-device (MQTT 8883) -> {"tempIntake": 22.14, "tempExhaust": 33.76, "humedadRack": 49.64, "tsDispositivo": "2026-09-26T19:50:30+00:00"}
[2026-09-26 14:51:00] TX Python SDK azure-iot-device (MQTT 8883) -> {"tempIntake": 22.37, "tempExhaust": 33.35, "humedadRack": 49.32, "tsDispositivo": "2026-09-26T19:51:00+00:00"}
[2026-09-26 14:51:31] TX Python SDK azure-iot-device (MQTT 8883) -> {"tempIntake": 22.17, "tempExhaust": 33.57, "humedadRack": 49.69, "tsDispositivo": "2026-09-26T19:51:30+00:00"}
[2026-09-26 14:52:01] TX Python SDK azure-iot-device (MQTT 8883) -> {"tempIntake": 22.21, "tempExhaust": 33.95, "humedadRack": 49.87, "tsDispositivo": "2026-09-26T19:52:01+00:00"}
[2026-09-26 14:52:31] TX Python SDK azure-iot-device (MQTT 8883) -> {"tempIntake": 22.02, "tempExhaust": 33.13, "humedadRack": 47.65, "tsDispositivo": "2026-09-26T19:52:31+00:00"}
[2026-09-26 14:53:01] TX Python SDK azure-iot-device (MQTT 8883) -> {"tempIntake": 21.74, "tempExhaust": 32.75, "humedadRack": 47.92, "tsDispositivo": "2026-09-26T19:53:01+00:00"}
[2026-09-26 14:53:31] TX Python SDK azure-iot-device (MQTT 8883) -> {"tempIntake": 22.43, "tempExhaust": 34.23, "humedadRack": 48.97, "tsDispositivo": "2026-09-26T19:53:31+00:00"}
[2026-09-26 14:54:02] TX Python SDK azure-iot-device (MQTT 8883) -> {"tempIntake": 21.89, "tempExhaust": 33.13, "humedadRack": 48.26, "tsDispositivo": "2026-09-26T19:54:01+00:00"}
[2026-09-26 14:54:32] TX Python SDK azure-iot-device (MQTT 8883) -> {"tempIntake": 22.13, "tempExhaust": 33.56, "humedadRack": 48.22, "tsDispositivo": "2026-09-26T19:54:32+00:00"}
[2026-09-26 14:55:02] TX Python SDK azure-iot-device (MQTT 8883) -> {"tempIntake": 22.01, "tempExhaust": 33.04, "humedadRack": 49.6, "tsDispositivo": "2026-09-26T19:55:02+00:00"}
[2026-09-26 14:55:32] TX Python SDK azure-iot-device (MQTT 8883) -> {"tempIntake": 22.04, "tempExhaust": 32.73, "humedadRack": 49.46, "tsDispositivo": "2026-09-26T19:55:32+00:00"}
[2026-09-26 14:56:02] TX Python SDK azure-iot-device (MQTT 8883) -> {"tempIntake": 22.22, "tempExhaust": 33.84, "humedadRack": 48.55, "tsDispositivo": "2026-09-26T19:56:02+00:00"}
[2026-09-26 14:56:33] TX Python SDK azure-iot-device (MQTT 8883) -> {"tempIntake": 22.22, "tempExhaust": 33.39, "humedadRack": 48.14, "tsDispositivo": "2026-09-26T19:56:32+00:00"}
[2026-09-26 14:57:03] TX Python SDK azure-iot-device (MQTT 8883) -> {"tempIntake": 22.02, "tempExhaust": 32.72, "humedadRack": 48.19, "tsDispositivo": "2026-09-26T19:57:03+00:00"}
[2026-09-26 14:57:33] TX Python SDK azure-iot-device (MQTT 8883) -> {"tempIntake": 22.05, "tempExhaust": 33.45, "humedadRack": 47.94, "tsDispositivo": "2026-09-26T19:57:33+00:00"}
[2026-09-26 14:58:03] TX Python SDK azure-iot-device (MQTT 8883) -> {"tempIntake": 22.02, "tempExhaust": 32.92, "humedadRack": 48.07, "tsDispositivo": "2026-09-26T19:58:03+00:00"}
[2026-09-26 14:58:33] TX Python SDK azure-iot-device (MQTT 8883) -> {"tempIntake": 21.89, "tempExhaust": 33.52, "humedadRack": 47.92, "tsDispositivo": "2026-09-26T19:58:33+00:00"}
[2026-09-26 14:59:04] TX Python SDK azure-iot-device (MQTT 8883) -> {"tempIntake": 22.15, "tempExhaust": 33.48, "humedadRack": 49.06, "tsDispositivo": "2026-09-26T19:59:03+00:00"}
[2026-09-26 14:59:34] TX Python SDK azure-iot-device (MQTT 8883) -> {"tempIntake": 21.93, "tempExhaust": 33.55, "humedadRack": 47.8, "tsDispositivo": "2026-09-26T19:59:34+00:00"}
[2026-09-26 15:00:06] TX Python SDK azure-iot-device (MQTT 8883) -> {"tempIntake": 22.01, "tempExhaust": 33.59, "humedadRack": 49.27, "tsDispositivo": "2026-09-26T20:00:04+00:00"}
[2026-09-26 15:00:37] TX Python SDK azure-iot-device (MQTT 8883) -> {"tempIntake": 22.11, "tempExhaust": 33.83, "humedadRack": 47.89, "tsDispositivo": "2026-09-26T20:00:37+00:00"}
[2026-09-26 15:01:09] TX Python SDK azure-iot-device (MQTT 8883) -> {"tempIntake": 22.4, "tempExhaust": 33.52, "humedadRack": 48.8, "tsDispositivo": "2026-09-26T20:01:07+00:00"}
[2026-09-26 15:01:39] TX Python SDK azure-iot-device (MQTT 8883) -> {"tempIntake": 22.29, "tempExhaust": 33.3, "humedadRack": 47.43, "tsDispositivo": "2026-09-26T20:01:39+00:00"}
[2026-09-26 15:02:10] TX Python SDK azure-iot-device (MQTT 8883) -> {"tempIntake": 22.44, "tempExhaust": 33.42, "humedadRack": 48.28, "tsDispositivo": "2026-09-26T20:02:09+00:00"}
[2026-09-26 15:02:40] TX Python SDK azure-iot-device (MQTT 8883) -> {"tempIntake": 21.93, "tempExhaust": 33.3, "humedadRack": 48.47, "tsDispositivo": "2026-09-26T20:02:40+00:00"}
[2026-09-26 15:03:10] TX Python SDK azure-iot-device (MQTT 8883) -> {"tempIntake": 21.76, "tempExhaust": 32.74, "humedadRack": 48.06, "tsDispositivo": "2026-09-26T20:03:10+00:00"}
[2026-09-26 15:03:40] TX Python SDK azure-iot-device (MQTT 8883) -> {"tempIntake": 22.13, "tempExhaust": 33.06, "humedadRack": 49.42, "tsDispositivo": "2026-09-26T20:03:40+00:00"}
[2026-09-26 15:04:10] TX Python SDK azure-iot-device (MQTT 8883) -> {"tempIntake": 21.79, "tempExhaust": 33.52, "humedadRack": 47.67, "tsDispositivo": "2026-09-26T20:04:10+00:00"}
[2026-09-26 15:04:41] TX Python SDK azure-iot-device (MQTT 8883) -> {"tempIntake": 21.86, "tempExhaust": 32.88, "humedadRack": 49.45, "tsDispositivo": "2026-09-26T20:04:40+00:00"}
[2026-09-26 15:05:11] TX Python SDK azure-iot-device (MQTT 8883) -> {"tempIntake": 22.38, "tempExhaust": 33.69, "humedadRack": 48.73, "tsDispositivo": "2026-09-26T20:05:11+00:00"}
[2026-09-26 15:05:41] TX Python SDK azure-iot-device (MQTT 8883) -> {"tempIntake": 22.33, "tempExhaust": 33.35, "humedadRack": 48.86, "tsDispositivo": "2026-09-26T20:05:41+00:00"}
[2026-09-26 15:06:11] TX Python SDK azure-iot-device (MQTT 8883) -> {"tempIntake": 22.3, "tempExhaust": 33.61, "humedadRack": 48.87, "tsDispositivo": "2026-09-26T20:06:11+00:00"}
[2026-09-26 15:06:41] TX Python SDK azure-iot-device (MQTT 8883) -> {"tempIntake": 22.06, "tempExhaust": 33.16, "humedadRack": 49.13, "tsDispositivo": "2026-09-26T20:06:41+00:00"}
[2026-09-26 15:07:12] TX Python SDK azure-iot-device (MQTT 8883) -> {"tempIntake": 22.01, "tempExhaust": 32.87, "humedadRack": 49.5, "tsDispositivo": "2026-09-26T20:07:11+00:00"}
[2026-09-26 15:07:42] TX Python SDK azure-iot-device (MQTT 8883) -> {"tempIntake": 21.82, "tempExhaust": 33.4, "humedadRack": 48.95, "tsDispositivo": "2026-09-26T20:07:42+00:00"}
[2026-09-26 15:08:12] TX Python SDK azure-iot-device (MQTT 8883) -> {"tempIntake": 21.95, "tempExhaust": 33.38, "humedadRack": 49.13, "tsDispositivo": "2026-09-26T20:08:12+00:00"}
[2026-09-26 15:08:42] TX Python SDK azure-iot-device (MQTT 8883) -> {"tempIntake": 22.23, "tempExhaust": 33.82, "humedadRack": 48.09, "tsDispositivo": "2026-09-26T20:08:42+00:00"}
[2026-09-26 15:09:12] TX Python SDK azure-iot-device (MQTT 8883) -> {"tempIntake": 22.14, "tempExhaust": 33.23, "humedadRack": 47.65, "tsDispositivo": "2026-09-26T20:09:12+00:00"}
[2026-09-26 15:09:43] TX Python SDK azure-iot-device (MQTT 8883) -> {"tempIntake": 22.22, "tempExhaust": 33.38, "humedadRack": 48.56, "tsDispositivo": "2026-09-26T20:09:42+00:00"}
[2026-09-26 15:10:13] TX Python SDK azure-iot-device (MQTT 8883) -> {"tempIntake": 21.83, "tempExhaust": 33.47, "humedadRack": 48.19, "tsDispositivo": "2026-09-26T20:10:13+00:00"}
[2026-09-26 15:10:43] TX Python SDK azure-iot-device (MQTT 8883) -> {"tempIntake": 22.04, "tempExhaust": 33.04, "humedadRack": 47.66, "tsDispositivo": "2026-09-26T20:10:43+00:00"}
[2026-09-26 15:11:13] TX Python SDK azure-iot-device (MQTT 8883) -> {"tempIntake": 22.11, "tempExhaust": 33.11, "humedadRack": 49.3, "tsDispositivo": "2026-09-26T20:11:13+00:00"}
[2026-09-26 15:11:43] TX Python SDK azure-iot-device (MQTT 8883) -> {"tempIntake": 22.0, "tempExhaust": 32.79, "humedadRack": 47.29, "tsDispositivo": "2026-09-26T20:11:43+00:00"}
[2026-09-26 15:12:14] TX Python SDK azure-iot-device (MQTT 8883) -> {"tempIntake": 22.34, "tempExhaust": 32.96, "humedadRack": 48.52, "tsDispositivo": "2026-09-26T20:12:13+00:00"}
[2026-09-26 15:12:44] TX Python SDK azure-iot-device (MQTT 8883) -> {"tempIntake": 22.0, "tempExhaust": 33.4, "humedadRack": 49.11, "tsDispositivo": "2026-09-26T20:12:44+00:00"}
[2026-09-26 15:13:14] TX Python SDK azure-iot-device (MQTT 8883) -> {"tempIntake": 22.06, "tempExhaust": 33.11, "humedadRack": 49.11, "tsDispositivo": "2026-09-26T20:13:14+00:00"}
[2026-09-26 15:13:44] TX Python SDK azure-iot-device (MQTT 8883) -> {"tempIntake": 21.81, "tempExhaust": 32.77, "humedadRack": 49.37, "tsDispositivo": "2026-09-26T20:13:44+00:00"}
[2026-09-26 15:14:14] TX Python SDK azure-iot-device (MQTT 8883) -> {"tempIntake": 22.03, "tempExhaust": 33.71, "humedadRack": 48.97, "tsDispositivo": "2026-09-26T20:14:14+00:00"}
[2026-09-26 15:14:45] TX Python SDK azure-iot-device (MQTT 8883) -> {"tempIntake": 21.96, "tempExhaust": 33.51, "humedadRack": 48.96, "tsDispositivo": "2026-09-26T20:14:44+00:00"}
[2026-09-26 15:15:15] TX Python SDK azure-iot-device (MQTT 8883) -> {"tempIntake": 22.25, "tempExhaust": 33.78, "humedadRack": 49.26, "tsDispositivo": "2026-09-26T20:15:15+00:00"}
[2026-09-26 15:15:45] TX Python SDK azure-iot-device (MQTT 8883) -> {"tempIntake": 22.26, "tempExhaust": 33.12, "humedadRack": 47.86, "tsDispositivo": "2026-09-26T20:15:45+00:00"}
[2026-09-26 15:16:15] TX Python SDK azure-iot-device (MQTT 8883) -> {"tempIntake": 21.97, "tempExhaust": 32.93, "humedadRack": 47.47, "tsDispositivo": "2026-09-26T20:16:15+00:00"}
[2026-09-26 15:16:45] TX Python SDK azure-iot-device (MQTT 8883) -> {"tempIntake": 22.29, "tempExhaust": 33.14, "humedadRack": 47.48, "tsDispositivo": "2026-09-26T20:16:45+00:00"}
[2026-09-26 15:17:15] TX Python SDK azure-iot-device (MQTT 8883) -> {"tempIntake": 21.98, "tempExhaust": 33.12, "humedadRack": 48.95, "tsDispositivo": "2026-09-26T20:17:15+00:00"}
[2026-09-26 15:17:46] TX Python SDK azure-iot-device (MQTT 8883) -> {"tempIntake": 22.06, "tempExhaust": 33.22, "humedadRack": 49.13, "tsDispositivo": "2026-09-26T20:17:45+00:00"}
[2026-09-26 15:18:16] TX Python SDK azure-iot-device (MQTT 8883) -> {"tempIntake": 22.13, "tempExhaust": 32.94, "humedadRack": 47.7, "tsDispositivo": "2026-09-26T20:18:16+00:00"}
[2026-09-26 15:18:46] TX Python SDK azure-iot-device (MQTT 8883) -> {"tempIntake": 22.12, "tempExhaust": 33.53, "humedadRack": 49.19, "tsDispositivo": "2026-09-26T20:18:46+00:00"}
[2026-09-26 15:19:16] TX Python SDK azure-iot-device (MQTT 8883) -> {"tempIntake": 21.97, "tempExhaust": 33.71, "humedadRack": 47.7, "tsDispositivo": "2026-09-26T20:19:16+00:00"}
[2026-09-26 15:19:46] TX Python SDK azure-iot-device (MQTT 8883) -> {"tempIntake": 22.35, "tempExhaust": 33.48, "humedadRack": 47.49, "tsDispositivo": "2026-09-26T20:19:46+00:00"}
[2026-09-26 15:20:17] TX Python SDK azure-iot-device (MQTT 8883) -> {"tempIntake": 22.18, "tempExhaust": 33.95, "humedadRack": 48.34, "tsDispositivo": "2026-09-26T20:20:16+00:00"}
[2026-09-26 15:20:47] TX Python SDK azure-iot-device (MQTT 8883) -> {"tempIntake": 22.14, "tempExhaust": 32.96, "humedadRack": 47.14, "tsDispositivo": "2026-09-26T20:20:47+00:00"}
[2026-09-26 15:21:17] TX Python SDK azure-iot-device (MQTT 8883) -> {"tempIntake": 22.3, "tempExhaust": 33.46, "humedadRack": 48.99, "tsDispositivo": "2026-09-26T20:21:17+00:00"}
[2026-09-26 15:21:47] TX Python SDK azure-iot-device (MQTT 8883) -> {"tempIntake": 21.98, "tempExhaust": 33.56, "humedadRack": 48.21, "tsDispositivo": "2026-09-26T20:21:47+00:00"}
[2026-09-26 15:22:17] TX Python SDK azure-iot-device (MQTT 8883) -> {"tempIntake": 22.38, "tempExhaust": 34.05, "humedadRack": 49.03, "tsDispositivo": "2026-09-26T20:22:17+00:00"}
[2026-09-26 15:22:48] TX Python SDK azure-iot-device (MQTT 8883) -> {"tempIntake": 21.99, "tempExhaust": 33.56, "humedadRack": 47.12, "tsDispositivo": "2026-09-26T20:22:47+00:00"}
