ts_local,ts_utc,origen,device_id,humo,tempTecho,tsDispositivo
2026-09-25T15:52:04-05:00,2026-09-25T20:52:04+00:00,"Cliente MQTT explicito (paho, SAS manual)",DC-HUMO-08,0.018,26.82,2026-09-25T20:52:04+00:00
2026-09-25T15:53:13-05:00,2026-09-25T20:53:13+00:00,"Cliente MQTT explicito (paho, SAS manual)",DC-HUMO-08,0.02,27.17,2026-09-25T20:53:13+00:00
2026-09-25T15:53:13-05:00,2026-09-25T20:53:13+00:00,"Cliente MQTT explicito (paho, SAS manual)",DC-HUMO-08,0.021,27.16,2026-09-25T20:53:13+00:00
2026-09-25T15:53:13-05:00,2026-09-25T20:53:13+00:00,"Cliente MQTT explicito (paho, SAS manual)",DC-HUMO-08,0.018,27.14,2026-09-25T20:53:13+00:00
2026-09-25T15:53:13-05:00,2026-09-25T20:53:13+00:00,"Cliente MQTT explicito (paho, SAS manual)",DC-HUMO-08,0.018,26.8,2026-09-25T20:53:13+00:00
2026-09-25T15:53:13-05:00,2026-09-25T20:53:13+00:00,"Cliente MQTT explicito (paho, SAS manual)",DC-HUMO-08,0.021,26.78,2026-09-25T20:53:13+00:00
2026-09-25T15:53:13-05:00,2026-09-25T20:53:13+00:00,"Cliente MQTT explicito (paho, SAS manual)",DC-HUMO-08,0.02,27.17,2026-09-25T20:53:13+00:00
2026-09-25T15:53:13-05:00,2026-09-25T20:53:13+00:00,"Cliente MQTT explicito (paho, SAS manual)",DC-HUMO-08,0.02,26.9,2026-09-25T20:53:13+00:00
2026-09-25T15:53:13-05:00,2026-09-25T20:53:13+00:00,"Cliente MQTT explicito (paho, SAS manual)",DC-HUMO-08,0.018,26.82,2026-09-25T20:53:13+00:00
2026-09-25T15:53:58-05:00,2026-09-25T20:53:58+00:00,"Cliente MQTT explicito (paho, SAS manual)",DC-HUMO-08,0.019,27.17,2026-09-25T20:53:58+00:00
2026-09-25T15:53:59-05:00,2026-09-25T20:53:59+00:00,"Cliente MQTT explicito (paho, SAS manual)",DC-HUMO-08,0.021,26.95,2026-09-25T20:53:59+00:00
2026-09-25T15:53:59-05:00,2026-09-25T20:53:59+00:00,"Cliente MQTT explicito (paho, SAS manual)",DC-HUMO-08,0.018,27.16,2026-09-25T20:53:59+00:00
2026-09-25T15:53:59-05:00,2026-09-25T20:53:59+00:00,"Cliente MQTT explicito (paho, SAS manual)",DC-HUMO-08,0.021,27.09,2026-09-25T20:53:59+00:00
2026-09-25T15:53:59-05:00,2026-09-25T20:53:59+00:00,"Cliente MQTT explicito (paho, SAS manual)",DC-HUMO-08,0.021,26.82,2026-09-25T20:53:59+00:00
2026-09-25T15:53:59-05:00,2026-09-25T20:53:59+00:00,"Cliente MQTT explicito (paho, SAS manual)",DC-HUMO-08,0.019,26.99,2026-09-25T20:53:59+00:00
2026-09-25T15:53:59-05:00,2026-09-25T20:53:59+00:00,"Cliente MQTT explicito (paho, SAS manual)",DC-HUMO-08,0.021,27.01,2026-09-25T20:53:59+00:00
2026-09-25T15:53:59-05:00,2026-09-25T20:53:59+00:00,"Cliente MQTT explicito (paho, SAS manual)",DC-HUMO-08,0.02,27.25,2026-09-25T20:53:59+00:00
2026-09-25T15:54:44-05:00,2026-09-25T20:54:44+00:00,"Cliente MQTT explicito (paho, SAS manual)",DC-HUMO-08,0.021,27.0,2026-09-25T20:54:44+00:00
2026-09-25T15:54:44-05:00,2026-09-25T20:54:44+00:00,"Cliente MQTT explicito (paho, SAS manual)",DC-HUMO-08,0.021,26.95,2026-09-25T20:54:44+00:00
2026-09-25T15:54:44-05:00,2026-09-25T20:54:44+00:00,"Cliente MQTT explicito (paho, SAS manual)",DC-HUMO-08,0.021,26.64,2026-09-25T20:54:44+00:00
2026-09-25T15:54:44-05:00,2026-09-25T20:54:44+00:00,"Cliente MQTT explicito (paho, SAS manual)",DC-HUMO-08,0.02,26.74,2026-09-25T20:54:44+00:00
2026-09-25T15:54:45-05:00,2026-09-25T20:54:45+00:00,"Cliente MQTT explicito (paho, SAS manual)",DC-HUMO-08,0.021,26.62,2026-09-25T20:54:45+00:00
2026-09-25T15:54:45-05:00,2026-09-25T20:54:45+00:00,"Cliente MQTT explicito (paho, SAS manual)",DC-HUMO-08,0.02,26.71,2026-09-25T20:54:45+00:00
2026-09-25T15:54:45-05:00,2026-09-25T20:54:45+00:00,"Cliente MQTT explicito (paho, SAS manual)",DC-HUMO-08,0.018,26.93,2026-09-25T20:54:45+00:00
2026-09-25T15:54:45-05:00,2026-09-25T20:54:45+00:00,"Cliente MQTT explicito (paho, SAS manual)",DC-HUMO-08,0.019,27.29,2026-09-25T20:54:45+00:00
2026-09-25T15:55:29-05:00,2026-09-25T20:55:29+00:00,"Cliente MQTT explicito (paho, SAS manual)",DC-HUMO-08,0.018,26.53,2026-09-25T20:55:29+00:00
2026-09-25T15:55:29-05:00,2026-09-25T20:55:29+00:00,"Cliente MQTT explicito (paho, SAS manual)",DC-HUMO-08,0.018,26.96,2026-09-25T20:55:29+00:00
2026-09-25T15:55:30-05:00,2026-09-25T20:55:30+00:00,"Cliente MQTT explicito (paho, SAS manual)",DC-HUMO-08,0.022,27.24,2026-09-25T20:55:30+00:00
2026-09-25T15:55:30-05:00,2026-09-25T20:55:30+00:00,"Cliente MQTT explicito (paho, SAS manual)",DC-HUMO-08,0.021,27.22,2026-09-25T20:55:30+00:00
2026-09-25T15:55:30-05:00,2026-09-25T20:55:30+00:00,"Cliente MQTT explicito (paho, SAS manual)",DC-HUMO-08,0.018,27.18,2026-09-25T20:55:30+00:00
2026-09-25T15:55:30-05:00,2026-09-25T20:55:30+00:00,"Cliente MQTT explicito (paho, SAS manual)",DC-HUMO-08,0.021,27.02,2026-09-25T20:55:30+00:00
2026-09-25T15:55:30-05:00,2026-09-25T20:55:30+00:00,"Cliente MQTT explicito (paho, SAS manual)",DC-HUMO-08,0.021,26.83,2026-09-25T20:55:30+00:00
2026-09-25T15:55:30-05:00,2026-09-25T20:55:30+00:00,"Cliente MQTT explicito (paho, SAS manual)",DC-HUMO-08,0.019,27.15,2026-09-25T20:55:30+00:00
2026-09-25T15:56:14-05:00,2026-09-25T20:56:14+00:00,"Cliente MQTT explicito (paho, SAS manual)",DC-HUMO-08,0.018,27.32,2026-09-25T20:56:14+00:00
2026-09-25T15:56:15-05:00,2026-09-25T20:56:15+00:00,"Cliente MQTT explicito (paho, SAS manual)",DC-HUMO-08,0.018,27.13,2026-09-25T20:56:15+00:00
2026-09-25T15:56:15-05:00,2026-09-25T20:56:15+00:00,"Cliente MQTT explicito (paho, SAS manual)",DC-HUMO-08,0.02,27.22,2026-09-25T20:56:15+00:00
2026-09-25T15:56:15-05:00,2026-09-25T20:56:15+00:00,"Cliente MQTT explicito (paho, SAS manual)",DC-HUMO-08,0.021,26.97,2026-09-25T20:56:15+00:00
2026-09-25T15:56:15-05:00,2026-09-25T20:56:15+00:00,"Cliente MQTT explicito (paho, SAS manual)",DC-HUMO-08,0.018,27.13,2026-09-25T20:56:15+00:00
2026-09-25T15:56:16-05:00,2026-09-25T20:56:16+00:00,"Cliente MQTT explicito (paho, SAS manual)",DC-HUMO-08,0.019,26.85,2026-09-25T20:56:16+00:00
2026-09-25T15:56:16-05:00,2026-09-25T20:56:16+00:00,"Cliente MQTT explicito (paho, SAS manual)",DC-HUMO-08,0.018,27.02,2026-09-25T20:56:16+00:00
2026-09-25T15:56:16-05:00,2026-09-25T20:56:16+00:00,"Cliente MQTT explicito (paho, SAS manual)",DC-HUMO-08,0.02,26.86,2026-09-25T20:56:16+00:00
2026-09-25T15:57:00-05:00,2026-09-25T20:57:00+00:00,"Cliente MQTT explicito (paho, SAS manual)",DC-HUMO-08,0.02,27.23,2026-09-25T20:57:00+00:00
2026-09-25T15:57:00-05:00,2026-09-25T20:57:00+00:00,"Cliente MQTT explicito (paho, SAS manual)",DC-HUMO-08,0.02,26.84,2026-09-25T20:57:00+00:00
2026-09-25T15:57:00-05:00,2026-09-25T20:57:00+00:00,"Cliente MQTT explicito (paho, SAS manual)",DC-HUMO-08,0.018,27.04,2026-09-25T20:57:00+00:00
2026-09-25T15:57:01-05:00,2026-09-25T20:57:01+00:00,"Cliente MQTT explicito (paho, SAS manual)",DC-HUMO-08,0.02,27.01,2026-09-25T20:57:01+00:00
2026-09-25T15:57:01-05:00,2026-09-25T20:57:01+00:00,"Cliente MQTT explicito (paho, SAS manual)",DC-HUMO-08,0.018,27.32,2026-09-25T20:57:01+00:00
2026-09-25T15:57:01-05:00,2026-09-25T20:57:01+00:00,"Cliente MQTT explicito (paho, SAS manual)",DC-HUMO-08,0.019,26.83,2026-09-25T20:57:01+00:00
2026-09-25T15:57:01-05:00,2026-09-25T20:57:01+00:00,"Cliente MQTT explicito (paho, SAS manual)",DC-HUMO-08,0.02,26.53,2026-09-25T20:57:01+00:00
2026-09-25T15:57:02-05:00,2026-09-25T20:57:02+00:00,"Cliente MQTT explicito (paho, SAS manual)",DC-HUMO-08,0.02,27.28,2026-09-25T20:57:02+00:00
2026-09-25T15:57:45-05:00,2026-09-25T20:57:45+00:00,"Cliente MQTT explicito (paho, SAS manual)",DC-HUMO-08,0.018,27.04,2026-09-25T20:57:45+00:00
2026-09-25T15:57:46-05:00,2026-09-25T20:57:46+00:00,"Cliente MQTT explicito (paho, SAS manual)",DC-HUMO-08,0.02,26.62,2026-09-25T20:57:46+00:00
2026-09-25T15:57:46-05:00,2026-09-25T20:57:46+00:00,"Cliente MQTT explicito (paho, SAS manual)",DC-HUMO-08,0.02,27.08,2026-09-25T20:57:46+00:00
2026-09-25T15:57:46-05:00,2026-09-25T20:57:46+00:00,"Cliente MQTT explicito (paho, SAS manual)",DC-HUMO-08,0.019,27.27,2026-09-25T20:57:46+00:00
2026-09-25T15:57:46-05:00,2026-09-25T20:57:46+00:00,"Cliente MQTT explicito (paho, SAS manual)",DC-HUMO-08,0.02,27.12,2026-09-25T20:57:46+00:00
2026-09-25T15:57:46-05:00,2026-09-25T20:57:46+00:00,"Cliente MQTT explicito (paho, SAS manual)",DC-HUMO-08,0.018,26.94,2026-09-25T20:57:46+00:00
2026-09-25T15:57:47-05:00,2026-09-25T20:57:47+00:00,"Cliente MQTT explicito (paho, SAS manual)",DC-HUMO-08,0.019,27.06,2026-09-25T20:57:47+00:00
2026-09-25T15:57:47-05:00,2026-09-25T20:57:47+00:00,"Cliente MQTT explicito (paho, SAS manual)",DC-HUMO-08,0.018,27.2,2026-09-25T20:57:47+00:00
2026-09-25T15:58:30-05:00,2026-09-25T20:58:30+00:00,"Cliente MQTT explicito (paho, SAS manual)",DC-HUMO-08,0.021,26.96,2026-09-25T20:58:30+00:00
2026-09-25T15:58:31-05:00,2026-09-25T20:58:31+00:00,"Cliente MQTT explicito (paho, SAS manual)",DC-HUMO-08,0.02,27.19,2026-09-25T20:58:31+00:00
2026-09-25T15:58:31-05:00,2026-09-25T20:58:31+00:00,"Cliente MQTT explicito (paho, SAS manual)",DC-HUMO-08,0.02,26.66,2026-09-25T20:58:31+00:00
2026-09-25T15:58:31-05:00,2026-09-25T20:58:31+00:00,"Cliente MQTT explicito (paho, SAS manual)",DC-HUMO-08,0.018,26.58,2026-09-25T20:58:31+00:00
2026-09-25T15:58:31-05:00,2026-09-25T20:58:31+00:00,"Cliente MQTT explicito (paho, SAS manual)",DC-HUMO-08,0.021,27.14,2026-09-25T20:58:31+00:00
2026-09-25T15:58:32-05:00,2026-09-25T20:58:32+00:00,"Cliente MQTT explicito (paho, SAS manual)",DC-HUMO-08,0.018,26.71,2026-09-25T20:58:32+00:00
2026-09-25T15:58:32-05:00,2026-09-25T20:58:32+00:00,"Cliente MQTT explicito (paho, SAS manual)",DC-HUMO-08,0.019,27.09,2026-09-25T20:58:32+00:00
2026-09-25T15:58:32-05:00,2026-09-25T20:58:32+00:00,"Cliente MQTT explicito (paho, SAS manual)",DC-HUMO-08,0.019,26.54,2026-09-25T20:58:32+00:00
2026-09-25T15:59:15-05:00,2026-09-25T20:59:15+00:00,"Cliente MQTT explicito (paho, SAS manual)",DC-HUMO-08,0.019,27.22,2026-09-25T20:59:15+00:00
2026-09-25T15:59:16-05:00,2026-09-25T20:59:16+00:00,"Cliente MQTT explicito (paho, SAS manual)",DC-HUMO-08,0.019,26.63,2026-09-25T20:59:16+00:00
2026-09-25T15:59:16-05:00,2026-09-25T20:59:16+00:00,"Cliente MQTT explicito (paho, SAS manual)",DC-HUMO-08,0.021,26.66,2026-09-25T20:59:16+00:00
2026-09-25T15:59:17-05:00,2026-09-25T20:59:17+00:00,"Cliente MQTT explicito (paho, SAS manual)",DC-HUMO-08,0.018,26.89,2026-09-25T20:59:17+00:00
2026-09-25T15:59:17-05:00,2026-09-25T20:59:17+00:00,"Cliente MQTT explicito (paho, SAS manual)",DC-HUMO-08,0.02,26.9,2026-09-25T20:59:17+00:00
2026-09-25T15:59:17-05:00,2026-09-25T20:59:17+00:00,"Cliente MQTT explicito (paho, SAS manual)",DC-HUMO-08,0.021,26.95,2026-09-25T20:59:17+00:00
2026-09-25T15:59:17-05:00,2026-09-25T20:59:17+00:00,"Cliente MQTT explicito (paho, SAS manual)",DC-HUMO-08,0.019,27.19,2026-09-25T20:59:17+00:00
2026-09-25T15:59:18-05:00,2026-09-25T20:59:18+00:00,"Cliente MQTT explicito (paho, SAS manual)",DC-HUMO-08,0.019,26.71,2026-09-25T20:59:18+00:00
2026-09-25T16:00:00-05:00,2026-09-25T21:00:00+00:00,"Cliente MQTT explicito (paho, SAS manual)",DC-HUMO-08,0.018,26.8,2026-09-25T21:00:00+00:00
2026-09-25T16:00:01-05:00,2026-09-25T21:00:01+00:00,"Cliente MQTT explicito (paho, SAS manual)",DC-HUMO-08,0.018,27.04,2026-09-25T21:00:01+00:00
2026-09-25T16:00:02-05:00,2026-09-25T21:00:02+00:00,"Cliente MQTT explicito (paho, SAS manual)",DC-HUMO-08,0.021,27.2,2026-09-25T21:00:02+00:00
2026-09-25T16:00:02-05:00,2026-09-25T21:00:02+00:00,"Cliente MQTT explicito (paho, SAS manual)",DC-HUMO-08,0.019,26.65,2026-09-25T21:00:02+00:00
2026-09-25T16:00:02-05:00,2026-09-25T21:00:02+00:00,"Cliente MQTT explicito (paho, SAS manual)",DC-HUMO-08,0.02,27.25,2026-09-25T21:00:02+00:00
2026-09-25T16:00:02-05:00,2026-09-25T21:00:02+00:00,"Cliente MQTT explicito (paho, SAS manual)",DC-HUMO-08,0.021,26.68,2026-09-25T21:00:02+00:00
2026-09-25T16:00:02-05:00,2026-09-25T21:00:02+00:00,"Cliente MQTT explicito (paho, SAS manual)",DC-HUMO-08,0.019,26.76,2026-09-25T21:00:02+00:00
2026-09-25T16:00:03-05:00,2026-09-25T21:00:03+00:00,"Cliente MQTT explicito (paho, SAS manual)",DC-HUMO-08,0.019,27.21,2026-09-25T21:00:03+00:00
2026-09-25T16:00:45-05:00,2026-09-25T21:00:45+00:00,"Cliente MQTT explicito (paho, SAS manual)",DC-HUMO-08,0.02,26.64,2026-09-25T21:00:45+00:00
2026-09-25T16:00:46-05:00,2026-09-25T21:00:46+00:00,"Cliente MQTT explicito (paho, SAS manual)",DC-HUMO-08,0.02,26.62,2026-09-25T21:00:46+00:00
2026-09-25T16:00:47-05:00,2026-09-25T21:00:47+00:00,"Cliente MQTT explicito (paho, SAS manual)",DC-HUMO-08,0.019,26.88,2026-09-25T21:00:47+00:00
2026-09-25T16:00:47-05:00,2026-09-25T21:00:47+00:00,"Cliente MQTT explicito (paho, SAS manual)",DC-HUMO-08,0.021,26.64,2026-09-25T21:00:47+00:00
2026-09-25T16:00:47-05:00,2026-09-25T21:00:47+00:00,"Cliente MQTT explicito (paho, SAS manual)",DC-HUMO-08,0.018,26.71,2026-09-25T21:00:47+00:00
2026-09-25T16:00:48-05:00,2026-09-25T21:00:48+00:00,"Cliente MQTT explicito (paho, SAS manual)",DC-HUMO-08,0.019,26.81,2026-09-25T21:00:48+00:00
2026-09-25T16:00:48-05:00,2026-09-25T21:00:48+00:00,"Cliente MQTT explicito (paho, SAS manual)",DC-HUMO-08,0.02,27.14,2026-09-25T21:00:48+00:00
2026-09-25T16:00:48-05:00,2026-09-25T21:00:48+00:00,"Cliente MQTT explicito (paho, SAS manual)",DC-HUMO-08,0.019,26.75,2026-09-25T21:00:48+00:00
2026-09-25T16:01:30-05:00,2026-09-25T21:01:30+00:00,"Cliente MQTT explicito (paho, SAS manual)",DC-HUMO-08,0.019,27.22,2026-09-25T21:01:30+00:00
2026-09-25T16:01:32-05:00,2026-09-25T21:01:32+00:00,"Cliente MQTT explicito (paho, SAS manual)",DC-HUMO-08,0.02,26.52,2026-09-25T21:01:32+00:00
2026-09-25T16:01:32-05:00,2026-09-25T21:01:32+00:00,"Cliente MQTT explicito (paho, SAS manual)",DC-HUMO-08,0.021,27.07,2026-09-25T21:01:32+00:00
2026-09-25T16:01:33-05:00,2026-09-25T21:01:33+00:00,"Cliente MQTT explicito (paho, SAS manual)",DC-HUMO-08,0.02,26.54,2026-09-25T21:01:33+00:00
2026-09-25T16:01:33-05:00,2026-09-25T21:01:33+00:00,"Cliente MQTT explicito (paho, SAS manual)",DC-HUMO-08,0.021,27.07,2026-09-25T21:01:33+00:00
2026-09-25T16:01:33-05:00,2026-09-25T21:01:33+00:00,"Cliente MQTT explicito (paho, SAS manual)",DC-HUMO-08,0.018,27.1,2026-09-25T21:01:33+00:00
2026-09-25T16:01:34-05:00,2026-09-25T21:01:34+00:00,"Cliente MQTT explicito (paho, SAS manual)",DC-HUMO-08,0.019,26.97,2026-09-25T21:01:34+00:00
2026-09-25T16:01:34-05:00,2026-09-25T21:01:34+00:00,"Cliente MQTT explicito (paho, SAS manual)",DC-HUMO-08,0.019,26.71,2026-09-25T21:01:34+00:00
2026-09-25T16:02:16-05:00,2026-09-25T21:02:16+00:00,"Cliente MQTT explicito (paho, SAS manual)",DC-HUMO-08,0.019,27.2,2026-09-25T21:02:16+00:00
2026-09-25T16:02:17-05:00,2026-09-25T21:02:17+00:00,"Cliente MQTT explicito (paho, SAS manual)",DC-HUMO-08,0.019,26.75,2026-09-25T21:02:17+00:00
2026-09-25T16:02:18-05:00,2026-09-25T21:02:18+00:00,"Cliente MQTT explicito (paho, SAS manual)",DC-HUMO-08,0.02,27.3,2026-09-25T21:02:18+00:00
2026-09-25T16:02:18-05:00,2026-09-25T21:02:18+00:00,"Cliente MQTT explicito (paho, SAS manual)",DC-HUMO-08,0.02,27.16,2026-09-25T21:02:18+00:00
2026-09-25T16:02:18-05:00,2026-09-25T21:02:18+00:00,"Cliente MQTT explicito (paho, SAS manual)",DC-HUMO-08,0.021,27.11,2026-09-25T21:02:18+00:00
2026-09-25T16:02:18-05:00,2026-09-25T21:02:18+00:00,"Cliente MQTT explicito (paho, SAS manual)",DC-HUMO-08,0.018,26.71,2026-09-25T21:02:18+00:00
2026-09-25T16:02:19-05:00,2026-09-25T21:02:19+00:00,"Cliente MQTT explicito (paho, SAS manual)",DC-HUMO-08,0.022,26.98,2026-09-25T21:02:19+00:00
2026-09-25T16:02:19-05:00,2026-09-25T21:02:19+00:00,"Cliente MQTT explicito (paho, SAS manual)",DC-HUMO-08,0.018,27.18,2026-09-25T21:02:19+00:00
2026-09-25T16:03:01-05:00,2026-09-25T21:03:01+00:00,"Cliente MQTT explicito (paho, SAS manual)",DC-HUMO-08,0.02,27.14,2026-09-25T21:03:01+00:00
2026-09-25T16:03:03-05:00,2026-09-25T21:03:03+00:00,"Cliente MQTT explicito (paho, SAS manual)",DC-HUMO-08,0.021,27.3,2026-09-25T21:03:03+00:00
2026-09-25T16:03:03-05:00,2026-09-25T21:03:03+00:00,"Cliente MQTT explicito (paho, SAS manual)",DC-HUMO-08,0.021,26.56,2026-09-25T21:03:03+00:00
2026-09-25T16:03:03-05:00,2026-09-25T21:03:03+00:00,"Cliente MQTT explicito (paho, SAS manual)",DC-HUMO-08,0.019,26.83,2026-09-25T21:03:03+00:00
2026-09-25T16:03:03-05:00,2026-09-25T21:03:03+00:00,"Cliente MQTT explicito (paho, SAS manual)",DC-HUMO-08,0.02,27.19,2026-09-25T21:03:03+00:00
2026-09-25T16:03:04-05:00,2026-09-25T21:03:04+00:00,"Cliente MQTT explicito (paho, SAS manual)",DC-HUMO-08,0.019,26.55,2026-09-25T21:03:04+00:00
2026-09-25T16:03:04-05:00,2026-09-25T21:03:04+00:00,"Cliente MQTT explicito (paho, SAS manual)",DC-HUMO-08,0.018,26.78,2026-09-25T21:03:04+00:00
2026-09-25T16:03:04-05:00,2026-09-25T21:03:04+00:00,"Cliente MQTT explicito (paho, SAS manual)",DC-HUMO-08,0.019,26.66,2026-09-25T21:03:04+00:00
2026-09-25T16:03:46-05:00,2026-09-25T21:03:46+00:00,"Cliente MQTT explicito (paho, SAS manual)",DC-HUMO-08,0.019,27.27,2026-09-25T21:03:46+00:00
2026-09-25T16:03:48-05:00,2026-09-25T21:03:48+00:00,"Cliente MQTT explicito (paho, SAS manual)",DC-HUMO-08,0.018,26.77,2026-09-25T21:03:48+00:00
2026-09-25T16:03:49-05:00,2026-09-25T21:03:49+00:00,"Cliente MQTT explicito (paho, SAS manual)",DC-HUMO-08,0.018,26.56,2026-09-25T21:03:49+00:00
2026-09-25T16:03:49-05:00,2026-09-25T21:03:49+00:00,"Cliente MQTT explicito (paho, SAS manual)",DC-HUMO-08,0.019,26.54,2026-09-25T21:03:49+00:00
2026-09-25T16:03:49-05:00,2026-09-25T21:03:49+00:00,"Cliente MQTT explicito (paho, SAS manual)",DC-HUMO-08,0.021,26.66,2026-09-25T21:03:49+00:00
2026-09-25T16:03:49-05:00,2026-09-25T21:03:49+00:00,"Cliente MQTT explicito (paho, SAS manual)",DC-HUMO-08,0.021,26.98,2026-09-25T21:03:49+00:00
2026-09-25T16:03:50-05:00,2026-09-25T21:03:50+00:00,"Cliente MQTT explicito (paho, SAS manual)",DC-HUMO-08,0.02,26.63,2026-09-25T21:03:50+00:00
2026-09-25T16:03:50-05:00,2026-09-25T21:03:50+00:00,"Cliente MQTT explicito (paho, SAS manual)",DC-HUMO-08,0.019,26.87,2026-09-25T21:03:50+00:00
2026-09-25T16:04:32-05:00,2026-09-25T21:04:32+00:00,"Cliente MQTT explicito (paho, SAS manual)",DC-HUMO-08,0.021,26.69,2026-09-25T21:04:32+00:00
2026-09-25T16:04:34-05:00,2026-09-25T21:04:34+00:00,"Cliente MQTT explicito (paho, SAS manual)",DC-HUMO-08,0.019,27.06,2026-09-25T21:04:34+00:00
2026-09-25T16:04:34-05:00,2026-09-25T21:04:34+00:00,"Cliente MQTT explicito (paho, SAS manual)",DC-HUMO-08,0.018,27.28,2026-09-25T21:04:34+00:00
2026-09-25T16:04:34-05:00,2026-09-25T21:04:34+00:00,"Cliente MQTT explicito (paho, SAS manual)",DC-HUMO-08,0.018,26.91,2026-09-25T21:04:34+00:00
2026-09-25T16:04:34-05:00,2026-09-25T21:04:34+00:00,"Cliente MQTT explicito (paho, SAS manual)",DC-HUMO-08,0.02,26.68,2026-09-25T21:04:34+00:00
2026-09-25T16:04:35-05:00,2026-09-25T21:04:35+00:00,"Cliente MQTT explicito (paho, SAS manual)",DC-HUMO-08,0.02,26.61,2026-09-25T21:04:35+00:00
2026-09-25T16:04:35-05:00,2026-09-25T21:04:35+00:00,"Cliente MQTT explicito (paho, SAS manual)",DC-HUMO-08,0.02,26.92,2026-09-25T21:04:35+00:00
2026-09-25T16:04:36-05:00,2026-09-25T21:04:36+00:00,"Cliente MQTT explicito (paho, SAS manual)",DC-HUMO-08,0.019,26.95,2026-09-25T21:04:36+00:00
2026-09-25T16:05:17-05:00,2026-09-25T21:05:17+00:00,"Cliente MQTT explicito (paho, SAS manual)",DC-HUMO-08,0.02,27.05,2026-09-25T21:05:17+00:00
2026-09-25T16:05:19-05:00,2026-09-25T21:05:19+00:00,"Cliente MQTT explicito (paho, SAS manual)",DC-HUMO-08,0.02,27.07,2026-09-25T21:05:19+00:00
2026-09-25T16:05:19-05:00,2026-09-25T21:05:19+00:00,"Cliente MQTT explicito (paho, SAS manual)",DC-HUMO-08,0.021,26.74,2026-09-25T21:05:19+00:00
2026-09-25T16:05:19-05:00,2026-09-25T21:05:19+00:00,"Cliente MQTT explicito (paho, SAS manual)",DC-HUMO-08,0.021,26.68,2026-09-25T21:05:19+00:00
2026-09-25T16:05:20-05:00,2026-09-25T21:05:20+00:00,"Cliente MQTT explicito (paho, SAS manual)",DC-HUMO-08,0.021,26.8,2026-09-25T21:05:20+00:00
2026-09-25T16:05:20-05:00,2026-09-25T21:05:20+00:00,"Cliente MQTT explicito (paho, SAS manual)",DC-HUMO-08,0.02,26.62,2026-09-25T21:05:20+00:00
2026-09-25T16:05:20-05:00,2026-09-25T21:05:20+00:00,"Cliente MQTT explicito (paho, SAS manual)",DC-HUMO-08,0.021,27.25,2026-09-25T21:05:20+00:00
2026-09-25T16:05:21-05:00,2026-09-25T21:05:21+00:00,"Cliente MQTT explicito (paho, SAS manual)",DC-HUMO-08,0.019,27.12,2026-09-25T21:05:21+00:00
2026-09-25T16:06:02-05:00,2026-09-25T21:06:02+00:00,"Cliente MQTT explicito (paho, SAS manual)",DC-HUMO-08,0.018,27.29,2026-09-25T21:06:02+00:00
2026-09-25T16:06:04-05:00,2026-09-25T21:06:04+00:00,"Cliente MQTT explicito (paho, SAS manual)",DC-HUMO-08,0.018,26.57,2026-09-25T21:06:04+00:00
2026-09-25T16:06:04-05:00,2026-09-25T21:06:04+00:00,"Cliente MQTT explicito (paho, SAS manual)",DC-HUMO-08,0.018,26.93,2026-09-25T21:06:04+00:00
2026-09-25T16:06:05-05:00,2026-09-25T21:06:05+00:00,"Cliente MQTT explicito (paho, SAS manual)",DC-HUMO-08,0.018,27.1,2026-09-25T21:06:05+00:00
2026-09-25T16:06:05-05:00,2026-09-25T21:06:05+00:00,"Cliente MQTT explicito (paho, SAS manual)",DC-HUMO-08,0.021,27.2,2026-09-25T21:06:05+00:00
2026-09-25T16:06:05-05:00,2026-09-25T21:06:05+00:00,"Cliente MQTT explicito (paho, SAS manual)",DC-HUMO-08,0.021,27.29,2026-09-25T21:06:05+00:00
2026-09-25T16:06:05-05:00,2026-09-25T21:06:05+00:00,"Cliente MQTT explicito (paho, SAS manual)",DC-HUMO-08,0.02,27.25,2026-09-25T21:06:05+00:00
2026-09-25T16:06:06-05:00,2026-09-25T21:06:06+00:00,"Cliente MQTT explicito (paho, SAS manual)",DC-HUMO-08,0.019,26.57,2026-09-25T21:06:06+00:00
2026-09-25T16:06:48-05:00,2026-09-25T21:06:48+00:00,"Cliente MQTT explicito (paho, SAS manual)",DC-HUMO-08,0.018,26.63,2026-09-25T21:06:48+00:00
2026-09-25T16:06:49-05:00,2026-09-25T21:06:49+00:00,"Cliente MQTT explicito (paho, SAS manual)",DC-HUMO-08,0.018,26.78,2026-09-25T21:06:49+00:00
2026-09-25T16:06:49-05:00,2026-09-25T21:06:49+00:00,"Cliente MQTT explicito (paho, SAS manual)",DC-HUMO-08,0.02,26.92,2026-09-25T21:06:49+00:00
2026-09-25T16:06:50-05:00,2026-09-25T21:06:50+00:00,"Cliente MQTT explicito (paho, SAS manual)",DC-HUMO-08,0.021,26.71,2026-09-25T21:06:50+00:00
2026-09-25T16:06:50-05:00,2026-09-25T21:06:50+00:00,"Cliente MQTT explicito (paho, SAS manual)",DC-HUMO-08,0.021,27.0,2026-09-25T21:06:50+00:00
2026-09-25T16:06:51-05:00,2026-09-25T21:06:51+00:00,"Cliente MQTT explicito (paho, SAS manual)",DC-HUMO-08,0.02,26.82,2026-09-25T21:06:51+00:00
2026-09-25T16:06:51-05:00,2026-09-25T21:06:51+00:00,"Cliente MQTT explicito (paho, SAS manual)",DC-HUMO-08,0.018,27.21,2026-09-25T21:06:51+00:00
2026-09-25T16:06:52-05:00,2026-09-25T21:06:52+00:00,"Cliente MQTT explicito (paho, SAS manual)",DC-HUMO-08,0.018,27.03,2026-09-25T21:06:52+00:00
2026-09-25T16:07:34-05:00,2026-09-25T21:07:34+00:00,"Cliente MQTT explicito (paho, SAS manual)",DC-HUMO-08,0.018,27.05,2026-09-25T21:07:34+00:00
2026-09-25T16:07:34-05:00,2026-09-25T21:07:34+00:00,"Cliente MQTT explicito (paho, SAS manual)",DC-HUMO-08,0.018,26.59,2026-09-25T21:07:34+00:00
2026-09-25T16:07:35-05:00,2026-09-25T21:07:35+00:00,"Cliente MQTT explicito (paho, SAS manual)",DC-HUMO-08,0.02,26.81,2026-09-25T21:07:35+00:00
2026-09-25T16:07:35-05:00,2026-09-25T21:07:35+00:00,"Cliente MQTT explicito (paho, SAS manual)",DC-HUMO-08,0.021,26.89,2026-09-25T21:07:35+00:00
2026-09-25T16:07:36-05:00,2026-09-25T21:07:36+00:00,"Cliente MQTT explicito (paho, SAS manual)",DC-HUMO-08,0.018,26.97,2026-09-25T21:07:36+00:00
2026-09-25T16:07:36-05:00,2026-09-25T21:07:36+00:00,"Cliente MQTT explicito (paho, SAS manual)",DC-HUMO-08,0.02,26.96,2026-09-25T21:07:36+00:00
2026-09-25T16:07:36-05:00,2026-09-25T21:07:36+00:00,"Cliente MQTT explicito (paho, SAS manual)",DC-HUMO-08,0.018,26.62,2026-09-25T21:07:36+00:00
2026-09-25T16:07:37-05:00,2026-09-25T21:07:37+00:00,"Cliente MQTT explicito (paho, SAS manual)",DC-HUMO-08,0.018,27.09,2026-09-25T21:07:37+00:00
2026-09-25T16:08:19-05:00,2026-09-25T21:08:19+00:00,"Cliente MQTT explicito (paho, SAS manual)",DC-HUMO-08,0.019,26.99,2026-09-25T21:08:19+00:00
2026-09-25T16:08:19-05:00,2026-09-25T21:08:19+00:00,"Cliente MQTT explicito (paho, SAS manual)",DC-HUMO-08,0.02,27.27,2026-09-25T21:08:19+00:00
2026-09-25T16:08:20-05:00,2026-09-25T21:08:20+00:00,"Cliente MQTT explicito (paho, SAS manual)",DC-HUMO-08,0.021,26.59,2026-09-25T21:08:20+00:00
2026-09-25T16:08:21-05:00,2026-09-25T21:08:21+00:00,"Cliente MQTT explicito (paho, SAS manual)",DC-HUMO-08,0.02,26.84,2026-09-25T21:08:21+00:00
2026-09-25T16:08:21-05:00,2026-09-25T21:08:21+00:00,"Cliente MQTT explicito (paho, SAS manual)",DC-HUMO-08,0.018,27.05,2026-09-25T21:08:21+00:00
2026-09-25T16:08:21-05:00,2026-09-25T21:08:21+00:00,"Cliente MQTT explicito (paho, SAS manual)",DC-HUMO-08,0.021,26.52,2026-09-25T21:08:21+00:00
2026-09-25T16:08:22-05:00,2026-09-25T21:08:22+00:00,"Cliente MQTT explicito (paho, SAS manual)",DC-HUMO-08,0.018,27.0,2026-09-25T21:08:22+00:00
2026-09-25T16:08:22-05:00,2026-09-25T21:08:22+00:00,"Cliente MQTT explicito (paho, SAS manual)",DC-HUMO-08,0.02,26.91,2026-09-25T21:08:22+00:00
2026-09-25T16:09:05-05:00,2026-09-25T21:09:05+00:00,"Cliente MQTT explicito (paho, SAS manual)",DC-HUMO-08,0.02,26.94,2026-09-25T21:09:05+00:00
2026-09-25T16:09:05-05:00,2026-09-25T21:09:05+00:00,"Cliente MQTT explicito (paho, SAS manual)",DC-HUMO-08,0.02,27.17,2026-09-25T21:09:05+00:00
2026-09-25T16:09:05-05:00,2026-09-25T21:09:05+00:00,"Cliente MQTT explicito (paho, SAS manual)",DC-HUMO-08,0.02,27.11,2026-09-25T21:09:05+00:00
2026-09-25T16:09:06-05:00,2026-09-25T21:09:06+00:00,"Cliente MQTT explicito (paho, SAS manual)",DC-HUMO-08,0.019,27.04,2026-09-25T21:09:06+00:00
2026-09-25T16:09:07-05:00,2026-09-25T21:09:07+00:00,"Cliente MQTT explicito (paho, SAS manual)",DC-HUMO-08,0.019,26.62,2026-09-25T21:09:07+00:00
2026-09-25T16:09:07-05:00,2026-09-25T21:09:07+00:00,"Cliente MQTT explicito (paho, SAS manual)",DC-HUMO-08,0.021,27.09,2026-09-25T21:09:07+00:00
2026-09-25T16:09:07-05:00,2026-09-25T21:09:07+00:00,"Cliente MQTT explicito (paho, SAS manual)",DC-HUMO-08,0.021,26.53,2026-09-25T21:09:07+00:00
2026-09-25T16:09:07-05:00,2026-09-25T21:09:07+00:00,"Cliente MQTT explicito (paho, SAS manual)",DC-HUMO-08,0.02,26.67,2026-09-25T21:09:07+00:00
2026-09-25T16:09:50-05:00,2026-09-25T21:09:50+00:00,"Cliente MQTT explicito (paho, SAS manual)",DC-HUMO-08,0.018,26.64,2026-09-25T21:09:50+00:00
2026-09-25T16:09:50-05:00,2026-09-25T21:09:50+00:00,"Cliente MQTT explicito (paho, SAS manual)",DC-HUMO-08,0.019,27.04,2026-09-25T21:09:50+00:00
2026-09-25T16:09:51-05:00,2026-09-25T21:09:51+00:00,"Cliente MQTT explicito (paho, SAS manual)",DC-HUMO-08,0.018,26.93,2026-09-25T21:09:51+00:00
2026-09-25T16:09:51-05:00,2026-09-25T21:09:51+00:00,"Cliente MQTT explicito (paho, SAS manual)",DC-HUMO-08,0.021,26.72,2026-09-25T21:09:51+00:00
2026-09-25T16:09:52-05:00,2026-09-25T21:09:52+00:00,"Cliente MQTT explicito (paho, SAS manual)",DC-HUMO-08,0.02,26.99,2026-09-25T21:09:52+00:00
2026-09-25T16:09:52-05:00,2026-09-25T21:09:52+00:00,"Cliente MQTT explicito (paho, SAS manual)",DC-HUMO-08,0.02,27.06,2026-09-25T21:09:52+00:00
2026-09-25T16:09:52-05:00,2026-09-25T21:09:52+00:00,"Cliente MQTT explicito (paho, SAS manual)",DC-HUMO-08,0.02,27.22,2026-09-25T21:09:52+00:00
2026-09-25T16:09:53-05:00,2026-09-25T21:09:53+00:00,"Cliente MQTT explicito (paho, SAS manual)",DC-HUMO-08,0.019,26.84,2026-09-25T21:09:53+00:00
2026-09-25T16:10:35-05:00,2026-09-25T21:10:35+00:00,"Cliente MQTT explicito (paho, SAS manual)",DC-HUMO-08,0.02,26.87,2026-09-25T21:10:35+00:00
2026-09-25T16:10:36-05:00,2026-09-25T21:10:36+00:00,"Cliente MQTT explicito (paho, SAS manual)",DC-HUMO-08,0.021,26.76,2026-09-25T21:10:36+00:00
2026-09-25T16:10:36-05:00,2026-09-25T21:10:36+00:00,"Cliente MQTT explicito (paho, SAS manual)",DC-HUMO-08,0.019,26.59,2026-09-25T21:10:36+00:00
2026-09-25T16:10:36-05:00,2026-09-25T21:10:36+00:00,"Cliente MQTT explicito (paho, SAS manual)",DC-HUMO-08,0.019,27.2,2026-09-25T21:10:36+00:00
2026-09-25T16:10:37-05:00,2026-09-25T21:10:37+00:00,"Cliente MQTT explicito (paho, SAS manual)",DC-HUMO-08,0.02,27.05,2026-09-25T21:10:37+00:00
2026-09-25T16:10:37-05:00,2026-09-25T21:10:37+00:00,"Cliente MQTT explicito (paho, SAS manual)",DC-HUMO-08,0.019,27.24,2026-09-25T21:10:37+00:00
2026-09-25T16:10:38-05:00,2026-09-25T21:10:38+00:00,"Cliente MQTT explicito (paho, SAS manual)",DC-HUMO-08,0.018,26.87,2026-09-25T21:10:38+00:00
2026-09-25T16:10:39-05:00,2026-09-25T21:10:39+00:00,"Cliente MQTT explicito (paho, SAS manual)",DC-HUMO-08,0.02,27.11,2026-09-25T21:10:39+00:00
2026-09-25T16:11:21-05:00,2026-09-25T21:11:21+00:00,"Cliente MQTT explicito (paho, SAS manual)",DC-HUMO-08,0.02,26.91,2026-09-25T21:11:21+00:00
2026-09-25T16:11:21-05:00,2026-09-25T21:11:21+00:00,"Cliente MQTT explicito (paho, SAS manual)",DC-HUMO-08,0.019,26.86,2026-09-25T21:11:21+00:00
2026-09-25T16:11:22-05:00,2026-09-25T21:11:22+00:00,"Cliente MQTT explicito (paho, SAS manual)",DC-HUMO-08,0.02,26.96,2026-09-25T21:11:22+00:00
2026-09-25T16:11:22-05:00,2026-09-25T21:11:22+00:00,"Cliente MQTT explicito (paho, SAS manual)",DC-HUMO-08,0.021,27.19,2026-09-25T21:11:22+00:00
2026-09-25T16:11:22-05:00,2026-09-25T21:11:22+00:00,"Cliente MQTT explicito (paho, SAS manual)",DC-HUMO-08,0.019,26.88,2026-09-25T21:11:22+00:00
2026-09-25T16:11:23-05:00,2026-09-25T21:11:23+00:00,"Cliente MQTT explicito (paho, SAS manual)",DC-HUMO-08,0.018,26.73,2026-09-25T21:11:23+00:00
2026-09-25T16:11:24-05:00,2026-09-25T21:11:24+00:00,"Cliente MQTT explicito (paho, SAS manual)",DC-HUMO-08,0.018,26.58,2026-09-25T21:11:24+00:00
2026-09-25T16:11:24-05:00,2026-09-25T21:11:24+00:00,"Cliente MQTT explicito (paho, SAS manual)",DC-HUMO-08,0.019,26.49,2026-09-25T21:11:24+00:00
2026-09-25T16:12:06-05:00,2026-09-25T21:12:06+00:00,"Cliente MQTT explicito (paho, SAS manual)",DC-HUMO-08,0.02,26.98,2026-09-25T21:12:06+00:00
2026-09-25T16:12:06-05:00,2026-09-25T21:12:06+00:00,"Cliente MQTT explicito (paho, SAS manual)",DC-HUMO-08,0.02,27.24,2026-09-25T21:12:06+00:00
2026-09-25T16:12:07-05:00,2026-09-25T21:12:07+00:00,"Cliente MQTT explicito (paho, SAS manual)",DC-HUMO-08,0.021,27.08,2026-09-25T21:12:07+00:00
2026-09-25T16:12:07-05:00,2026-09-25T21:12:07+00:00,"Cliente MQTT explicito (paho, SAS manual)",DC-HUMO-08,0.02,27.01,2026-09-25T21:12:07+00:00
2026-09-25T16:12:07-05:00,2026-09-25T21:12:07+00:00,"Cliente MQTT explicito (paho, SAS manual)",DC-HUMO-08,0.018,27.11,2026-09-25T21:12:07+00:00
2026-09-25T16:12:08-05:00,2026-09-25T21:12:08+00:00,"Cliente MQTT explicito (paho, SAS manual)",DC-HUMO-08,0.02,26.53,2026-09-25T21:12:08+00:00
2026-09-25T16:12:09-05:00,2026-09-25T21:12:09+00:00,"Cliente MQTT explicito (paho, SAS manual)",DC-HUMO-08,0.018,26.84,2026-09-25T21:12:09+00:00
2026-09-25T16:12:10-05:00,2026-09-25T21:12:10+00:00,"Cliente MQTT explicito (paho, SAS manual)",DC-HUMO-08,0.02,26.92,2026-09-25T21:12:10+00:00
2026-09-25T16:12:52-05:00,2026-09-25T21:12:52+00:00,"Cliente MQTT explicito (paho, SAS manual)",DC-HUMO-08,0.021,26.73,2026-09-25T21:12:52+00:00
2026-09-25T16:12:52-05:00,2026-09-25T21:12:52+00:00,"Cliente MQTT explicito (paho, SAS manual)",DC-HUMO-08,0.021,26.74,2026-09-25T21:12:52+00:00
2026-09-25T16:12:52-05:00,2026-09-25T21:12:52+00:00,"Cliente MQTT explicito (paho, SAS manual)",DC-HUMO-08,0.018,27.24,2026-09-25T21:12:52+00:00
2026-09-25T16:12:52-05:00,2026-09-25T21:12:52+00:00,"Cliente MQTT explicito (paho, SAS manual)",DC-HUMO-08,0.02,26.85,2026-09-25T21:12:52+00:00
2026-09-25T16:12:52-05:00,2026-09-25T21:12:52+00:00,"Cliente MQTT explicito (paho, SAS manual)",DC-HUMO-08,0.021,27.13,2026-09-25T21:12:52+00:00
2026-09-25T16:12:53-05:00,2026-09-25T21:12:53+00:00,"Cliente MQTT explicito (paho, SAS manual)",DC-HUMO-08,0.021,27.14,2026-09-25T21:12:53+00:00
2026-09-25T16:12:54-05:00,2026-09-25T21:12:54+00:00,"Cliente MQTT explicito (paho, SAS manual)",DC-HUMO-08,0.019,26.56,2026-09-25T21:12:54+00:00
2026-09-25T16:12:55-05:00,2026-09-25T21:12:55+00:00,"Cliente MQTT explicito (paho, SAS manual)",DC-HUMO-08,0.02,27.04,2026-09-25T21:12:55+00:00
2026-09-25T16:13:37-05:00,2026-09-25T21:13:37+00:00,"Cliente MQTT explicito (paho, SAS manual)",DC-HUMO-08,0.021,26.72,2026-09-25T21:13:37+00:00
2026-09-25T16:13:37-05:00,2026-09-25T21:13:37+00:00,"Cliente MQTT explicito (paho, SAS manual)",DC-HUMO-08,0.018,27.03,2026-09-25T21:13:37+00:00
2026-09-25T16:13:37-05:00,2026-09-25T21:13:37+00:00,"Cliente MQTT explicito (paho, SAS manual)",DC-HUMO-08,0.02,27.12,2026-09-25T21:13:37+00:00
2026-09-25T16:13:38-05:00,2026-09-25T21:13:38+00:00,"Cliente MQTT explicito (paho, SAS manual)",DC-HUMO-08,0.018,26.75,2026-09-25T21:13:38+00:00
2026-09-25T16:13:38-05:00,2026-09-25T21:13:38+00:00,"Cliente MQTT explicito (paho, SAS manual)",DC-HUMO-08,0.019,26.67,2026-09-25T21:13:38+00:00
2026-09-25T16:13:39-05:00,2026-09-25T21:13:39+00:00,"Cliente MQTT explicito (paho, SAS manual)",DC-HUMO-08,0.021,26.7,2026-09-25T21:13:39+00:00
2026-09-25T16:13:40-05:00,2026-09-25T21:13:40+00:00,"Cliente MQTT explicito (paho, SAS manual)",DC-HUMO-08,0.021,26.82,2026-09-25T21:13:40+00:00
2026-09-25T16:13:40-05:00,2026-09-25T21:13:40+00:00,"Cliente MQTT explicito (paho, SAS manual)",DC-HUMO-08,0.019,26.57,2026-09-25T21:13:40+00:00
2026-09-25T16:14:22-05:00,2026-09-25T21:14:22+00:00,"Cliente MQTT explicito (paho, SAS manual)",DC-HUMO-08,0.02,26.76,2026-09-25T21:14:22+00:00
2026-09-25T16:14:22-05:00,2026-09-25T21:14:22+00:00,"Cliente MQTT explicito (paho, SAS manual)",DC-HUMO-08,0.02,27.24,2026-09-25T21:14:22+00:00
2026-09-25T16:14:23-05:00,2026-09-25T21:14:23+00:00,"Cliente MQTT explicito (paho, SAS manual)",DC-HUMO-08,0.021,26.62,2026-09-25T21:14:23+00:00
2026-09-25T16:14:23-05:00,2026-09-25T21:14:23+00:00,"Cliente MQTT explicito (paho, SAS manual)",DC-HUMO-08,0.021,26.88,2026-09-25T21:14:23+00:00
2026-09-25T16:14:23-05:00,2026-09-25T21:14:23+00:00,"Cliente MQTT explicito (paho, SAS manual)",DC-HUMO-08,0.018,27.0,2026-09-25T21:14:23+00:00
2026-09-25T16:14:24-05:00,2026-09-25T21:14:24+00:00,"Cliente MQTT explicito (paho, SAS manual)",DC-HUMO-08,0.02,26.54,2026-09-25T21:14:24+00:00
2026-09-25T16:14:25-05:00,2026-09-25T21:14:25+00:00,"Cliente MQTT explicito (paho, SAS manual)",DC-HUMO-08,0.019,26.67,2026-09-25T21:14:25+00:00
2026-09-25T16:14:26-05:00,2026-09-25T21:14:26+00:00,"Cliente MQTT explicito (paho, SAS manual)",DC-HUMO-08,0.021,26.86,2026-09-25T21:14:26+00:00
2026-09-25T16:15:07-05:00,2026-09-25T21:15:07+00:00,"Cliente MQTT explicito (paho, SAS manual)",DC-HUMO-08,0.021,26.79,2026-09-25T21:15:07+00:00
2026-09-25T16:15:07-05:00,2026-09-25T21:15:07+00:00,"Cliente MQTT explicito (paho, SAS manual)",DC-HUMO-08,0.019,26.47,2026-09-25T21:15:07+00:00
2026-09-25T16:15:08-05:00,2026-09-25T21:15:08+00:00,"Cliente MQTT explicito (paho, SAS manual)",DC-HUMO-08,0.02,27.16,2026-09-25T21:15:08+00:00
2026-09-25T16:15:08-05:00,2026-09-25T21:15:08+00:00,"Cliente MQTT explicito (paho, SAS manual)",DC-HUMO-08,0.019,26.85,2026-09-25T21:15:08+00:00
2026-09-25T16:15:08-05:00,2026-09-25T21:15:08+00:00,"Cliente MQTT explicito (paho, SAS manual)",DC-HUMO-08,0.021,26.97,2026-09-25T21:15:08+00:00
2026-09-25T16:15:09-05:00,2026-09-25T21:15:09+00:00,"Cliente MQTT explicito (paho, SAS manual)",DC-HUMO-08,0.018,27.07,2026-09-25T21:15:09+00:00
2026-09-25T16:15:10-05:00,2026-09-25T21:15:10+00:00,"Cliente MQTT explicito (paho, SAS manual)",DC-HUMO-08,0.02,26.66,2026-09-25T21:15:10+00:00
2026-09-25T16:15:11-05:00,2026-09-25T21:15:11+00:00,"Cliente MQTT explicito (paho, SAS manual)",DC-HUMO-08,0.018,26.5,2026-09-25T21:15:11+00:00
2026-09-25T16:15:53-05:00,2026-09-25T21:15:53+00:00,"Cliente MQTT explicito (paho, SAS manual)",DC-HUMO-08,0.019,26.7,2026-09-25T21:15:53+00:00
2026-09-25T16:15:53-05:00,2026-09-25T21:15:53+00:00,"Cliente MQTT explicito (paho, SAS manual)",DC-HUMO-08,0.018,26.81,2026-09-25T21:15:53+00:00
2026-09-25T16:15:53-05:00,2026-09-25T21:15:53+00:00,"Cliente MQTT explicito (paho, SAS manual)",DC-HUMO-08,0.021,27.02,2026-09-25T21:15:53+00:00
2026-09-25T16:15:54-05:00,2026-09-25T21:15:54+00:00,"Cliente MQTT explicito (paho, SAS manual)",DC-HUMO-08,0.018,26.68,2026-09-25T21:15:54+00:00
2026-09-25T16:15:54-05:00,2026-09-25T21:15:54+00:00,"Cliente MQTT explicito (paho, SAS manual)",DC-HUMO-08,0.021,26.86,2026-09-25T21:15:54+00:00
2026-09-25T16:15:55-05:00,2026-09-25T21:15:55+00:00,"Cliente MQTT explicito (paho, SAS manual)",DC-HUMO-08,0.02,27.05,2026-09-25T21:15:55+00:00
2026-09-25T16:15:55-05:00,2026-09-25T21:15:55+00:00,"Cliente MQTT explicito (paho, SAS manual)",DC-HUMO-08,0.021,26.48,2026-09-25T21:15:55+00:00
2026-09-25T16:15:56-05:00,2026-09-25T21:15:56+00:00,"Cliente MQTT explicito (paho, SAS manual)",DC-HUMO-08,0.019,27.01,2026-09-25T21:15:56+00:00
2026-09-25T16:16:39-05:00,2026-09-25T21:16:39+00:00,"Cliente MQTT explicito (paho, SAS manual)",DC-HUMO-08,0.02,26.59,2026-09-25T21:16:39+00:00
2026-09-25T16:16:39-05:00,2026-09-25T21:16:39+00:00,"Cliente MQTT explicito (paho, SAS manual)",DC-HUMO-08,0.018,27.05,2026-09-25T21:16:39+00:00
2026-09-25T16:16:39-05:00,2026-09-25T21:16:39+00:00,"Cliente MQTT explicito (paho, SAS manual)",DC-HUMO-08,0.021,27.24,2026-09-25T21:16:39+00:00
2026-09-25T16:16:39-05:00,2026-09-25T21:16:39+00:00,"Cliente MQTT explicito (paho, SAS manual)",DC-HUMO-08,0.021,27.17,2026-09-25T21:16:39+00:00
2026-09-25T16:16:39-05:00,2026-09-25T21:16:39+00:00,"Cliente MQTT explicito (paho, SAS manual)",DC-HUMO-08,0.019,27.24,2026-09-25T21:16:39+00:00
2026-09-25T16:16:40-05:00,2026-09-25T21:16:40+00:00,"Cliente MQTT explicito (paho, SAS manual)",DC-HUMO-08,0.019,26.69,2026-09-25T21:16:40+00:00
2026-09-25T16:16:41-05:00,2026-09-25T21:16:41+00:00,"Cliente MQTT explicito (paho, SAS manual)",DC-HUMO-08,0.021,27.08,2026-09-25T21:16:41+00:00
2026-09-25T16:16:41-05:00,2026-09-25T21:16:41+00:00,"Cliente MQTT explicito (paho, SAS manual)",DC-HUMO-08,0.021,26.64,2026-09-25T21:16:41+00:00
2026-09-25T16:17:24-05:00,2026-09-25T21:17:24+00:00,"Cliente MQTT explicito (paho, SAS manual)",DC-HUMO-08,0.02,27.05,2026-09-25T21:17:24+00:00
2026-09-25T16:17:24-05:00,2026-09-25T21:17:24+00:00,"Cliente MQTT explicito (paho, SAS manual)",DC-HUMO-08,0.021,26.71,2026-09-25T21:17:24+00:00
2026-09-25T16:17:24-05:00,2026-09-25T21:17:24+00:00,"Cliente MQTT explicito (paho, SAS manual)",DC-HUMO-08,0.021,27.12,2026-09-25T21:17:24+00:00
2026-09-25T16:17:25-05:00,2026-09-25T21:17:25+00:00,"Cliente MQTT explicito (paho, SAS manual)",DC-HUMO-08,0.021,27.09,2026-09-25T21:17:25+00:00
2026-09-25T16:17:25-05:00,2026-09-25T21:17:25+00:00,"Cliente MQTT explicito (paho, SAS manual)",DC-HUMO-08,0.02,26.93,2026-09-25T21:17:25+00:00
2026-09-25T16:17:25-05:00,2026-09-25T21:17:25+00:00,"Cliente MQTT explicito (paho, SAS manual)",DC-HUMO-08,0.019,26.86,2026-09-25T21:17:25+00:00
2026-09-25T16:17:26-05:00,2026-09-25T21:17:26+00:00,"Cliente MQTT explicito (paho, SAS manual)",DC-HUMO-08,0.02,26.9,2026-09-25T21:17:26+00:00
2026-09-25T16:17:27-05:00,2026-09-25T21:17:27+00:00,"Cliente MQTT explicito (paho, SAS manual)",DC-HUMO-08,0.021,26.96,2026-09-25T21:17:27+00:00
2026-09-25T16:18:10-05:00,2026-09-25T21:18:10+00:00,"Cliente MQTT explicito (paho, SAS manual)",DC-HUMO-08,0.02,27.19,2026-09-25T21:18:10+00:00
2026-09-25T16:18:10-05:00,2026-09-25T21:18:10+00:00,"Cliente MQTT explicito (paho, SAS manual)",DC-HUMO-08,0.019,26.64,2026-09-25T21:18:10+00:00
2026-09-25T16:18:10-05:00,2026-09-25T21:18:10+00:00,"Cliente MQTT explicito (paho, SAS manual)",DC-HUMO-08,0.021,27.25,2026-09-25T21:18:10+00:00
2026-09-25T16:18:10-05:00,2026-09-25T21:18:10+00:00,"Cliente MQTT explicito (paho, SAS manual)",DC-HUMO-08,0.019,26.99,2026-09-25T21:18:10+00:00
2026-09-25T16:18:11-05:00,2026-09-25T21:18:11+00:00,"Cliente MQTT explicito (paho, SAS manual)",DC-HUMO-08,0.021,27.08,2026-09-25T21:18:11+00:00
2026-09-25T16:18:11-05:00,2026-09-25T21:18:11+00:00,"Cliente MQTT explicito (paho, SAS manual)",DC-HUMO-08,0.02,27.11,2026-09-25T21:18:11+00:00
2026-09-25T16:18:11-05:00,2026-09-25T21:18:11+00:00,"Cliente MQTT explicito (paho, SAS manual)",DC-HUMO-08,0.018,27.01,2026-09-25T21:18:11+00:00
2026-09-25T16:18:13-05:00,2026-09-25T21:18:13+00:00,"Cliente MQTT explicito (paho, SAS manual)",DC-HUMO-08,0.02,26.95,2026-09-25T21:18:13+00:00
2026-09-25T16:18:55-05:00,2026-09-25T21:18:55+00:00,"Cliente MQTT explicito (paho, SAS manual)",DC-HUMO-08,0.021,27.06,2026-09-25T21:18:55+00:00
2026-09-25T16:18:56-05:00,2026-09-25T21:18:56+00:00,"Cliente MQTT explicito (paho, SAS manual)",DC-HUMO-08,0.021,26.9,2026-09-25T21:18:56+00:00
2026-09-25T16:18:56-05:00,2026-09-25T21:18:56+00:00,"Cliente MQTT explicito (paho, SAS manual)",DC-HUMO-08,0.02,26.63,2026-09-25T21:18:56+00:00
2026-09-25T16:18:56-05:00,2026-09-25T21:18:56+00:00,"Cliente MQTT explicito (paho, SAS manual)",DC-HUMO-08,0.019,26.98,2026-09-25T21:18:56+00:00
2026-09-25T16:18:56-05:00,2026-09-25T21:18:56+00:00,"Cliente MQTT explicito (paho, SAS manual)",DC-HUMO-08,0.02,26.78,2026-09-25T21:18:56+00:00
2026-09-25T16:18:57-05:00,2026-09-25T21:18:57+00:00,"Cliente MQTT explicito (paho, SAS manual)",DC-HUMO-08,0.018,26.94,2026-09-25T21:18:57+00:00
2026-09-25T16:18:57-05:00,2026-09-25T21:18:57+00:00,"Cliente MQTT explicito (paho, SAS manual)",DC-HUMO-08,0.02,27.04,2026-09-25T21:18:57+00:00
2026-09-25T16:18:59-05:00,2026-09-25T21:18:59+00:00,"Cliente MQTT explicito (paho, SAS manual)",DC-HUMO-08,0.019,26.83,2026-09-25T21:18:59+00:00
2026-09-25T16:19:41-05:00,2026-09-25T21:19:41+00:00,"Cliente MQTT explicito (paho, SAS manual)",DC-HUMO-08,0.021,27.03,2026-09-25T21:19:41+00:00
2026-09-25T16:19:41-05:00,2026-09-25T21:19:41+00:00,"Cliente MQTT explicito (paho, SAS manual)",DC-HUMO-08,0.02,26.56,2026-09-25T21:19:41+00:00
2026-09-25T16:19:41-05:00,2026-09-25T21:19:41+00:00,"Cliente MQTT explicito (paho, SAS manual)",DC-HUMO-08,0.02,26.63,2026-09-25T21:19:41+00:00
2026-09-25T16:19:42-05:00,2026-09-25T21:19:42+00:00,"Cliente MQTT explicito (paho, SAS manual)",DC-HUMO-08,0.021,27.15,2026-09-25T21:19:42+00:00
2026-09-25T16:19:42-05:00,2026-09-25T21:19:42+00:00,"Cliente MQTT explicito (paho, SAS manual)",DC-HUMO-08,0.019,26.45,2026-09-25T21:19:42+00:00
2026-09-25T16:19:42-05:00,2026-09-25T21:19:42+00:00,"Cliente MQTT explicito (paho, SAS manual)",DC-HUMO-08,0.019,27.22,2026-09-25T21:19:42+00:00
2026-09-25T16:19:43-05:00,2026-09-25T21:19:43+00:00,"Cliente MQTT explicito (paho, SAS manual)",DC-HUMO-08,0.018,26.97,2026-09-25T21:19:43+00:00
2026-09-25T16:19:44-05:00,2026-09-25T21:19:44+00:00,"Cliente MQTT explicito (paho, SAS manual)",DC-HUMO-08,0.021,26.89,2026-09-25T21:19:44+00:00
2026-09-25T16:20:27-05:00,2026-09-25T21:20:27+00:00,"Cliente MQTT explicito (paho, SAS manual)",DC-HUMO-08,0.02,26.93,2026-09-25T21:20:27+00:00
2026-09-25T16:20:27-05:00,2026-09-25T21:20:27+00:00,"Cliente MQTT explicito (paho, SAS manual)",DC-HUMO-08,0.019,26.95,2026-09-25T21:20:27+00:00
2026-09-25T16:20:27-05:00,2026-09-25T21:20:27+00:00,"Cliente MQTT explicito (paho, SAS manual)",DC-HUMO-08,0.019,26.67,2026-09-25T21:20:27+00:00
2026-09-25T16:20:27-05:00,2026-09-25T21:20:27+00:00,"Cliente MQTT explicito (paho, SAS manual)",DC-HUMO-08,0.018,26.49,2026-09-25T21:20:27+00:00
2026-09-25T16:20:27-05:00,2026-09-25T21:20:27+00:00,"Cliente MQTT explicito (paho, SAS manual)",DC-HUMO-08,0.02,27.07,2026-09-25T21:20:27+00:00
2026-09-25T16:20:28-05:00,2026-09-25T21:20:28+00:00,"Cliente MQTT explicito (paho, SAS manual)",DC-HUMO-08,0.018,27.21,2026-09-25T21:20:28+00:00
2026-09-25T16:20:28-05:00,2026-09-25T21:20:28+00:00,"Cliente MQTT explicito (paho, SAS manual)",DC-HUMO-08,0.019,26.52,2026-09-25T21:20:28+00:00
2026-09-25T16:20:30-05:00,2026-09-25T21:20:30+00:00,"Cliente MQTT explicito (paho, SAS manual)",DC-HUMO-08,0.02,27.09,2026-09-25T21:20:30+00:00
2026-09-25T16:21:12-05:00,2026-09-25T21:21:12+00:00,"Cliente MQTT explicito (paho, SAS manual)",DC-HUMO-08,0.02,27.14,2026-09-25T21:21:12+00:00
2026-09-25T16:21:12-05:00,2026-09-25T21:21:12+00:00,"Cliente MQTT explicito (paho, SAS manual)",DC-HUMO-08,0.019,26.58,2026-09-25T21:21:12+00:00
2026-09-25T16:21:12-05:00,2026-09-25T21:21:12+00:00,"Cliente MQTT explicito (paho, SAS manual)",DC-HUMO-08,0.018,26.51,2026-09-25T21:21:12+00:00
2026-09-25T16:21:13-05:00,2026-09-25T21:21:13+00:00,"Cliente MQTT explicito (paho, SAS manual)",DC-HUMO-08,0.019,26.51,2026-09-25T21:21:13+00:00
2026-09-25T16:21:13-05:00,2026-09-25T21:21:13+00:00,"Cliente MQTT explicito (paho, SAS manual)",DC-HUMO-08,0.019,27.01,2026-09-25T21:21:13+00:00
2026-09-25T16:21:13-05:00,2026-09-25T21:21:13+00:00,"Cliente MQTT explicito (paho, SAS manual)",DC-HUMO-08,0.021,26.59,2026-09-25T21:21:13+00:00
2026-09-25T16:21:14-05:00,2026-09-25T21:21:14+00:00,"Cliente MQTT explicito (paho, SAS manual)",DC-HUMO-08,0.018,27.08,2026-09-25T21:21:14+00:00
2026-09-25T16:21:15-05:00,2026-09-25T21:21:15+00:00,"Cliente MQTT explicito (paho, SAS manual)",DC-HUMO-08,0.017,27.12,2026-09-25T21:21:15+00:00
2026-09-25T16:21:58-05:00,2026-09-25T21:21:58+00:00,"Cliente MQTT explicito (paho, SAS manual)",DC-HUMO-08,0.019,26.5,2026-09-25T21:21:58+00:00
2026-09-25T16:21:58-05:00,2026-09-25T21:21:58+00:00,"Cliente MQTT explicito (paho, SAS manual)",DC-HUMO-08,0.02,26.94,2026-09-25T21:21:58+00:00
2026-09-25T16:21:58-05:00,2026-09-25T21:21:58+00:00,"Cliente MQTT explicito (paho, SAS manual)",DC-HUMO-08,0.018,26.7,2026-09-25T21:21:58+00:00
2026-09-25T16:21:58-05:00,2026-09-25T21:21:58+00:00,"Cliente MQTT explicito (paho, SAS manual)",DC-HUMO-08,0.018,26.58,2026-09-25T21:21:58+00:00
2026-09-25T16:21:58-05:00,2026-09-25T21:21:58+00:00,"Cliente MQTT explicito (paho, SAS manual)",DC-HUMO-08,0.018,26.84,2026-09-25T21:21:58+00:00
2026-09-25T16:21:59-05:00,2026-09-25T21:21:59+00:00,"Cliente MQTT explicito (paho, SAS manual)",DC-HUMO-08,0.02,26.46,2026-09-25T21:21:59+00:00
2026-09-25T16:21:59-05:00,2026-09-25T21:21:59+00:00,"Cliente MQTT explicito (paho, SAS manual)",DC-HUMO-08,0.02,26.7,2026-09-25T21:21:59+00:00
2026-09-25T16:22:00-05:00,2026-09-25T21:22:00+00:00,"Cliente MQTT explicito (paho, SAS manual)",DC-HUMO-08,0.018,26.56,2026-09-25T21:22:00+00:00
2026-09-25T16:22:43-05:00,2026-09-25T21:22:43+00:00,"Cliente MQTT explicito (paho, SAS manual)",DC-HUMO-08,0.019,27.15,2026-09-25T21:22:43+00:00
2026-09-25T16:22:43-05:00,2026-09-25T21:22:43+00:00,"Cliente MQTT explicito (paho, SAS manual)",DC-HUMO-08,0.018,26.6,2026-09-25T21:22:43+00:00
2026-09-25T16:22:43-05:00,2026-09-25T21:22:43+00:00,"Cliente MQTT explicito (paho, SAS manual)",DC-HUMO-08,0.02,27.19,2026-09-25T21:22:43+00:00
2026-09-25T16:22:44-05:00,2026-09-25T21:22:44+00:00,"Cliente MQTT explicito (paho, SAS manual)",DC-HUMO-08,0.021,27.14,2026-09-25T21:22:44+00:00
2026-09-25T16:22:44-05:00,2026-09-25T21:22:44+00:00,"Cliente MQTT explicito (paho, SAS manual)",DC-HUMO-08,0.019,27.07,2026-09-25T21:22:44+00:00
2026-09-25T16:22:44-05:00,2026-09-25T21:22:44+00:00,"Cliente MQTT explicito (paho, SAS manual)",DC-HUMO-08,0.019,27.23,2026-09-25T21:22:44+00:00
2026-09-25T16:22:45-05:00,2026-09-25T21:22:45+00:00,"Cliente MQTT explicito (paho, SAS manual)",DC-HUMO-08,0.02,27.16,2026-09-25T21:22:45+00:00
2026-09-25T16:22:46-05:00,2026-09-25T21:22:46+00:00,"Cliente MQTT explicito (paho, SAS manual)",DC-HUMO-08,0.02,27.12,2026-09-25T21:22:46+00:00
2026-09-25T16:23:29-05:00,2026-09-25T21:23:29+00:00,"Cliente MQTT explicito (paho, SAS manual)",DC-HUMO-08,0.02,27.2,2026-09-25T21:23:29+00:00
2026-09-25T16:23:29-05:00,2026-09-25T21:23:29+00:00,"Cliente MQTT explicito (paho, SAS manual)",DC-HUMO-08,0.021,26.81,2026-09-25T21:23:29+00:00
2026-09-25T16:23:29-05:00,2026-09-25T21:23:29+00:00,"Cliente MQTT explicito (paho, SAS manual)",DC-HUMO-08,0.019,26.89,2026-09-25T21:23:29+00:00
2026-09-25T16:23:29-05:00,2026-09-25T21:23:29+00:00,"Cliente MQTT explicito (paho, SAS manual)",DC-HUMO-08,0.018,26.92,2026-09-25T21:23:29+00:00
2026-09-25T16:23:30-05:00,2026-09-25T21:23:30+00:00,"Cliente MQTT explicito (paho, SAS manual)",DC-HUMO-08,0.021,27.03,2026-09-25T21:23:30+00:00
2026-09-25T16:23:30-05:00,2026-09-25T21:23:30+00:00,"Cliente MQTT explicito (paho, SAS manual)",DC-HUMO-08,0.02,26.59,2026-09-25T21:23:30+00:00
2026-09-25T16:23:30-05:00,2026-09-25T21:23:30+00:00,"Cliente MQTT explicito (paho, SAS manual)",DC-HUMO-08,0.02,26.48,2026-09-25T21:23:30+00:00
2026-09-25T16:23:32-05:00,2026-09-25T21:23:32+00:00,"Cliente MQTT explicito (paho, SAS manual)",DC-HUMO-08,0.021,26.75,2026-09-25T21:23:32+00:00
2026-09-25T16:24:14-05:00,2026-09-25T21:24:14+00:00,"Cliente MQTT explicito (paho, SAS manual)",DC-HUMO-08,0.021,27.02,2026-09-25T21:24:14+00:00
2026-09-25T16:24:14-05:00,2026-09-25T21:24:14+00:00,"Cliente MQTT explicito (paho, SAS manual)",DC-HUMO-08,0.019,27.03,2026-09-25T21:24:14+00:00
2026-09-25T16:24:15-05:00,2026-09-25T21:24:15+00:00,"Cliente MQTT explicito (paho, SAS manual)",DC-HUMO-08,0.021,27.2,2026-09-25T21:24:15+00:00
2026-09-25T16:24:15-05:00,2026-09-25T21:24:15+00:00,"Cliente MQTT explicito (paho, SAS manual)",DC-HUMO-08,0.018,27.19,2026-09-25T21:24:15+00:00
2026-09-25T16:24:15-05:00,2026-09-25T21:24:15+00:00,"Cliente MQTT explicito (paho, SAS manual)",DC-HUMO-08,0.019,26.72,2026-09-25T21:24:15+00:00
2026-09-25T16:24:15-05:00,2026-09-25T21:24:15+00:00,"Cliente MQTT explicito (paho, SAS manual)",DC-HUMO-08,0.021,26.49,2026-09-25T21:24:15+00:00
2026-09-25T16:24:15-05:00,2026-09-25T21:24:15+00:00,"Cliente MQTT explicito (paho, SAS manual)",DC-HUMO-08,0.019,27.15,2026-09-25T21:24:15+00:00
2026-09-25T16:24:17-05:00,2026-09-25T21:24:17+00:00,"Cliente MQTT explicito (paho, SAS manual)",DC-HUMO-08,0.02,26.67,2026-09-25T21:24:17+00:00
2026-09-25T16:25:00-05:00,2026-09-25T21:25:00+00:00,"Cliente MQTT explicito (paho, SAS manual)",DC-HUMO-08,0.018,26.77,2026-09-25T21:25:00+00:00
2026-09-25T16:25:00-05:00,2026-09-25T21:25:00+00:00,"Cliente MQTT explicito (paho, SAS manual)",DC-HUMO-08,0.021,26.8,2026-09-25T21:25:00+00:00
2026-09-25T16:25:00-05:00,2026-09-25T21:25:00+00:00,"Cliente MQTT explicito (paho, SAS manual)",DC-HUMO-08,0.018,26.85,2026-09-25T21:25:00+00:00
2026-09-25T16:25:01-05:00,2026-09-25T21:25:01+00:00,"Cliente MQTT explicito (paho, SAS manual)",DC-HUMO-08,0.019,26.78,2026-09-25T21:25:01+00:00
2026-09-25T16:25:01-05:00,2026-09-25T21:25:01+00:00,"Cliente MQTT explicito (paho, SAS manual)",DC-HUMO-08,0.018,27.01,2026-09-25T21:25:01+00:00
2026-09-25T16:25:01-05:00,2026-09-25T21:25:01+00:00,"Cliente MQTT explicito (paho, SAS manual)",DC-HUMO-08,0.021,26.78,2026-09-25T21:25:01+00:00
2026-09-25T16:25:01-05:00,2026-09-25T21:25:01+00:00,"Cliente MQTT explicito (paho, SAS manual)",DC-HUMO-08,0.019,26.44,2026-09-25T21:25:01+00:00
2026-09-25T16:25:03-05:00,2026-09-25T21:25:03+00:00,"Cliente MQTT explicito (paho, SAS manual)",DC-HUMO-08,0.02,26.75,2026-09-25T21:25:03+00:00
2026-09-25T16:25:45-05:00,2026-09-25T21:25:45+00:00,"Cliente MQTT explicito (paho, SAS manual)",DC-HUMO-08,0.02,26.76,2026-09-25T21:25:45+00:00
2026-09-25T16:25:45-05:00,2026-09-25T21:25:45+00:00,"Cliente MQTT explicito (paho, SAS manual)",DC-HUMO-08,0.021,26.56,2026-09-25T21:25:45+00:00
2026-09-25T16:25:46-05:00,2026-09-25T21:25:46+00:00,"Cliente MQTT explicito (paho, SAS manual)",DC-HUMO-08,0.019,27.17,2026-09-25T21:25:46+00:00
2026-09-25T16:25:46-05:00,2026-09-25T21:25:46+00:00,"Cliente MQTT explicito (paho, SAS manual)",DC-HUMO-08,0.02,26.71,2026-09-25T21:25:46+00:00
2026-09-25T16:25:46-05:00,2026-09-25T21:25:46+00:00,"Cliente MQTT explicito (paho, SAS manual)",DC-HUMO-08,0.02,26.98,2026-09-25T21:25:46+00:00
2026-09-25T16:25:46-05:00,2026-09-25T21:25:46+00:00,"Cliente MQTT explicito (paho, SAS manual)",DC-HUMO-08,0.021,26.66,2026-09-25T21:25:46+00:00
2026-09-25T16:25:46-05:00,2026-09-25T21:25:46+00:00,"Cliente MQTT explicito (paho, SAS manual)",DC-HUMO-08,0.019,27.16,2026-09-25T21:25:46+00:00
2026-09-25T16:25:48-05:00,2026-09-25T21:25:48+00:00,"Cliente MQTT explicito (paho, SAS manual)",DC-HUMO-08,0.021,26.85,2026-09-25T21:25:48+00:00
2026-09-25T16:26:31-05:00,2026-09-25T21:26:31+00:00,"Cliente MQTT explicito (paho, SAS manual)",DC-HUMO-08,0.021,26.62,2026-09-25T21:26:31+00:00
2026-09-25T16:26:31-05:00,2026-09-25T21:26:31+00:00,"Cliente MQTT explicito (paho, SAS manual)",DC-HUMO-08,0.019,26.65,2026-09-25T21:26:31+00:00
2026-09-25T16:26:31-05:00,2026-09-25T21:26:31+00:00,"Cliente MQTT explicito (paho, SAS manual)",DC-HUMO-08,0.021,26.49,2026-09-25T21:26:31+00:00
2026-09-25T16:26:31-05:00,2026-09-25T21:26:31+00:00,"Cliente MQTT explicito (paho, SAS manual)",DC-HUMO-08,0.018,27.07,2026-09-25T21:26:31+00:00
2026-09-25T16:26:32-05:00,2026-09-25T21:26:32+00:00,"Cliente MQTT explicito (paho, SAS manual)",DC-HUMO-08,0.018,26.52,2026-09-25T21:26:32+00:00
2026-09-25T16:26:32-05:00,2026-09-25T21:26:32+00:00,"Cliente MQTT explicito (paho, SAS manual)",DC-HUMO-08,0.018,26.86,2026-09-25T21:26:32+00:00
2026-09-25T16:26:32-05:00,2026-09-25T21:26:32+00:00,"Cliente MQTT explicito (paho, SAS manual)",DC-HUMO-08,0.017,26.71,2026-09-25T21:26:32+00:00
2026-09-25T16:26:34-05:00,2026-09-25T21:26:34+00:00,"Cliente MQTT explicito (paho, SAS manual)",DC-HUMO-08,0.018,26.99,2026-09-25T21:26:34+00:00
2026-09-25T16:27:16-05:00,2026-09-25T21:27:16+00:00,"Cliente MQTT explicito (paho, SAS manual)",DC-HUMO-08,0.02,26.99,2026-09-25T21:27:16+00:00
2026-09-25T16:27:17-05:00,2026-09-25T21:27:17+00:00,"Cliente MQTT explicito (paho, SAS manual)",DC-HUMO-08,0.018,27.01,2026-09-25T21:27:17+00:00
2026-09-25T16:27:17-05:00,2026-09-25T21:27:17+00:00,"Cliente MQTT explicito (paho, SAS manual)",DC-HUMO-08,0.02,27.11,2026-09-25T21:27:17+00:00
2026-09-25T16:27:17-05:00,2026-09-25T21:27:17+00:00,"Cliente MQTT explicito (paho, SAS manual)",DC-HUMO-08,0.019,26.61,2026-09-25T21:27:17+00:00
2026-09-25T16:27:17-05:00,2026-09-25T21:27:17+00:00,"Cliente MQTT explicito (paho, SAS manual)",DC-HUMO-08,0.019,26.84,2026-09-25T21:27:17+00:00
2026-09-25T16:27:18-05:00,2026-09-25T21:27:18+00:00,"Cliente MQTT explicito (paho, SAS manual)",DC-HUMO-08,0.018,26.58,2026-09-25T21:27:18+00:00
2026-09-25T16:27:18-05:00,2026-09-25T21:27:18+00:00,"Cliente MQTT explicito (paho, SAS manual)",DC-HUMO-08,0.019,26.92,2026-09-25T21:27:18+00:00
2026-09-25T16:27:20-05:00,2026-09-25T21:27:20+00:00,"Cliente MQTT explicito (paho, SAS manual)",DC-HUMO-08,0.018,27.11,2026-09-25T21:27:20+00:00
2026-09-25T16:28:02-05:00,2026-09-25T21:28:02+00:00,"Cliente MQTT explicito (paho, SAS manual)",DC-HUMO-08,0.021,26.71,2026-09-25T21:28:02+00:00
2026-09-25T16:28:02-05:00,2026-09-25T21:28:02+00:00,"Cliente MQTT explicito (paho, SAS manual)",DC-HUMO-08,0.018,26.63,2026-09-25T21:28:02+00:00
2026-09-25T16:28:02-05:00,2026-09-25T21:28:02+00:00,"Cliente MQTT explicito (paho, SAS manual)",DC-HUMO-08,0.019,27.15,2026-09-25T21:28:02+00:00
2026-09-25T16:28:03-05:00,2026-09-25T21:28:03+00:00,"Cliente MQTT explicito (paho, SAS manual)",DC-HUMO-08,0.02,27.2,2026-09-25T21:28:03+00:00
2026-09-25T16:28:03-05:00,2026-09-25T21:28:03+00:00,"Cliente MQTT explicito (paho, SAS manual)",DC-HUMO-08,0.02,26.58,2026-09-25T21:28:03+00:00
2026-09-25T16:28:03-05:00,2026-09-25T21:28:03+00:00,"Cliente MQTT explicito (paho, SAS manual)",DC-HUMO-08,0.021,27.03,2026-09-25T21:28:03+00:00
2026-09-25T16:28:04-05:00,2026-09-25T21:28:04+00:00,"Cliente MQTT explicito (paho, SAS manual)",DC-HUMO-08,0.018,26.45,2026-09-25T21:28:04+00:00
2026-09-25T16:28:05-05:00,2026-09-25T21:28:05+00:00,"Cliente MQTT explicito (paho, SAS manual)",DC-HUMO-08,0.017,27.22,2026-09-25T21:28:05+00:00
2026-09-25T16:28:48-05:00,2026-09-25T21:28:48+00:00,"Cliente MQTT explicito (paho, SAS manual)",DC-HUMO-08,0.018,26.92,2026-09-25T21:28:48+00:00
2026-09-25T16:28:48-05:00,2026-09-25T21:28:48+00:00,"Cliente MQTT explicito (paho, SAS manual)",DC-HUMO-08,0.018,27.02,2026-09-25T21:28:48+00:00
2026-09-25T16:28:48-05:00,2026-09-25T21:28:48+00:00,"Cliente MQTT explicito (paho, SAS manual)",DC-HUMO-08,0.018,26.68,2026-09-25T21:28:48+00:00
2026-09-25T16:28:48-05:00,2026-09-25T21:28:48+00:00,"Cliente MQTT explicito (paho, SAS manual)",DC-HUMO-08,0.017,26.67,2026-09-25T21:28:48+00:00
2026-09-25T16:28:48-05:00,2026-09-25T21:28:48+00:00,"Cliente MQTT explicito (paho, SAS manual)",DC-HUMO-08,0.018,27.13,2026-09-25T21:28:48+00:00
2026-09-25T16:28:49-05:00,2026-09-25T21:28:49+00:00,"Cliente MQTT explicito (paho, SAS manual)",DC-HUMO-08,0.021,26.43,2026-09-25T21:28:49+00:00
2026-09-25T16:28:49-05:00,2026-09-25T21:28:49+00:00,"Cliente MQTT explicito (paho, SAS manual)",DC-HUMO-08,0.019,26.56,2026-09-25T21:28:49+00:00
2026-09-25T16:28:50-05:00,2026-09-25T21:28:50+00:00,"Cliente MQTT explicito (paho, SAS manual)",DC-HUMO-08,0.021,26.54,2026-09-25T21:28:50+00:00
2026-09-25T16:29:33-05:00,2026-09-25T21:29:33+00:00,"Cliente MQTT explicito (paho, SAS manual)",DC-HUMO-08,0.02,27.12,2026-09-25T21:29:33+00:00
2026-09-25T16:29:33-05:00,2026-09-25T21:29:33+00:00,"Cliente MQTT explicito (paho, SAS manual)",DC-HUMO-08,0.018,26.42,2026-09-25T21:29:33+00:00
2026-09-25T16:29:34-05:00,2026-09-25T21:29:34+00:00,"Cliente MQTT explicito (paho, SAS manual)",DC-HUMO-08,0.018,27.11,2026-09-25T21:29:34+00:00
2026-09-25T16:29:34-05:00,2026-09-25T21:29:34+00:00,"Cliente MQTT explicito (paho, SAS manual)",DC-HUMO-08,0.018,26.9,2026-09-25T21:29:34+00:00
2026-09-25T16:29:34-05:00,2026-09-25T21:29:34+00:00,"Cliente MQTT explicito (paho, SAS manual)",DC-HUMO-08,0.021,26.85,2026-09-25T21:29:34+00:00
2026-09-25T16:29:34-05:00,2026-09-25T21:29:34+00:00,"Cliente MQTT explicito (paho, SAS manual)",DC-HUMO-08,0.021,26.59,2026-09-25T21:29:34+00:00
2026-09-25T16:29:35-05:00,2026-09-25T21:29:35+00:00,"Cliente MQTT explicito (paho, SAS manual)",DC-HUMO-08,0.02,26.7,2026-09-25T21:29:35+00:00
2026-09-25T16:29:36-05:00,2026-09-25T21:29:36+00:00,"Cliente MQTT explicito (paho, SAS manual)",DC-HUMO-08,0.018,26.76,2026-09-25T21:29:36+00:00
2026-09-25T16:30:19-05:00,2026-09-25T21:30:19+00:00,"Cliente MQTT explicito (paho, SAS manual)",DC-HUMO-08,0.021,27.04,2026-09-25T21:30:19+00:00
2026-09-25T16:30:19-05:00,2026-09-25T21:30:19+00:00,"Cliente MQTT explicito (paho, SAS manual)",DC-HUMO-08,0.019,26.53,2026-09-25T21:30:19+00:00
2026-09-25T16:30:19-05:00,2026-09-25T21:30:19+00:00,"Cliente MQTT explicito (paho, SAS manual)",DC-HUMO-08,0.019,26.64,2026-09-25T21:30:19+00:00
2026-09-25T16:30:19-05:00,2026-09-25T21:30:19+00:00,"Cliente MQTT explicito (paho, SAS manual)",DC-HUMO-08,0.02,26.81,2026-09-25T21:30:19+00:00
2026-09-25T16:30:20-05:00,2026-09-25T21:30:20+00:00,"Cliente MQTT explicito (paho, SAS manual)",DC-HUMO-08,0.018,26.53,2026-09-25T21:30:20+00:00
2026-09-25T16:30:20-05:00,2026-09-25T21:30:20+00:00,"Cliente MQTT explicito (paho, SAS manual)",DC-HUMO-08,0.019,26.87,2026-09-25T21:30:20+00:00
2026-09-25T16:30:20-05:00,2026-09-25T21:30:20+00:00,"Cliente MQTT explicito (paho, SAS manual)",DC-HUMO-08,0.018,26.77,2026-09-25T21:30:20+00:00
2026-09-25T16:30:22-05:00,2026-09-25T21:30:22+00:00,"Cliente MQTT explicito (paho, SAS manual)",DC-HUMO-08,0.02,26.72,2026-09-25T21:30:22+00:00
2026-09-25T16:31:04-05:00,2026-09-25T21:31:04+00:00,"Cliente MQTT explicito (paho, SAS manual)",DC-HUMO-08,0.02,26.82,2026-09-25T21:31:04+00:00
2026-09-25T16:31:04-05:00,2026-09-25T21:31:04+00:00,"Cliente MQTT explicito (paho, SAS manual)",DC-HUMO-08,0.019,26.87,2026-09-25T21:31:04+00:00
2026-09-25T16:31:05-05:00,2026-09-25T21:31:05+00:00,"Cliente MQTT explicito (paho, SAS manual)",DC-HUMO-08,0.02,26.69,2026-09-25T21:31:05+00:00
2026-09-25T16:31:05-05:00,2026-09-25T21:31:05+00:00,"Cliente MQTT explicito (paho, SAS manual)",DC-HUMO-08,0.021,26.6,2026-09-25T21:31:05+00:00
2026-09-25T16:31:05-05:00,2026-09-25T21:31:05+00:00,"Cliente MQTT explicito (paho, SAS manual)",DC-HUMO-08,0.019,27.2,2026-09-25T21:31:05+00:00
2026-09-25T16:31:05-05:00,2026-09-25T21:31:05+00:00,"Cliente MQTT explicito (paho, SAS manual)",DC-HUMO-08,0.018,26.65,2026-09-25T21:31:05+00:00
2026-09-25T16:31:06-05:00,2026-09-25T21:31:06+00:00,"Cliente MQTT explicito (paho, SAS manual)",DC-HUMO-08,0.018,26.57,2026-09-25T21:31:06+00:00
2026-09-25T16:31:07-05:00,2026-09-25T21:31:07+00:00,"Cliente MQTT explicito (paho, SAS manual)",DC-HUMO-08,0.019,26.89,2026-09-25T21:31:07+00:00
2026-09-25T16:31:50-05:00,2026-09-25T21:31:50+00:00,"Cliente MQTT explicito (paho, SAS manual)",DC-HUMO-08,0.02,27.05,2026-09-25T21:31:50+00:00
2026-09-25T16:31:50-05:00,2026-09-25T21:31:50+00:00,"Cliente MQTT explicito (paho, SAS manual)",DC-HUMO-08,0.021,26.77,2026-09-25T21:31:50+00:00
2026-09-25T16:31:50-05:00,2026-09-25T21:31:50+00:00,"Cliente MQTT explicito (paho, SAS manual)",DC-HUMO-08,0.019,27.02,2026-09-25T21:31:50+00:00
2026-09-25T16:31:50-05:00,2026-09-25T21:31:50+00:00,"Cliente MQTT explicito (paho, SAS manual)",DC-HUMO-08,0.02,27.15,2026-09-25T21:31:50+00:00
2026-09-25T16:31:51-05:00,2026-09-25T21:31:51+00:00,"Cliente MQTT explicito (paho, SAS manual)",DC-HUMO-08,0.019,27.2,2026-09-25T21:31:51+00:00
2026-09-25T16:31:51-05:00,2026-09-25T21:31:51+00:00,"Cliente MQTT explicito (paho, SAS manual)",DC-HUMO-08,0.018,26.91,2026-09-25T21:31:51+00:00
2026-09-25T16:31:51-05:00,2026-09-25T21:31:51+00:00,"Cliente MQTT explicito (paho, SAS manual)",DC-HUMO-08,0.021,26.63,2026-09-25T21:31:51+00:00
2026-09-25T16:31:53-05:00,2026-09-25T21:31:53+00:00,"Cliente MQTT explicito (paho, SAS manual)",DC-HUMO-08,0.017,26.58,2026-09-25T21:31:53+00:00
2026-09-25T16:32:36-05:00,2026-09-25T21:32:36+00:00,"Cliente MQTT explicito (paho, SAS manual)",DC-HUMO-08,0.021,26.77,2026-09-25T21:32:36+00:00
2026-09-25T16:32:36-05:00,2026-09-25T21:32:36+00:00,"Cliente MQTT explicito (paho, SAS manual)",DC-HUMO-08,0.018,26.8,2026-09-25T21:32:36+00:00
2026-09-25T16:32:36-05:00,2026-09-25T21:32:36+00:00,"Cliente MQTT explicito (paho, SAS manual)",DC-HUMO-08,0.021,26.85,2026-09-25T21:32:36+00:00
2026-09-25T16:32:36-05:00,2026-09-25T21:32:36+00:00,"Cliente MQTT explicito (paho, SAS manual)",DC-HUMO-08,0.02,26.55,2026-09-25T21:32:36+00:00
2026-09-25T16:32:36-05:00,2026-09-25T21:32:36+00:00,"Cliente MQTT explicito (paho, SAS manual)",DC-HUMO-08,0.021,26.72,2026-09-25T21:32:36+00:00
2026-09-25T16:32:37-05:00,2026-09-25T21:32:37+00:00,"Cliente MQTT explicito (paho, SAS manual)",DC-HUMO-08,0.018,26.48,2026-09-25T21:32:37+00:00
2026-09-25T16:32:37-05:00,2026-09-25T21:32:37+00:00,"Cliente MQTT explicito (paho, SAS manual)",DC-HUMO-08,0.02,26.87,2026-09-25T21:32:37+00:00
2026-09-25T16:32:39-05:00,2026-09-25T21:32:39+00:00,"Cliente MQTT explicito (paho, SAS manual)",DC-HUMO-08,0.018,26.87,2026-09-25T21:32:39+00:00
2026-09-25T16:33:21-05:00,2026-09-25T21:33:21+00:00,"Cliente MQTT explicito (paho, SAS manual)",DC-HUMO-08,0.018,27.19,2026-09-25T21:33:21+00:00
2026-09-25T16:33:21-05:00,2026-09-25T21:33:21+00:00,"Cliente MQTT explicito (paho, SAS manual)",DC-HUMO-08,0.02,26.47,2026-09-25T21:33:21+00:00
2026-09-25T16:33:22-05:00,2026-09-25T21:33:22+00:00,"Cliente MQTT explicito (paho, SAS manual)",DC-HUMO-08,0.019,26.66,2026-09-25T21:33:22+00:00
2026-09-25T16:33:22-05:00,2026-09-25T21:33:22+00:00,"Cliente MQTT explicito (paho, SAS manual)",DC-HUMO-08,0.021,26.42,2026-09-25T21:33:22+00:00
2026-09-25T16:33:22-05:00,2026-09-25T21:33:22+00:00,"Cliente MQTT explicito (paho, SAS manual)",DC-HUMO-08,0.02,26.47,2026-09-25T21:33:22+00:00
2026-09-25T16:33:22-05:00,2026-09-25T21:33:22+00:00,"Cliente MQTT explicito (paho, SAS manual)",DC-HUMO-08,0.021,26.54,2026-09-25T21:33:22+00:00
2026-09-25T16:33:23-05:00,2026-09-25T21:33:23+00:00,"Cliente MQTT explicito (paho, SAS manual)",DC-HUMO-08,0.019,26.75,2026-09-25T21:33:23+00:00
2026-09-25T16:33:24-05:00,2026-09-25T21:33:24+00:00,"Cliente MQTT explicito (paho, SAS manual)",DC-HUMO-08,0.021,26.52,2026-09-25T21:33:24+00:00
2026-09-25T16:34:06-05:00,2026-09-25T21:34:06+00:00,"Cliente MQTT explicito (paho, SAS manual)",DC-HUMO-08,0.018,26.96,2026-09-25T21:34:06+00:00
2026-09-25T16:34:07-05:00,2026-09-25T21:34:07+00:00,"Cliente MQTT explicito (paho, SAS manual)",DC-HUMO-08,0.019,27.05,2026-09-25T21:34:07+00:00
2026-09-25T16:34:07-05:00,2026-09-25T21:34:07+00:00,"Cliente MQTT explicito (paho, SAS manual)",DC-HUMO-08,0.021,26.44,2026-09-25T21:34:07+00:00
2026-09-25T16:34:07-05:00,2026-09-25T21:34:07+00:00,"Cliente MQTT explicito (paho, SAS manual)",DC-HUMO-08,0.019,26.88,2026-09-25T21:34:07+00:00
2026-09-25T16:34:08-05:00,2026-09-25T21:34:08+00:00,"Cliente MQTT explicito (paho, SAS manual)",DC-HUMO-08,0.018,26.82,2026-09-25T21:34:08+00:00
2026-09-25T16:34:08-05:00,2026-09-25T21:34:08+00:00,"Cliente MQTT explicito (paho, SAS manual)",DC-HUMO-08,0.02,26.5,2026-09-25T21:34:08+00:00
2026-09-25T16:34:08-05:00,2026-09-25T21:34:08+00:00,"Cliente MQTT explicito (paho, SAS manual)",DC-HUMO-08,0.019,26.54,2026-09-25T21:34:08+00:00
2026-09-25T16:34:09-05:00,2026-09-25T21:34:09+00:00,"Cliente MQTT explicito (paho, SAS manual)",DC-HUMO-08,0.018,26.55,2026-09-25T21:34:09+00:00
2026-09-25T16:34:52-05:00,2026-09-25T21:34:52+00:00,"Cliente MQTT explicito (paho, SAS manual)",DC-HUMO-08,0.017,27.03,2026-09-25T21:34:52+00:00
2026-09-25T16:34:52-05:00,2026-09-25T21:34:52+00:00,"Cliente MQTT explicito (paho, SAS manual)",DC-HUMO-08,0.018,26.39,2026-09-25T21:34:52+00:00
2026-09-25T16:34:53-05:00,2026-09-25T21:34:53+00:00,"Cliente MQTT explicito (paho, SAS manual)",DC-HUMO-08,0.021,26.84,2026-09-25T21:34:53+00:00
2026-09-25T16:34:53-05:00,2026-09-25T21:34:53+00:00,"Cliente MQTT explicito (paho, SAS manual)",DC-HUMO-08,0.018,27.14,2026-09-25T21:34:53+00:00
2026-09-25T16:34:53-05:00,2026-09-25T21:34:53+00:00,"Cliente MQTT explicito (paho, SAS manual)",DC-HUMO-08,0.021,26.98,2026-09-25T21:34:53+00:00
2026-09-25T16:34:53-05:00,2026-09-25T21:34:53+00:00,"Cliente MQTT explicito (paho, SAS manual)",DC-HUMO-08,0.019,26.9,2026-09-25T21:34:53+00:00
2026-09-25T16:34:54-05:00,2026-09-25T21:34:54+00:00,"Cliente MQTT explicito (paho, SAS manual)",DC-HUMO-08,0.018,26.6,2026-09-25T21:34:54+00:00
2026-09-25T16:34:55-05:00,2026-09-25T21:34:55+00:00,"Cliente MQTT explicito (paho, SAS manual)",DC-HUMO-08,0.018,27.18,2026-09-25T21:34:55+00:00
2026-09-25T16:35:37-05:00,2026-09-25T21:35:37+00:00,"Cliente MQTT explicito (paho, SAS manual)",DC-HUMO-08,0.019,27.02,2026-09-25T21:35:37+00:00
2026-09-25T16:35:38-05:00,2026-09-25T21:35:38+00:00,"Cliente MQTT explicito (paho, SAS manual)",DC-HUMO-08,0.019,26.84,2026-09-25T21:35:38+00:00
2026-09-25T16:35:38-05:00,2026-09-25T21:35:38+00:00,"Cliente MQTT explicito (paho, SAS manual)",DC-HUMO-08,0.02,26.65,2026-09-25T21:35:38+00:00
2026-09-25T16:35:38-05:00,2026-09-25T21:35:38+00:00,"Cliente MQTT explicito (paho, SAS manual)",DC-HUMO-08,0.018,26.46,2026-09-25T21:35:38+00:00
2026-09-25T16:35:38-05:00,2026-09-25T21:35:38+00:00,"Cliente MQTT explicito (paho, SAS manual)",DC-HUMO-08,0.021,26.84,2026-09-25T21:35:38+00:00
2026-09-25T16:35:39-05:00,2026-09-25T21:35:39+00:00,"Cliente MQTT explicito (paho, SAS manual)",DC-HUMO-08,0.019,26.85,2026-09-25T21:35:39+00:00
2026-09-25T16:35:39-05:00,2026-09-25T21:35:39+00:00,"Cliente MQTT explicito (paho, SAS manual)",DC-HUMO-08,0.02,26.87,2026-09-25T21:35:39+00:00
2026-09-25T16:35:40-05:00,2026-09-25T21:35:40+00:00,"Cliente MQTT explicito (paho, SAS manual)",DC-HUMO-08,0.02,26.7,2026-09-25T21:35:40+00:00
2026-09-25T16:36:23-05:00,2026-09-25T21:36:23+00:00,"Cliente MQTT explicito (paho, SAS manual)",DC-HUMO-08,0.02,26.98,2026-09-25T21:36:23+00:00
2026-09-25T16:36:23-05:00,2026-09-25T21:36:23+00:00,"Cliente MQTT explicito (paho, SAS manual)",DC-HUMO-08,0.019,26.86,2026-09-25T21:36:23+00:00
2026-09-25T16:36:24-05:00,2026-09-25T21:36:24+00:00,"Cliente MQTT explicito (paho, SAS manual)",DC-HUMO-08,0.019,26.4,2026-09-25T21:36:24+00:00
2026-09-25T16:36:24-05:00,2026-09-25T21:36:24+00:00,"Cliente MQTT explicito (paho, SAS manual)",DC-HUMO-08,0.018,27.16,2026-09-25T21:36:24+00:00
2026-09-25T16:36:24-05:00,2026-09-25T21:36:24+00:00,"Cliente MQTT explicito (paho, SAS manual)",DC-HUMO-08,0.02,26.52,2026-09-25T21:36:24+00:00
2026-09-25T16:36:24-05:00,2026-09-25T21:36:24+00:00,"Cliente MQTT explicito (paho, SAS manual)",DC-HUMO-08,0.019,26.89,2026-09-25T21:36:24+00:00
2026-09-25T16:36:24-05:00,2026-09-25T21:36:24+00:00,"Cliente MQTT explicito (paho, SAS manual)",DC-HUMO-08,0.019,26.61,2026-09-25T21:36:24+00:00
2026-09-25T16:36:26-05:00,2026-09-25T21:36:26+00:00,"Cliente MQTT explicito (paho, SAS manual)",DC-HUMO-08,0.019,27.06,2026-09-25T21:36:26+00:00
2026-09-25T16:37:09-05:00,2026-09-25T21:37:09+00:00,"Cliente MQTT explicito (paho, SAS manual)",DC-HUMO-08,0.018,26.68,2026-09-25T21:37:09+00:00
2026-09-25T16:37:09-05:00,2026-09-25T21:37:09+00:00,"Cliente MQTT explicito (paho, SAS manual)",DC-HUMO-08,0.021,26.46,2026-09-25T21:37:09+00:00
2026-09-25T16:37:09-05:00,2026-09-25T21:37:09+00:00,"Cliente MQTT explicito (paho, SAS manual)",DC-HUMO-08,0.02,26.46,2026-09-25T21:37:09+00:00
2026-09-25T16:37:09-05:00,2026-09-25T21:37:09+00:00,"Cliente MQTT explicito (paho, SAS manual)",DC-HUMO-08,0.02,27.11,2026-09-25T21:37:09+00:00
2026-09-25T16:37:10-05:00,2026-09-25T21:37:10+00:00,"Cliente MQTT explicito (paho, SAS manual)",DC-HUMO-08,0.021,26.67,2026-09-25T21:37:10+00:00
2026-09-25T16:37:10-05:00,2026-09-25T21:37:10+00:00,"Cliente MQTT explicito (paho, SAS manual)",DC-HUMO-08,0.02,27.02,2026-09-25T21:37:10+00:00
2026-09-25T16:37:10-05:00,2026-09-25T21:37:10+00:00,"Cliente MQTT explicito (paho, SAS manual)",DC-HUMO-08,0.02,26.39,2026-09-25T21:37:10+00:00
2026-09-25T16:37:11-05:00,2026-09-25T21:37:11+00:00,"Cliente MQTT explicito (paho, SAS manual)",DC-HUMO-08,0.019,27.07,2026-09-25T21:37:11+00:00
2026-09-25T16:37:54-05:00,2026-09-25T21:37:54+00:00,"Cliente MQTT explicito (paho, SAS manual)",DC-HUMO-08,0.019,26.53,2026-09-25T21:37:54+00:00
2026-09-25T16:37:55-05:00,2026-09-25T21:37:55+00:00,"Cliente MQTT explicito (paho, SAS manual)",DC-HUMO-08,0.018,27.02,2026-09-25T21:37:55+00:00
2026-09-25T16:37:55-05:00,2026-09-25T21:37:55+00:00,"Cliente MQTT explicito (paho, SAS manual)",DC-HUMO-08,0.02,26.45,2026-09-25T21:37:55+00:00
2026-09-25T16:37:55-05:00,2026-09-25T21:37:55+00:00,"Cliente MQTT explicito (paho, SAS manual)",DC-HUMO-08,0.018,27.0,2026-09-25T21:37:55+00:00
2026-09-25T16:37:55-05:00,2026-09-25T21:37:55+00:00,"Cliente MQTT explicito (paho, SAS manual)",DC-HUMO-08,0.018,26.8,2026-09-25T21:37:55+00:00
2026-09-25T16:37:55-05:00,2026-09-25T21:37:55+00:00,"Cliente MQTT explicito (paho, SAS manual)",DC-HUMO-08,0.02,26.92,2026-09-25T21:37:55+00:00
2026-09-25T16:37:56-05:00,2026-09-25T21:37:56+00:00,"Cliente MQTT explicito (paho, SAS manual)",DC-HUMO-08,0.018,26.98,2026-09-25T21:37:56+00:00
2026-09-25T16:37:57-05:00,2026-09-25T21:37:57+00:00,"Cliente MQTT explicito (paho, SAS manual)",DC-HUMO-08,0.018,26.8,2026-09-25T21:37:57+00:00
2026-09-25T16:38:39-05:00,2026-09-25T21:38:39+00:00,"Cliente MQTT explicito (paho, SAS manual)",DC-HUMO-08,0.018,26.91,2026-09-25T21:38:39+00:00
2026-09-25T16:38:40-05:00,2026-09-25T21:38:40+00:00,"Cliente MQTT explicito (paho, SAS manual)",DC-HUMO-08,0.021,26.76,2026-09-25T21:38:40+00:00
2026-09-25T16:38:41-05:00,2026-09-25T21:38:41+00:00,"Cliente MQTT explicito (paho, SAS manual)",DC-HUMO-08,0.017,26.9,2026-09-25T21:38:41+00:00
2026-09-25T16:38:41-05:00,2026-09-25T21:38:41+00:00,"Cliente MQTT explicito (paho, SAS manual)",DC-HUMO-08,0.02,26.75,2026-09-25T21:38:41+00:00
2026-09-25T16:38:41-05:00,2026-09-25T21:38:41+00:00,"Cliente MQTT explicito (paho, SAS manual)",DC-HUMO-08,0.019,26.63,2026-09-25T21:38:41+00:00
2026-09-25T16:38:41-05:00,2026-09-25T21:38:41+00:00,"Cliente MQTT explicito (paho, SAS manual)",DC-HUMO-08,0.02,26.68,2026-09-25T21:38:41+00:00
2026-09-25T16:38:41-05:00,2026-09-25T21:38:41+00:00,"Cliente MQTT explicito (paho, SAS manual)",DC-HUMO-08,0.02,26.84,2026-09-25T21:38:41+00:00
2026-09-25T16:38:43-05:00,2026-09-25T21:38:43+00:00,"Cliente MQTT explicito (paho, SAS manual)",DC-HUMO-08,0.018,26.55,2026-09-25T21:38:43+00:00
2026-09-25T16:39:25-05:00,2026-09-25T21:39:25+00:00,"Cliente MQTT explicito (paho, SAS manual)",DC-HUMO-08,0.019,26.93,2026-09-25T21:39:25+00:00
2026-09-25T16:39:26-05:00,2026-09-25T21:39:26+00:00,"Cliente MQTT explicito (paho, SAS manual)",DC-HUMO-08,0.019,26.42,2026-09-25T21:39:26+00:00
2026-09-25T16:39:26-05:00,2026-09-25T21:39:26+00:00,"Cliente MQTT explicito (paho, SAS manual)",DC-HUMO-08,0.021,26.84,2026-09-25T21:39:26+00:00
2026-09-25T16:39:26-05:00,2026-09-25T21:39:26+00:00,"Cliente MQTT explicito (paho, SAS manual)",DC-HUMO-08,0.017,26.74,2026-09-25T21:39:26+00:00
2026-09-25T16:39:26-05:00,2026-09-25T21:39:26+00:00,"Cliente MQTT explicito (paho, SAS manual)",DC-HUMO-08,0.02,26.91,2026-09-25T21:39:26+00:00
2026-09-25T16:39:26-05:00,2026-09-25T21:39:26+00:00,"Cliente MQTT explicito (paho, SAS manual)",DC-HUMO-08,0.02,26.67,2026-09-25T21:39:26+00:00
2026-09-25T16:39:27-05:00,2026-09-25T21:39:27+00:00,"Cliente MQTT explicito (paho, SAS manual)",DC-HUMO-08,0.02,26.47,2026-09-25T21:39:27+00:00
2026-09-25T16:39:28-05:00,2026-09-25T21:39:28+00:00,"Cliente MQTT explicito (paho, SAS manual)",DC-HUMO-08,0.018,26.54,2026-09-25T21:39:28+00:00
2026-09-25T16:40:10-05:00,2026-09-25T21:40:10+00:00,"Cliente MQTT explicito (paho, SAS manual)",DC-HUMO-08,0.018,27.06,2026-09-25T21:40:10+00:00
2026-09-25T16:40:11-05:00,2026-09-25T21:40:11+00:00,"Cliente MQTT explicito (paho, SAS manual)",DC-HUMO-08,0.018,27.06,2026-09-25T21:40:11+00:00
2026-09-25T16:40:11-05:00,2026-09-25T21:40:11+00:00,"Cliente MQTT explicito (paho, SAS manual)",DC-HUMO-08,0.021,26.55,2026-09-25T21:40:11+00:00
2026-09-25T16:40:11-05:00,2026-09-25T21:40:11+00:00,"Cliente MQTT explicito (paho, SAS manual)",DC-HUMO-08,0.019,27.03,2026-09-25T21:40:11+00:00
2026-09-25T16:40:12-05:00,2026-09-25T21:40:12+00:00,"Cliente MQTT explicito (paho, SAS manual)",DC-HUMO-08,0.02,27.09,2026-09-25T21:40:12+00:00
2026-09-25T16:40:12-05:00,2026-09-25T21:40:12+00:00,"Cliente MQTT explicito (paho, SAS manual)",DC-HUMO-08,0.018,27.05,2026-09-25T21:40:12+00:00
2026-09-25T16:40:12-05:00,2026-09-25T21:40:12+00:00,"Cliente MQTT explicito (paho, SAS manual)",DC-HUMO-08,0.02,26.79,2026-09-25T21:40:12+00:00
2026-09-25T16:40:14-05:00,2026-09-25T21:40:14+00:00,"Cliente MQTT explicito (paho, SAS manual)",DC-HUMO-08,0.019,26.89,2026-09-25T21:40:14+00:00
2026-09-25T16:40:56-05:00,2026-09-25T21:40:56+00:00,"Cliente MQTT explicito (paho, SAS manual)",DC-HUMO-08,0.02,27.16,2026-09-25T21:40:56+00:00
2026-09-25T16:40:56-05:00,2026-09-25T21:40:56+00:00,"Cliente MQTT explicito (paho, SAS manual)",DC-HUMO-08,0.019,26.79,2026-09-25T21:40:56+00:00
2026-09-25T16:40:56-05:00,2026-09-25T21:40:56+00:00,"Cliente MQTT explicito (paho, SAS manual)",DC-HUMO-08,0.02,26.86,2026-09-25T21:40:56+00:00
2026-09-25T16:40:57-05:00,2026-09-25T21:40:57+00:00,"Cliente MQTT explicito (paho, SAS manual)",DC-HUMO-08,0.021,26.71,2026-09-25T21:40:57+00:00
2026-09-25T16:40:57-05:00,2026-09-25T21:40:57+00:00,"Cliente MQTT explicito (paho, SAS manual)",DC-HUMO-08,0.017,26.85,2026-09-25T21:40:57+00:00
2026-09-25T16:40:58-05:00,2026-09-25T21:40:58+00:00,"Cliente MQTT explicito (paho, SAS manual)",DC-HUMO-08,0.018,26.39,2026-09-25T21:40:58+00:00
2026-09-25T16:40:58-05:00,2026-09-25T21:40:58+00:00,"Cliente MQTT explicito (paho, SAS manual)",DC-HUMO-08,0.021,26.88,2026-09-25T21:40:58+00:00
2026-09-25T16:40:59-05:00,2026-09-25T21:40:59+00:00,"Cliente MQTT explicito (paho, SAS manual)",DC-HUMO-08,0.021,27.05,2026-09-25T21:40:59+00:00
2026-09-25T16:41:41-05:00,2026-09-25T21:41:41+00:00,"Cliente MQTT explicito (paho, SAS manual)",DC-HUMO-08,0.021,26.81,2026-09-25T21:41:41+00:00
2026-09-25T16:41:41-05:00,2026-09-25T21:41:41+00:00,"Cliente MQTT explicito (paho, SAS manual)",DC-HUMO-08,0.02,27.04,2026-09-25T21:41:41+00:00
2026-09-25T16:41:42-05:00,2026-09-25T21:41:42+00:00,"Cliente MQTT explicito (paho, SAS manual)",DC-HUMO-08,0.02,26.41,2026-09-25T21:41:42+00:00
2026-09-25T16:41:43-05:00,2026-09-25T21:41:43+00:00,"Cliente MQTT explicito (paho, SAS manual)",DC-HUMO-08,0.021,26.82,2026-09-25T21:41:43+00:00
2026-09-25T16:41:43-05:00,2026-09-25T21:41:43+00:00,"Cliente MQTT explicito (paho, SAS manual)",DC-HUMO-08,0.018,27.09,2026-09-25T21:41:43+00:00
2026-09-25T16:41:43-05:00,2026-09-25T21:41:43+00:00,"Cliente MQTT explicito (paho, SAS manual)",DC-HUMO-08,0.018,27.06,2026-09-25T21:41:43+00:00
2026-09-25T16:41:44-05:00,2026-09-25T21:41:44+00:00,"Cliente MQTT explicito (paho, SAS manual)",DC-HUMO-08,0.02,26.48,2026-09-25T21:41:44+00:00
2026-09-25T16:41:45-05:00,2026-09-25T21:41:45+00:00,"Cliente MQTT explicito (paho, SAS manual)",DC-HUMO-08,0.018,26.82,2026-09-25T21:41:45+00:00
2026-09-25T16:42:27-05:00,2026-09-25T21:42:27+00:00,"Cliente MQTT explicito (paho, SAS manual)",DC-HUMO-08,0.017,26.78,2026-09-25T21:42:27+00:00
2026-09-25T16:42:27-05:00,2026-09-25T21:42:27+00:00,"Cliente MQTT explicito (paho, SAS manual)",DC-HUMO-08,0.018,26.86,2026-09-25T21:42:27+00:00
2026-09-25T16:42:28-05:00,2026-09-25T21:42:28+00:00,"Cliente MQTT explicito (paho, SAS manual)",DC-HUMO-08,0.017,26.92,2026-09-25T21:42:28+00:00
2026-09-25T16:42:28-05:00,2026-09-25T21:42:28+00:00,"Cliente MQTT explicito (paho, SAS manual)",DC-HUMO-08,0.02,26.39,2026-09-25T21:42:28+00:00
2026-09-25T16:42:28-05:00,2026-09-25T21:42:28+00:00,"Cliente MQTT explicito (paho, SAS manual)",DC-HUMO-08,0.019,26.45,2026-09-25T21:42:28+00:00
2026-09-25T16:42:29-05:00,2026-09-25T21:42:29+00:00,"Cliente MQTT explicito (paho, SAS manual)",DC-HUMO-08,0.02,26.55,2026-09-25T21:42:29+00:00
2026-09-25T16:42:29-05:00,2026-09-25T21:42:29+00:00,"Cliente MQTT explicito (paho, SAS manual)",DC-HUMO-08,0.02,26.81,2026-09-25T21:42:29+00:00
2026-09-25T16:42:30-05:00,2026-09-25T21:42:30+00:00,"Cliente MQTT explicito (paho, SAS manual)",DC-HUMO-08,0.021,26.75,2026-09-25T21:42:30+00:00
2026-09-25T16:43:12-05:00,2026-09-25T21:43:12+00:00,"Cliente MQTT explicito (paho, SAS manual)",DC-HUMO-08,0.02,26.66,2026-09-25T21:43:12+00:00
2026-09-25T16:43:13-05:00,2026-09-25T21:43:13+00:00,"Cliente MQTT explicito (paho, SAS manual)",DC-HUMO-08,0.018,26.87,2026-09-25T21:43:13+00:00
2026-09-25T16:43:13-05:00,2026-09-25T21:43:13+00:00,"Cliente MQTT explicito (paho, SAS manual)",DC-HUMO-08,0.019,26.91,2026-09-25T21:43:13+00:00
2026-09-25T16:43:14-05:00,2026-09-25T21:43:14+00:00,"Cliente MQTT explicito (paho, SAS manual)",DC-HUMO-08,0.021,26.6,2026-09-25T21:43:14+00:00
2026-09-25T16:43:14-05:00,2026-09-25T21:43:14+00:00,"Cliente MQTT explicito (paho, SAS manual)",DC-HUMO-08,0.02,27.04,2026-09-25T21:43:14+00:00
2026-09-25T16:43:14-05:00,2026-09-25T21:43:14+00:00,"Cliente MQTT explicito (paho, SAS manual)",DC-HUMO-08,0.017,26.57,2026-09-25T21:43:14+00:00
2026-09-25T16:43:14-05:00,2026-09-25T21:43:14+00:00,"Cliente MQTT explicito (paho, SAS manual)",DC-HUMO-08,0.021,26.6,2026-09-25T21:43:14+00:00
2026-09-25T16:43:16-05:00,2026-09-25T21:43:16+00:00,"Cliente MQTT explicito (paho, SAS manual)",DC-HUMO-08,0.02,26.77,2026-09-25T21:43:16+00:00
2026-09-25T16:43:58-05:00,2026-09-25T21:43:58+00:00,"Cliente MQTT explicito (paho, SAS manual)",DC-HUMO-08,0.018,26.68,2026-09-25T21:43:58+00:00
2026-09-25T16:43:58-05:00,2026-09-25T21:43:58+00:00,"Cliente MQTT explicito (paho, SAS manual)",DC-HUMO-08,0.018,26.82,2026-09-25T21:43:58+00:00
2026-09-25T16:43:59-05:00,2026-09-25T21:43:59+00:00,"Cliente MQTT explicito (paho, SAS manual)",DC-HUMO-08,0.019,26.65,2026-09-25T21:43:59+00:00
2026-09-25T16:44:00-05:00,2026-09-25T21:44:00+00:00,"Cliente MQTT explicito (paho, SAS manual)",DC-HUMO-08,0.021,26.83,2026-09-25T21:44:00+00:00
2026-09-25T16:44:00-05:00,2026-09-25T21:44:00+00:00,"Cliente MQTT explicito (paho, SAS manual)",DC-HUMO-08,0.02,26.47,2026-09-25T21:44:00+00:00
2026-09-25T16:44:00-05:00,2026-09-25T21:44:00+00:00,"Cliente MQTT explicito (paho, SAS manual)",DC-HUMO-08,0.02,26.67,2026-09-25T21:44:00+00:00
2026-09-25T16:44:00-05:00,2026-09-25T21:44:00+00:00,"Cliente MQTT explicito (paho, SAS manual)",DC-HUMO-08,0.019,27.09,2026-09-25T21:44:00+00:00
2026-09-25T16:44:02-05:00,2026-09-25T21:44:02+00:00,"Cliente MQTT explicito (paho, SAS manual)",DC-HUMO-08,0.019,26.84,2026-09-25T21:44:02+00:00
2026-09-25T16:44:44-05:00,2026-09-25T21:44:44+00:00,"Cliente MQTT explicito (paho, SAS manual)",DC-HUMO-08,0.02,26.91,2026-09-25T21:44:44+00:00
2026-09-25T16:44:44-05:00,2026-09-25T21:44:44+00:00,"Cliente MQTT explicito (paho, SAS manual)",DC-HUMO-08,0.019,26.7,2026-09-25T21:44:44+00:00
2026-09-25T16:44:44-05:00,2026-09-25T21:44:44+00:00,"Cliente MQTT explicito (paho, SAS manual)",DC-HUMO-08,0.018,26.44,2026-09-25T21:44:44+00:00
2026-09-25T16:44:45-05:00,2026-09-25T21:44:45+00:00,"Cliente MQTT explicito (paho, SAS manual)",DC-HUMO-08,0.018,26.56,2026-09-25T21:44:45+00:00
2026-09-25T16:44:45-05:00,2026-09-25T21:44:45+00:00,"Cliente MQTT explicito (paho, SAS manual)",DC-HUMO-08,0.021,26.49,2026-09-25T21:44:45+00:00
2026-09-25T16:44:45-05:00,2026-09-25T21:44:45+00:00,"Cliente MQTT explicito (paho, SAS manual)",DC-HUMO-08,0.018,26.64,2026-09-25T21:44:45+00:00
2026-09-25T16:44:46-05:00,2026-09-25T21:44:46+00:00,"Cliente MQTT explicito (paho, SAS manual)",DC-HUMO-08,0.018,27.08,2026-09-25T21:44:46+00:00
2026-09-25T16:44:47-05:00,2026-09-25T21:44:47+00:00,"Cliente MQTT explicito (paho, SAS manual)",DC-HUMO-08,0.02,26.77,2026-09-25T21:44:47+00:00
2026-09-25T16:45:29-05:00,2026-09-25T21:45:29+00:00,"Cliente MQTT explicito (paho, SAS manual)",DC-HUMO-08,0.019,26.67,2026-09-25T21:45:29+00:00
2026-09-25T16:45:30-05:00,2026-09-25T21:45:30+00:00,"Cliente MQTT explicito (paho, SAS manual)",DC-HUMO-08,0.019,27.05,2026-09-25T21:45:30+00:00
2026-09-25T16:45:30-05:00,2026-09-25T21:45:30+00:00,"Cliente MQTT explicito (paho, SAS manual)",DC-HUMO-08,0.019,27.03,2026-09-25T21:45:30+00:00
2026-09-25T16:45:30-05:00,2026-09-25T21:45:30+00:00,"Cliente MQTT explicito (paho, SAS manual)",DC-HUMO-08,0.019,26.93,2026-09-25T21:45:30+00:00
2026-09-25T16:45:30-05:00,2026-09-25T21:45:30+00:00,"Cliente MQTT explicito (paho, SAS manual)",DC-HUMO-08,0.019,27.03,2026-09-25T21:45:30+00:00
2026-09-25T16:45:31-05:00,2026-09-25T21:45:31+00:00,"Cliente MQTT explicito (paho, SAS manual)",DC-HUMO-08,0.021,26.68,2026-09-25T21:45:31+00:00
2026-09-25T16:45:31-05:00,2026-09-25T21:45:31+00:00,"Cliente MQTT explicito (paho, SAS manual)",DC-HUMO-08,0.018,27.01,2026-09-25T21:45:31+00:00
2026-09-25T16:45:33-05:00,2026-09-25T21:45:33+00:00,"Cliente MQTT explicito (paho, SAS manual)",DC-HUMO-08,0.018,26.94,2026-09-25T21:45:33+00:00
2026-09-25T16:46:15-05:00,2026-09-25T21:46:15+00:00,"Cliente MQTT explicito (paho, SAS manual)",DC-HUMO-08,0.021,26.82,2026-09-25T21:46:15+00:00
2026-09-25T16:46:15-05:00,2026-09-25T21:46:15+00:00,"Cliente MQTT explicito (paho, SAS manual)",DC-HUMO-08,0.019,27.11,2026-09-25T21:46:15+00:00
2026-09-25T16:46:15-05:00,2026-09-25T21:46:15+00:00,"Cliente MQTT explicito (paho, SAS manual)",DC-HUMO-08,0.019,26.63,2026-09-25T21:46:15+00:00
2026-09-25T16:46:16-05:00,2026-09-25T21:46:16+00:00,"Cliente MQTT explicito (paho, SAS manual)",DC-HUMO-08,0.018,26.62,2026-09-25T21:46:16+00:00
2026-09-25T16:46:16-05:00,2026-09-25T21:46:16+00:00,"Cliente MQTT explicito (paho, SAS manual)",DC-HUMO-08,0.018,27.08,2026-09-25T21:46:16+00:00
2026-09-25T16:46:16-05:00,2026-09-25T21:46:16+00:00,"Cliente MQTT explicito (paho, SAS manual)",DC-HUMO-08,0.018,26.73,2026-09-25T21:46:16+00:00
2026-09-25T16:46:17-05:00,2026-09-25T21:46:17+00:00,"Cliente MQTT explicito (paho, SAS manual)",DC-HUMO-08,0.02,26.52,2026-09-25T21:46:17+00:00
2026-09-25T16:46:18-05:00,2026-09-25T21:46:18+00:00,"Cliente MQTT explicito (paho, SAS manual)",DC-HUMO-08,0.019,26.83,2026-09-25T21:46:18+00:00
2026-09-25T16:47:00-05:00,2026-09-25T21:47:00+00:00,"Cliente MQTT explicito (paho, SAS manual)",DC-HUMO-08,0.019,26.55,2026-09-25T21:47:00+00:00
2026-09-25T16:47:01-05:00,2026-09-25T21:47:01+00:00,"Cliente MQTT explicito (paho, SAS manual)",DC-HUMO-08,0.02,26.55,2026-09-25T21:47:01+00:00
2026-09-25T16:47:01-05:00,2026-09-25T21:47:01+00:00,"Cliente MQTT explicito (paho, SAS manual)",DC-HUMO-08,0.018,26.46,2026-09-25T21:47:01+00:00
2026-09-25T16:47:01-05:00,2026-09-25T21:47:01+00:00,"Cliente MQTT explicito (paho, SAS manual)",DC-HUMO-08,0.017,26.73,2026-09-25T21:47:01+00:00
2026-09-25T16:47:01-05:00,2026-09-25T21:47:01+00:00,"Cliente MQTT explicito (paho, SAS manual)",DC-HUMO-08,0.018,26.83,2026-09-25T21:47:01+00:00
2026-09-25T16:47:02-05:00,2026-09-25T21:47:02+00:00,"Cliente MQTT explicito (paho, SAS manual)",DC-HUMO-08,0.019,27.11,2026-09-25T21:47:02+00:00
2026-09-25T16:47:02-05:00,2026-09-25T21:47:02+00:00,"Cliente MQTT explicito (paho, SAS manual)",DC-HUMO-08,0.02,26.89,2026-09-25T21:47:02+00:00
2026-09-25T16:47:04-05:00,2026-09-25T21:47:04+00:00,"Cliente MQTT explicito (paho, SAS manual)",DC-HUMO-08,0.018,26.87,2026-09-25T21:47:04+00:00
2026-09-25T16:47:46-05:00,2026-09-25T21:47:46+00:00,"Cliente MQTT explicito (paho, SAS manual)",DC-HUMO-08,0.021,27.12,2026-09-25T21:47:46+00:00
2026-09-25T16:47:46-05:00,2026-09-25T21:47:46+00:00,"Cliente MQTT explicito (paho, SAS manual)",DC-HUMO-08,0.021,26.35,2026-09-25T21:47:46+00:00
2026-09-25T16:47:47-05:00,2026-09-25T21:47:47+00:00,"Cliente MQTT explicito (paho, SAS manual)",DC-HUMO-08,0.021,26.64,2026-09-25T21:47:47+00:00
2026-09-25T16:47:47-05:00,2026-09-25T21:47:47+00:00,"Cliente MQTT explicito (paho, SAS manual)",DC-HUMO-08,0.019,26.87,2026-09-25T21:47:47+00:00
2026-09-25T16:47:47-05:00,2026-09-25T21:47:47+00:00,"Cliente MQTT explicito (paho, SAS manual)",DC-HUMO-08,0.021,27.06,2026-09-25T21:47:47+00:00
2026-09-25T16:47:48-05:00,2026-09-25T21:47:48+00:00,"Cliente MQTT explicito (paho, SAS manual)",DC-HUMO-08,0.02,27.04,2026-09-25T21:47:48+00:00
2026-09-25T16:47:48-05:00,2026-09-25T21:47:48+00:00,"Cliente MQTT explicito (paho, SAS manual)",DC-HUMO-08,0.021,26.66,2026-09-25T21:47:48+00:00
2026-09-25T16:47:50-05:00,2026-09-25T21:47:50+00:00,"Cliente MQTT explicito (paho, SAS manual)",DC-HUMO-08,0.02,26.59,2026-09-25T21:47:50+00:00
2026-09-25T16:48:32-05:00,2026-09-25T21:48:32+00:00,"Cliente MQTT explicito (paho, SAS manual)",DC-HUMO-08,0.019,26.77,2026-09-25T21:48:32+00:00
2026-09-25T16:48:32-05:00,2026-09-25T21:48:32+00:00,"Cliente MQTT explicito (paho, SAS manual)",DC-HUMO-08,0.02,26.7,2026-09-25T21:48:32+00:00
2026-09-25T16:48:32-05:00,2026-09-25T21:48:32+00:00,"Cliente MQTT explicito (paho, SAS manual)",DC-HUMO-08,0.018,26.74,2026-09-25T21:48:32+00:00
2026-09-25T16:48:33-05:00,2026-09-25T21:48:33+00:00,"Cliente MQTT explicito (paho, SAS manual)",DC-HUMO-08,0.018,26.51,2026-09-25T21:48:33+00:00
2026-09-25T16:48:33-05:00,2026-09-25T21:48:33+00:00,"Cliente MQTT explicito (paho, SAS manual)",DC-HUMO-08,0.021,26.83,2026-09-25T21:48:33+00:00
2026-09-25T16:48:33-05:00,2026-09-25T21:48:33+00:00,"Cliente MQTT explicito (paho, SAS manual)",DC-HUMO-08,0.02,27.1,2026-09-25T21:48:33+00:00
2026-09-25T16:48:34-05:00,2026-09-25T21:48:34+00:00,"Cliente MQTT explicito (paho, SAS manual)",DC-HUMO-08,0.02,26.8,2026-09-25T21:48:34+00:00
2026-09-25T16:48:36-05:00,2026-09-25T21:48:36+00:00,"Cliente MQTT explicito (paho, SAS manual)",DC-HUMO-08,0.021,26.92,2026-09-25T21:48:36+00:00
2026-09-25T16:49:17-05:00,2026-09-25T21:49:17+00:00,"Cliente MQTT explicito (paho, SAS manual)",DC-HUMO-08,0.019,26.5,2026-09-25T21:49:17+00:00
2026-09-25T16:49:18-05:00,2026-09-25T21:49:18+00:00,"Cliente MQTT explicito (paho, SAS manual)",DC-HUMO-08,0.019,26.62,2026-09-25T21:49:18+00:00
2026-09-25T16:49:18-05:00,2026-09-25T21:49:18+00:00,"Cliente MQTT explicito (paho, SAS manual)",DC-HUMO-08,0.018,26.76,2026-09-25T21:49:18+00:00
2026-09-25T16:49:18-05:00,2026-09-25T21:49:18+00:00,"Cliente MQTT explicito (paho, SAS manual)",DC-HUMO-08,0.018,27.09,2026-09-25T21:49:18+00:00
2026-09-25T16:49:18-05:00,2026-09-25T21:49:18+00:00,"Cliente MQTT explicito (paho, SAS manual)",DC-HUMO-08,0.021,26.77,2026-09-25T21:49:18+00:00
2026-09-25T16:49:19-05:00,2026-09-25T21:49:19+00:00,"Cliente MQTT explicito (paho, SAS manual)",DC-HUMO-08,0.018,26.99,2026-09-25T21:49:19+00:00
2026-09-25T16:49:20-05:00,2026-09-25T21:49:20+00:00,"Cliente MQTT explicito (paho, SAS manual)",DC-HUMO-08,0.02,26.37,2026-09-25T21:49:20+00:00
2026-09-25T16:49:21-05:00,2026-09-25T21:49:21+00:00,"Cliente MQTT explicito (paho, SAS manual)",DC-HUMO-08,0.021,26.76,2026-09-25T21:49:21+00:00
2026-09-25T16:50:02-05:00,2026-09-25T21:50:02+00:00,"Cliente MQTT explicito (paho, SAS manual)",DC-HUMO-08,0.02,27.08,2026-09-25T21:50:02+00:00
2026-09-25T16:50:03-05:00,2026-09-25T21:50:03+00:00,"Cliente MQTT explicito (paho, SAS manual)",DC-HUMO-08,0.02,26.71,2026-09-25T21:50:03+00:00
2026-09-25T16:50:03-05:00,2026-09-25T21:50:03+00:00,"Cliente MQTT explicito (paho, SAS manual)",DC-HUMO-08,0.019,26.37,2026-09-25T21:50:03+00:00
2026-09-25T16:50:03-05:00,2026-09-25T21:50:03+00:00,"Cliente MQTT explicito (paho, SAS manual)",DC-HUMO-08,0.02,26.43,2026-09-25T21:50:03+00:00
2026-09-25T16:50:04-05:00,2026-09-25T21:50:04+00:00,"Cliente MQTT explicito (paho, SAS manual)",DC-HUMO-08,0.018,26.91,2026-09-25T21:50:04+00:00
2026-09-25T16:50:04-05:00,2026-09-25T21:50:04+00:00,"Cliente MQTT explicito (paho, SAS manual)",DC-HUMO-08,0.02,26.47,2026-09-25T21:50:04+00:00
2026-09-25T16:50:05-05:00,2026-09-25T21:50:05+00:00,"Cliente MQTT explicito (paho, SAS manual)",DC-HUMO-08,0.018,26.98,2026-09-25T21:50:05+00:00
2026-09-25T16:50:06-05:00,2026-09-25T21:50:06+00:00,"Cliente MQTT explicito (paho, SAS manual)",DC-HUMO-08,0.021,26.59,2026-09-25T21:50:06+00:00
2026-09-25T16:50:48-05:00,2026-09-25T21:50:48+00:00,"Cliente MQTT explicito (paho, SAS manual)",DC-HUMO-08,0.018,26.41,2026-09-25T21:50:48+00:00
2026-09-25T16:50:48-05:00,2026-09-25T21:50:48+00:00,"Cliente MQTT explicito (paho, SAS manual)",DC-HUMO-08,0.018,26.58,2026-09-25T21:50:48+00:00
2026-09-25T16:50:48-05:00,2026-09-25T21:50:48+00:00,"Cliente MQTT explicito (paho, SAS manual)",DC-HUMO-08,0.021,26.55,2026-09-25T21:50:48+00:00
2026-09-25T16:50:49-05:00,2026-09-25T21:50:49+00:00,"Cliente MQTT explicito (paho, SAS manual)",DC-HUMO-08,0.02,27.04,2026-09-25T21:50:49+00:00
2026-09-25T16:50:49-05:00,2026-09-25T21:50:49+00:00,"Cliente MQTT explicito (paho, SAS manual)",DC-HUMO-08,0.019,27.09,2026-09-25T21:50:49+00:00
2026-09-25T16:50:50-05:00,2026-09-25T21:50:50+00:00,"Cliente MQTT explicito (paho, SAS manual)",DC-HUMO-08,0.018,26.35,2026-09-25T21:50:50+00:00
2026-09-25T16:50:50-05:00,2026-09-25T21:50:50+00:00,"Cliente MQTT explicito (paho, SAS manual)",DC-HUMO-08,0.018,26.61,2026-09-25T21:50:50+00:00
2026-09-25T16:50:52-05:00,2026-09-25T21:50:52+00:00,"Cliente MQTT explicito (paho, SAS manual)",DC-HUMO-08,0.018,27.06,2026-09-25T21:50:52+00:00
2026-09-25T16:51:33-05:00,2026-09-25T21:51:33+00:00,"Cliente MQTT explicito (paho, SAS manual)",DC-HUMO-08,0.018,26.58,2026-09-25T21:51:33+00:00
2026-09-25T16:51:33-05:00,2026-09-25T21:51:33+00:00,"Cliente MQTT explicito (paho, SAS manual)",DC-HUMO-08,0.018,26.72,2026-09-25T21:51:33+00:00
2026-09-25T16:51:34-05:00,2026-09-25T21:51:34+00:00,"Cliente MQTT explicito (paho, SAS manual)",DC-HUMO-08,0.021,27.0,2026-09-25T21:51:34+00:00
2026-09-25T16:51:35-05:00,2026-09-25T21:51:35+00:00,"Cliente MQTT explicito (paho, SAS manual)",DC-HUMO-08,0.02,26.71,2026-09-25T21:51:35+00:00
2026-09-25T16:51:35-05:00,2026-09-25T21:51:35+00:00,"Cliente MQTT explicito (paho, SAS manual)",DC-HUMO-08,0.018,26.39,2026-09-25T21:51:35+00:00
2026-09-25T16:51:36-05:00,2026-09-25T21:51:36+00:00,"Cliente MQTT explicito (paho, SAS manual)",DC-HUMO-08,0.021,26.4,2026-09-25T21:51:36+00:00
2026-09-25T16:51:36-05:00,2026-09-25T21:51:36+00:00,"Cliente MQTT explicito (paho, SAS manual)",DC-HUMO-08,0.018,26.38,2026-09-25T21:51:36+00:00
2026-09-25T16:51:38-05:00,2026-09-25T21:51:38+00:00,"Cliente MQTT explicito (paho, SAS manual)",DC-HUMO-08,0.019,26.63,2026-09-25T21:51:38+00:00
2026-09-25T16:52:18-05:00,2026-09-25T21:52:18+00:00,"Cliente MQTT explicito (paho, SAS manual)",DC-HUMO-08,0.02,26.62,2026-09-25T21:52:18+00:00
2026-09-25T16:52:19-05:00,2026-09-25T21:52:19+00:00,"Cliente MQTT explicito (paho, SAS manual)",DC-HUMO-08,0.02,26.78,2026-09-25T21:52:19+00:00
2026-09-25T16:52:20-05:00,2026-09-25T21:52:20+00:00,"Cliente MQTT explicito (paho, SAS manual)",DC-HUMO-08,0.019,26.86,2026-09-25T21:52:20+00:00
2026-09-25T16:52:20-05:00,2026-09-25T21:52:20+00:00,"Cliente MQTT explicito (paho, SAS manual)",DC-HUMO-08,0.02,26.71,2026-09-25T21:52:20+00:00
2026-09-25T16:52:20-05:00,2026-09-25T21:52:20+00:00,"Cliente MQTT explicito (paho, SAS manual)",DC-HUMO-08,0.019,26.35,2026-09-25T21:52:20+00:00
2026-09-25T16:52:21-05:00,2026-09-25T21:52:21+00:00,"Cliente MQTT explicito (paho, SAS manual)",DC-HUMO-08,0.021,26.96,2026-09-25T21:52:21+00:00
2026-09-25T16:52:21-05:00,2026-09-25T21:52:21+00:00,"Cliente MQTT explicito (paho, SAS manual)",DC-HUMO-08,0.018,26.45,2026-09-25T21:52:21+00:00
2026-09-25T16:52:23-05:00,2026-09-25T21:52:23+00:00,"Cliente MQTT explicito (paho, SAS manual)",DC-HUMO-08,0.021,26.77,2026-09-25T21:52:23+00:00
2026-09-25T16:53:03-05:00,2026-09-25T21:53:03+00:00,"Cliente MQTT explicito (paho, SAS manual)",DC-HUMO-08,0.018,26.62,2026-09-25T21:53:03+00:00
2026-09-25T16:53:05-05:00,2026-09-25T21:53:05+00:00,"Cliente MQTT explicito (paho, SAS manual)",DC-HUMO-08,0.018,26.65,2026-09-25T21:53:05+00:00
2026-09-25T16:53:05-05:00,2026-09-25T21:53:05+00:00,"Cliente MQTT explicito (paho, SAS manual)",DC-HUMO-08,0.02,26.45,2026-09-25T21:53:05+00:00
2026-09-25T16:53:06-05:00,2026-09-25T21:53:06+00:00,"Cliente MQTT explicito (paho, SAS manual)",DC-HUMO-08,0.018,26.45,2026-09-25T21:53:06+00:00
2026-09-25T16:53:06-05:00,2026-09-25T21:53:06+00:00,"Cliente MQTT explicito (paho, SAS manual)",DC-HUMO-08,0.018,26.93,2026-09-25T21:53:06+00:00
2026-09-25T16:53:07-05:00,2026-09-25T21:53:07+00:00,"Cliente MQTT explicito (paho, SAS manual)",DC-HUMO-08,0.019,26.55,2026-09-25T21:53:07+00:00
2026-09-25T16:53:07-05:00,2026-09-25T21:53:07+00:00,"Cliente MQTT explicito (paho, SAS manual)",DC-HUMO-08,0.018,26.35,2026-09-25T21:53:07+00:00
2026-09-25T16:53:09-05:00,2026-09-25T21:53:09+00:00,"Cliente MQTT explicito (paho, SAS manual)",DC-HUMO-08,0.018,26.87,2026-09-25T21:53:09+00:00
2026-09-25T16:53:50-05:00,2026-09-25T21:53:50+00:00,"Cliente MQTT explicito (paho, SAS manual)",DC-HUMO-08,0.019,26.99,2026-09-25T21:53:50+00:00
2026-09-25T16:53:51-05:00,2026-09-25T21:53:51+00:00,"Cliente MQTT explicito (paho, SAS manual)",DC-HUMO-08,0.018,26.63,2026-09-25T21:53:51+00:00
2026-09-25T16:53:51-05:00,2026-09-25T21:53:51+00:00,"Cliente MQTT explicito (paho, SAS manual)",DC-HUMO-08,0.021,26.55,2026-09-25T21:53:51+00:00
2026-09-25T16:53:51-05:00,2026-09-25T21:53:51+00:00,"Cliente MQTT explicito (paho, SAS manual)",DC-HUMO-08,0.018,26.98,2026-09-25T21:53:51+00:00
2026-09-25T16:53:52-05:00,2026-09-25T21:53:52+00:00,"Cliente MQTT explicito (paho, SAS manual)",DC-HUMO-08,0.019,26.73,2026-09-25T21:53:52+00:00
2026-09-25T16:53:52-05:00,2026-09-25T21:53:52+00:00,"Cliente MQTT explicito (paho, SAS manual)",DC-HUMO-08,0.019,26.39,2026-09-25T21:53:52+00:00
2026-09-25T16:53:53-05:00,2026-09-25T21:53:53+00:00,"Cliente MQTT explicito (paho, SAS manual)",DC-HUMO-08,0.021,26.71,2026-09-25T21:53:53+00:00
2026-09-25T16:53:54-05:00,2026-09-25T21:53:54+00:00,"Cliente MQTT explicito (paho, SAS manual)",DC-HUMO-08,0.02,27.01,2026-09-25T21:53:54+00:00
2026-09-25T16:54:35-05:00,2026-09-25T21:54:35+00:00,"Cliente MQTT explicito (paho, SAS manual)",DC-HUMO-08,0.02,26.89,2026-09-25T21:54:35+00:00
2026-09-25T16:54:37-05:00,2026-09-25T21:54:37+00:00,"Cliente MQTT explicito (paho, SAS manual)",DC-HUMO-08,0.021,27.06,2026-09-25T21:54:37+00:00
2026-09-25T16:54:37-05:00,2026-09-25T21:54:37+00:00,"Cliente MQTT explicito (paho, SAS manual)",DC-HUMO-08,0.019,26.37,2026-09-25T21:54:37+00:00
2026-09-25T16:54:37-05:00,2026-09-25T21:54:37+00:00,"Cliente MQTT explicito (paho, SAS manual)",DC-HUMO-08,0.017,26.61,2026-09-25T21:54:37+00:00
2026-09-25T16:54:37-05:00,2026-09-25T21:54:37+00:00,"Cliente MQTT explicito (paho, SAS manual)",DC-HUMO-08,0.02,26.52,2026-09-25T21:54:37+00:00
2026-09-25T16:54:37-05:00,2026-09-25T21:54:37+00:00,"Cliente MQTT explicito (paho, SAS manual)",DC-HUMO-08,0.018,26.49,2026-09-25T21:54:37+00:00
2026-09-25T16:54:38-05:00,2026-09-25T21:54:38+00:00,"Cliente MQTT explicito (paho, SAS manual)",DC-HUMO-08,0.02,26.54,2026-09-25T21:54:38+00:00
2026-09-25T16:54:39-05:00,2026-09-25T21:54:39+00:00,"Cliente MQTT explicito (paho, SAS manual)",DC-HUMO-08,0.02,26.74,2026-09-25T21:54:39+00:00
2026-09-25T16:55:20-05:00,2026-09-25T21:55:20+00:00,"Cliente MQTT explicito (paho, SAS manual)",DC-HUMO-08,0.018,26.44,2026-09-25T21:55:20+00:00
2026-09-25T16:55:22-05:00,2026-09-25T21:55:22+00:00,"Cliente MQTT explicito (paho, SAS manual)",DC-HUMO-08,0.021,27.04,2026-09-25T21:55:22+00:00
2026-09-25T16:55:22-05:00,2026-09-25T21:55:22+00:00,"Cliente MQTT explicito (paho, SAS manual)",DC-HUMO-08,0.021,26.62,2026-09-25T21:55:22+00:00
2026-09-25T16:55:22-05:00,2026-09-25T21:55:22+00:00,"Cliente MQTT explicito (paho, SAS manual)",DC-HUMO-08,0.02,26.62,2026-09-25T21:55:22+00:00
2026-09-25T16:55:22-05:00,2026-09-25T21:55:22+00:00,"Cliente MQTT explicito (paho, SAS manual)",DC-HUMO-08,0.018,26.65,2026-09-25T21:55:22+00:00
2026-09-25T16:55:23-05:00,2026-09-25T21:55:23+00:00,"Cliente MQTT explicito (paho, SAS manual)",DC-HUMO-08,0.017,27.07,2026-09-25T21:55:23+00:00
2026-09-25T16:55:23-05:00,2026-09-25T21:55:23+00:00,"Cliente MQTT explicito (paho, SAS manual)",DC-HUMO-08,0.02,26.64,2026-09-25T21:55:23+00:00
2026-09-25T16:55:25-05:00,2026-09-25T21:55:25+00:00,"Cliente MQTT explicito (paho, SAS manual)",DC-HUMO-08,0.019,26.32,2026-09-25T21:55:25+00:00
2026-09-25T16:56:05-05:00,2026-09-25T21:56:05+00:00,"Cliente MQTT explicito (paho, SAS manual)",DC-HUMO-08,0.019,26.74,2026-09-25T21:56:05+00:00
2026-09-25T16:56:07-05:00,2026-09-25T21:56:07+00:00,"Cliente MQTT explicito (paho, SAS manual)",DC-HUMO-08,0.02,26.52,2026-09-25T21:56:07+00:00
2026-09-25T16:56:07-05:00,2026-09-25T21:56:07+00:00,"Cliente MQTT explicito (paho, SAS manual)",DC-HUMO-08,0.019,26.88,2026-09-25T21:56:07+00:00
2026-09-25T16:56:07-05:00,2026-09-25T21:56:07+00:00,"Cliente MQTT explicito (paho, SAS manual)",DC-HUMO-08,0.019,26.68,2026-09-25T21:56:07+00:00
2026-09-25T16:56:07-05:00,2026-09-25T21:56:07+00:00,"Cliente MQTT explicito (paho, SAS manual)",DC-HUMO-08,0.018,26.44,2026-09-25T21:56:07+00:00
2026-09-25T16:56:08-05:00,2026-09-25T21:56:08+00:00,"Cliente MQTT explicito (paho, SAS manual)",DC-HUMO-08,0.02,26.83,2026-09-25T21:56:08+00:00
2026-09-25T16:56:08-05:00,2026-09-25T21:56:08+00:00,"Cliente MQTT explicito (paho, SAS manual)",DC-HUMO-08,0.019,26.57,2026-09-25T21:56:08+00:00
2026-09-25T16:56:10-05:00,2026-09-25T21:56:10+00:00,"Cliente MQTT explicito (paho, SAS manual)",DC-HUMO-08,0.019,26.6,2026-09-25T21:56:10+00:00
2026-09-25T16:56:50-05:00,2026-09-25T21:56:50+00:00,"Cliente MQTT explicito (paho, SAS manual)",DC-HUMO-08,0.019,26.68,2026-09-25T21:56:50+00:00
2026-09-25T16:56:52-05:00,2026-09-25T21:56:52+00:00,"Cliente MQTT explicito (paho, SAS manual)",DC-HUMO-08,0.021,26.38,2026-09-25T21:56:52+00:00
2026-09-25T16:56:52-05:00,2026-09-25T21:56:52+00:00,"Cliente MQTT explicito (paho, SAS manual)",DC-HUMO-08,0.017,26.51,2026-09-25T21:56:52+00:00
2026-09-25T16:56:52-05:00,2026-09-25T21:56:52+00:00,"Cliente MQTT explicito (paho, SAS manual)",DC-HUMO-08,0.018,26.95,2026-09-25T21:56:52+00:00
2026-09-25T16:56:53-05:00,2026-09-25T21:56:53+00:00,"Cliente MQTT explicito (paho, SAS manual)",DC-HUMO-08,0.02,26.3,2026-09-25T21:56:53+00:00
2026-09-25T16:56:53-05:00,2026-09-25T21:56:53+00:00,"Cliente MQTT explicito (paho, SAS manual)",DC-HUMO-08,0.021,26.46,2026-09-25T21:56:53+00:00
2026-09-25T16:56:53-05:00,2026-09-25T21:56:53+00:00,"Cliente MQTT explicito (paho, SAS manual)",DC-HUMO-08,0.02,26.67,2026-09-25T21:56:53+00:00
2026-09-25T16:56:55-05:00,2026-09-25T21:56:55+00:00,"Cliente MQTT explicito (paho, SAS manual)",DC-HUMO-08,0.017,26.64,2026-09-25T21:56:55+00:00
2026-09-25T16:57:36-05:00,2026-09-25T21:57:36+00:00,"Cliente MQTT explicito (paho, SAS manual)",DC-HUMO-08,0.018,27.0,2026-09-25T21:57:36+00:00
2026-09-25T16:57:37-05:00,2026-09-25T21:57:37+00:00,"Cliente MQTT explicito (paho, SAS manual)",DC-HUMO-08,0.018,26.44,2026-09-25T21:57:37+00:00
2026-09-25T16:57:38-05:00,2026-09-25T21:57:38+00:00,"Cliente MQTT explicito (paho, SAS manual)",DC-HUMO-08,0.02,26.39,2026-09-25T21:57:38+00:00
2026-09-25T16:57:38-05:00,2026-09-25T21:57:38+00:00,"Cliente MQTT explicito (paho, SAS manual)",DC-HUMO-08,0.018,26.63,2026-09-25T21:57:38+00:00
2026-09-25T16:57:38-05:00,2026-09-25T21:57:38+00:00,"Cliente MQTT explicito (paho, SAS manual)",DC-HUMO-08,0.019,26.56,2026-09-25T21:57:38+00:00
2026-09-25T16:57:39-05:00,2026-09-25T21:57:39+00:00,"Cliente MQTT explicito (paho, SAS manual)",DC-HUMO-08,0.017,26.93,2026-09-25T21:57:39+00:00
2026-09-25T16:57:39-05:00,2026-09-25T21:57:39+00:00,"Cliente MQTT explicito (paho, SAS manual)",DC-HUMO-08,0.018,26.7,2026-09-25T21:57:39+00:00
2026-09-25T16:57:40-05:00,2026-09-25T21:57:40+00:00,"Cliente MQTT explicito (paho, SAS manual)",DC-HUMO-08,0.019,26.39,2026-09-25T21:57:40+00:00
2026-09-25T16:58:21-05:00,2026-09-25T21:58:21+00:00,"Cliente MQTT explicito (paho, SAS manual)",DC-HUMO-08,0.02,26.61,2026-09-25T21:58:21+00:00
2026-09-25T16:58:23-05:00,2026-09-25T21:58:23+00:00,"Cliente MQTT explicito (paho, SAS manual)",DC-HUMO-08,0.019,26.85,2026-09-25T21:58:23+00:00
2026-09-25T16:58:23-05:00,2026-09-25T21:58:23+00:00,"Cliente MQTT explicito (paho, SAS manual)",DC-HUMO-08,0.02,26.35,2026-09-25T21:58:23+00:00
2026-09-25T16:58:24-05:00,2026-09-25T21:58:24+00:00,"Cliente MQTT explicito (paho, SAS manual)",DC-HUMO-08,0.021,26.89,2026-09-25T21:58:24+00:00
2026-09-25T16:58:24-05:00,2026-09-25T21:58:24+00:00,"Cliente MQTT explicito (paho, SAS manual)",DC-HUMO-08,0.019,26.62,2026-09-25T21:58:24+00:00
2026-09-25T16:58:24-05:00,2026-09-25T21:58:24+00:00,"Cliente MQTT explicito (paho, SAS manual)",DC-HUMO-08,0.019,26.72,2026-09-25T21:58:24+00:00
2026-09-25T16:58:24-05:00,2026-09-25T21:58:24+00:00,"Cliente MQTT explicito (paho, SAS manual)",DC-HUMO-08,0.021,26.93,2026-09-25T21:58:24+00:00
2026-09-25T16:58:25-05:00,2026-09-25T21:58:25+00:00,"Cliente MQTT explicito (paho, SAS manual)",DC-HUMO-08,0.019,26.69,2026-09-25T21:58:25+00:00
2026-09-25T16:59:06-05:00,2026-09-25T21:59:06+00:00,"Cliente MQTT explicito (paho, SAS manual)",DC-HUMO-08,0.018,26.5,2026-09-25T21:59:06+00:00
2026-09-25T16:59:08-05:00,2026-09-25T21:59:08+00:00,"Cliente MQTT explicito (paho, SAS manual)",DC-HUMO-08,0.018,26.88,2026-09-25T21:59:08+00:00
2026-09-25T16:59:09-05:00,2026-09-25T21:59:09+00:00,"Cliente MQTT explicito (paho, SAS manual)",DC-HUMO-08,0.018,26.98,2026-09-25T21:59:09+00:00
2026-09-25T16:59:09-05:00,2026-09-25T21:59:09+00:00,"Cliente MQTT explicito (paho, SAS manual)",DC-HUMO-08,0.019,26.47,2026-09-25T21:59:09+00:00
2026-09-25T16:59:09-05:00,2026-09-25T21:59:09+00:00,"Cliente MQTT explicito (paho, SAS manual)",DC-HUMO-08,0.017,26.64,2026-09-25T21:59:09+00:00
2026-09-25T16:59:09-05:00,2026-09-25T21:59:09+00:00,"Cliente MQTT explicito (paho, SAS manual)",DC-HUMO-08,0.018,26.66,2026-09-25T21:59:09+00:00
2026-09-25T16:59:09-05:00,2026-09-25T21:59:09+00:00,"Cliente MQTT explicito (paho, SAS manual)",DC-HUMO-08,0.018,26.55,2026-09-25T21:59:09+00:00
2026-09-25T16:59:11-05:00,2026-09-25T21:59:11+00:00,"Cliente MQTT explicito (paho, SAS manual)",DC-HUMO-08,0.02,26.27,2026-09-25T21:59:11+00:00
2026-09-25T16:59:51-05:00,2026-09-25T21:59:51+00:00,"Cliente MQTT explicito (paho, SAS manual)",DC-HUMO-08,0.018,26.91,2026-09-25T21:59:51+00:00
2026-09-25T16:59:53-05:00,2026-09-25T21:59:53+00:00,"Cliente MQTT explicito (paho, SAS manual)",DC-HUMO-08,0.018,26.7,2026-09-25T21:59:53+00:00
2026-09-25T16:59:54-05:00,2026-09-25T21:59:54+00:00,"Cliente MQTT explicito (paho, SAS manual)",DC-HUMO-08,0.02,26.39,2026-09-25T21:59:54+00:00
2026-09-25T16:59:54-05:00,2026-09-25T21:59:54+00:00,"Cliente MQTT explicito (paho, SAS manual)",DC-HUMO-08,0.02,26.55,2026-09-25T21:59:54+00:00
2026-09-25T16:59:54-05:00,2026-09-25T21:59:54+00:00,"Cliente MQTT explicito (paho, SAS manual)",DC-HUMO-08,0.019,26.64,2026-09-25T21:59:54+00:00
2026-09-25T16:59:55-05:00,2026-09-25T21:59:55+00:00,"Cliente MQTT explicito (paho, SAS manual)",DC-HUMO-08,0.017,26.91,2026-09-25T21:59:55+00:00
2026-09-25T16:59:55-05:00,2026-09-25T21:59:55+00:00,"Cliente MQTT explicito (paho, SAS manual)",DC-HUMO-08,0.019,26.89,2026-09-25T21:59:55+00:00
2026-09-25T16:59:56-05:00,2026-09-25T21:59:56+00:00,"Cliente MQTT explicito (paho, SAS manual)",DC-HUMO-08,0.017,26.64,2026-09-25T21:59:56+00:00
2026-09-25T17:00:37-05:00,2026-09-25T22:00:37+00:00,"Cliente MQTT explicito (paho, SAS manual)",DC-HUMO-08,0.019,26.99,2026-09-25T22:00:37+00:00
2026-09-25T17:00:38-05:00,2026-09-25T22:00:38+00:00,"Cliente MQTT explicito (paho, SAS manual)",DC-HUMO-08,0.019,26.86,2026-09-25T22:00:38+00:00
2026-09-25T17:00:39-05:00,2026-09-25T22:00:39+00:00,"Cliente MQTT explicito (paho, SAS manual)",DC-HUMO-08,0.019,26.72,2026-09-25T22:00:39+00:00
2026-09-25T17:00:39-05:00,2026-09-25T22:00:39+00:00,"Cliente MQTT explicito (paho, SAS manual)",DC-HUMO-08,0.018,26.54,2026-09-25T22:00:39+00:00
2026-09-25T17:00:40-05:00,2026-09-25T22:00:40+00:00,"Cliente MQTT explicito (paho, SAS manual)",DC-HUMO-08,0.02,27.0,2026-09-25T22:00:40+00:00
2026-09-25T17:00:40-05:00,2026-09-25T22:00:40+00:00,"Cliente MQTT explicito (paho, SAS manual)",DC-HUMO-08,0.021,26.96,2026-09-25T22:00:40+00:00
2026-09-25T17:00:40-05:00,2026-09-25T22:00:40+00:00,"Cliente MQTT explicito (paho, SAS manual)",DC-HUMO-08,0.019,26.63,2026-09-25T22:00:40+00:00
2026-09-25T17:00:42-05:00,2026-09-25T22:00:42+00:00,"Cliente MQTT explicito (paho, SAS manual)",DC-HUMO-08,0.02,26.54,2026-09-25T22:00:42+00:00
2026-09-25T17:01:23-05:00,2026-09-25T22:01:23+00:00,"Cliente MQTT explicito (paho, SAS manual)",DC-HUMO-08,0.021,26.99,2026-09-25T22:01:23+00:00
2026-09-25T17:01:24-05:00,2026-09-25T22:01:24+00:00,"Cliente MQTT explicito (paho, SAS manual)",DC-HUMO-08,0.019,26.64,2026-09-25T22:01:24+00:00
2026-09-25T17:01:24-05:00,2026-09-25T22:01:24+00:00,"Cliente MQTT explicito (paho, SAS manual)",DC-HUMO-08,0.018,26.4,2026-09-25T22:01:24+00:00
2026-09-25T17:01:25-05:00,2026-09-25T22:01:25+00:00,"Cliente MQTT explicito (paho, SAS manual)",DC-HUMO-08,0.018,26.64,2026-09-25T22:01:25+00:00
2026-09-25T17:01:25-05:00,2026-09-25T22:01:25+00:00,"Cliente MQTT explicito (paho, SAS manual)",DC-HUMO-08,0.019,26.51,2026-09-25T22:01:25+00:00
2026-09-25T17:01:25-05:00,2026-09-25T22:01:25+00:00,"Cliente MQTT explicito (paho, SAS manual)",DC-HUMO-08,0.02,26.6,2026-09-25T22:01:25+00:00
2026-09-25T17:01:25-05:00,2026-09-25T22:01:25+00:00,"Cliente MQTT explicito (paho, SAS manual)",DC-HUMO-08,0.021,27.02,2026-09-25T22:01:25+00:00
2026-09-25T17:01:27-05:00,2026-09-25T22:01:27+00:00,"Cliente MQTT explicito (paho, SAS manual)",DC-HUMO-08,0.018,26.99,2026-09-25T22:01:27+00:00
2026-09-25T17:02:08-05:00,2026-09-25T22:02:08+00:00,"Cliente MQTT explicito (paho, SAS manual)",DC-HUMO-08,0.019,27.0,2026-09-25T22:02:08+00:00
2026-09-25T17:02:09-05:00,2026-09-25T22:02:09+00:00,"Cliente MQTT explicito (paho, SAS manual)",DC-HUMO-08,0.017,26.49,2026-09-25T22:02:09+00:00
2026-09-25T17:02:10-05:00,2026-09-25T22:02:10+00:00,"Cliente MQTT explicito (paho, SAS manual)",DC-HUMO-08,0.02,26.96,2026-09-25T22:02:10+00:00
2026-09-25T17:02:10-05:00,2026-09-25T22:02:10+00:00,"Cliente MQTT explicito (paho, SAS manual)",DC-HUMO-08,0.021,26.29,2026-09-25T22:02:10+00:00
2026-09-25T17:02:10-05:00,2026-09-25T22:02:10+00:00,"Cliente MQTT explicito (paho, SAS manual)",DC-HUMO-08,0.021,26.84,2026-09-25T22:02:10+00:00
2026-09-25T17:02:10-05:00,2026-09-25T22:02:10+00:00,"Cliente MQTT explicito (paho, SAS manual)",DC-HUMO-08,0.018,26.59,2026-09-25T22:02:10+00:00
2026-09-25T17:02:11-05:00,2026-09-25T22:02:11+00:00,"Cliente MQTT explicito (paho, SAS manual)",DC-HUMO-08,0.019,26.34,2026-09-25T22:02:11+00:00
2026-09-25T17:02:13-05:00,2026-09-25T22:02:13+00:00,"Cliente MQTT explicito (paho, SAS manual)",DC-HUMO-08,0.02,26.6,2026-09-25T22:02:13+00:00
2026-09-25T17:02:53-05:00,2026-09-25T22:02:53+00:00,"Cliente MQTT explicito (paho, SAS manual)",DC-HUMO-08,0.017,26.47,2026-09-25T22:02:53+00:00
2026-09-25T17:02:54-05:00,2026-09-25T22:02:54+00:00,"Cliente MQTT explicito (paho, SAS manual)",DC-HUMO-08,0.019,26.87,2026-09-25T22:02:54+00:00
2026-09-25T17:02:55-05:00,2026-09-25T22:02:55+00:00,"Cliente MQTT explicito (paho, SAS manual)",DC-HUMO-08,0.018,26.96,2026-09-25T22:02:55+00:00
2026-09-25T17:02:55-05:00,2026-09-25T22:02:55+00:00,"Cliente MQTT explicito (paho, SAS manual)",DC-HUMO-08,0.021,26.65,2026-09-25T22:02:55+00:00
2026-09-25T17:02:55-05:00,2026-09-25T22:02:55+00:00,"Cliente MQTT explicito (paho, SAS manual)",DC-HUMO-08,0.02,26.93,2026-09-25T22:02:55+00:00
2026-09-25T17:02:56-05:00,2026-09-25T22:02:56+00:00,"Cliente MQTT explicito (paho, SAS manual)",DC-HUMO-08,0.021,26.25,2026-09-25T22:02:56+00:00
2026-09-25T17:02:56-05:00,2026-09-25T22:02:56+00:00,"Cliente MQTT explicito (paho, SAS manual)",DC-HUMO-08,0.019,26.91,2026-09-25T22:02:56+00:00
2026-09-25T17:02:58-05:00,2026-09-25T22:02:58+00:00,"Cliente MQTT explicito (paho, SAS manual)",DC-HUMO-08,0.019,26.73,2026-09-25T22:02:58+00:00
2026-09-25T17:03:38-05:00,2026-09-25T22:03:38+00:00,"Cliente MQTT explicito (paho, SAS manual)",DC-HUMO-08,0.017,26.62,2026-09-25T22:03:38+00:00
2026-09-25T17:03:40-05:00,2026-09-25T22:03:40+00:00,"Cliente MQTT explicito (paho, SAS manual)",DC-HUMO-08,0.021,26.86,2026-09-25T22:03:40+00:00
2026-09-25T17:03:40-05:00,2026-09-25T22:03:40+00:00,"Cliente MQTT explicito (paho, SAS manual)",DC-HUMO-08,0.018,26.72,2026-09-25T22:03:40+00:00
2026-09-25T17:03:41-05:00,2026-09-25T22:03:41+00:00,"Cliente MQTT explicito (paho, SAS manual)",DC-HUMO-08,0.019,26.74,2026-09-25T22:03:41+00:00
2026-09-25T17:03:41-05:00,2026-09-25T22:03:41+00:00,"Cliente MQTT explicito (paho, SAS manual)",DC-HUMO-08,0.018,26.63,2026-09-25T22:03:41+00:00
2026-09-25T17:03:41-05:00,2026-09-25T22:03:41+00:00,"Cliente MQTT explicito (paho, SAS manual)",DC-HUMO-08,0.018,26.34,2026-09-25T22:03:41+00:00
2026-09-25T17:03:42-05:00,2026-09-25T22:03:42+00:00,"Cliente MQTT explicito (paho, SAS manual)",DC-HUMO-08,0.02,27.03,2026-09-25T22:03:42+00:00
2026-09-25T17:03:44-05:00,2026-09-25T22:03:44+00:00,"Cliente MQTT explicito (paho, SAS manual)",DC-HUMO-08,0.019,26.91,2026-09-25T22:03:44+00:00
2026-09-25T17:04:24-05:00,2026-09-25T22:04:24+00:00,"Cliente MQTT explicito (paho, SAS manual)",DC-HUMO-08,0.021,26.71,2026-09-25T22:04:24+00:00
2026-09-25T17:04:25-05:00,2026-09-25T22:04:25+00:00,"Cliente MQTT explicito (paho, SAS manual)",DC-HUMO-08,0.018,26.28,2026-09-25T22:04:25+00:00
2026-09-25T17:04:25-05:00,2026-09-25T22:04:25+00:00,"Cliente MQTT explicito (paho, SAS manual)",DC-HUMO-08,0.018,26.43,2026-09-25T22:04:25+00:00
2026-09-25T17:04:26-05:00,2026-09-25T22:04:26+00:00,"Cliente MQTT explicito (paho, SAS manual)",DC-HUMO-08,0.02,26.34,2026-09-25T22:04:26+00:00
2026-09-25T17:04:26-05:00,2026-09-25T22:04:26+00:00,"Cliente MQTT explicito (paho, SAS manual)",DC-HUMO-08,0.019,26.45,2026-09-25T22:04:26+00:00
2026-09-25T17:04:26-05:00,2026-09-25T22:04:26+00:00,"Cliente MQTT explicito (paho, SAS manual)",DC-HUMO-08,0.02,26.88,2026-09-25T22:04:26+00:00
2026-09-25T17:04:28-05:00,2026-09-25T22:04:28+00:00,"Cliente MQTT explicito (paho, SAS manual)",DC-HUMO-08,0.019,26.56,2026-09-25T22:04:28+00:00
2026-09-25T17:04:30-05:00,2026-09-25T22:04:30+00:00,"Cliente MQTT explicito (paho, SAS manual)",DC-HUMO-08,0.021,26.34,2026-09-25T22:04:30+00:00
2026-09-25T17:05:10-05:00,2026-09-25T22:05:10+00:00,"Cliente MQTT explicito (paho, SAS manual)",DC-HUMO-08,0.021,26.38,2026-09-25T22:05:10+00:00
2026-09-25T17:05:10-05:00,2026-09-25T22:05:10+00:00,"Cliente MQTT explicito (paho, SAS manual)",DC-HUMO-08,0.017,26.78,2026-09-25T22:05:10+00:00
2026-09-25T17:05:11-05:00,2026-09-25T22:05:11+00:00,"Cliente MQTT explicito (paho, SAS manual)",DC-HUMO-08,0.02,26.53,2026-09-25T22:05:11+00:00
2026-09-25T17:05:12-05:00,2026-09-25T22:05:12+00:00,"Cliente MQTT explicito (paho, SAS manual)",DC-HUMO-08,0.019,26.51,2026-09-25T22:05:12+00:00
2026-09-25T17:05:12-05:00,2026-09-25T22:05:12+00:00,"Cliente MQTT explicito (paho, SAS manual)",DC-HUMO-08,0.018,26.3,2026-09-25T22:05:12+00:00
2026-09-25T17:05:12-05:00,2026-09-25T22:05:12+00:00,"Cliente MQTT explicito (paho, SAS manual)",DC-HUMO-08,0.019,26.66,2026-09-25T22:05:12+00:00
2026-09-25T17:05:13-05:00,2026-09-25T22:05:13+00:00,"Cliente MQTT explicito (paho, SAS manual)",DC-HUMO-08,0.019,26.37,2026-09-25T22:05:13+00:00
2026-09-25T17:05:15-05:00,2026-09-25T22:05:15+00:00,"Cliente MQTT explicito (paho, SAS manual)",DC-HUMO-08,0.019,26.57,2026-09-25T22:05:15+00:00
2026-09-25T17:05:55-05:00,2026-09-25T22:05:55+00:00,"Cliente MQTT explicito (paho, SAS manual)",DC-HUMO-08,0.019,26.27,2026-09-25T22:05:55+00:00
2026-09-25T17:05:56-05:00,2026-09-25T22:05:56+00:00,"Cliente MQTT explicito (paho, SAS manual)",DC-HUMO-08,0.02,26.53,2026-09-25T22:05:56+00:00
2026-09-25T17:05:56-05:00,2026-09-25T22:05:56+00:00,"Cliente MQTT explicito (paho, SAS manual)",DC-HUMO-08,0.02,26.73,2026-09-25T22:05:56+00:00
2026-09-25T17:05:57-05:00,2026-09-25T22:05:57+00:00,"Cliente MQTT explicito (paho, SAS manual)",DC-HUMO-08,0.017,26.29,2026-09-25T22:05:57+00:00
2026-09-25T17:05:58-05:00,2026-09-25T22:05:58+00:00,"Cliente MQTT explicito (paho, SAS manual)",DC-HUMO-08,0.02,26.96,2026-09-25T22:05:58+00:00
2026-09-25T17:05:58-05:00,2026-09-25T22:05:58+00:00,"Cliente MQTT explicito (paho, SAS manual)",DC-HUMO-08,0.019,26.71,2026-09-25T22:05:58+00:00
2026-09-25T17:05:58-05:00,2026-09-25T22:05:58+00:00,"Cliente MQTT explicito (paho, SAS manual)",DC-HUMO-08,0.018,26.91,2026-09-25T22:05:58+00:00
2026-09-25T17:06:01-05:00,2026-09-25T22:06:01+00:00,"Cliente MQTT explicito (paho, SAS manual)",DC-HUMO-08,0.019,26.82,2026-09-25T22:06:01+00:00
2026-09-25T17:06:40-05:00,2026-09-25T22:06:40+00:00,"Cliente MQTT explicito (paho, SAS manual)",DC-HUMO-08,0.019,26.32,2026-09-25T22:06:40+00:00
2026-09-25T17:06:42-05:00,2026-09-25T22:06:42+00:00,"Cliente MQTT explicito (paho, SAS manual)",DC-HUMO-08,0.019,27.01,2026-09-25T22:06:42+00:00
2026-09-25T17:06:42-05:00,2026-09-25T22:06:42+00:00,"Cliente MQTT explicito (paho, SAS manual)",DC-HUMO-08,0.018,26.5,2026-09-25T22:06:42+00:00
2026-09-25T17:06:42-05:00,2026-09-25T22:06:42+00:00,"Cliente MQTT explicito (paho, SAS manual)",DC-HUMO-08,0.019,26.39,2026-09-25T22:06:42+00:00
2026-09-25T17:06:43-05:00,2026-09-25T22:06:43+00:00,"Cliente MQTT explicito (paho, SAS manual)",DC-HUMO-08,0.018,26.51,2026-09-25T22:06:43+00:00
2026-09-25T17:06:43-05:00,2026-09-25T22:06:43+00:00,"Cliente MQTT explicito (paho, SAS manual)",DC-HUMO-08,0.02,26.25,2026-09-25T22:06:43+00:00
2026-09-25T17:06:44-05:00,2026-09-25T22:06:44+00:00,"Cliente MQTT explicito (paho, SAS manual)",DC-HUMO-08,0.021,26.91,2026-09-25T22:06:44+00:00
2026-09-25T17:06:46-05:00,2026-09-25T22:06:46+00:00,"Cliente MQTT explicito (paho, SAS manual)",DC-HUMO-08,0.018,26.95,2026-09-25T22:06:46+00:00
2026-09-25T17:07:26-05:00,2026-09-25T22:07:26+00:00,"Cliente MQTT explicito (paho, SAS manual)",DC-HUMO-08,0.021,26.32,2026-09-25T22:07:26+00:00
2026-09-25T17:07:27-05:00,2026-09-25T22:07:27+00:00,"Cliente MQTT explicito (paho, SAS manual)",DC-HUMO-08,0.021,26.56,2026-09-25T22:07:27+00:00
2026-09-25T17:07:27-05:00,2026-09-25T22:07:27+00:00,"Cliente MQTT explicito (paho, SAS manual)",DC-HUMO-08,0.019,26.51,2026-09-25T22:07:27+00:00
2026-09-25T17:07:28-05:00,2026-09-25T22:07:28+00:00,"Cliente MQTT explicito (paho, SAS manual)",DC-HUMO-08,0.021,26.73,2026-09-25T22:07:28+00:00
2026-09-25T17:07:29-05:00,2026-09-25T22:07:29+00:00,"Cliente MQTT explicito (paho, SAS manual)",DC-HUMO-08,0.017,26.47,2026-09-25T22:07:29+00:00
2026-09-25T17:07:29-05:00,2026-09-25T22:07:29+00:00,"Cliente MQTT explicito (paho, SAS manual)",DC-HUMO-08,0.02,26.64,2026-09-25T22:07:29+00:00
2026-09-25T17:07:29-05:00,2026-09-25T22:07:29+00:00,"Cliente MQTT explicito (paho, SAS manual)",DC-HUMO-08,0.018,26.79,2026-09-25T22:07:29+00:00
2026-09-25T17:07:31-05:00,2026-09-25T22:07:31+00:00,"Cliente MQTT explicito (paho, SAS manual)",DC-HUMO-08,0.018,26.46,2026-09-25T22:07:31+00:00
2026-09-25T17:08:11-05:00,2026-09-25T22:08:11+00:00,"Cliente MQTT explicito (paho, SAS manual)",DC-HUMO-08,0.018,26.57,2026-09-25T22:08:11+00:00
2026-09-25T17:08:13-05:00,2026-09-25T22:08:13+00:00,"Cliente MQTT explicito (paho, SAS manual)",DC-HUMO-08,0.02,26.4,2026-09-25T22:08:13+00:00
2026-09-25T17:08:13-05:00,2026-09-25T22:08:13+00:00,"Cliente MQTT explicito (paho, SAS manual)",DC-HUMO-08,0.017,26.46,2026-09-25T22:08:13+00:00
2026-09-25T17:08:14-05:00,2026-09-25T22:08:14+00:00,"Cliente MQTT explicito (paho, SAS manual)",DC-HUMO-08,0.018,26.64,2026-09-25T22:08:14+00:00
2026-09-25T17:08:14-05:00,2026-09-25T22:08:14+00:00,"Cliente MQTT explicito (paho, SAS manual)",DC-HUMO-08,0.019,26.7,2026-09-25T22:08:14+00:00
2026-09-25T17:08:15-05:00,2026-09-25T22:08:15+00:00,"Cliente MQTT explicito (paho, SAS manual)",DC-HUMO-08,0.018,26.23,2026-09-25T22:08:15+00:00
2026-09-25T17:08:15-05:00,2026-09-25T22:08:15+00:00,"Cliente MQTT explicito (paho, SAS manual)",DC-HUMO-08,0.018,26.55,2026-09-25T22:08:15+00:00
2026-09-25T17:08:17-05:00,2026-09-25T22:08:17+00:00,"Cliente MQTT explicito (paho, SAS manual)",DC-HUMO-08,0.019,26.58,2026-09-25T22:08:17+00:00
2026-09-25T17:08:56-05:00,2026-09-25T22:08:56+00:00,"Cliente MQTT explicito (paho, SAS manual)",DC-HUMO-08,0.018,26.65,2026-09-25T22:08:56+00:00
2026-09-25T17:08:58-05:00,2026-09-25T22:08:58+00:00,"Cliente MQTT explicito (paho, SAS manual)",DC-HUMO-08,0.021,26.98,2026-09-25T22:08:58+00:00
2026-09-25T17:08:58-05:00,2026-09-25T22:08:58+00:00,"Cliente MQTT explicito (paho, SAS manual)",DC-HUMO-08,0.02,26.57,2026-09-25T22:08:58+00:00
2026-09-25T17:08:59-05:00,2026-09-25T22:08:59+00:00,"Cliente MQTT explicito (paho, SAS manual)",DC-HUMO-08,0.02,26.69,2026-09-25T22:08:59+00:00
2026-09-25T17:08:59-05:00,2026-09-25T22:08:59+00:00,"Cliente MQTT explicito (paho, SAS manual)",DC-HUMO-08,0.018,26.7,2026-09-25T22:08:59+00:00
2026-09-25T17:09:00-05:00,2026-09-25T22:09:00+00:00,"Cliente MQTT explicito (paho, SAS manual)",DC-HUMO-08,0.017,26.81,2026-09-25T22:09:00+00:00
2026-09-25T17:09:00-05:00,2026-09-25T22:09:00+00:00,"Cliente MQTT explicito (paho, SAS manual)",DC-HUMO-08,0.021,26.32,2026-09-25T22:09:00+00:00
2026-09-25T17:09:03-05:00,2026-09-25T22:09:03+00:00,"Cliente MQTT explicito (paho, SAS manual)",DC-HUMO-08,0.021,26.95,2026-09-25T22:09:03+00:00
2026-09-25T17:09:41-05:00,2026-09-25T22:09:41+00:00,"Cliente MQTT explicito (paho, SAS manual)",DC-HUMO-08,0.02,26.97,2026-09-25T22:09:41+00:00
2026-09-25T17:09:43-05:00,2026-09-25T22:09:43+00:00,"Cliente MQTT explicito (paho, SAS manual)",DC-HUMO-08,0.02,26.75,2026-09-25T22:09:43+00:00
2026-09-25T17:09:44-05:00,2026-09-25T22:09:44+00:00,"Cliente MQTT explicito (paho, SAS manual)",DC-HUMO-08,0.019,26.33,2026-09-25T22:09:44+00:00
2026-09-25T17:09:45-05:00,2026-09-25T22:09:45+00:00,"Cliente MQTT explicito (paho, SAS manual)",DC-HUMO-08,0.018,26.54,2026-09-25T22:09:45+00:00
2026-09-25T17:09:45-05:00,2026-09-25T22:09:45+00:00,"Cliente MQTT explicito (paho, SAS manual)",DC-HUMO-08,0.019,26.34,2026-09-25T22:09:45+00:00
2026-09-25T17:09:45-05:00,2026-09-25T22:09:45+00:00,"Cliente MQTT explicito (paho, SAS manual)",DC-HUMO-08,0.021,26.73,2026-09-25T22:09:45+00:00
2026-09-25T17:09:46-05:00,2026-09-25T22:09:46+00:00,"Cliente MQTT explicito (paho, SAS manual)",DC-HUMO-08,0.019,27.0,2026-09-25T22:09:46+00:00
2026-09-25T17:09:48-05:00,2026-09-25T22:09:48+00:00,"Cliente MQTT explicito (paho, SAS manual)",DC-HUMO-08,0.019,26.3,2026-09-25T22:09:48+00:00
2026-09-25T17:10:26-05:00,2026-09-25T22:10:26+00:00,"Cliente MQTT explicito (paho, SAS manual)",DC-HUMO-08,0.018,26.38,2026-09-25T22:10:26+00:00
2026-09-25T17:10:28-05:00,2026-09-25T22:10:28+00:00,"Cliente MQTT explicito (paho, SAS manual)",DC-HUMO-08,0.02,26.71,2026-09-25T22:10:28+00:00
2026-09-25T17:10:29-05:00,2026-09-25T22:10:29+00:00,"Cliente MQTT explicito (paho, SAS manual)",DC-HUMO-08,0.018,26.68,2026-09-25T22:10:29+00:00
2026-09-25T17:10:30-05:00,2026-09-25T22:10:30+00:00,"Cliente MQTT explicito (paho, SAS manual)",DC-HUMO-08,0.021,26.7,2026-09-25T22:10:30+00:00
2026-09-25T17:10:30-05:00,2026-09-25T22:10:30+00:00,"Cliente MQTT explicito (paho, SAS manual)",DC-HUMO-08,0.02,26.48,2026-09-25T22:10:30+00:00
2026-09-25T17:10:30-05:00,2026-09-25T22:10:30+00:00,"Cliente MQTT explicito (paho, SAS manual)",DC-HUMO-08,0.02,26.25,2026-09-25T22:10:30+00:00
2026-09-25T17:10:31-05:00,2026-09-25T22:10:31+00:00,"Cliente MQTT explicito (paho, SAS manual)",DC-HUMO-08,0.017,26.53,2026-09-25T22:10:31+00:00
2026-09-25T17:10:33-05:00,2026-09-25T22:10:33+00:00,"Cliente MQTT explicito (paho, SAS manual)",DC-HUMO-08,0.019,26.96,2026-09-25T22:10:33+00:00
2026-09-25T17:11:12-05:00,2026-09-25T22:11:12+00:00,"Cliente MQTT explicito (paho, SAS manual)",DC-HUMO-08,0.018,26.38,2026-09-25T22:11:12+00:00
2026-09-25T17:11:13-05:00,2026-09-25T22:11:13+00:00,"Cliente MQTT explicito (paho, SAS manual)",DC-HUMO-08,0.02,26.61,2026-09-25T22:11:13+00:00
2026-09-25T17:11:14-05:00,2026-09-25T22:11:14+00:00,"Cliente MQTT explicito (paho, SAS manual)",DC-HUMO-08,0.018,26.65,2026-09-25T22:11:14+00:00
2026-09-25T17:11:15-05:00,2026-09-25T22:11:15+00:00,"Cliente MQTT explicito (paho, SAS manual)",DC-HUMO-08,0.018,26.59,2026-09-25T22:11:15+00:00
2026-09-25T17:11:16-05:00,2026-09-25T22:11:16+00:00,"Cliente MQTT explicito (paho, SAS manual)",DC-HUMO-08,0.019,26.82,2026-09-25T22:11:16+00:00
2026-09-25T17:11:16-05:00,2026-09-25T22:11:16+00:00,"Cliente MQTT explicito (paho, SAS manual)",DC-HUMO-08,0.019,26.34,2026-09-25T22:11:16+00:00
2026-09-25T17:11:16-05:00,2026-09-25T22:11:16+00:00,"Cliente MQTT explicito (paho, SAS manual)",DC-HUMO-08,0.018,26.94,2026-09-25T22:11:16+00:00
2026-09-25T17:11:18-05:00,2026-09-25T22:11:18+00:00,"Cliente MQTT explicito (paho, SAS manual)",DC-HUMO-08,0.02,26.53,2026-09-25T22:11:18+00:00
2026-09-25T17:11:57-05:00,2026-09-25T22:11:57+00:00,"Cliente MQTT explicito (paho, SAS manual)",DC-HUMO-08,0.019,26.25,2026-09-25T22:11:57+00:00
2026-09-25T17:11:58-05:00,2026-09-25T22:11:58+00:00,"Cliente MQTT explicito (paho, SAS manual)",DC-HUMO-08,0.019,26.46,2026-09-25T22:11:58+00:00
2026-09-25T17:12:00-05:00,2026-09-25T22:12:00+00:00,"Cliente MQTT explicito (paho, SAS manual)",DC-HUMO-08,0.018,26.36,2026-09-25T22:12:00+00:00
2026-09-25T17:12:00-05:00,2026-09-25T22:12:00+00:00,"Cliente MQTT explicito (paho, SAS manual)",DC-HUMO-08,0.021,26.86,2026-09-25T22:12:00+00:00
2026-09-25T17:12:01-05:00,2026-09-25T22:12:01+00:00,"Cliente MQTT explicito (paho, SAS manual)",DC-HUMO-08,0.017,26.42,2026-09-25T22:12:01+00:00
2026-09-25T17:12:01-05:00,2026-09-25T22:12:01+00:00,"Cliente MQTT explicito (paho, SAS manual)",DC-HUMO-08,0.02,26.54,2026-09-25T22:12:01+00:00
2026-09-25T17:12:02-05:00,2026-09-25T22:12:02+00:00,"Cliente MQTT explicito (paho, SAS manual)",DC-HUMO-08,0.019,26.6,2026-09-25T22:12:02+00:00
2026-09-25T17:12:03-05:00,2026-09-25T22:12:03+00:00,"Cliente MQTT explicito (paho, SAS manual)",DC-HUMO-08,0.021,26.32,2026-09-25T22:12:03+00:00
2026-09-25T17:12:42-05:00,2026-09-25T22:12:42+00:00,"Cliente MQTT explicito (paho, SAS manual)",DC-HUMO-08,0.018,26.93,2026-09-25T22:12:42+00:00
2026-09-25T17:12:43-05:00,2026-09-25T22:12:43+00:00,"Cliente MQTT explicito (paho, SAS manual)",DC-HUMO-08,0.018,26.19,2026-09-25T22:12:43+00:00
2026-09-25T17:12:45-05:00,2026-09-25T22:12:45+00:00,"Cliente MQTT explicito (paho, SAS manual)",DC-HUMO-08,0.019,26.78,2026-09-25T22:12:45+00:00
2026-09-25T17:12:45-05:00,2026-09-25T22:12:45+00:00,"Cliente MQTT explicito (paho, SAS manual)",DC-HUMO-08,0.02,26.61,2026-09-25T22:12:45+00:00
2026-09-25T17:12:47-05:00,2026-09-25T22:12:47+00:00,"Cliente MQTT explicito (paho, SAS manual)",DC-HUMO-08,0.02,26.35,2026-09-25T22:12:47+00:00
2026-09-25T17:12:47-05:00,2026-09-25T22:12:47+00:00,"Cliente MQTT explicito (paho, SAS manual)",DC-HUMO-08,0.018,26.89,2026-09-25T22:12:47+00:00
2026-09-25T17:12:48-05:00,2026-09-25T22:12:48+00:00,"Cliente MQTT explicito (paho, SAS manual)",DC-HUMO-08,0.018,26.85,2026-09-25T22:12:48+00:00
2026-09-25T17:12:49-05:00,2026-09-25T22:12:49+00:00,"Cliente MQTT explicito (paho, SAS manual)",DC-HUMO-08,0.02,26.8,2026-09-25T22:12:49+00:00
2026-09-25T17:13:28-05:00,2026-09-25T22:13:28+00:00,"Cliente MQTT explicito (paho, SAS manual)",DC-HUMO-08,0.017,26.66,2026-09-25T22:13:28+00:00
2026-09-25T17:13:29-05:00,2026-09-25T22:13:29+00:00,"Cliente MQTT explicito (paho, SAS manual)",DC-HUMO-08,0.018,26.58,2026-09-25T22:13:29+00:00
2026-09-25T17:13:31-05:00,2026-09-25T22:13:31+00:00,"Cliente MQTT explicito (paho, SAS manual)",DC-HUMO-08,0.021,26.82,2026-09-25T22:13:31+00:00
2026-09-25T17:13:31-05:00,2026-09-25T22:13:31+00:00,"Cliente MQTT explicito (paho, SAS manual)",DC-HUMO-08,0.021,26.19,2026-09-25T22:13:31+00:00
2026-09-25T17:13:32-05:00,2026-09-25T22:13:32+00:00,"Cliente MQTT explicito (paho, SAS manual)",DC-HUMO-08,0.02,26.48,2026-09-25T22:13:32+00:00
2026-09-25T17:13:32-05:00,2026-09-25T22:13:32+00:00,"Cliente MQTT explicito (paho, SAS manual)",DC-HUMO-08,0.018,26.62,2026-09-25T22:13:32+00:00
2026-09-25T17:13:34-05:00,2026-09-25T22:13:34+00:00,"Cliente MQTT explicito (paho, SAS manual)",DC-HUMO-08,0.018,26.63,2026-09-25T22:13:34+00:00
2026-09-25T17:13:35-05:00,2026-09-25T22:13:35+00:00,"Cliente MQTT explicito (paho, SAS manual)",DC-HUMO-08,0.018,26.42,2026-09-25T22:13:35+00:00
2026-09-25T17:14:13-05:00,2026-09-25T22:14:13+00:00,"Cliente MQTT explicito (paho, SAS manual)",DC-HUMO-08,0.02,26.82,2026-09-25T22:14:13+00:00
2026-09-25T17:14:15-05:00,2026-09-25T22:14:15+00:00,"Cliente MQTT explicito (paho, SAS manual)",DC-HUMO-08,0.018,26.75,2026-09-25T22:14:15+00:00
2026-09-25T17:14:16-05:00,2026-09-25T22:14:16+00:00,"Cliente MQTT explicito (paho, SAS manual)",DC-HUMO-08,0.02,26.21,2026-09-25T22:14:16+00:00
2026-09-25T17:14:16-05:00,2026-09-25T22:14:16+00:00,"Cliente MQTT explicito (paho, SAS manual)",DC-HUMO-08,0.017,26.25,2026-09-25T22:14:16+00:00
2026-09-25T17:14:17-05:00,2026-09-25T22:14:17+00:00,"Cliente MQTT explicito (paho, SAS manual)",DC-HUMO-08,0.019,26.91,2026-09-25T22:14:17+00:00
2026-09-25T17:14:18-05:00,2026-09-25T22:14:18+00:00,"Cliente MQTT explicito (paho, SAS manual)",DC-HUMO-08,0.017,26.22,2026-09-25T22:14:18+00:00
2026-09-25T17:14:19-05:00,2026-09-25T22:14:19+00:00,"Cliente MQTT explicito (paho, SAS manual)",DC-HUMO-08,0.019,26.59,2026-09-25T22:14:19+00:00
2026-09-25T17:14:20-05:00,2026-09-25T22:14:20+00:00,"Cliente MQTT explicito (paho, SAS manual)",DC-HUMO-08,0.019,26.37,2026-09-25T22:14:20+00:00
2026-09-25T17:14:58-05:00,2026-09-25T22:14:58+00:00,"Cliente MQTT explicito (paho, SAS manual)",DC-HUMO-08,0.018,26.4,2026-09-25T22:14:58+00:00
2026-09-25T17:15:00-05:00,2026-09-25T22:15:00+00:00,"Cliente MQTT explicito (paho, SAS manual)",DC-HUMO-08,0.018,26.58,2026-09-25T22:15:00+00:00
2026-09-25T17:15:01-05:00,2026-09-25T22:15:01+00:00,"Cliente MQTT explicito (paho, SAS manual)",DC-HUMO-08,0.021,26.72,2026-09-25T22:15:01+00:00
2026-09-25T17:15:01-05:00,2026-09-25T22:15:01+00:00,"Cliente MQTT explicito (paho, SAS manual)",DC-HUMO-08,0.021,26.87,2026-09-25T22:15:01+00:00
2026-09-25T17:15:02-05:00,2026-09-25T22:15:02+00:00,"Cliente MQTT explicito (paho, SAS manual)",DC-HUMO-08,0.019,26.76,2026-09-25T22:15:02+00:00
2026-09-25T17:15:03-05:00,2026-09-25T22:15:03+00:00,"Cliente MQTT explicito (paho, SAS manual)",DC-HUMO-08,0.02,26.42,2026-09-25T22:15:03+00:00
2026-09-25T17:15:04-05:00,2026-09-25T22:15:04+00:00,"Cliente MQTT explicito (paho, SAS manual)",DC-HUMO-08,0.019,26.27,2026-09-25T22:15:04+00:00
2026-09-25T17:15:05-05:00,2026-09-25T22:15:05+00:00,"Cliente MQTT explicito (paho, SAS manual)",DC-HUMO-08,0.018,26.3,2026-09-25T22:15:05+00:00
2026-09-25T17:15:43-05:00,2026-09-25T22:15:43+00:00,"Cliente MQTT explicito (paho, SAS manual)",DC-HUMO-08,0.021,26.79,2026-09-25T22:15:43+00:00
2026-09-25T17:15:46-05:00,2026-09-25T22:15:46+00:00,"Cliente MQTT explicito (paho, SAS manual)",DC-HUMO-08,0.019,26.21,2026-09-25T22:15:46+00:00
2026-09-25T17:15:46-05:00,2026-09-25T22:15:46+00:00,"Cliente MQTT explicito (paho, SAS manual)",DC-HUMO-08,0.019,26.57,2026-09-25T22:15:46+00:00
2026-09-25T17:15:46-05:00,2026-09-25T22:15:46+00:00,"Cliente MQTT explicito (paho, SAS manual)",DC-HUMO-08,0.02,26.93,2026-09-25T22:15:46+00:00
2026-09-25T17:15:48-05:00,2026-09-25T22:15:48+00:00,"Cliente MQTT explicito (paho, SAS manual)",DC-HUMO-08,0.02,26.44,2026-09-25T22:15:48+00:00
2026-09-25T17:15:48-05:00,2026-09-25T22:15:48+00:00,"Cliente MQTT explicito (paho, SAS manual)",DC-HUMO-08,0.018,26.5,2026-09-25T22:15:48+00:00
2026-09-25T17:15:50-05:00,2026-09-25T22:15:50+00:00,"Cliente MQTT explicito (paho, SAS manual)",DC-HUMO-08,0.017,26.72,2026-09-25T22:15:50+00:00
2026-09-25T17:15:51-05:00,2026-09-25T22:15:51+00:00,"Cliente MQTT explicito (paho, SAS manual)",DC-HUMO-08,0.02,26.58,2026-09-25T22:15:51+00:00
2026-09-25T17:16:28-05:00,2026-09-25T22:16:28+00:00,"Cliente MQTT explicito (paho, SAS manual)",DC-HUMO-08,0.021,26.91,2026-09-25T22:16:28+00:00
2026-09-25T17:16:31-05:00,2026-09-25T22:16:31+00:00,"Cliente MQTT explicito (paho, SAS manual)",DC-HUMO-08,0.019,26.87,2026-09-25T22:16:31+00:00
2026-09-25T17:16:31-05:00,2026-09-25T22:16:31+00:00,"Cliente MQTT explicito (paho, SAS manual)",DC-HUMO-08,0.02,26.29,2026-09-25T22:16:31+00:00
2026-09-25T17:16:32-05:00,2026-09-25T22:16:32+00:00,"Cliente MQTT explicito (paho, SAS manual)",DC-HUMO-08,0.019,26.61,2026-09-25T22:16:32+00:00
2026-09-25T17:16:33-05:00,2026-09-25T22:16:33+00:00,"Cliente MQTT explicito (paho, SAS manual)",DC-HUMO-08,0.021,26.8,2026-09-25T22:16:33+00:00
2026-09-25T17:16:34-05:00,2026-09-25T22:16:34+00:00,"Cliente MQTT explicito (paho, SAS manual)",DC-HUMO-08,0.017,26.55,2026-09-25T22:16:34+00:00
2026-09-25T17:16:36-05:00,2026-09-25T22:16:36+00:00,"Cliente MQTT explicito (paho, SAS manual)",DC-HUMO-08,0.018,26.78,2026-09-25T22:16:36+00:00
2026-09-25T17:16:36-05:00,2026-09-25T22:16:36+00:00,"Cliente MQTT explicito (paho, SAS manual)",DC-HUMO-08,0.019,26.35,2026-09-25T22:16:36+00:00
2026-09-25T17:17:14-05:00,2026-09-25T22:17:14+00:00,"Cliente MQTT explicito (paho, SAS manual)",DC-HUMO-08,0.02,26.49,2026-09-25T22:17:14+00:00
2026-09-25T17:17:17-05:00,2026-09-25T22:17:17+00:00,"Cliente MQTT explicito (paho, SAS manual)",DC-HUMO-08,0.021,26.33,2026-09-25T22:17:17+00:00
2026-09-25T17:17:17-05:00,2026-09-25T22:17:17+00:00,"Cliente MQTT explicito (paho, SAS manual)",DC-HUMO-08,0.019,26.22,2026-09-25T22:17:17+00:00
2026-09-25T17:17:17-05:00,2026-09-25T22:17:17+00:00,"Cliente MQTT explicito (paho, SAS manual)",DC-HUMO-08,0.018,26.69,2026-09-25T22:17:17+00:00
2026-09-25T17:17:19-05:00,2026-09-25T22:17:19+00:00,"Cliente MQTT explicito (paho, SAS manual)",DC-HUMO-08,0.02,26.26,2026-09-25T22:17:19+00:00
2026-09-25T17:17:19-05:00,2026-09-25T22:17:19+00:00,"Cliente MQTT explicito (paho, SAS manual)",DC-HUMO-08,0.018,26.66,2026-09-25T22:17:19+00:00
2026-09-25T17:17:21-05:00,2026-09-25T22:17:21+00:00,"Cliente MQTT explicito (paho, SAS manual)",DC-HUMO-08,0.02,26.54,2026-09-25T22:17:21+00:00
2026-09-25T17:17:21-05:00,2026-09-25T22:17:21+00:00,"Cliente MQTT explicito (paho, SAS manual)",DC-HUMO-08,0.019,26.78,2026-09-25T22:17:21+00:00
2026-09-25T17:17:59-05:00,2026-09-25T22:17:59+00:00,"Cliente MQTT explicito (paho, SAS manual)",DC-HUMO-08,0.017,26.81,2026-09-25T22:17:59+00:00
2026-09-25T17:18:02-05:00,2026-09-25T22:18:02+00:00,"Cliente MQTT explicito (paho, SAS manual)",DC-HUMO-08,0.019,26.51,2026-09-25T22:18:02+00:00
2026-09-25T17:18:02-05:00,2026-09-25T22:18:02+00:00,"Cliente MQTT explicito (paho, SAS manual)",DC-HUMO-08,0.019,26.78,2026-09-25T22:18:02+00:00
2026-09-25T17:18:02-05:00,2026-09-25T22:18:02+00:00,"Cliente MQTT explicito (paho, SAS manual)",DC-HUMO-08,0.018,26.67,2026-09-25T22:18:02+00:00
2026-09-25T17:18:04-05:00,2026-09-25T22:18:04+00:00,"Cliente MQTT explicito (paho, SAS manual)",DC-HUMO-08,0.02,26.39,2026-09-25T22:18:04+00:00
2026-09-25T17:18:04-05:00,2026-09-25T22:18:04+00:00,"Cliente MQTT explicito (paho, SAS manual)",DC-HUMO-08,0.02,26.43,2026-09-25T22:18:04+00:00
2026-09-25T17:18:06-05:00,2026-09-25T22:18:06+00:00,"Cliente MQTT explicito (paho, SAS manual)",DC-HUMO-08,0.019,26.83,2026-09-25T22:18:06+00:00
2026-09-25T17:18:06-05:00,2026-09-25T22:18:06+00:00,"Cliente MQTT explicito (paho, SAS manual)",DC-HUMO-08,0.018,26.4,2026-09-25T22:18:06+00:00
2026-09-25T17:18:44-05:00,2026-09-25T22:18:44+00:00,"Cliente MQTT explicito (paho, SAS manual)",DC-HUMO-08,0.018,26.43,2026-09-25T22:18:44+00:00
2026-09-25T17:18:47-05:00,2026-09-25T22:18:47+00:00,"Cliente MQTT explicito (paho, SAS manual)",DC-HUMO-08,0.021,26.9,2026-09-25T22:18:47+00:00
2026-09-25T17:18:47-05:00,2026-09-25T22:18:47+00:00,"Cliente MQTT explicito (paho, SAS manual)",DC-HUMO-08,0.02,26.6,2026-09-25T22:18:47+00:00
2026-09-25T17:18:48-05:00,2026-09-25T22:18:48+00:00,"Cliente MQTT explicito (paho, SAS manual)",DC-HUMO-08,0.019,26.89,2026-09-25T22:18:48+00:00
2026-09-25T17:18:50-05:00,2026-09-25T22:18:50+00:00,"Cliente MQTT explicito (paho, SAS manual)",DC-HUMO-08,0.018,26.43,2026-09-25T22:18:50+00:00
2026-09-25T17:18:50-05:00,2026-09-25T22:18:50+00:00,"Cliente MQTT explicito (paho, SAS manual)",DC-HUMO-08,0.021,26.68,2026-09-25T22:18:50+00:00
2026-09-25T17:18:52-05:00,2026-09-25T22:18:52+00:00,"Cliente MQTT explicito (paho, SAS manual)",DC-HUMO-08,0.02,26.29,2026-09-25T22:18:52+00:00
2026-09-25T17:18:52-05:00,2026-09-25T22:18:52+00:00,"Cliente MQTT explicito (paho, SAS manual)",DC-HUMO-08,0.02,26.3,2026-09-25T22:18:52+00:00
2026-09-25T17:19:29-05:00,2026-09-25T22:19:29+00:00,"Cliente MQTT explicito (paho, SAS manual)",DC-HUMO-08,0.018,26.93,2026-09-25T22:19:29+00:00
2026-09-25T17:19:32-05:00,2026-09-25T22:19:32+00:00,"Cliente MQTT explicito (paho, SAS manual)",DC-HUMO-08,0.021,26.41,2026-09-25T22:19:32+00:00
2026-09-25T17:19:32-05:00,2026-09-25T22:19:32+00:00,"Cliente MQTT explicito (paho, SAS manual)",DC-HUMO-08,0.021,26.16,2026-09-25T22:19:32+00:00
2026-09-25T17:19:33-05:00,2026-09-25T22:19:33+00:00,"Cliente MQTT explicito (paho, SAS manual)",DC-HUMO-08,0.02,26.51,2026-09-25T22:19:33+00:00
2026-09-25T17:19:35-05:00,2026-09-25T22:19:35+00:00,"Cliente MQTT explicito (paho, SAS manual)",DC-HUMO-08,0.017,26.65,2026-09-25T22:19:35+00:00
2026-09-25T17:19:35-05:00,2026-09-25T22:19:35+00:00,"Cliente MQTT explicito (paho, SAS manual)",DC-HUMO-08,0.019,26.2,2026-09-25T22:19:35+00:00
2026-09-25T17:19:37-05:00,2026-09-25T22:19:37+00:00,"Cliente MQTT explicito (paho, SAS manual)",DC-HUMO-08,0.019,26.84,2026-09-25T22:19:37+00:00
2026-09-25T17:19:38-05:00,2026-09-25T22:19:38+00:00,"Cliente MQTT explicito (paho, SAS manual)",DC-HUMO-08,0.02,26.63,2026-09-25T22:19:38+00:00
2026-09-25T17:20:15-05:00,2026-09-25T22:20:15+00:00,"Cliente MQTT explicito (paho, SAS manual)",DC-HUMO-08,0.019,26.66,2026-09-25T22:20:15+00:00
2026-09-25T17:20:17-05:00,2026-09-25T22:20:17+00:00,"Cliente MQTT explicito (paho, SAS manual)",DC-HUMO-08,0.021,26.7,2026-09-25T22:20:17+00:00
2026-09-25T17:20:17-05:00,2026-09-25T22:20:17+00:00,"Cliente MQTT explicito (paho, SAS manual)",DC-HUMO-08,0.019,26.22,2026-09-25T22:20:17+00:00
2026-09-25T17:20:18-05:00,2026-09-25T22:20:18+00:00,"Cliente MQTT explicito (paho, SAS manual)",DC-HUMO-08,0.018,26.91,2026-09-25T22:20:18+00:00
2026-09-25T17:20:21-05:00,2026-09-25T22:20:21+00:00,"Cliente MQTT explicito (paho, SAS manual)",DC-HUMO-08,0.02,26.36,2026-09-25T22:20:21+00:00
2026-09-25T17:20:21-05:00,2026-09-25T22:20:21+00:00,"Cliente MQTT explicito (paho, SAS manual)",DC-HUMO-08,0.018,26.74,2026-09-25T22:20:21+00:00
2026-09-25T17:20:23-05:00,2026-09-25T22:20:23+00:00,"Cliente MQTT explicito (paho, SAS manual)",DC-HUMO-08,0.02,26.52,2026-09-25T22:20:23+00:00
2026-09-25T17:20:23-05:00,2026-09-25T22:20:23+00:00,"Cliente MQTT explicito (paho, SAS manual)",DC-HUMO-08,0.017,26.85,2026-09-25T22:20:23+00:00
2026-09-25T17:21:01-05:00,2026-09-25T22:21:01+00:00,"Cliente MQTT explicito (paho, SAS manual)",DC-HUMO-08,0.02,26.34,2026-09-25T22:21:01+00:00
2026-09-25T17:21:03-05:00,2026-09-25T22:21:03+00:00,"Cliente MQTT explicito (paho, SAS manual)",DC-HUMO-08,0.02,26.49,2026-09-25T22:21:03+00:00
2026-09-25T17:21:03-05:00,2026-09-25T22:21:03+00:00,"Cliente MQTT explicito (paho, SAS manual)",DC-HUMO-08,0.021,26.46,2026-09-25T22:21:03+00:00
2026-09-25T17:21:04-05:00,2026-09-25T22:21:04+00:00,"Cliente MQTT explicito (paho, SAS manual)",DC-HUMO-08,0.021,26.81,2026-09-25T22:21:04+00:00
2026-09-25T17:21:06-05:00,2026-09-25T22:21:06+00:00,"Cliente MQTT explicito (paho, SAS manual)",DC-HUMO-08,0.02,26.22,2026-09-25T22:21:06+00:00
2026-09-25T17:21:06-05:00,2026-09-25T22:21:06+00:00,"Cliente MQTT explicito (paho, SAS manual)",DC-HUMO-08,0.02,26.41,2026-09-25T22:21:06+00:00
2026-09-25T17:21:08-05:00,2026-09-25T22:21:08+00:00,"Cliente MQTT explicito (paho, SAS manual)",DC-HUMO-08,0.02,26.3,2026-09-25T22:21:08+00:00
2026-09-25T17:21:08-05:00,2026-09-25T22:21:08+00:00,"Cliente MQTT explicito (paho, SAS manual)",DC-HUMO-08,0.02,26.87,2026-09-25T22:21:08+00:00
2026-09-25T17:21:46-05:00,2026-09-25T22:21:46+00:00,"Cliente MQTT explicito (paho, SAS manual)",DC-HUMO-08,0.019,26.17,2026-09-25T22:21:46+00:00
2026-09-25T17:21:48-05:00,2026-09-25T22:21:48+00:00,"Cliente MQTT explicito (paho, SAS manual)",DC-HUMO-08,0.017,26.14,2026-09-25T22:21:48+00:00
2026-09-25T17:21:49-05:00,2026-09-25T22:21:49+00:00,"Cliente MQTT explicito (paho, SAS manual)",DC-HUMO-08,0.02,26.9,2026-09-25T22:21:49+00:00
2026-09-25T17:21:49-05:00,2026-09-25T22:21:49+00:00,"Cliente MQTT explicito (paho, SAS manual)",DC-HUMO-08,0.02,26.41,2026-09-25T22:21:49+00:00
2026-09-25T17:21:52-05:00,2026-09-25T22:21:52+00:00,"Cliente MQTT explicito (paho, SAS manual)",DC-HUMO-08,0.017,26.34,2026-09-25T22:21:52+00:00
2026-09-25T17:21:52-05:00,2026-09-25T22:21:52+00:00,"Cliente MQTT explicito (paho, SAS manual)",DC-HUMO-08,0.018,26.7,2026-09-25T22:21:52+00:00
2026-09-25T17:21:53-05:00,2026-09-25T22:21:53+00:00,"Cliente MQTT explicito (paho, SAS manual)",DC-HUMO-08,0.019,26.2,2026-09-25T22:21:53+00:00
2026-09-25T17:21:54-05:00,2026-09-25T22:21:54+00:00,"Cliente MQTT explicito (paho, SAS manual)",DC-HUMO-08,0.019,26.24,2026-09-25T22:21:54+00:00
2026-09-25T17:22:31-05:00,2026-09-25T22:22:31+00:00,"Cliente MQTT explicito (paho, SAS manual)",DC-HUMO-08,0.019,26.24,2026-09-25T22:22:31+00:00
2026-09-25T17:22:34-05:00,2026-09-25T22:22:34+00:00,"Cliente MQTT explicito (paho, SAS manual)",DC-HUMO-08,0.018,26.67,2026-09-25T22:22:34+00:00
2026-09-25T17:22:35-05:00,2026-09-25T22:22:35+00:00,"Cliente MQTT explicito (paho, SAS manual)",DC-HUMO-08,0.02,26.33,2026-09-25T22:22:35+00:00
2026-09-25T17:22:35-05:00,2026-09-25T22:22:35+00:00,"Cliente MQTT explicito (paho, SAS manual)",DC-HUMO-08,0.019,26.25,2026-09-25T22:22:35+00:00
2026-09-25T17:22:38-05:00,2026-09-25T22:22:38+00:00,"Cliente MQTT explicito (paho, SAS manual)",DC-HUMO-08,0.018,26.73,2026-09-25T22:22:38+00:00
2026-09-25T17:22:38-05:00,2026-09-25T22:22:38+00:00,"Cliente MQTT explicito (paho, SAS manual)",DC-HUMO-08,0.021,26.13,2026-09-25T22:22:38+00:00
2026-09-25T17:22:39-05:00,2026-09-25T22:22:39+00:00,"Cliente MQTT explicito (paho, SAS manual)",DC-HUMO-08,0.017,26.68,2026-09-25T22:22:39+00:00
2026-09-25T17:22:39-05:00,2026-09-25T22:22:39+00:00,"Cliente MQTT explicito (paho, SAS manual)",DC-HUMO-08,0.02,26.65,2026-09-25T22:22:39+00:00
2026-09-25T17:23:16-05:00,2026-09-25T22:23:16+00:00,"Cliente MQTT explicito (paho, SAS manual)",DC-HUMO-08,0.021,26.75,2026-09-25T22:23:16+00:00
2026-09-25T17:23:19-05:00,2026-09-25T22:23:19+00:00,"Cliente MQTT explicito (paho, SAS manual)",DC-HUMO-08,0.018,26.38,2026-09-25T22:23:19+00:00
2026-09-25T17:23:20-05:00,2026-09-25T22:23:20+00:00,"Cliente MQTT explicito (paho, SAS manual)",DC-HUMO-08,0.019,26.76,2026-09-25T22:23:20+00:00
2026-09-25T17:23:21-05:00,2026-09-25T22:23:21+00:00,"Cliente MQTT explicito (paho, SAS manual)",DC-HUMO-08,0.018,26.43,2026-09-25T22:23:21+00:00
2026-09-25T17:23:23-05:00,2026-09-25T22:23:23+00:00,"Cliente MQTT explicito (paho, SAS manual)",DC-HUMO-08,0.019,26.8,2026-09-25T22:23:23+00:00
2026-09-25T17:23:23-05:00,2026-09-25T22:23:23+00:00,"Cliente MQTT explicito (paho, SAS manual)",DC-HUMO-08,0.019,26.32,2026-09-25T22:23:23+00:00
2026-09-25T17:23:24-05:00,2026-09-25T22:23:24+00:00,"Cliente MQTT explicito (paho, SAS manual)",DC-HUMO-08,0.018,26.28,2026-09-25T22:23:24+00:00
2026-09-25T17:23:24-05:00,2026-09-25T22:23:24+00:00,"Cliente MQTT explicito (paho, SAS manual)",DC-HUMO-08,0.02,26.79,2026-09-25T22:23:24+00:00
2026-09-25T17:24:01-05:00,2026-09-25T22:24:01+00:00,"Cliente MQTT explicito (paho, SAS manual)",DC-HUMO-08,0.018,26.61,2026-09-25T22:24:01+00:00
2026-09-25T17:24:05-05:00,2026-09-25T22:24:05+00:00,"Cliente MQTT explicito (paho, SAS manual)",DC-HUMO-08,0.02,26.15,2026-09-25T22:24:05+00:00
2026-09-25T17:24:06-05:00,2026-09-25T22:24:06+00:00,"Cliente MQTT explicito (paho, SAS manual)",DC-HUMO-08,0.018,26.57,2026-09-25T22:24:06+00:00
2026-09-25T17:24:07-05:00,2026-09-25T22:24:07+00:00,"Cliente MQTT explicito (paho, SAS manual)",DC-HUMO-08,0.019,26.88,2026-09-25T22:24:07+00:00
2026-09-25T17:24:08-05:00,2026-09-25T22:24:08+00:00,"Cliente MQTT explicito (paho, SAS manual)",DC-HUMO-08,0.017,26.29,2026-09-25T22:24:08+00:00
2026-09-25T17:24:09-05:00,2026-09-25T22:24:09+00:00,"Cliente MQTT explicito (paho, SAS manual)",DC-HUMO-08,0.018,26.33,2026-09-25T22:24:09+00:00
2026-09-25T17:24:10-05:00,2026-09-25T22:24:10+00:00,"Cliente MQTT explicito (paho, SAS manual)",DC-HUMO-08,0.02,26.15,2026-09-25T22:24:10+00:00
2026-09-25T17:24:10-05:00,2026-09-25T22:24:10+00:00,"Cliente MQTT explicito (paho, SAS manual)",DC-HUMO-08,0.02,26.8,2026-09-25T22:24:10+00:00
2026-09-25T17:24:46-05:00,2026-09-25T22:24:46+00:00,"Cliente MQTT explicito (paho, SAS manual)",DC-HUMO-08,0.017,26.78,2026-09-25T22:24:46+00:00
2026-09-25T17:24:50-05:00,2026-09-25T22:24:50+00:00,"Cliente MQTT explicito (paho, SAS manual)",DC-HUMO-08,0.02,26.2,2026-09-25T22:24:50+00:00
2026-09-25T17:24:51-05:00,2026-09-25T22:24:51+00:00,"Cliente MQTT explicito (paho, SAS manual)",DC-HUMO-08,0.019,26.75,2026-09-25T22:24:51+00:00
2026-09-25T17:24:52-05:00,2026-09-25T22:24:52+00:00,"Cliente MQTT explicito (paho, SAS manual)",DC-HUMO-08,0.02,26.58,2026-09-25T22:24:52+00:00
2026-09-25T17:24:54-05:00,2026-09-25T22:24:54+00:00,"Cliente MQTT explicito (paho, SAS manual)",DC-HUMO-08,0.02,26.19,2026-09-25T22:24:54+00:00
2026-09-25T17:24:54-05:00,2026-09-25T22:24:54+00:00,"Cliente MQTT explicito (paho, SAS manual)",DC-HUMO-08,0.02,26.63,2026-09-25T22:24:54+00:00
2026-09-25T17:24:56-05:00,2026-09-25T22:24:56+00:00,"Cliente MQTT explicito (paho, SAS manual)",DC-HUMO-08,0.019,26.48,2026-09-25T22:24:56+00:00
2026-09-25T17:24:56-05:00,2026-09-25T22:24:56+00:00,"Cliente MQTT explicito (paho, SAS manual)",DC-HUMO-08,0.018,26.33,2026-09-25T22:24:56+00:00
2026-09-25T17:25:32-05:00,2026-09-25T22:25:32+00:00,"Cliente MQTT explicito (paho, SAS manual)",DC-HUMO-08,0.018,26.14,2026-09-25T22:25:32+00:00
2026-09-25T17:25:36-05:00,2026-09-25T22:25:36+00:00,"Cliente MQTT explicito (paho, SAS manual)",DC-HUMO-08,0.019,26.17,2026-09-25T22:25:36+00:00
2026-09-25T17:25:36-05:00,2026-09-25T22:25:36+00:00,"Cliente MQTT explicito (paho, SAS manual)",DC-HUMO-08,0.02,26.43,2026-09-25T22:25:36+00:00
2026-09-25T17:25:37-05:00,2026-09-25T22:25:37+00:00,"Cliente MQTT explicito (paho, SAS manual)",DC-HUMO-08,0.017,26.88,2026-09-25T22:25:37+00:00
2026-09-25T17:25:39-05:00,2026-09-25T22:25:39+00:00,"Cliente MQTT explicito (paho, SAS manual)",DC-HUMO-08,0.019,26.12,2026-09-25T22:25:39+00:00
2026-09-25T17:25:39-05:00,2026-09-25T22:25:39+00:00,"Cliente MQTT explicito (paho, SAS manual)",DC-HUMO-08,0.019,26.41,2026-09-25T22:25:39+00:00
2026-09-25T17:25:41-05:00,2026-09-25T22:25:41+00:00,"Cliente MQTT explicito (paho, SAS manual)",DC-HUMO-08,0.019,26.71,2026-09-25T22:25:41+00:00
2026-09-25T17:25:41-05:00,2026-09-25T22:25:41+00:00,"Cliente MQTT explicito (paho, SAS manual)",DC-HUMO-08,0.019,26.87,2026-09-25T22:25:41+00:00
2026-09-25T17:26:17-05:00,2026-09-25T22:26:17+00:00,"Cliente MQTT explicito (paho, SAS manual)",DC-HUMO-08,0.018,26.41,2026-09-25T22:26:17+00:00
2026-09-25T17:26:21-05:00,2026-09-25T22:26:21+00:00,"Cliente MQTT explicito (paho, SAS manual)",DC-HUMO-08,0.018,26.52,2026-09-25T22:26:21+00:00
2026-09-25T17:26:21-05:00,2026-09-25T22:26:21+00:00,"Cliente MQTT explicito (paho, SAS manual)",DC-HUMO-08,0.02,26.21,2026-09-25T22:26:21+00:00
2026-09-25T17:26:23-05:00,2026-09-25T22:26:23+00:00,"Cliente MQTT explicito (paho, SAS manual)",DC-HUMO-08,0.021,26.57,2026-09-25T22:26:23+00:00
2026-09-25T17:26:24-05:00,2026-09-25T22:26:24+00:00,"Cliente MQTT explicito (paho, SAS manual)",DC-HUMO-08,0.02,26.72,2026-09-25T22:26:24+00:00
2026-09-25T17:26:25-05:00,2026-09-25T22:26:25+00:00,"Cliente MQTT explicito (paho, SAS manual)",DC-HUMO-08,0.02,26.77,2026-09-25T22:26:25+00:00
2026-09-25T17:26:26-05:00,2026-09-25T22:26:26+00:00,"Cliente MQTT explicito (paho, SAS manual)",DC-HUMO-08,0.019,26.66,2026-09-25T22:26:26+00:00
2026-09-25T17:26:26-05:00,2026-09-25T22:26:26+00:00,"Cliente MQTT explicito (paho, SAS manual)",DC-HUMO-08,0.019,26.21,2026-09-25T22:26:26+00:00
2026-09-25T17:27:02-05:00,2026-09-25T22:27:02+00:00,"Cliente MQTT explicito (paho, SAS manual)",DC-HUMO-08,0.021,26.29,2026-09-25T22:27:02+00:00
2026-09-25T17:27:07-05:00,2026-09-25T22:27:07+00:00,"Cliente MQTT explicito (paho, SAS manual)",DC-HUMO-08,0.017,26.53,2026-09-25T22:27:07+00:00
2026-09-25T17:27:07-05:00,2026-09-25T22:27:07+00:00,"Cliente MQTT explicito (paho, SAS manual)",DC-HUMO-08,0.021,26.43,2026-09-25T22:27:07+00:00
2026-09-25T17:27:08-05:00,2026-09-25T22:27:08+00:00,"Cliente MQTT explicito (paho, SAS manual)",DC-HUMO-08,0.02,26.67,2026-09-25T22:27:08+00:00
2026-09-25T17:27:10-05:00,2026-09-25T22:27:10+00:00,"Cliente MQTT explicito (paho, SAS manual)",DC-HUMO-08,0.019,26.9,2026-09-25T22:27:10+00:00
2026-09-25T17:27:10-05:00,2026-09-25T22:27:10+00:00,"Cliente MQTT explicito (paho, SAS manual)",DC-HUMO-08,0.02,26.13,2026-09-25T22:27:10+00:00
2026-09-25T17:27:11-05:00,2026-09-25T22:27:11+00:00,"Cliente MQTT explicito (paho, SAS manual)",DC-HUMO-08,0.017,26.65,2026-09-25T22:27:11+00:00
2026-09-25T17:27:11-05:00,2026-09-25T22:27:11+00:00,"Cliente MQTT explicito (paho, SAS manual)",DC-HUMO-08,0.02,26.34,2026-09-25T22:27:11+00:00
2026-09-25T17:27:48-05:00,2026-09-25T22:27:48+00:00,"Cliente MQTT explicito (paho, SAS manual)",DC-HUMO-08,0.02,26.41,2026-09-25T22:27:48+00:00
2026-09-25T17:27:52-05:00,2026-09-25T22:27:52+00:00,"Cliente MQTT explicito (paho, SAS manual)",DC-HUMO-08,0.018,26.14,2026-09-25T22:27:52+00:00
2026-09-25T17:27:52-05:00,2026-09-25T22:27:52+00:00,"Cliente MQTT explicito (paho, SAS manual)",DC-HUMO-08,0.018,26.83,2026-09-25T22:27:52+00:00
2026-09-25T17:27:53-05:00,2026-09-25T22:27:53+00:00,"Cliente MQTT explicito (paho, SAS manual)",DC-HUMO-08,0.019,26.87,2026-09-25T22:27:53+00:00
2026-09-25T17:27:55-05:00,2026-09-25T22:27:55+00:00,"Cliente MQTT explicito (paho, SAS manual)",DC-HUMO-08,0.02,26.24,2026-09-25T22:27:55+00:00
2026-09-25T17:27:56-05:00,2026-09-25T22:27:56+00:00,"Cliente MQTT explicito (paho, SAS manual)",DC-HUMO-08,0.019,26.27,2026-09-25T22:27:56+00:00
2026-09-25T17:27:56-05:00,2026-09-25T22:27:56+00:00,"Cliente MQTT explicito (paho, SAS manual)",DC-HUMO-08,0.018,26.55,2026-09-25T22:27:56+00:00
2026-09-25T17:27:57-05:00,2026-09-25T22:27:57+00:00,"Cliente MQTT explicito (paho, SAS manual)",DC-HUMO-08,0.02,26.67,2026-09-25T22:27:57+00:00
2026-09-25T17:28:34-05:00,2026-09-25T22:28:34+00:00,"Cliente MQTT explicito (paho, SAS manual)",DC-HUMO-08,0.017,26.1,2026-09-25T22:28:34+00:00
2026-09-25T17:28:37-05:00,2026-09-25T22:28:37+00:00,"Cliente MQTT explicito (paho, SAS manual)",DC-HUMO-08,0.02,26.38,2026-09-25T22:28:37+00:00
2026-09-25T17:28:37-05:00,2026-09-25T22:28:37+00:00,"Cliente MQTT explicito (paho, SAS manual)",DC-HUMO-08,0.019,26.61,2026-09-25T22:28:37+00:00
2026-09-25T17:28:39-05:00,2026-09-25T22:28:39+00:00,"Cliente MQTT explicito (paho, SAS manual)",DC-HUMO-08,0.019,26.78,2026-09-25T22:28:39+00:00
2026-09-25T17:28:40-05:00,2026-09-25T22:28:40+00:00,"Cliente MQTT explicito (paho, SAS manual)",DC-HUMO-08,0.02,26.61,2026-09-25T22:28:40+00:00
2026-09-25T17:28:41-05:00,2026-09-25T22:28:41+00:00,"Cliente MQTT explicito (paho, SAS manual)",DC-HUMO-08,0.018,26.29,2026-09-25T22:28:41+00:00
2026-09-25T17:28:42-05:00,2026-09-25T22:28:42+00:00,"Cliente MQTT explicito (paho, SAS manual)",DC-HUMO-08,0.02,26.6,2026-09-25T22:28:42+00:00
2026-09-25T17:28:42-05:00,2026-09-25T22:28:42+00:00,"Cliente MQTT explicito (paho, SAS manual)",DC-HUMO-08,0.019,26.53,2026-09-25T22:28:42+00:00
2026-09-25T17:29:19-05:00,2026-09-25T22:29:19+00:00,"Cliente MQTT explicito (paho, SAS manual)",DC-HUMO-08,0.018,26.36,2026-09-25T22:29:19+00:00
2026-09-25T17:29:22-05:00,2026-09-25T22:29:22+00:00,"Cliente MQTT explicito (paho, SAS manual)",DC-HUMO-08,0.018,26.83,2026-09-25T22:29:22+00:00
2026-09-25T17:29:23-05:00,2026-09-25T22:29:23+00:00,"Cliente MQTT explicito (paho, SAS manual)",DC-HUMO-08,0.018,26.4,2026-09-25T22:29:23+00:00
2026-09-25T17:29:24-05:00,2026-09-25T22:29:24+00:00,"Cliente MQTT explicito (paho, SAS manual)",DC-HUMO-08,0.02,26.65,2026-09-25T22:29:24+00:00
2026-09-25T17:29:26-05:00,2026-09-25T22:29:26+00:00,"Cliente MQTT explicito (paho, SAS manual)",DC-HUMO-08,0.02,26.45,2026-09-25T22:29:26+00:00
2026-09-25T17:29:26-05:00,2026-09-25T22:29:26+00:00,"Cliente MQTT explicito (paho, SAS manual)",DC-HUMO-08,0.018,26.41,2026-09-25T22:29:26+00:00
2026-09-25T17:29:27-05:00,2026-09-25T22:29:27+00:00,"Cliente MQTT explicito (paho, SAS manual)",DC-HUMO-08,0.02,26.56,2026-09-25T22:29:27+00:00
2026-09-25T17:29:28-05:00,2026-09-25T22:29:28+00:00,"Cliente MQTT explicito (paho, SAS manual)",DC-HUMO-08,0.018,26.42,2026-09-25T22:29:28+00:00
2026-09-25T17:30:04-05:00,2026-09-25T22:30:04+00:00,"Cliente MQTT explicito (paho, SAS manual)",DC-HUMO-08,0.018,26.8,2026-09-25T22:30:04+00:00
2026-09-25T17:30:08-05:00,2026-09-25T22:30:08+00:00,"Cliente MQTT explicito (paho, SAS manual)",DC-HUMO-08,0.019,26.53,2026-09-25T22:30:08+00:00
2026-09-25T17:30:08-05:00,2026-09-25T22:30:08+00:00,"Cliente MQTT explicito (paho, SAS manual)",DC-HUMO-08,0.019,26.8,2026-09-25T22:30:08+00:00
2026-09-25T17:30:10-05:00,2026-09-25T22:30:10+00:00,"Cliente MQTT explicito (paho, SAS manual)",DC-HUMO-08,0.02,26.26,2026-09-25T22:30:10+00:00
2026-09-25T17:30:11-05:00,2026-09-25T22:30:11+00:00,"Cliente MQTT explicito (paho, SAS manual)",DC-HUMO-08,0.018,26.31,2026-09-25T22:30:11+00:00
2026-09-25T17:30:12-05:00,2026-09-25T22:30:12+00:00,"Cliente MQTT explicito (paho, SAS manual)",DC-HUMO-08,0.021,26.82,2026-09-25T22:30:12+00:00
2026-09-25T17:30:12-05:00,2026-09-25T22:30:12+00:00,"Cliente MQTT explicito (paho, SAS manual)",DC-HUMO-08,0.021,26.37,2026-09-25T22:30:12+00:00
2026-09-25T17:30:13-05:00,2026-09-25T22:30:13+00:00,"Cliente MQTT explicito (paho, SAS manual)",DC-HUMO-08,0.017,26.24,2026-09-25T22:30:13+00:00
2026-09-25T17:30:49-05:00,2026-09-25T22:30:49+00:00,"Cliente MQTT explicito (paho, SAS manual)",DC-HUMO-08,0.018,26.56,2026-09-25T22:30:49+00:00
2026-09-25T17:30:54-05:00,2026-09-25T22:30:54+00:00,"Cliente MQTT explicito (paho, SAS manual)",DC-HUMO-08,0.018,26.4,2026-09-25T22:30:54+00:00
2026-09-25T17:30:54-05:00,2026-09-25T22:30:54+00:00,"Cliente MQTT explicito (paho, SAS manual)",DC-HUMO-08,0.018,26.35,2026-09-25T22:30:54+00:00
2026-09-25T17:30:56-05:00,2026-09-25T22:30:56+00:00,"Cliente MQTT explicito (paho, SAS manual)",DC-HUMO-08,0.018,26.49,2026-09-25T22:30:56+00:00
2026-09-25T17:30:57-05:00,2026-09-25T22:30:57+00:00,"Cliente MQTT explicito (paho, SAS manual)",DC-HUMO-08,0.017,26.32,2026-09-25T22:30:57+00:00
2026-09-25T17:30:58-05:00,2026-09-25T22:30:58+00:00,"Cliente MQTT explicito (paho, SAS manual)",DC-HUMO-08,0.018,26.83,2026-09-25T22:30:58+00:00
2026-09-25T17:30:58-05:00,2026-09-25T22:30:58+00:00,"Cliente MQTT explicito (paho, SAS manual)",DC-HUMO-08,0.018,26.87,2026-09-25T22:30:58+00:00
2026-09-25T17:30:59-05:00,2026-09-25T22:30:59+00:00,"Cliente MQTT explicito (paho, SAS manual)",DC-HUMO-08,0.018,26.59,2026-09-25T22:30:59+00:00
2026-09-25T17:31:35-05:00,2026-09-25T22:31:35+00:00,"Cliente MQTT explicito (paho, SAS manual)",DC-HUMO-08,0.02,26.72,2026-09-25T22:31:35+00:00
2026-09-25T17:31:39-05:00,2026-09-25T22:31:39+00:00,"Cliente MQTT explicito (paho, SAS manual)",DC-HUMO-08,0.02,26.63,2026-09-25T22:31:39+00:00
2026-09-25T17:31:39-05:00,2026-09-25T22:31:39+00:00,"Cliente MQTT explicito (paho, SAS manual)",DC-HUMO-08,0.018,26.8,2026-09-25T22:31:39+00:00
2026-09-25T17:31:41-05:00,2026-09-25T22:31:41+00:00,"Cliente MQTT explicito (paho, SAS manual)",DC-HUMO-08,0.02,26.78,2026-09-25T22:31:41+00:00
2026-09-25T17:31:43-05:00,2026-09-25T22:31:43+00:00,"Cliente MQTT explicito (paho, SAS manual)",DC-HUMO-08,0.019,26.61,2026-09-25T22:31:43+00:00
2026-09-25T17:31:43-05:00,2026-09-25T22:31:43+00:00,"Cliente MQTT explicito (paho, SAS manual)",DC-HUMO-08,0.018,26.61,2026-09-25T22:31:43+00:00
2026-09-25T17:31:43-05:00,2026-09-25T22:31:43+00:00,"Cliente MQTT explicito (paho, SAS manual)",DC-HUMO-08,0.018,26.14,2026-09-25T22:31:43+00:00
2026-09-25T17:31:44-05:00,2026-09-25T22:31:44+00:00,"Cliente MQTT explicito (paho, SAS manual)",DC-HUMO-08,0.019,26.6,2026-09-25T22:31:44+00:00
2026-09-25T17:32:21-05:00,2026-09-25T22:32:21+00:00,"Cliente MQTT explicito (paho, SAS manual)",DC-HUMO-08,0.018,26.81,2026-09-25T22:32:21+00:00
2026-09-25T17:32:24-05:00,2026-09-25T22:32:24+00:00,"Cliente MQTT explicito (paho, SAS manual)",DC-HUMO-08,0.019,26.25,2026-09-25T22:32:24+00:00
2026-09-25T17:32:24-05:00,2026-09-25T22:32:24+00:00,"Cliente MQTT explicito (paho, SAS manual)",DC-HUMO-08,0.017,26.08,2026-09-25T22:32:24+00:00
2026-09-25T17:32:27-05:00,2026-09-25T22:32:27+00:00,"Cliente MQTT explicito (paho, SAS manual)",DC-HUMO-08,0.018,26.51,2026-09-25T22:32:27+00:00
2026-09-25T17:32:28-05:00,2026-09-25T22:32:28+00:00,"Cliente MQTT explicito (paho, SAS manual)",DC-HUMO-08,0.02,26.57,2026-09-25T22:32:28+00:00
2026-09-25T17:32:28-05:00,2026-09-25T22:32:28+00:00,"Cliente MQTT explicito (paho, SAS manual)",DC-HUMO-08,0.018,26.18,2026-09-25T22:32:28+00:00
2026-09-25T17:32:29-05:00,2026-09-25T22:32:29+00:00,"Cliente MQTT explicito (paho, SAS manual)",DC-HUMO-08,0.018,26.84,2026-09-25T22:32:29+00:00
2026-09-25T17:32:30-05:00,2026-09-25T22:32:30+00:00,"Cliente MQTT explicito (paho, SAS manual)",DC-HUMO-08,0.017,26.11,2026-09-25T22:32:30+00:00
2026-09-25T17:33:07-05:00,2026-09-25T22:33:07+00:00,"Cliente MQTT explicito (paho, SAS manual)",DC-HUMO-08,0.018,26.16,2026-09-25T22:33:07+00:00
2026-09-25T17:33:09-05:00,2026-09-25T22:33:09+00:00,"Cliente MQTT explicito (paho, SAS manual)",DC-HUMO-08,0.019,26.75,2026-09-25T22:33:09+00:00
2026-09-25T17:33:09-05:00,2026-09-25T22:33:09+00:00,"Cliente MQTT explicito (paho, SAS manual)",DC-HUMO-08,0.017,26.59,2026-09-25T22:33:09+00:00
2026-09-25T17:33:12-05:00,2026-09-25T22:33:12+00:00,"Cliente MQTT explicito (paho, SAS manual)",DC-HUMO-08,0.02,26.33,2026-09-25T22:33:12+00:00
2026-09-25T17:33:13-05:00,2026-09-25T22:33:13+00:00,"Cliente MQTT explicito (paho, SAS manual)",DC-HUMO-08,0.02,26.64,2026-09-25T22:33:13+00:00
2026-09-25T17:33:14-05:00,2026-09-25T22:33:14+00:00,"Cliente MQTT explicito (paho, SAS manual)",DC-HUMO-08,0.019,26.42,2026-09-25T22:33:14+00:00
2026-09-25T17:33:14-05:00,2026-09-25T22:33:14+00:00,"Cliente MQTT explicito (paho, SAS manual)",DC-HUMO-08,0.02,26.24,2026-09-25T22:33:14+00:00
2026-09-25T17:33:15-05:00,2026-09-25T22:33:15+00:00,"Cliente MQTT explicito (paho, SAS manual)",DC-HUMO-08,0.02,26.46,2026-09-25T22:33:15+00:00
2026-09-25T17:33:52-05:00,2026-09-25T22:33:52+00:00,"Cliente MQTT explicito (paho, SAS manual)",DC-HUMO-08,0.02,26.69,2026-09-25T22:33:52+00:00
2026-09-25T17:33:55-05:00,2026-09-25T22:33:55+00:00,"Cliente MQTT explicito (paho, SAS manual)",DC-HUMO-08,0.018,26.54,2026-09-25T22:33:55+00:00
2026-09-25T17:33:55-05:00,2026-09-25T22:33:55+00:00,"Cliente MQTT explicito (paho, SAS manual)",DC-HUMO-08,0.019,26.68,2026-09-25T22:33:55+00:00
2026-09-25T17:33:57-05:00,2026-09-25T22:33:57+00:00,"Cliente MQTT explicito (paho, SAS manual)",DC-HUMO-08,0.02,26.75,2026-09-25T22:33:57+00:00
2026-09-25T17:33:59-05:00,2026-09-25T22:33:59+00:00,"Cliente MQTT explicito (paho, SAS manual)",DC-HUMO-08,0.018,26.06,2026-09-25T22:33:59+00:00
2026-09-25T17:33:59-05:00,2026-09-25T22:33:59+00:00,"Cliente MQTT explicito (paho, SAS manual)",DC-HUMO-08,0.019,26.8,2026-09-25T22:33:59+00:00
2026-09-25T17:34:00-05:00,2026-09-25T22:34:00+00:00,"Cliente MQTT explicito (paho, SAS manual)",DC-HUMO-08,0.021,26.75,2026-09-25T22:34:00+00:00
2026-09-25T17:34:01-05:00,2026-09-25T22:34:01+00:00,"Cliente MQTT explicito (paho, SAS manual)",DC-HUMO-08,0.019,26.3,2026-09-25T22:34:01+00:00
2026-09-25T17:34:37-05:00,2026-09-25T22:34:37+00:00,"Cliente MQTT explicito (paho, SAS manual)",DC-HUMO-08,0.019,26.26,2026-09-25T22:34:37+00:00
2026-09-25T17:34:40-05:00,2026-09-25T22:34:40+00:00,"Cliente MQTT explicito (paho, SAS manual)",DC-HUMO-08,0.02,26.31,2026-09-25T22:34:40+00:00
2026-09-25T17:34:40-05:00,2026-09-25T22:34:40+00:00,"Cliente MQTT explicito (paho, SAS manual)",DC-HUMO-08,0.02,26.28,2026-09-25T22:34:40+00:00
2026-09-25T17:34:42-05:00,2026-09-25T22:34:42+00:00,"Cliente MQTT explicito (paho, SAS manual)",DC-HUMO-08,0.019,26.26,2026-09-25T22:34:42+00:00
2026-09-25T17:34:44-05:00,2026-09-25T22:34:44+00:00,"Cliente MQTT explicito (paho, SAS manual)",DC-HUMO-08,0.019,26.7,2026-09-25T22:34:44+00:00
2026-09-25T17:34:44-05:00,2026-09-25T22:34:44+00:00,"Cliente MQTT explicito (paho, SAS manual)",DC-HUMO-08,0.019,26.31,2026-09-25T22:34:44+00:00
2026-09-25T17:34:45-05:00,2026-09-25T22:34:45+00:00,"Cliente MQTT explicito (paho, SAS manual)",DC-HUMO-08,0.018,26.09,2026-09-25T22:34:45+00:00
2026-09-25T17:34:46-05:00,2026-09-25T22:34:46+00:00,"Cliente MQTT explicito (paho, SAS manual)",DC-HUMO-08,0.02,26.21,2026-09-25T22:34:46+00:00
2026-09-25T17:35:22-05:00,2026-09-25T22:35:22+00:00,"Cliente MQTT explicito (paho, SAS manual)",DC-HUMO-08,0.019,26.82,2026-09-25T22:35:22+00:00
2026-09-25T17:35:26-05:00,2026-09-25T22:35:26+00:00,"Cliente MQTT explicito (paho, SAS manual)",DC-HUMO-08,0.019,26.05,2026-09-25T22:35:26+00:00
2026-09-25T17:35:26-05:00,2026-09-25T22:35:26+00:00,"Cliente MQTT explicito (paho, SAS manual)",DC-HUMO-08,0.018,26.18,2026-09-25T22:35:26+00:00
2026-09-25T17:35:27-05:00,2026-09-25T22:35:27+00:00,"Cliente MQTT explicito (paho, SAS manual)",DC-HUMO-08,0.02,26.2,2026-09-25T22:35:27+00:00
2026-09-25T17:35:30-05:00,2026-09-25T22:35:30+00:00,"Cliente MQTT explicito (paho, SAS manual)",DC-HUMO-08,0.021,26.08,2026-09-25T22:35:30+00:00
2026-09-25T17:35:30-05:00,2026-09-25T22:35:30+00:00,"Cliente MQTT explicito (paho, SAS manual)",DC-HUMO-08,0.02,26.18,2026-09-25T22:35:30+00:00
2026-09-25T17:35:30-05:00,2026-09-25T22:35:30+00:00,"Cliente MQTT explicito (paho, SAS manual)",DC-HUMO-08,0.017,26.44,2026-09-25T22:35:30+00:00
2026-09-25T17:35:31-05:00,2026-09-25T22:35:31+00:00,"Cliente MQTT explicito (paho, SAS manual)",DC-HUMO-08,0.02,26.57,2026-09-25T22:35:31+00:00
2026-09-25T17:36:08-05:00,2026-09-25T22:36:08+00:00,"Cliente MQTT explicito (paho, SAS manual)",DC-HUMO-08,0.02,26.47,2026-09-25T22:36:08+00:00
2026-09-25T17:36:11-05:00,2026-09-25T22:36:11+00:00,"Cliente MQTT explicito (paho, SAS manual)",DC-HUMO-08,0.02,26.49,2026-09-25T22:36:11+00:00
2026-09-25T17:36:12-05:00,2026-09-25T22:36:12+00:00,"Cliente MQTT explicito (paho, SAS manual)",DC-HUMO-08,0.019,26.09,2026-09-25T22:36:12+00:00
2026-09-25T17:36:13-05:00,2026-09-25T22:36:13+00:00,"Cliente MQTT explicito (paho, SAS manual)",DC-HUMO-08,0.021,26.37,2026-09-25T22:36:13+00:00
2026-09-25T17:36:15-05:00,2026-09-25T22:36:15+00:00,"Cliente MQTT explicito (paho, SAS manual)",DC-HUMO-08,0.019,26.11,2026-09-25T22:36:15+00:00
2026-09-25T17:36:15-05:00,2026-09-25T22:36:15+00:00,"Cliente MQTT explicito (paho, SAS manual)",DC-HUMO-08,0.019,26.33,2026-09-25T22:36:15+00:00
2026-09-25T17:36:16-05:00,2026-09-25T22:36:16+00:00,"Cliente MQTT explicito (paho, SAS manual)",DC-HUMO-08,0.017,26.34,2026-09-25T22:36:16+00:00
2026-09-25T17:36:16-05:00,2026-09-25T22:36:16+00:00,"Cliente MQTT explicito (paho, SAS manual)",DC-HUMO-08,0.019,26.33,2026-09-25T22:36:16+00:00
2026-09-25T17:36:53-05:00,2026-09-25T22:36:53+00:00,"Cliente MQTT explicito (paho, SAS manual)",DC-HUMO-08,0.018,26.16,2026-09-25T22:36:53+00:00
2026-09-25T17:36:57-05:00,2026-09-25T22:36:57+00:00,"Cliente MQTT explicito (paho, SAS manual)",DC-HUMO-08,0.02,26.55,2026-09-25T22:36:57+00:00
2026-09-25T17:36:57-05:00,2026-09-25T22:36:57+00:00,"Cliente MQTT explicito (paho, SAS manual)",DC-HUMO-08,0.02,26.21,2026-09-25T22:36:57+00:00
2026-09-25T17:36:59-05:00,2026-09-25T22:36:59+00:00,"Cliente MQTT explicito (paho, SAS manual)",DC-HUMO-08,0.019,26.51,2026-09-25T22:36:59+00:00
2026-09-25T17:37:01-05:00,2026-09-25T22:37:01+00:00,"Cliente MQTT explicito (paho, SAS manual)",DC-HUMO-08,0.018,26.2,2026-09-25T22:37:01+00:00
2026-09-25T17:37:01-05:00,2026-09-25T22:37:01+00:00,"Cliente MQTT explicito (paho, SAS manual)",DC-HUMO-08,0.021,26.18,2026-09-25T22:37:01+00:00
2026-09-25T17:37:01-05:00,2026-09-25T22:37:01+00:00,"Cliente MQTT explicito (paho, SAS manual)",DC-HUMO-08,0.02,26.4,2026-09-25T22:37:01+00:00
2026-09-25T17:37:02-05:00,2026-09-25T22:37:02+00:00,"Cliente MQTT explicito (paho, SAS manual)",DC-HUMO-08,0.017,26.04,2026-09-25T22:37:02+00:00
2026-09-25T17:37:38-05:00,2026-09-25T22:37:38+00:00,"Cliente MQTT explicito (paho, SAS manual)",DC-HUMO-08,0.018,26.28,2026-09-25T22:37:38+00:00
2026-09-25T17:37:42-05:00,2026-09-25T22:37:42+00:00,"Cliente MQTT explicito (paho, SAS manual)",DC-HUMO-08,0.021,26.38,2026-09-25T22:37:42+00:00
2026-09-25T17:37:42-05:00,2026-09-25T22:37:42+00:00,"Cliente MQTT explicito (paho, SAS manual)",DC-HUMO-08,0.019,26.78,2026-09-25T22:37:42+00:00
2026-09-25T17:37:44-05:00,2026-09-25T22:37:44+00:00,"Cliente MQTT explicito (paho, SAS manual)",DC-HUMO-08,0.018,26.15,2026-09-25T22:37:44+00:00
2026-09-25T17:37:46-05:00,2026-09-25T22:37:46+00:00,"Cliente MQTT explicito (paho, SAS manual)",DC-HUMO-08,0.021,26.19,2026-09-25T22:37:46+00:00
2026-09-25T17:37:46-05:00,2026-09-25T22:37:46+00:00,"Cliente MQTT explicito (paho, SAS manual)",DC-HUMO-08,0.018,26.7,2026-09-25T22:37:46+00:00
2026-09-25T17:37:47-05:00,2026-09-25T22:37:47+00:00,"Cliente MQTT explicito (paho, SAS manual)",DC-HUMO-08,0.018,26.31,2026-09-25T22:37:47+00:00
2026-09-25T17:37:47-05:00,2026-09-25T22:37:47+00:00,"Cliente MQTT explicito (paho, SAS manual)",DC-HUMO-08,0.02,26.6,2026-09-25T22:37:47+00:00
2026-09-25T17:38:24-05:00,2026-09-25T22:38:24+00:00,"Cliente MQTT explicito (paho, SAS manual)",DC-HUMO-08,0.02,26.1,2026-09-25T22:38:24+00:00
2026-09-25T17:38:27-05:00,2026-09-25T22:38:27+00:00,"Cliente MQTT explicito (paho, SAS manual)",DC-HUMO-08,0.02,26.03,2026-09-25T22:38:27+00:00
2026-09-25T17:38:28-05:00,2026-09-25T22:38:28+00:00,"Cliente MQTT explicito (paho, SAS manual)",DC-HUMO-08,0.018,26.73,2026-09-25T22:38:28+00:00
2026-09-25T17:38:29-05:00,2026-09-25T22:38:29+00:00,"Cliente MQTT explicito (paho, SAS manual)",DC-HUMO-08,0.019,26.27,2026-09-25T22:38:29+00:00
2026-09-25T17:38:31-05:00,2026-09-25T22:38:31+00:00,"Cliente MQTT explicito (paho, SAS manual)",DC-HUMO-08,0.018,26.56,2026-09-25T22:38:31+00:00
2026-09-25T17:38:32-05:00,2026-09-25T22:38:32+00:00,"Cliente MQTT explicito (paho, SAS manual)",DC-HUMO-08,0.021,26.67,2026-09-25T22:38:32+00:00
2026-09-25T17:38:32-05:00,2026-09-25T22:38:32+00:00,"Cliente MQTT explicito (paho, SAS manual)",DC-HUMO-08,0.02,26.08,2026-09-25T22:38:32+00:00
2026-09-25T17:38:32-05:00,2026-09-25T22:38:32+00:00,"Cliente MQTT explicito (paho, SAS manual)",DC-HUMO-08,0.019,26.27,2026-09-25T22:38:32+00:00
2026-09-25T17:39:09-05:00,2026-09-25T22:39:09+00:00,"Cliente MQTT explicito (paho, SAS manual)",DC-HUMO-08,0.018,26.35,2026-09-25T22:39:09+00:00
2026-09-25T17:39:13-05:00,2026-09-25T22:39:13+00:00,"Cliente MQTT explicito (paho, SAS manual)",DC-HUMO-08,0.017,26.37,2026-09-25T22:39:13+00:00
2026-09-25T17:39:14-05:00,2026-09-25T22:39:14+00:00,"Cliente MQTT explicito (paho, SAS manual)",DC-HUMO-08,0.02,26.34,2026-09-25T22:39:14+00:00
2026-09-25T17:39:14-05:00,2026-09-25T22:39:14+00:00,"Cliente MQTT explicito (paho, SAS manual)",DC-HUMO-08,0.02,26.19,2026-09-25T22:39:14+00:00
2026-09-25T17:39:17-05:00,2026-09-25T22:39:17+00:00,"Cliente MQTT explicito (paho, SAS manual)",DC-HUMO-08,0.017,26.29,2026-09-25T22:39:17+00:00
2026-09-25T17:39:17-05:00,2026-09-25T22:39:17+00:00,"Cliente MQTT explicito (paho, SAS manual)",DC-HUMO-08,0.018,26.07,2026-09-25T22:39:17+00:00
2026-09-25T17:39:18-05:00,2026-09-25T22:39:18+00:00,"Cliente MQTT explicito (paho, SAS manual)",DC-HUMO-08,0.019,26.46,2026-09-25T22:39:18+00:00
2026-09-25T17:39:18-05:00,2026-09-25T22:39:18+00:00,"Cliente MQTT explicito (paho, SAS manual)",DC-HUMO-08,0.021,26.69,2026-09-25T22:39:18+00:00
2026-09-25T17:39:54-05:00,2026-09-25T22:39:54+00:00,"Cliente MQTT explicito (paho, SAS manual)",DC-HUMO-08,0.02,26.55,2026-09-25T22:39:54+00:00
2026-09-25T17:39:58-05:00,2026-09-25T22:39:58+00:00,"Cliente MQTT explicito (paho, SAS manual)",DC-HUMO-08,0.02,26.77,2026-09-25T22:39:58+00:00
2026-09-25T17:39:59-05:00,2026-09-25T22:39:59+00:00,"Cliente MQTT explicito (paho, SAS manual)",DC-HUMO-08,0.019,26.58,2026-09-25T22:39:59+00:00
2026-09-25T17:40:00-05:00,2026-09-25T22:40:00+00:00,"Cliente MQTT explicito (paho, SAS manual)",DC-HUMO-08,0.018,26.19,2026-09-25T22:40:00+00:00
2026-09-25T17:40:02-05:00,2026-09-25T22:40:02+00:00,"Cliente MQTT explicito (paho, SAS manual)",DC-HUMO-08,0.02,26.79,2026-09-25T22:40:02+00:00
2026-09-25T17:40:02-05:00,2026-09-25T22:40:02+00:00,"Cliente MQTT explicito (paho, SAS manual)",DC-HUMO-08,0.02,26.05,2026-09-25T22:40:02+00:00
2026-09-25T17:40:04-05:00,2026-09-25T22:40:04+00:00,"Cliente MQTT explicito (paho, SAS manual)",DC-HUMO-08,0.017,26.36,2026-09-25T22:40:04+00:00
2026-09-25T17:40:04-05:00,2026-09-25T22:40:04+00:00,"Cliente MQTT explicito (paho, SAS manual)",DC-HUMO-08,0.018,26.31,2026-09-25T22:40:04+00:00
2026-09-25T17:40:39-05:00,2026-09-25T22:40:39+00:00,"Cliente MQTT explicito (paho, SAS manual)",DC-HUMO-08,0.02,26.55,2026-09-25T22:40:39+00:00
2026-09-25T17:40:43-05:00,2026-09-25T22:40:43+00:00,"Cliente MQTT explicito (paho, SAS manual)",DC-HUMO-08,0.021,26.65,2026-09-25T22:40:43+00:00
2026-09-25T17:40:44-05:00,2026-09-25T22:40:44+00:00,"Cliente MQTT explicito (paho, SAS manual)",DC-HUMO-08,0.019,26.72,2026-09-25T22:40:44+00:00
2026-09-25T17:40:46-05:00,2026-09-25T22:40:46+00:00,"Cliente MQTT explicito (paho, SAS manual)",DC-HUMO-08,0.02,26.72,2026-09-25T22:40:46+00:00
2026-09-25T17:40:47-05:00,2026-09-25T22:40:47+00:00,"Cliente MQTT explicito (paho, SAS manual)",DC-HUMO-08,0.019,26.07,2026-09-25T22:40:47+00:00
2026-09-25T17:40:48-05:00,2026-09-25T22:40:48+00:00,"Cliente MQTT explicito (paho, SAS manual)",DC-HUMO-08,0.02,26.65,2026-09-25T22:40:48+00:00
2026-09-25T17:40:49-05:00,2026-09-25T22:40:49+00:00,"Cliente MQTT explicito (paho, SAS manual)",DC-HUMO-08,0.02,26.67,2026-09-25T22:40:49+00:00
2026-09-25T17:40:50-05:00,2026-09-25T22:40:50+00:00,"Cliente MQTT explicito (paho, SAS manual)",DC-HUMO-08,0.017,26.81,2026-09-25T22:40:50+00:00
2026-09-25T17:41:25-05:00,2026-09-25T22:41:25+00:00,"Cliente MQTT explicito (paho, SAS manual)",DC-HUMO-08,0.021,26.45,2026-09-25T22:41:25+00:00
2026-09-25T17:41:29-05:00,2026-09-25T22:41:29+00:00,"Cliente MQTT explicito (paho, SAS manual)",DC-HUMO-08,0.02,26.17,2026-09-25T22:41:29+00:00
2026-09-25T17:41:30-05:00,2026-09-25T22:41:30+00:00,"Cliente MQTT explicito (paho, SAS manual)",DC-HUMO-08,0.018,26.2,2026-09-25T22:41:30+00:00
2026-09-25T17:41:31-05:00,2026-09-25T22:41:31+00:00,"Cliente MQTT explicito (paho, SAS manual)",DC-HUMO-08,0.019,26.64,2026-09-25T22:41:31+00:00
2026-09-25T17:41:32-05:00,2026-09-25T22:41:32+00:00,"Cliente MQTT explicito (paho, SAS manual)",DC-HUMO-08,0.02,26.08,2026-09-25T22:41:32+00:00
2026-09-25T17:41:34-05:00,2026-09-25T22:41:34+00:00,"Cliente MQTT explicito (paho, SAS manual)",DC-HUMO-08,0.018,26.75,2026-09-25T22:41:34+00:00
2026-09-25T17:41:34-05:00,2026-09-25T22:41:34+00:00,"Cliente MQTT explicito (paho, SAS manual)",DC-HUMO-08,0.017,26.12,2026-09-25T22:41:34+00:00
2026-09-25T17:41:35-05:00,2026-09-25T22:41:35+00:00,"Cliente MQTT explicito (paho, SAS manual)",DC-HUMO-08,0.017,26.11,2026-09-25T22:41:35+00:00
2026-09-25T17:42:10-05:00,2026-09-25T22:42:10+00:00,"Cliente MQTT explicito (paho, SAS manual)",DC-HUMO-08,0.017,26.52,2026-09-25T22:42:10+00:00
2026-09-25T17:42:15-05:00,2026-09-25T22:42:15+00:00,"Cliente MQTT explicito (paho, SAS manual)",DC-HUMO-08,0.019,26.64,2026-09-25T22:42:15+00:00
2026-09-25T17:42:16-05:00,2026-09-25T22:42:16+00:00,"Cliente MQTT explicito (paho, SAS manual)",DC-HUMO-08,0.018,26.07,2026-09-25T22:42:16+00:00
2026-09-25T17:42:16-05:00,2026-09-25T22:42:16+00:00,"Cliente MQTT explicito (paho, SAS manual)",DC-HUMO-08,0.02,26.68,2026-09-25T22:42:16+00:00
2026-09-25T17:42:18-05:00,2026-09-25T22:42:18+00:00,"Cliente MQTT explicito (paho, SAS manual)",DC-HUMO-08,0.021,26.77,2026-09-25T22:42:18+00:00
2026-09-25T17:42:20-05:00,2026-09-25T22:42:20+00:00,"Cliente MQTT explicito (paho, SAS manual)",DC-HUMO-08,0.021,26.79,2026-09-25T22:42:20+00:00
2026-09-25T17:42:20-05:00,2026-09-25T22:42:20+00:00,"Cliente MQTT explicito (paho, SAS manual)",DC-HUMO-08,0.02,26.02,2026-09-25T22:42:20+00:00
2026-09-25T17:42:20-05:00,2026-09-25T22:42:20+00:00,"Cliente MQTT explicito (paho, SAS manual)",DC-HUMO-08,0.021,26.43,2026-09-25T22:42:20+00:00
2026-09-25T17:42:56-05:00,2026-09-25T22:42:56+00:00,"Cliente MQTT explicito (paho, SAS manual)",DC-HUMO-08,0.018,26.03,2026-09-25T22:42:56+00:00
2026-09-25T17:43:00-05:00,2026-09-25T22:43:00+00:00,"Cliente MQTT explicito (paho, SAS manual)",DC-HUMO-08,0.02,26.47,2026-09-25T22:43:00+00:00
2026-09-25T17:43:01-05:00,2026-09-25T22:43:01+00:00,"Cliente MQTT explicito (paho, SAS manual)",DC-HUMO-08,0.019,26.12,2026-09-25T22:43:01+00:00
2026-09-25T17:43:02-05:00,2026-09-25T22:43:02+00:00,"Cliente MQTT explicito (paho, SAS manual)",DC-HUMO-08,0.018,26.3,2026-09-25T22:43:02+00:00
2026-09-25T17:43:03-05:00,2026-09-25T22:43:03+00:00,"Cliente MQTT explicito (paho, SAS manual)",DC-HUMO-08,0.018,26.35,2026-09-25T22:43:03+00:00
2026-09-25T17:43:05-05:00,2026-09-25T22:43:05+00:00,"Cliente MQTT explicito (paho, SAS manual)",DC-HUMO-08,0.017,26.55,2026-09-25T22:43:05+00:00
2026-09-25T17:43:05-05:00,2026-09-25T22:43:05+00:00,"Cliente MQTT explicito (paho, SAS manual)",DC-HUMO-08,0.021,26.35,2026-09-25T22:43:05+00:00
2026-09-25T17:43:06-05:00,2026-09-25T22:43:06+00:00,"Cliente MQTT explicito (paho, SAS manual)",DC-HUMO-08,0.018,26.12,2026-09-25T22:43:06+00:00
2026-09-25T17:43:42-05:00,2026-09-25T22:43:42+00:00,"Cliente MQTT explicito (paho, SAS manual)",DC-HUMO-08,0.019,26.6,2026-09-25T22:43:42+00:00
2026-09-25T17:43:46-05:00,2026-09-25T22:43:46+00:00,"Cliente MQTT explicito (paho, SAS manual)",DC-HUMO-08,0.019,26.11,2026-09-25T22:43:46+00:00
2026-09-25T17:43:46-05:00,2026-09-25T22:43:46+00:00,"Cliente MQTT explicito (paho, SAS manual)",DC-HUMO-08,0.019,26.22,2026-09-25T22:43:46+00:00
2026-09-25T17:43:47-05:00,2026-09-25T22:43:47+00:00,"Cliente MQTT explicito (paho, SAS manual)",DC-HUMO-08,0.02,26.47,2026-09-25T22:43:47+00:00
2026-09-25T17:43:49-05:00,2026-09-25T22:43:49+00:00,"Cliente MQTT explicito (paho, SAS manual)",DC-HUMO-08,0.021,26.28,2026-09-25T22:43:49+00:00
2026-09-25T17:43:50-05:00,2026-09-25T22:43:50+00:00,"Cliente MQTT explicito (paho, SAS manual)",DC-HUMO-08,0.019,26.42,2026-09-25T22:43:50+00:00
2026-09-25T17:43:50-05:00,2026-09-25T22:43:50+00:00,"Cliente MQTT explicito (paho, SAS manual)",DC-HUMO-08,0.02,26.63,2026-09-25T22:43:50+00:00
2026-09-25T17:43:51-05:00,2026-09-25T22:43:51+00:00,"Cliente MQTT explicito (paho, SAS manual)",DC-HUMO-08,0.018,26.27,2026-09-25T22:43:51+00:00
2026-09-25T17:44:27-05:00,2026-09-25T22:44:27+00:00,"Cliente MQTT explicito (paho, SAS manual)",DC-HUMO-08,0.02,26.59,2026-09-25T22:44:27+00:00
2026-09-25T17:44:31-05:00,2026-09-25T22:44:31+00:00,"Cliente MQTT explicito (paho, SAS manual)",DC-HUMO-08,0.02,26.14,2026-09-25T22:44:31+00:00
2026-09-25T17:44:32-05:00,2026-09-25T22:44:32+00:00,"Cliente MQTT explicito (paho, SAS manual)",DC-HUMO-08,0.019,26.07,2026-09-25T22:44:32+00:00
2026-09-25T17:44:32-05:00,2026-09-25T22:44:32+00:00,"Cliente MQTT explicito (paho, SAS manual)",DC-HUMO-08,0.017,26.27,2026-09-25T22:44:32+00:00
2026-09-25T17:44:34-05:00,2026-09-25T22:44:34+00:00,"Cliente MQTT explicito (paho, SAS manual)",DC-HUMO-08,0.017,26.26,2026-09-25T22:44:34+00:00
2026-09-25T17:44:35-05:00,2026-09-25T22:44:35+00:00,"Cliente MQTT explicito (paho, SAS manual)",DC-HUMO-08,0.019,26.76,2026-09-25T22:44:35+00:00
2026-09-25T17:44:36-05:00,2026-09-25T22:44:36+00:00,"Cliente MQTT explicito (paho, SAS manual)",DC-HUMO-08,0.021,26.07,2026-09-25T22:44:36+00:00
2026-09-25T17:44:37-05:00,2026-09-25T22:44:37+00:00,"Cliente MQTT explicito (paho, SAS manual)",DC-HUMO-08,0.018,26.31,2026-09-25T22:44:37+00:00
2026-09-25T17:45:13-05:00,2026-09-25T22:45:13+00:00,"Cliente MQTT explicito (paho, SAS manual)",DC-HUMO-08,0.018,26.68,2026-09-25T22:45:13+00:00
2026-09-25T17:45:17-05:00,2026-09-25T22:45:17+00:00,"Cliente MQTT explicito (paho, SAS manual)",DC-HUMO-08,0.02,25.99,2026-09-25T22:45:17+00:00
2026-09-25T17:45:17-05:00,2026-09-25T22:45:17+00:00,"Cliente MQTT explicito (paho, SAS manual)",DC-HUMO-08,0.019,26.78,2026-09-25T22:45:17+00:00
2026-09-25T17:45:17-05:00,2026-09-25T22:45:17+00:00,"Cliente MQTT explicito (paho, SAS manual)",DC-HUMO-08,0.019,26.36,2026-09-25T22:45:17+00:00
2026-09-25T17:45:19-05:00,2026-09-25T22:45:19+00:00,"Cliente MQTT explicito (paho, SAS manual)",DC-HUMO-08,0.021,26.73,2026-09-25T22:45:19+00:00
2026-09-25T17:45:20-05:00,2026-09-25T22:45:20+00:00,"Cliente MQTT explicito (paho, SAS manual)",DC-HUMO-08,0.019,26.2,2026-09-25T22:45:20+00:00
2026-09-25T17:45:21-05:00,2026-09-25T22:45:21+00:00,"Cliente MQTT explicito (paho, SAS manual)",DC-HUMO-08,0.02,26.06,2026-09-25T22:45:21+00:00
2026-09-25T17:45:23-05:00,2026-09-25T22:45:23+00:00,"Cliente MQTT explicito (paho, SAS manual)",DC-HUMO-08,0.018,26.74,2026-09-25T22:45:23+00:00
2026-09-25T17:45:58-05:00,2026-09-25T22:45:58+00:00,"Cliente MQTT explicito (paho, SAS manual)",DC-HUMO-08,0.019,26.38,2026-09-25T22:45:58+00:00
2026-09-25T17:46:02-05:00,2026-09-25T22:46:02+00:00,"Cliente MQTT explicito (paho, SAS manual)",DC-HUMO-08,0.019,26.44,2026-09-25T22:46:02+00:00
2026-09-25T17:46:02-05:00,2026-09-25T22:46:02+00:00,"Cliente MQTT explicito (paho, SAS manual)",DC-HUMO-08,0.02,26.22,2026-09-25T22:46:02+00:00
2026-09-25T17:46:03-05:00,2026-09-25T22:46:03+00:00,"Cliente MQTT explicito (paho, SAS manual)",DC-HUMO-08,0.021,26.02,2026-09-25T22:46:03+00:00
2026-09-25T17:46:05-05:00,2026-09-25T22:46:05+00:00,"Cliente MQTT explicito (paho, SAS manual)",DC-HUMO-08,0.019,26.64,2026-09-25T22:46:05+00:00
2026-09-25T17:46:06-05:00,2026-09-25T22:46:06+00:00,"Cliente MQTT explicito (paho, SAS manual)",DC-HUMO-08,0.021,26.44,2026-09-25T22:46:06+00:00
2026-09-25T17:46:07-05:00,2026-09-25T22:46:07+00:00,"Cliente MQTT explicito (paho, SAS manual)",DC-HUMO-08,0.021,26.46,2026-09-25T22:46:07+00:00
2026-09-25T17:46:08-05:00,2026-09-25T22:46:08+00:00,"Cliente MQTT explicito (paho, SAS manual)",DC-HUMO-08,0.018,26.67,2026-09-25T22:46:08+00:00
2026-09-25T17:46:44-05:00,2026-09-25T22:46:44+00:00,"Cliente MQTT explicito (paho, SAS manual)",DC-HUMO-08,0.018,26.22,2026-09-25T22:46:44+00:00
2026-09-25T17:46:47-05:00,2026-09-25T22:46:47+00:00,"Cliente MQTT explicito (paho, SAS manual)",DC-HUMO-08,0.017,26.44,2026-09-25T22:46:47+00:00
2026-09-25T17:46:47-05:00,2026-09-25T22:46:47+00:00,"Cliente MQTT explicito (paho, SAS manual)",DC-HUMO-08,0.017,26.35,2026-09-25T22:46:47+00:00
2026-09-25T17:46:48-05:00,2026-09-25T22:46:48+00:00,"Cliente MQTT explicito (paho, SAS manual)",DC-HUMO-08,0.017,26.75,2026-09-25T22:46:48+00:00
2026-09-25T17:46:50-05:00,2026-09-25T22:46:50+00:00,"Cliente MQTT explicito (paho, SAS manual)",DC-HUMO-08,0.019,26.34,2026-09-25T22:46:50+00:00
2026-09-25T17:46:51-05:00,2026-09-25T22:46:51+00:00,"Cliente MQTT explicito (paho, SAS manual)",DC-HUMO-08,0.021,26.37,2026-09-25T22:46:51+00:00
2026-09-25T17:46:52-05:00,2026-09-25T22:46:52+00:00,"Cliente MQTT explicito (paho, SAS manual)",DC-HUMO-08,0.021,26.25,2026-09-25T22:46:52+00:00
2026-09-25T17:46:53-05:00,2026-09-25T22:46:53+00:00,"Cliente MQTT explicito (paho, SAS manual)",DC-HUMO-08,0.018,26.71,2026-09-25T22:46:53+00:00
2026-09-25T17:47:29-05:00,2026-09-25T22:47:29+00:00,"Cliente MQTT explicito (paho, SAS manual)",DC-HUMO-08,0.019,26.18,2026-09-25T22:47:29+00:00
2026-09-25T17:47:32-05:00,2026-09-25T22:47:32+00:00,"Cliente MQTT explicito (paho, SAS manual)",DC-HUMO-08,0.02,26.32,2026-09-25T22:47:32+00:00
2026-09-25T17:47:33-05:00,2026-09-25T22:47:33+00:00,"Cliente MQTT explicito (paho, SAS manual)",DC-HUMO-08,0.019,26.68,2026-09-25T22:47:33+00:00
2026-09-25T17:47:34-05:00,2026-09-25T22:47:34+00:00,"Cliente MQTT explicito (paho, SAS manual)",DC-HUMO-08,0.021,26.55,2026-09-25T22:47:34+00:00
2026-09-25T17:47:36-05:00,2026-09-25T22:47:36+00:00,"Cliente MQTT explicito (paho, SAS manual)",DC-HUMO-08,0.021,26.63,2026-09-25T22:47:36+00:00
2026-09-25T17:47:36-05:00,2026-09-25T22:47:36+00:00,"Cliente MQTT explicito (paho, SAS manual)",DC-HUMO-08,0.02,26.43,2026-09-25T22:47:36+00:00
2026-09-25T17:47:38-05:00,2026-09-25T22:47:38+00:00,"Cliente MQTT explicito (paho, SAS manual)",DC-HUMO-08,0.02,26.55,2026-09-25T22:47:38+00:00
2026-09-25T17:47:39-05:00,2026-09-25T22:47:39+00:00,"Cliente MQTT explicito (paho, SAS manual)",DC-HUMO-08,0.019,26.06,2026-09-25T22:47:39+00:00
2026-09-25T17:48:15-05:00,2026-09-25T22:48:15+00:00,"Cliente MQTT explicito (paho, SAS manual)",DC-HUMO-08,0.019,26.47,2026-09-25T22:48:15+00:00
2026-09-25T17:48:17-05:00,2026-09-25T22:48:17+00:00,"Cliente MQTT explicito (paho, SAS manual)",DC-HUMO-08,0.018,26.46,2026-09-25T22:48:17+00:00
2026-09-25T17:48:18-05:00,2026-09-25T22:48:18+00:00,"Cliente MQTT explicito (paho, SAS manual)",DC-HUMO-08,0.021,26.63,2026-09-25T22:48:18+00:00
2026-09-25T17:48:19-05:00,2026-09-25T22:48:19+00:00,"Cliente MQTT explicito (paho, SAS manual)",DC-HUMO-08,0.017,26.39,2026-09-25T22:48:19+00:00
2026-09-25T17:48:21-05:00,2026-09-25T22:48:21+00:00,"Cliente MQTT explicito (paho, SAS manual)",DC-HUMO-08,0.019,26.6,2026-09-25T22:48:21+00:00
2026-09-25T17:48:21-05:00,2026-09-25T22:48:21+00:00,"Cliente MQTT explicito (paho, SAS manual)",DC-HUMO-08,0.018,26.04,2026-09-25T22:48:21+00:00
2026-09-25T17:48:23-05:00,2026-09-25T22:48:23+00:00,"Cliente MQTT explicito (paho, SAS manual)",DC-HUMO-08,0.02,26.14,2026-09-25T22:48:23+00:00
2026-09-25T17:48:24-05:00,2026-09-25T22:48:24+00:00,"Cliente MQTT explicito (paho, SAS manual)",DC-HUMO-08,0.017,26.61,2026-09-25T22:48:24+00:00
2026-09-25T17:49:00-05:00,2026-09-25T22:49:00+00:00,"Cliente MQTT explicito (paho, SAS manual)",DC-HUMO-08,0.02,26.25,2026-09-25T22:49:00+00:00
2026-09-25T17:49:02-05:00,2026-09-25T22:49:02+00:00,"Cliente MQTT explicito (paho, SAS manual)",DC-HUMO-08,0.017,26.59,2026-09-25T22:49:02+00:00
2026-09-25T17:49:03-05:00,2026-09-25T22:49:03+00:00,"Cliente MQTT explicito (paho, SAS manual)",DC-HUMO-08,0.018,26.42,2026-09-25T22:49:03+00:00
2026-09-25T17:49:04-05:00,2026-09-25T22:49:04+00:00,"Cliente MQTT explicito (paho, SAS manual)",DC-HUMO-08,0.018,26.65,2026-09-25T22:49:04+00:00
2026-09-25T17:49:06-05:00,2026-09-25T22:49:06+00:00,"Cliente MQTT explicito (paho, SAS manual)",DC-HUMO-08,0.02,26.22,2026-09-25T22:49:06+00:00
2026-09-25T17:49:06-05:00,2026-09-25T22:49:06+00:00,"Cliente MQTT explicito (paho, SAS manual)",DC-HUMO-08,0.02,26.52,2026-09-25T22:49:06+00:00
2026-09-25T17:49:09-05:00,2026-09-25T22:49:09+00:00,"Cliente MQTT explicito (paho, SAS manual)",DC-HUMO-08,0.018,26.5,2026-09-25T22:49:09+00:00
2026-09-25T17:49:10-05:00,2026-09-25T22:49:10+00:00,"Cliente MQTT explicito (paho, SAS manual)",DC-HUMO-08,0.017,26.16,2026-09-25T22:49:10+00:00
2026-09-25T17:49:45-05:00,2026-09-25T22:49:45+00:00,"Cliente MQTT explicito (paho, SAS manual)",DC-HUMO-08,0.021,25.99,2026-09-25T22:49:45+00:00
2026-09-25T17:49:48-05:00,2026-09-25T22:49:48+00:00,"Cliente MQTT explicito (paho, SAS manual)",DC-HUMO-08,0.019,26.07,2026-09-25T22:49:48+00:00
2026-09-25T17:49:49-05:00,2026-09-25T22:49:49+00:00,"Cliente MQTT explicito (paho, SAS manual)",DC-HUMO-08,0.018,26.3,2026-09-25T22:49:49+00:00
2026-09-25T17:49:50-05:00,2026-09-25T22:49:50+00:00,"Cliente MQTT explicito (paho, SAS manual)",DC-HUMO-08,0.018,26.51,2026-09-25T22:49:50+00:00
2026-09-25T17:49:52-05:00,2026-09-25T22:49:52+00:00,"Cliente MQTT explicito (paho, SAS manual)",DC-HUMO-08,0.018,26.45,2026-09-25T22:49:52+00:00
2026-09-25T17:49:52-05:00,2026-09-25T22:49:52+00:00,"Cliente MQTT explicito (paho, SAS manual)",DC-HUMO-08,0.021,26.35,2026-09-25T22:49:52+00:00
2026-09-25T17:49:54-05:00,2026-09-25T22:49:54+00:00,"Cliente MQTT explicito (paho, SAS manual)",DC-HUMO-08,0.02,26.65,2026-09-25T22:49:54+00:00
2026-09-25T17:49:55-05:00,2026-09-25T22:49:55+00:00,"Cliente MQTT explicito (paho, SAS manual)",DC-HUMO-08,0.02,26.61,2026-09-25T22:49:55+00:00
2026-09-25T17:50:30-05:00,2026-09-25T22:50:30+00:00,"Cliente MQTT explicito (paho, SAS manual)",DC-HUMO-08,0.021,26.44,2026-09-25T22:50:30+00:00
2026-09-25T17:50:33-05:00,2026-09-25T22:50:33+00:00,"Cliente MQTT explicito (paho, SAS manual)",DC-HUMO-08,0.02,26.23,2026-09-25T22:50:33+00:00
2026-09-25T17:50:34-05:00,2026-09-25T22:50:34+00:00,"Cliente MQTT explicito (paho, SAS manual)",DC-HUMO-08,0.018,26.34,2026-09-25T22:50:34+00:00
2026-09-25T17:50:35-05:00,2026-09-25T22:50:35+00:00,"Cliente MQTT explicito (paho, SAS manual)",DC-HUMO-08,0.02,26.12,2026-09-25T22:50:35+00:00
2026-09-25T17:50:37-05:00,2026-09-25T22:50:37+00:00,"Cliente MQTT explicito (paho, SAS manual)",DC-HUMO-08,0.018,26.03,2026-09-25T22:50:37+00:00
2026-09-25T17:50:37-05:00,2026-09-25T22:50:37+00:00,"Cliente MQTT explicito (paho, SAS manual)",DC-HUMO-08,0.019,26.36,2026-09-25T22:50:37+00:00
2026-09-25T17:50:39-05:00,2026-09-25T22:50:39+00:00,"Cliente MQTT explicito (paho, SAS manual)",DC-HUMO-08,0.018,26.21,2026-09-25T22:50:39+00:00
2026-09-25T17:50:40-05:00,2026-09-25T22:50:40+00:00,"Cliente MQTT explicito (paho, SAS manual)",DC-HUMO-08,0.018,25.99,2026-09-25T22:50:40+00:00
2026-09-25T17:51:16-05:00,2026-09-25T22:51:16+00:00,"Cliente MQTT explicito (paho, SAS manual)",DC-HUMO-08,0.02,26.36,2026-09-25T22:51:16+00:00
2026-09-25T17:51:18-05:00,2026-09-25T22:51:18+00:00,"Cliente MQTT explicito (paho, SAS manual)",DC-HUMO-08,0.02,26.28,2026-09-25T22:51:18+00:00
2026-09-25T17:51:19-05:00,2026-09-25T22:51:19+00:00,"Cliente MQTT explicito (paho, SAS manual)",DC-HUMO-08,0.018,26.21,2026-09-25T22:51:19+00:00
2026-09-25T17:51:20-05:00,2026-09-25T22:51:20+00:00,"Cliente MQTT explicito (paho, SAS manual)",DC-HUMO-08,0.02,26.44,2026-09-25T22:51:20+00:00
2026-09-25T17:51:22-05:00,2026-09-25T22:51:22+00:00,"Cliente MQTT explicito (paho, SAS manual)",DC-HUMO-08,0.017,26.13,2026-09-25T22:51:22+00:00
2026-09-25T17:51:23-05:00,2026-09-25T22:51:23+00:00,"Cliente MQTT explicito (paho, SAS manual)",DC-HUMO-08,0.019,26.37,2026-09-25T22:51:23+00:00
2026-09-25T17:51:25-05:00,2026-09-25T22:51:25+00:00,"Cliente MQTT explicito (paho, SAS manual)",DC-HUMO-08,0.019,26.07,2026-09-25T22:51:25+00:00
2026-09-25T17:51:26-05:00,2026-09-25T22:51:26+00:00,"Cliente MQTT explicito (paho, SAS manual)",DC-HUMO-08,0.018,26.28,2026-09-25T22:51:26+00:00
2026-09-25T17:52:01-05:00,2026-09-25T22:52:01+00:00,"Cliente MQTT explicito (paho, SAS manual)",DC-HUMO-08,0.019,26.54,2026-09-25T22:52:01+00:00
2026-09-25T17:52:04-05:00,2026-09-25T22:52:04+00:00,"Cliente MQTT explicito (paho, SAS manual)",DC-HUMO-08,0.018,26.23,2026-09-25T22:52:04+00:00
2026-09-25T17:52:04-05:00,2026-09-25T22:52:04+00:00,"Cliente MQTT explicito (paho, SAS manual)",DC-HUMO-08,0.017,26.64,2026-09-25T22:52:04+00:00
2026-09-25T17:52:05-05:00,2026-09-25T22:52:05+00:00,"Cliente MQTT explicito (paho, SAS manual)",DC-HUMO-08,0.021,26.33,2026-09-25T22:52:05+00:00
2026-09-25T17:52:07-05:00,2026-09-25T22:52:07+00:00,"Cliente MQTT explicito (paho, SAS manual)",DC-HUMO-08,0.018,25.98,2026-09-25T22:52:07+00:00
2026-09-25T17:52:08-05:00,2026-09-25T22:52:08+00:00,"Cliente MQTT explicito (paho, SAS manual)",DC-HUMO-08,0.02,26.63,2026-09-25T22:52:08+00:00
2026-09-25T17:52:11-05:00,2026-09-25T22:52:11+00:00,"Cliente MQTT explicito (paho, SAS manual)",DC-HUMO-08,0.02,26.13,2026-09-25T22:52:11+00:00
2026-09-25T17:52:11-05:00,2026-09-25T22:52:11+00:00,"Cliente MQTT explicito (paho, SAS manual)",DC-HUMO-08,0.017,26.4,2026-09-25T22:52:11+00:00
2026-09-25T17:52:46-05:00,2026-09-25T22:52:46+00:00,"Cliente MQTT explicito (paho, SAS manual)",DC-HUMO-08,0.019,25.95,2026-09-25T22:52:46+00:00
2026-09-25T17:52:50-05:00,2026-09-25T22:52:50+00:00,"Cliente MQTT explicito (paho, SAS manual)",DC-HUMO-08,0.019,26.34,2026-09-25T22:52:50+00:00
2026-09-25T17:52:50-05:00,2026-09-25T22:52:50+00:00,"Cliente MQTT explicito (paho, SAS manual)",DC-HUMO-08,0.02,26.59,2026-09-25T22:52:50+00:00
2026-09-25T17:52:50-05:00,2026-09-25T22:52:50+00:00,"Cliente MQTT explicito (paho, SAS manual)",DC-HUMO-08,0.018,25.99,2026-09-25T22:52:50+00:00
2026-09-25T17:52:53-05:00,2026-09-25T22:52:53+00:00,"Cliente MQTT explicito (paho, SAS manual)",DC-HUMO-08,0.02,26.48,2026-09-25T22:52:53+00:00
2026-09-25T17:52:53-05:00,2026-09-25T22:52:53+00:00,"Cliente MQTT explicito (paho, SAS manual)",DC-HUMO-08,0.021,26.46,2026-09-25T22:52:53+00:00
2026-09-25T17:52:56-05:00,2026-09-25T22:52:56+00:00,"Cliente MQTT explicito (paho, SAS manual)",DC-HUMO-08,0.018,26.16,2026-09-25T22:52:56+00:00
2026-09-25T17:52:56-05:00,2026-09-25T22:52:56+00:00,"Cliente MQTT explicito (paho, SAS manual)",DC-HUMO-08,0.02,26.43,2026-09-25T22:52:56+00:00
2026-09-25T17:53:31-05:00,2026-09-25T22:53:31+00:00,"Cliente MQTT explicito (paho, SAS manual)",DC-HUMO-08,0.017,26.07,2026-09-25T22:53:31+00:00
2026-09-25T17:53:36-05:00,2026-09-25T22:53:36+00:00,"Cliente MQTT explicito (paho, SAS manual)",DC-HUMO-08,0.02,26.02,2026-09-25T22:53:36+00:00
2026-09-25T17:53:36-05:00,2026-09-25T22:53:36+00:00,"Cliente MQTT explicito (paho, SAS manual)",DC-HUMO-08,0.019,25.92,2026-09-25T22:53:36+00:00
2026-09-25T17:53:36-05:00,2026-09-25T22:53:36+00:00,"Cliente MQTT explicito (paho, SAS manual)",DC-HUMO-08,0.021,26.17,2026-09-25T22:53:36+00:00
2026-09-25T17:53:39-05:00,2026-09-25T22:53:39+00:00,"Cliente MQTT explicito (paho, SAS manual)",DC-HUMO-08,0.017,26.2,2026-09-25T22:53:39+00:00
2026-09-25T17:53:39-05:00,2026-09-25T22:53:39+00:00,"Cliente MQTT explicito (paho, SAS manual)",DC-HUMO-08,0.017,26.03,2026-09-25T22:53:39+00:00
2026-09-25T17:53:42-05:00,2026-09-25T22:53:42+00:00,"Cliente MQTT explicito (paho, SAS manual)",DC-HUMO-08,0.02,26.49,2026-09-25T22:53:42+00:00
2026-09-25T17:53:42-05:00,2026-09-25T22:53:42+00:00,"Cliente MQTT explicito (paho, SAS manual)",DC-HUMO-08,0.02,26.2,2026-09-25T22:53:42+00:00
2026-09-25T17:54:17-05:00,2026-09-25T22:54:17+00:00,"Cliente MQTT explicito (paho, SAS manual)",DC-HUMO-08,0.017,26.32,2026-09-25T22:54:17+00:00
2026-09-25T17:54:21-05:00,2026-09-25T22:54:21+00:00,"Cliente MQTT explicito (paho, SAS manual)",DC-HUMO-08,0.017,26.7,2026-09-25T22:54:21+00:00
2026-09-25T17:54:21-05:00,2026-09-25T22:54:21+00:00,"Cliente MQTT explicito (paho, SAS manual)",DC-HUMO-08,0.018,26.0,2026-09-25T22:54:21+00:00
2026-09-25T17:54:21-05:00,2026-09-25T22:54:21+00:00,"Cliente MQTT explicito (paho, SAS manual)",DC-HUMO-08,0.019,26.37,2026-09-25T22:54:21+00:00
2026-09-25T17:54:24-05:00,2026-09-25T22:54:24+00:00,"Cliente MQTT explicito (paho, SAS manual)",DC-HUMO-08,0.021,26.49,2026-09-25T22:54:24+00:00
2026-09-25T17:54:24-05:00,2026-09-25T22:54:24+00:00,"Cliente MQTT explicito (paho, SAS manual)",DC-HUMO-08,0.019,26.54,2026-09-25T22:54:24+00:00
2026-09-25T17:54:28-05:00,2026-09-25T22:54:28+00:00,"Cliente MQTT explicito (paho, SAS manual)",DC-HUMO-08,0.019,26.64,2026-09-25T22:54:28+00:00
2026-09-25T17:54:28-05:00,2026-09-25T22:54:28+00:00,"Cliente MQTT explicito (paho, SAS manual)",DC-HUMO-08,0.019,26.15,2026-09-25T22:54:28+00:00
2026-09-25T17:55:02-05:00,2026-09-25T22:55:02+00:00,"Cliente MQTT explicito (paho, SAS manual)",DC-HUMO-08,0.02,26.27,2026-09-25T22:55:02+00:00
2026-09-25T17:55:06-05:00,2026-09-25T22:55:06+00:00,"Cliente MQTT explicito (paho, SAS manual)",DC-HUMO-08,0.02,26.45,2026-09-25T22:55:06+00:00
2026-09-25T17:55:06-05:00,2026-09-25T22:55:06+00:00,"Cliente MQTT explicito (paho, SAS manual)",DC-HUMO-08,0.018,26.18,2026-09-25T22:55:06+00:00
2026-09-25T17:55:07-05:00,2026-09-25T22:55:07+00:00,"Cliente MQTT explicito (paho, SAS manual)",DC-HUMO-08,0.018,26.52,2026-09-25T22:55:07+00:00
2026-09-25T17:55:09-05:00,2026-09-25T22:55:09+00:00,"Cliente MQTT explicito (paho, SAS manual)",DC-HUMO-08,0.019,26.04,2026-09-25T22:55:09+00:00
2026-09-25T17:55:10-05:00,2026-09-25T22:55:10+00:00,"Cliente MQTT explicito (paho, SAS manual)",DC-HUMO-08,0.017,25.94,2026-09-25T22:55:10+00:00
2026-09-25T17:55:13-05:00,2026-09-25T22:55:13+00:00,"Cliente MQTT explicito (paho, SAS manual)",DC-HUMO-08,0.02,26.12,2026-09-25T22:55:13+00:00
2026-09-25T17:55:13-05:00,2026-09-25T22:55:13+00:00,"Cliente MQTT explicito (paho, SAS manual)",DC-HUMO-08,0.018,25.98,2026-09-25T22:55:13+00:00
2026-09-25T17:55:47-05:00,2026-09-25T22:55:47+00:00,"Cliente MQTT explicito (paho, SAS manual)",DC-HUMO-08,0.02,26.1,2026-09-25T22:55:47+00:00
2026-09-25T17:55:51-05:00,2026-09-25T22:55:51+00:00,"Cliente MQTT explicito (paho, SAS manual)",DC-HUMO-08,0.018,26.33,2026-09-25T22:55:51+00:00
2026-09-25T17:55:52-05:00,2026-09-25T22:55:52+00:00,"Cliente MQTT explicito (paho, SAS manual)",DC-HUMO-08,0.017,26.17,2026-09-25T22:55:52+00:00
2026-09-25T17:55:52-05:00,2026-09-25T22:55:52+00:00,"Cliente MQTT explicito (paho, SAS manual)",DC-HUMO-08,0.019,26.05,2026-09-25T22:55:52+00:00
2026-09-25T17:55:55-05:00,2026-09-25T22:55:55+00:00,"Cliente MQTT explicito (paho, SAS manual)",DC-HUMO-08,0.019,26.69,2026-09-25T22:55:55+00:00
2026-09-25T17:55:55-05:00,2026-09-25T22:55:55+00:00,"Cliente MQTT explicito (paho, SAS manual)",DC-HUMO-08,0.02,26.53,2026-09-25T22:55:55+00:00
2026-09-25T17:55:58-05:00,2026-09-25T22:55:58+00:00,"Cliente MQTT explicito (paho, SAS manual)",DC-HUMO-08,0.018,26.12,2026-09-25T22:55:58+00:00
2026-09-25T17:55:59-05:00,2026-09-25T22:55:59+00:00,"Cliente MQTT explicito (paho, SAS manual)",DC-HUMO-08,0.019,25.9,2026-09-25T22:55:59+00:00
2026-09-25T17:56:32-05:00,2026-09-25T22:56:32+00:00,"Cliente MQTT explicito (paho, SAS manual)",DC-HUMO-08,0.02,26.49,2026-09-25T22:56:32+00:00
2026-09-25T17:56:36-05:00,2026-09-25T22:56:36+00:00,"Cliente MQTT explicito (paho, SAS manual)",DC-HUMO-08,0.017,26.54,2026-09-25T22:56:36+00:00
2026-09-25T17:56:37-05:00,2026-09-25T22:56:37+00:00,"Cliente MQTT explicito (paho, SAS manual)",DC-HUMO-08,0.019,25.99,2026-09-25T22:56:37+00:00
2026-09-25T17:56:38-05:00,2026-09-25T22:56:38+00:00,"Cliente MQTT explicito (paho, SAS manual)",DC-HUMO-08,0.018,26.53,2026-09-25T22:56:38+00:00
2026-09-25T17:56:40-05:00,2026-09-25T22:56:40+00:00,"Cliente MQTT explicito (paho, SAS manual)",DC-HUMO-08,0.02,26.19,2026-09-25T22:56:40+00:00
2026-09-25T17:56:41-05:00,2026-09-25T22:56:41+00:00,"Cliente MQTT explicito (paho, SAS manual)",DC-HUMO-08,0.017,25.99,2026-09-25T22:56:41+00:00
2026-09-25T17:56:44-05:00,2026-09-25T22:56:44+00:00,"Cliente MQTT explicito (paho, SAS manual)",DC-HUMO-08,0.019,26.19,2026-09-25T22:56:44+00:00
2026-09-25T17:56:44-05:00,2026-09-25T22:56:44+00:00,"Cliente MQTT explicito (paho, SAS manual)",DC-HUMO-08,0.019,26.63,2026-09-25T22:56:44+00:00
2026-09-25T17:57:18-05:00,2026-09-25T22:57:18+00:00,"Cliente MQTT explicito (paho, SAS manual)",DC-HUMO-08,0.019,26.32,2026-09-25T22:57:18+00:00
2026-09-25T17:57:22-05:00,2026-09-25T22:57:22+00:00,"Cliente MQTT explicito (paho, SAS manual)",DC-HUMO-08,0.018,26.52,2026-09-25T22:57:22+00:00
2026-09-25T17:57:23-05:00,2026-09-25T22:57:23+00:00,"Cliente MQTT explicito (paho, SAS manual)",DC-HUMO-08,0.018,26.48,2026-09-25T22:57:23+00:00
2026-09-25T17:57:23-05:00,2026-09-25T22:57:23+00:00,"Cliente MQTT explicito (paho, SAS manual)",DC-HUMO-08,0.018,26.23,2026-09-25T22:57:23+00:00
2026-09-25T17:57:25-05:00,2026-09-25T22:57:25+00:00,"Cliente MQTT explicito (paho, SAS manual)",DC-HUMO-08,0.017,26.14,2026-09-25T22:57:25+00:00
2026-09-25T17:57:26-05:00,2026-09-25T22:57:26+00:00,"Cliente MQTT explicito (paho, SAS manual)",DC-HUMO-08,0.019,26.51,2026-09-25T22:57:26+00:00
2026-09-25T17:57:29-05:00,2026-09-25T22:57:29+00:00,"Cliente MQTT explicito (paho, SAS manual)",DC-HUMO-08,0.019,26.04,2026-09-25T22:57:29+00:00
2026-09-25T17:57:29-05:00,2026-09-25T22:57:29+00:00,"Cliente MQTT explicito (paho, SAS manual)",DC-HUMO-08,0.02,26.52,2026-09-25T22:57:29+00:00
2026-09-25T17:58:04-05:00,2026-09-25T22:58:04+00:00,"Cliente MQTT explicito (paho, SAS manual)",DC-HUMO-08,0.019,26.47,2026-09-25T22:58:04+00:00
2026-09-25T17:58:07-05:00,2026-09-25T22:58:07+00:00,"Cliente MQTT explicito (paho, SAS manual)",DC-HUMO-08,0.018,26.46,2026-09-25T22:58:07+00:00
2026-09-25T17:58:08-05:00,2026-09-25T22:58:08+00:00,"Cliente MQTT explicito (paho, SAS manual)",DC-HUMO-08,0.02,26.37,2026-09-25T22:58:08+00:00
2026-09-25T17:58:09-05:00,2026-09-25T22:58:09+00:00,"Cliente MQTT explicito (paho, SAS manual)",DC-HUMO-08,0.018,25.93,2026-09-25T22:58:09+00:00
2026-09-25T17:58:10-05:00,2026-09-25T22:58:10+00:00,"Cliente MQTT explicito (paho, SAS manual)",DC-HUMO-08,0.02,26.38,2026-09-25T22:58:10+00:00
2026-09-25T17:58:12-05:00,2026-09-25T22:58:12+00:00,"Cliente MQTT explicito (paho, SAS manual)",DC-HUMO-08,0.019,26.65,2026-09-25T22:58:12+00:00
2026-09-25T17:58:14-05:00,2026-09-25T22:58:14+00:00,"Cliente MQTT explicito (paho, SAS manual)",DC-HUMO-08,0.019,26.34,2026-09-25T22:58:14+00:00
2026-09-25T17:58:14-05:00,2026-09-25T22:58:14+00:00,"Cliente MQTT explicito (paho, SAS manual)",DC-HUMO-08,0.021,25.98,2026-09-25T22:58:14+00:00
2026-09-25T17:58:49-05:00,2026-09-25T22:58:49+00:00,"Cliente MQTT explicito (paho, SAS manual)",DC-HUMO-08,0.018,26.19,2026-09-25T22:58:49+00:00
2026-09-25T17:58:52-05:00,2026-09-25T22:58:52+00:00,"Cliente MQTT explicito (paho, SAS manual)",DC-HUMO-08,0.02,26.12,2026-09-25T22:58:52+00:00
2026-09-25T17:58:54-05:00,2026-09-25T22:58:54+00:00,"Cliente MQTT explicito (paho, SAS manual)",DC-HUMO-08,0.018,26.04,2026-09-25T22:58:54+00:00
2026-09-25T17:58:54-05:00,2026-09-25T22:58:54+00:00,"Cliente MQTT explicito (paho, SAS manual)",DC-HUMO-08,0.02,26.34,2026-09-25T22:58:54+00:00
2026-09-25T17:58:56-05:00,2026-09-25T22:58:56+00:00,"Cliente MQTT explicito (paho, SAS manual)",DC-HUMO-08,0.018,26.02,2026-09-25T22:58:56+00:00
2026-09-25T17:58:57-05:00,2026-09-25T22:58:57+00:00,"Cliente MQTT explicito (paho, SAS manual)",DC-HUMO-08,0.021,26.04,2026-09-25T22:58:57+00:00
2026-09-25T17:58:59-05:00,2026-09-25T22:58:59+00:00,"Cliente MQTT explicito (paho, SAS manual)",DC-HUMO-08,0.02,26.13,2026-09-25T22:58:59+00:00
2026-09-25T17:59:00-05:00,2026-09-25T22:59:00+00:00,"Cliente MQTT explicito (paho, SAS manual)",DC-HUMO-08,0.021,26.05,2026-09-25T22:59:00+00:00
2026-09-25T17:59:34-05:00,2026-09-25T22:59:34+00:00,"Cliente MQTT explicito (paho, SAS manual)",DC-HUMO-08,0.018,26.0,2026-09-25T22:59:34+00:00
2026-09-25T17:59:38-05:00,2026-09-25T22:59:38+00:00,"Cliente MQTT explicito (paho, SAS manual)",DC-HUMO-08,0.019,26.33,2026-09-25T22:59:38+00:00
2026-09-25T17:59:39-05:00,2026-09-25T22:59:39+00:00,"Cliente MQTT explicito (paho, SAS manual)",DC-HUMO-08,0.02,26.51,2026-09-25T22:59:39+00:00
2026-09-25T17:59:39-05:00,2026-09-25T22:59:39+00:00,"Cliente MQTT explicito (paho, SAS manual)",DC-HUMO-08,0.018,26.14,2026-09-25T22:59:39+00:00
2026-09-25T17:59:42-05:00,2026-09-25T22:59:42+00:00,"Cliente MQTT explicito (paho, SAS manual)",DC-HUMO-08,0.017,26.22,2026-09-25T22:59:42+00:00
2026-09-25T17:59:43-05:00,2026-09-25T22:59:43+00:00,"Cliente MQTT explicito (paho, SAS manual)",DC-HUMO-08,0.021,26.36,2026-09-25T22:59:43+00:00
2026-09-25T17:59:45-05:00,2026-09-25T22:59:45+00:00,"Cliente MQTT explicito (paho, SAS manual)",DC-HUMO-08,0.019,26.48,2026-09-25T22:59:45+00:00
2026-09-25T17:59:46-05:00,2026-09-25T22:59:46+00:00,"Cliente MQTT explicito (paho, SAS manual)",DC-HUMO-08,0.017,26.37,2026-09-25T22:59:46+00:00
2026-09-25T18:00:20-05:00,2026-09-25T23:00:20+00:00,"Cliente MQTT explicito (paho, SAS manual)",DC-HUMO-08,0.019,26.62,2026-09-25T23:00:20+00:00
2026-09-25T18:00:24-05:00,2026-09-25T23:00:24+00:00,"Cliente MQTT explicito (paho, SAS manual)",DC-HUMO-08,0.02,26.34,2026-09-25T23:00:24+00:00
2026-09-25T18:00:25-05:00,2026-09-25T23:00:25+00:00,"Cliente MQTT explicito (paho, SAS manual)",DC-HUMO-08,0.021,25.92,2026-09-25T23:00:25+00:00
2026-09-25T18:00:25-05:00,2026-09-25T23:00:25+00:00,"Cliente MQTT explicito (paho, SAS manual)",DC-HUMO-08,0.019,26.29,2026-09-25T23:00:25+00:00
2026-09-25T18:00:27-05:00,2026-09-25T23:00:27+00:00,"Cliente MQTT explicito (paho, SAS manual)",DC-HUMO-08,0.02,26.17,2026-09-25T23:00:27+00:00
2026-09-25T18:00:28-05:00,2026-09-25T23:00:28+00:00,"Cliente MQTT explicito (paho, SAS manual)",DC-HUMO-08,0.017,25.89,2026-09-25T23:00:28+00:00
2026-09-25T18:00:30-05:00,2026-09-25T23:00:30+00:00,"Cliente MQTT explicito (paho, SAS manual)",DC-HUMO-08,0.02,26.41,2026-09-25T23:00:30+00:00
2026-09-25T18:00:31-05:00,2026-09-25T23:00:31+00:00,"Cliente MQTT explicito (paho, SAS manual)",DC-HUMO-08,0.02,26.59,2026-09-25T23:00:31+00:00
2026-09-25T18:01:05-05:00,2026-09-25T23:01:05+00:00,"Cliente MQTT explicito (paho, SAS manual)",DC-HUMO-08,0.021,26.07,2026-09-25T23:01:05+00:00
2026-09-25T18:01:09-05:00,2026-09-25T23:01:09+00:00,"Cliente MQTT explicito (paho, SAS manual)",DC-HUMO-08,0.018,25.96,2026-09-25T23:01:09+00:00
2026-09-25T18:01:10-05:00,2026-09-25T23:01:10+00:00,"Cliente MQTT explicito (paho, SAS manual)",DC-HUMO-08,0.02,26.19,2026-09-25T23:01:10+00:00
2026-09-25T18:01:10-05:00,2026-09-25T23:01:10+00:00,"Cliente MQTT explicito (paho, SAS manual)",DC-HUMO-08,0.021,26.57,2026-09-25T23:01:10+00:00
2026-09-25T18:01:12-05:00,2026-09-25T23:01:12+00:00,"Cliente MQTT explicito (paho, SAS manual)",DC-HUMO-08,0.018,26.46,2026-09-25T23:01:12+00:00
2026-09-25T18:01:14-05:00,2026-09-25T23:01:14+00:00,"Cliente MQTT explicito (paho, SAS manual)",DC-HUMO-08,0.02,26.2,2026-09-25T23:01:14+00:00
2026-09-25T18:01:15-05:00,2026-09-25T23:01:15+00:00,"Cliente MQTT explicito (paho, SAS manual)",DC-HUMO-08,0.017,26.02,2026-09-25T23:01:15+00:00
2026-09-25T18:01:17-05:00,2026-09-25T23:01:17+00:00,"Cliente MQTT explicito (paho, SAS manual)",DC-HUMO-08,0.019,26.57,2026-09-25T23:01:17+00:00
2026-09-25T18:01:50-05:00,2026-09-25T23:01:50+00:00,"Cliente MQTT explicito (paho, SAS manual)",DC-HUMO-08,0.018,26.06,2026-09-25T23:01:50+00:00
2026-09-25T18:01:54-05:00,2026-09-25T23:01:54+00:00,"Cliente MQTT explicito (paho, SAS manual)",DC-HUMO-08,0.02,26.3,2026-09-25T23:01:54+00:00
2026-09-25T18:01:55-05:00,2026-09-25T23:01:55+00:00,"Cliente MQTT explicito (paho, SAS manual)",DC-HUMO-08,0.021,26.2,2026-09-25T23:01:55+00:00
2026-09-25T18:01:56-05:00,2026-09-25T23:01:56+00:00,"Cliente MQTT explicito (paho, SAS manual)",DC-HUMO-08,0.018,26.19,2026-09-25T23:01:56+00:00
2026-09-25T18:01:57-05:00,2026-09-25T23:01:57+00:00,"Cliente MQTT explicito (paho, SAS manual)",DC-HUMO-08,0.019,26.61,2026-09-25T23:01:57+00:00
2026-09-25T18:01:59-05:00,2026-09-25T23:01:59+00:00,"Cliente MQTT explicito (paho, SAS manual)",DC-HUMO-08,0.021,26.63,2026-09-25T23:01:59+00:00
2026-09-25T18:02:01-05:00,2026-09-25T23:02:01+00:00,"Cliente MQTT explicito (paho, SAS manual)",DC-HUMO-08,0.021,25.96,2026-09-25T23:02:01+00:00
2026-09-25T18:02:02-05:00,2026-09-25T23:02:02+00:00,"Cliente MQTT explicito (paho, SAS manual)",DC-HUMO-08,0.019,26.36,2026-09-25T23:02:02+00:00
2026-09-25T18:02:36-05:00,2026-09-25T23:02:36+00:00,"Cliente MQTT explicito (paho, SAS manual)",DC-HUMO-08,0.018,26.51,2026-09-25T23:02:36+00:00
2026-09-25T18:02:39-05:00,2026-09-25T23:02:39+00:00,"Cliente MQTT explicito (paho, SAS manual)",DC-HUMO-08,0.018,26.13,2026-09-25T23:02:39+00:00
2026-09-25T18:02:40-05:00,2026-09-25T23:02:40+00:00,"Cliente MQTT explicito (paho, SAS manual)",DC-HUMO-08,0.02,26.03,2026-09-25T23:02:40+00:00
2026-09-25T18:02:41-05:00,2026-09-25T23:02:41+00:00,"Cliente MQTT explicito (paho, SAS manual)",DC-HUMO-08,0.019,26.17,2026-09-25T23:02:41+00:00
2026-09-25T18:02:42-05:00,2026-09-25T23:02:42+00:00,"Cliente MQTT explicito (paho, SAS manual)",DC-HUMO-08,0.021,26.12,2026-09-25T23:02:42+00:00
2026-09-25T18:02:45-05:00,2026-09-25T23:02:45+00:00,"Cliente MQTT explicito (paho, SAS manual)",DC-HUMO-08,0.019,26.33,2026-09-25T23:02:45+00:00
2026-09-25T18:02:46-05:00,2026-09-25T23:02:46+00:00,"Cliente MQTT explicito (paho, SAS manual)",DC-HUMO-08,0.019,26.19,2026-09-25T23:02:46+00:00
2026-09-25T18:02:47-05:00,2026-09-25T23:02:47+00:00,"Cliente MQTT explicito (paho, SAS manual)",DC-HUMO-08,0.02,25.98,2026-09-25T23:02:47+00:00
2026-09-25T18:03:22-05:00,2026-09-25T23:03:22+00:00,"Cliente MQTT explicito (paho, SAS manual)",DC-HUMO-08,0.02,26.52,2026-09-25T23:03:22+00:00
2026-09-25T18:03:25-05:00,2026-09-25T23:03:25+00:00,"Cliente MQTT explicito (paho, SAS manual)",DC-HUMO-08,0.021,26.2,2026-09-25T23:03:25+00:00
2026-09-25T18:03:26-05:00,2026-09-25T23:03:26+00:00,"Cliente MQTT explicito (paho, SAS manual)",DC-HUMO-08,0.021,26.25,2026-09-25T23:03:26+00:00
2026-09-25T18:03:26-05:00,2026-09-25T23:03:26+00:00,"Cliente MQTT explicito (paho, SAS manual)",DC-HUMO-08,0.02,26.37,2026-09-25T23:03:26+00:00
2026-09-25T18:03:27-05:00,2026-09-25T23:03:27+00:00,"Cliente MQTT explicito (paho, SAS manual)",DC-HUMO-08,0.02,26.01,2026-09-25T23:03:27+00:00
2026-09-25T18:03:30-05:00,2026-09-25T23:03:30+00:00,"Cliente MQTT explicito (paho, SAS manual)",DC-HUMO-08,0.02,26.16,2026-09-25T23:03:30+00:00
2026-09-25T18:03:31-05:00,2026-09-25T23:03:31+00:00,"Cliente MQTT explicito (paho, SAS manual)",DC-HUMO-08,0.018,26.07,2026-09-25T23:03:31+00:00
2026-09-25T18:03:32-05:00,2026-09-25T23:03:32+00:00,"Cliente MQTT explicito (paho, SAS manual)",DC-HUMO-08,0.021,26.52,2026-09-25T23:03:32+00:00
2026-09-25T18:04:07-05:00,2026-09-25T23:04:07+00:00,"Cliente MQTT explicito (paho, SAS manual)",DC-HUMO-08,0.019,26.22,2026-09-25T23:04:07+00:00
2026-09-25T18:04:10-05:00,2026-09-25T23:04:10+00:00,"Cliente MQTT explicito (paho, SAS manual)",DC-HUMO-08,0.018,25.84,2026-09-25T23:04:10+00:00
2026-09-25T18:04:11-05:00,2026-09-25T23:04:11+00:00,"Cliente MQTT explicito (paho, SAS manual)",DC-HUMO-08,0.018,25.97,2026-09-25T23:04:11+00:00
2026-09-25T18:04:11-05:00,2026-09-25T23:04:11+00:00,"Cliente MQTT explicito (paho, SAS manual)",DC-HUMO-08,0.019,25.98,2026-09-25T23:04:11+00:00
2026-09-25T18:04:13-05:00,2026-09-25T23:04:13+00:00,"Cliente MQTT explicito (paho, SAS manual)",DC-HUMO-08,0.02,26.62,2026-09-25T23:04:13+00:00
2026-09-25T18:04:15-05:00,2026-09-25T23:04:15+00:00,"Cliente MQTT explicito (paho, SAS manual)",DC-HUMO-08,0.018,25.92,2026-09-25T23:04:15+00:00
2026-09-25T18:04:17-05:00,2026-09-25T23:04:17+00:00,"Cliente MQTT explicito (paho, SAS manual)",DC-HUMO-08,0.018,26.19,2026-09-25T23:04:17+00:00
2026-09-25T18:04:17-05:00,2026-09-25T23:04:17+00:00,"Cliente MQTT explicito (paho, SAS manual)",DC-HUMO-08,0.021,26.26,2026-09-25T23:04:17+00:00
2026-09-25T18:04:52-05:00,2026-09-25T23:04:52+00:00,"Cliente MQTT explicito (paho, SAS manual)",DC-HUMO-08,0.02,26.3,2026-09-25T23:04:52+00:00
2026-09-25T18:04:56-05:00,2026-09-25T23:04:56+00:00,"Cliente MQTT explicito (paho, SAS manual)",DC-HUMO-08,0.02,26.1,2026-09-25T23:04:56+00:00
2026-09-25T18:04:56-05:00,2026-09-25T23:04:56+00:00,"Cliente MQTT explicito (paho, SAS manual)",DC-HUMO-08,0.02,26.43,2026-09-25T23:04:56+00:00
2026-09-25T18:04:57-05:00,2026-09-25T23:04:57+00:00,"Cliente MQTT explicito (paho, SAS manual)",DC-HUMO-08,0.02,26.49,2026-09-25T23:04:57+00:00
2026-09-25T18:04:58-05:00,2026-09-25T23:04:58+00:00,"Cliente MQTT explicito (paho, SAS manual)",DC-HUMO-08,0.018,26.05,2026-09-25T23:04:58+00:00
2026-09-25T18:05:00-05:00,2026-09-25T23:05:00+00:00,"Cliente MQTT explicito (paho, SAS manual)",DC-HUMO-08,0.018,26.07,2026-09-25T23:05:00+00:00
2026-09-25T18:05:02-05:00,2026-09-25T23:05:02+00:00,"Cliente MQTT explicito (paho, SAS manual)",DC-HUMO-08,0.018,26.04,2026-09-25T23:05:02+00:00
2026-09-25T18:05:02-05:00,2026-09-25T23:05:02+00:00,"Cliente MQTT explicito (paho, SAS manual)",DC-HUMO-08,0.02,26.08,2026-09-25T23:05:02+00:00
2026-09-25T18:05:38-05:00,2026-09-25T23:05:38+00:00,"Cliente MQTT explicito (paho, SAS manual)",DC-HUMO-08,0.021,26.07,2026-09-25T23:05:38+00:00
2026-09-25T18:05:41-05:00,2026-09-25T23:05:41+00:00,"Cliente MQTT explicito (paho, SAS manual)",DC-HUMO-08,0.018,26.34,2026-09-25T23:05:41+00:00
2026-09-25T18:05:41-05:00,2026-09-25T23:05:41+00:00,"Cliente MQTT explicito (paho, SAS manual)",DC-HUMO-08,0.021,26.58,2026-09-25T23:05:41+00:00
2026-09-25T18:05:42-05:00,2026-09-25T23:05:42+00:00,"Cliente MQTT explicito (paho, SAS manual)",DC-HUMO-08,0.019,25.97,2026-09-25T23:05:42+00:00
2026-09-25T18:05:44-05:00,2026-09-25T23:05:44+00:00,"Cliente MQTT explicito (paho, SAS manual)",DC-HUMO-08,0.021,26.15,2026-09-25T23:05:44+00:00
2026-09-25T18:05:46-05:00,2026-09-25T23:05:46+00:00,"Cliente MQTT explicito (paho, SAS manual)",DC-HUMO-08,0.019,26.29,2026-09-25T23:05:46+00:00
2026-09-25T18:05:47-05:00,2026-09-25T23:05:47+00:00,"Cliente MQTT explicito (paho, SAS manual)",DC-HUMO-08,0.019,26.14,2026-09-25T23:05:47+00:00
2026-09-25T18:05:48-05:00,2026-09-25T23:05:48+00:00,"Cliente MQTT explicito (paho, SAS manual)",DC-HUMO-08,0.018,26.23,2026-09-25T23:05:48+00:00
2026-09-25T18:06:23-05:00,2026-09-25T23:06:23+00:00,"Cliente MQTT explicito (paho, SAS manual)",DC-HUMO-08,0.018,26.17,2026-09-25T23:06:23+00:00
2026-09-25T18:06:26-05:00,2026-09-25T23:06:26+00:00,"Cliente MQTT explicito (paho, SAS manual)",DC-HUMO-08,0.017,25.98,2026-09-25T23:06:26+00:00
2026-09-25T18:06:27-05:00,2026-09-25T23:06:27+00:00,"Cliente MQTT explicito (paho, SAS manual)",DC-HUMO-08,0.018,26.05,2026-09-25T23:06:27+00:00
2026-09-25T18:06:27-05:00,2026-09-25T23:06:27+00:00,"Cliente MQTT explicito (paho, SAS manual)",DC-HUMO-08,0.021,25.86,2026-09-25T23:06:27+00:00
2026-09-25T18:06:29-05:00,2026-09-25T23:06:29+00:00,"Cliente MQTT explicito (paho, SAS manual)",DC-HUMO-08,0.02,26.43,2026-09-25T23:06:29+00:00
2026-09-25T18:06:32-05:00,2026-09-25T23:06:32+00:00,"Cliente MQTT explicito (paho, SAS manual)",DC-HUMO-08,0.019,26.59,2026-09-25T23:06:32+00:00
2026-09-25T18:06:33-05:00,2026-09-25T23:06:33+00:00,"Cliente MQTT explicito (paho, SAS manual)",DC-HUMO-08,0.02,26.59,2026-09-25T23:06:33+00:00
2026-09-25T18:06:33-05:00,2026-09-25T23:06:33+00:00,"Cliente MQTT explicito (paho, SAS manual)",DC-HUMO-08,0.018,26.58,2026-09-25T23:06:33+00:00
2026-09-25T18:07:08-05:00,2026-09-25T23:07:08+00:00,"Cliente MQTT explicito (paho, SAS manual)",DC-HUMO-08,0.018,26.02,2026-09-25T23:07:08+00:00
2026-09-25T18:07:11-05:00,2026-09-25T23:07:11+00:00,"Cliente MQTT explicito (paho, SAS manual)",DC-HUMO-08,0.02,26.36,2026-09-25T23:07:11+00:00
2026-09-25T18:07:12-05:00,2026-09-25T23:07:12+00:00,"Cliente MQTT explicito (paho, SAS manual)",DC-HUMO-08,0.02,26.29,2026-09-25T23:07:12+00:00
2026-09-25T18:07:13-05:00,2026-09-25T23:07:13+00:00,"Cliente MQTT explicito (paho, SAS manual)",DC-HUMO-08,0.02,26.4,2026-09-25T23:07:13+00:00
2026-09-25T18:07:14-05:00,2026-09-25T23:07:14+00:00,"Cliente MQTT explicito (paho, SAS manual)",DC-HUMO-08,0.021,25.93,2026-09-25T23:07:14+00:00
2026-09-25T18:07:17-05:00,2026-09-25T23:07:17+00:00,"Cliente MQTT explicito (paho, SAS manual)",DC-HUMO-08,0.017,25.88,2026-09-25T23:07:17+00:00
2026-09-25T18:07:18-05:00,2026-09-25T23:07:18+00:00,"Cliente MQTT explicito (paho, SAS manual)",DC-HUMO-08,0.019,26.06,2026-09-25T23:07:18+00:00
2026-09-25T18:07:19-05:00,2026-09-25T23:07:19+00:00,"Cliente MQTT explicito (paho, SAS manual)",DC-HUMO-08,0.018,26.38,2026-09-25T23:07:19+00:00
2026-09-25T18:07:53-05:00,2026-09-25T23:07:53+00:00,"Cliente MQTT explicito (paho, SAS manual)",DC-HUMO-08,0.02,26.18,2026-09-25T23:07:53+00:00
2026-09-25T18:07:56-05:00,2026-09-25T23:07:56+00:00,"Cliente MQTT explicito (paho, SAS manual)",DC-HUMO-08,0.021,26.41,2026-09-25T23:07:56+00:00
2026-09-25T18:07:58-05:00,2026-09-25T23:07:58+00:00,"Cliente MQTT explicito (paho, SAS manual)",DC-HUMO-08,0.017,26.59,2026-09-25T23:07:58+00:00
2026-09-25T18:07:58-05:00,2026-09-25T23:07:58+00:00,"Cliente MQTT explicito (paho, SAS manual)",DC-HUMO-08,0.019,26.01,2026-09-25T23:07:58+00:00
2026-09-25T18:08:00-05:00,2026-09-25T23:08:00+00:00,"Cliente MQTT explicito (paho, SAS manual)",DC-HUMO-08,0.02,26.38,2026-09-25T23:08:00+00:00
2026-09-25T18:08:02-05:00,2026-09-25T23:08:02+00:00,"Cliente MQTT explicito (paho, SAS manual)",DC-HUMO-08,0.019,26.19,2026-09-25T23:08:02+00:00
2026-09-25T18:08:04-05:00,2026-09-25T23:08:04+00:00,"Cliente MQTT explicito (paho, SAS manual)",DC-HUMO-08,0.021,25.9,2026-09-25T23:08:04+00:00
2026-09-25T18:08:04-05:00,2026-09-25T23:08:04+00:00,"Cliente MQTT explicito (paho, SAS manual)",DC-HUMO-08,0.021,26.0,2026-09-25T23:08:04+00:00
2026-09-25T18:08:38-05:00,2026-09-25T23:08:38+00:00,"Cliente MQTT explicito (paho, SAS manual)",DC-HUMO-08,0.017,26.26,2026-09-25T23:08:38+00:00
2026-09-25T18:08:42-05:00,2026-09-25T23:08:42+00:00,"Cliente MQTT explicito (paho, SAS manual)",DC-HUMO-08,0.018,26.21,2026-09-25T23:08:42+00:00
2026-09-25T18:08:43-05:00,2026-09-25T23:08:43+00:00,"Cliente MQTT explicito (paho, SAS manual)",DC-HUMO-08,0.018,26.45,2026-09-25T23:08:43+00:00
2026-09-25T18:08:43-05:00,2026-09-25T23:08:43+00:00,"Cliente MQTT explicito (paho, SAS manual)",DC-HUMO-08,0.019,26.2,2026-09-25T23:08:43+00:00
2026-09-25T18:08:45-05:00,2026-09-25T23:08:45+00:00,"Cliente MQTT explicito (paho, SAS manual)",DC-HUMO-08,0.019,26.2,2026-09-25T23:08:45+00:00
2026-09-25T18:08:47-05:00,2026-09-25T23:08:47+00:00,"Cliente MQTT explicito (paho, SAS manual)",DC-HUMO-08,0.018,26.23,2026-09-25T23:08:47+00:00
2026-09-25T18:08:50-05:00,2026-09-25T23:08:50+00:00,"Cliente MQTT explicito (paho, SAS manual)",DC-HUMO-08,0.021,26.53,2026-09-25T23:08:50+00:00
2026-09-25T18:08:50-05:00,2026-09-25T23:08:50+00:00,"Cliente MQTT explicito (paho, SAS manual)",DC-HUMO-08,0.018,25.82,2026-09-25T23:08:50+00:00
2026-09-25T18:09:24-05:00,2026-09-25T23:09:24+00:00,"Cliente MQTT explicito (paho, SAS manual)",DC-HUMO-08,0.02,26.48,2026-09-25T23:09:24+00:00
2026-09-25T18:09:27-05:00,2026-09-25T23:09:27+00:00,"Cliente MQTT explicito (paho, SAS manual)",DC-HUMO-08,0.019,25.98,2026-09-25T23:09:27+00:00
2026-09-25T18:09:28-05:00,2026-09-25T23:09:28+00:00,"Cliente MQTT explicito (paho, SAS manual)",DC-HUMO-08,0.017,26.37,2026-09-25T23:09:28+00:00
2026-09-25T18:09:28-05:00,2026-09-25T23:09:28+00:00,"Cliente MQTT explicito (paho, SAS manual)",DC-HUMO-08,0.019,26.19,2026-09-25T23:09:28+00:00
2026-09-25T18:09:30-05:00,2026-09-25T23:09:30+00:00,"Cliente MQTT explicito (paho, SAS manual)",DC-HUMO-08,0.021,25.86,2026-09-25T23:09:30+00:00
2026-09-25T18:09:33-05:00,2026-09-25T23:09:33+00:00,"Cliente MQTT explicito (paho, SAS manual)",DC-HUMO-08,0.019,26.29,2026-09-25T23:09:33+00:00
2026-09-25T18:09:35-05:00,2026-09-25T23:09:35+00:00,"Cliente MQTT explicito (paho, SAS manual)",DC-HUMO-08,0.019,26.11,2026-09-25T23:09:35+00:00
2026-09-25T18:09:36-05:00,2026-09-25T23:09:36+00:00,"Cliente MQTT explicito (paho, SAS manual)",DC-HUMO-08,0.02,26.18,2026-09-25T23:09:36+00:00
2026-09-25T18:10:09-05:00,2026-09-25T23:10:09+00:00,"Cliente MQTT explicito (paho, SAS manual)",DC-HUMO-08,0.019,25.93,2026-09-25T23:10:09+00:00
2026-09-25T18:10:12-05:00,2026-09-25T23:10:12+00:00,"Cliente MQTT explicito (paho, SAS manual)",DC-HUMO-08,0.02,26.52,2026-09-25T23:10:12+00:00
2026-09-25T18:10:13-05:00,2026-09-25T23:10:13+00:00,"Cliente MQTT explicito (paho, SAS manual)",DC-HUMO-08,0.02,26.21,2026-09-25T23:10:13+00:00
2026-09-25T18:10:13-05:00,2026-09-25T23:10:13+00:00,"Cliente MQTT explicito (paho, SAS manual)",DC-HUMO-08,0.018,26.2,2026-09-25T23:10:13+00:00
2026-09-25T18:10:15-05:00,2026-09-25T23:10:15+00:00,"Cliente MQTT explicito (paho, SAS manual)",DC-HUMO-08,0.021,25.92,2026-09-25T23:10:15+00:00
2026-09-25T18:10:18-05:00,2026-09-25T23:10:18+00:00,"Cliente MQTT explicito (paho, SAS manual)",DC-HUMO-08,0.017,26.5,2026-09-25T23:10:18+00:00
2026-09-25T18:10:20-05:00,2026-09-25T23:10:20+00:00,"Cliente MQTT explicito (paho, SAS manual)",DC-HUMO-08,0.021,26.57,2026-09-25T23:10:20+00:00
2026-09-25T18:10:22-05:00,2026-09-25T23:10:22+00:00,"Cliente MQTT explicito (paho, SAS manual)",DC-HUMO-08,0.021,25.81,2026-09-25T23:10:22+00:00
2026-09-25T18:10:54-05:00,2026-09-25T23:10:54+00:00,"Cliente MQTT explicito (paho, SAS manual)",DC-HUMO-08,0.02,25.96,2026-09-25T23:10:54+00:00
2026-09-25T18:10:57-05:00,2026-09-25T23:10:57+00:00,"Cliente MQTT explicito (paho, SAS manual)",DC-HUMO-08,0.021,26.56,2026-09-25T23:10:57+00:00
2026-09-25T18:10:58-05:00,2026-09-25T23:10:58+00:00,"Cliente MQTT explicito (paho, SAS manual)",DC-HUMO-08,0.02,25.86,2026-09-25T23:10:58+00:00
2026-09-25T18:10:58-05:00,2026-09-25T23:10:58+00:00,"Cliente MQTT explicito (paho, SAS manual)",DC-HUMO-08,0.018,25.97,2026-09-25T23:10:58+00:00
2026-09-25T18:11:00-05:00,2026-09-25T23:11:00+00:00,"Cliente MQTT explicito (paho, SAS manual)",DC-HUMO-08,0.02,26.54,2026-09-25T23:11:00+00:00
2026-09-25T18:11:03-05:00,2026-09-25T23:11:03+00:00,"Cliente MQTT explicito (paho, SAS manual)",DC-HUMO-08,0.018,26.0,2026-09-25T23:11:03+00:00
2026-09-25T18:11:05-05:00,2026-09-25T23:11:05+00:00,"Cliente MQTT explicito (paho, SAS manual)",DC-HUMO-08,0.018,26.09,2026-09-25T23:11:05+00:00
2026-09-25T18:11:07-05:00,2026-09-25T23:11:07+00:00,"Cliente MQTT explicito (paho, SAS manual)",DC-HUMO-08,0.018,25.97,2026-09-25T23:11:07+00:00
2026-09-25T18:11:39-05:00,2026-09-25T23:11:39+00:00,"Cliente MQTT explicito (paho, SAS manual)",DC-HUMO-08,0.021,25.91,2026-09-25T23:11:39+00:00
2026-09-25T18:11:43-05:00,2026-09-25T23:11:43+00:00,"Cliente MQTT explicito (paho, SAS manual)",DC-HUMO-08,0.018,26.44,2026-09-25T23:11:43+00:00
2026-09-25T18:11:44-05:00,2026-09-25T23:11:44+00:00,"Cliente MQTT explicito (paho, SAS manual)",DC-HUMO-08,0.019,26.4,2026-09-25T23:11:44+00:00
2026-09-25T18:11:44-05:00,2026-09-25T23:11:44+00:00,"Cliente MQTT explicito (paho, SAS manual)",DC-HUMO-08,0.02,25.84,2026-09-25T23:11:44+00:00
2026-09-25T18:11:46-05:00,2026-09-25T23:11:46+00:00,"Cliente MQTT explicito (paho, SAS manual)",DC-HUMO-08,0.02,25.94,2026-09-25T23:11:46+00:00
2026-09-25T18:11:48-05:00,2026-09-25T23:11:48+00:00,"Cliente MQTT explicito (paho, SAS manual)",DC-HUMO-08,0.017,25.94,2026-09-25T23:11:48+00:00
2026-09-25T18:11:50-05:00,2026-09-25T23:11:50+00:00,"Cliente MQTT explicito (paho, SAS manual)",DC-HUMO-08,0.019,26.44,2026-09-25T23:11:50+00:00
2026-09-25T18:11:52-05:00,2026-09-25T23:11:52+00:00,"Cliente MQTT explicito (paho, SAS manual)",DC-HUMO-08,0.02,26.44,2026-09-25T23:11:52+00:00
2026-09-25T18:12:24-05:00,2026-09-25T23:12:24+00:00,"Cliente MQTT explicito (paho, SAS manual)",DC-HUMO-08,0.017,26.33,2026-09-25T23:12:24+00:00
2026-09-25T18:12:29-05:00,2026-09-25T23:12:29+00:00,"Cliente MQTT explicito (paho, SAS manual)",DC-HUMO-08,0.02,25.78,2026-09-25T23:12:29+00:00
2026-09-25T18:12:29-05:00,2026-09-25T23:12:29+00:00,"Cliente MQTT explicito (paho, SAS manual)",DC-HUMO-08,0.017,26.13,2026-09-25T23:12:29+00:00
2026-09-25T18:12:29-05:00,2026-09-25T23:12:29+00:00,"Cliente MQTT explicito (paho, SAS manual)",DC-HUMO-08,0.019,26.0,2026-09-25T23:12:29+00:00
2026-09-25T18:12:32-05:00,2026-09-25T23:12:32+00:00,"Cliente MQTT explicito (paho, SAS manual)",DC-HUMO-08,0.018,26.21,2026-09-25T23:12:32+00:00
2026-09-25T18:12:33-05:00,2026-09-25T23:12:33+00:00,"Cliente MQTT explicito (paho, SAS manual)",DC-HUMO-08,0.02,26.16,2026-09-25T23:12:33+00:00
2026-09-25T18:12:36-05:00,2026-09-25T23:12:36+00:00,"Cliente MQTT explicito (paho, SAS manual)",DC-HUMO-08,0.019,26.42,2026-09-25T23:12:36+00:00
2026-09-25T18:12:38-05:00,2026-09-25T23:12:38+00:00,"Cliente MQTT explicito (paho, SAS manual)",DC-HUMO-08,0.019,25.97,2026-09-25T23:12:38+00:00
2026-09-25T18:13:10-05:00,2026-09-25T23:13:10+00:00,"Cliente MQTT explicito (paho, SAS manual)",DC-HUMO-08,0.017,25.99,2026-09-25T23:13:10+00:00
2026-09-25T18:13:14-05:00,2026-09-25T23:13:14+00:00,"Cliente MQTT explicito (paho, SAS manual)",DC-HUMO-08,0.019,26.39,2026-09-25T23:13:14+00:00
2026-09-25T18:13:14-05:00,2026-09-25T23:13:14+00:00,"Cliente MQTT explicito (paho, SAS manual)",DC-HUMO-08,0.021,26.41,2026-09-25T23:13:14+00:00
2026-09-25T18:13:15-05:00,2026-09-25T23:13:15+00:00,"Cliente MQTT explicito (paho, SAS manual)",DC-HUMO-08,0.021,26.16,2026-09-25T23:13:15+00:00
2026-09-25T18:13:17-05:00,2026-09-25T23:13:17+00:00,"Cliente MQTT explicito (paho, SAS manual)",DC-HUMO-08,0.019,25.78,2026-09-25T23:13:17+00:00
2026-09-25T18:13:19-05:00,2026-09-25T23:13:19+00:00,"Cliente MQTT explicito (paho, SAS manual)",DC-HUMO-08,0.02,26.52,2026-09-25T23:13:19+00:00
2026-09-25T18:13:21-05:00,2026-09-25T23:13:21+00:00,"Cliente MQTT explicito (paho, SAS manual)",DC-HUMO-08,0.018,26.12,2026-09-25T23:13:21+00:00
2026-09-25T18:13:24-05:00,2026-09-25T23:13:24+00:00,"Cliente MQTT explicito (paho, SAS manual)",DC-HUMO-08,0.019,25.85,2026-09-25T23:13:24+00:00
2026-09-25T18:13:56-05:00,2026-09-25T23:13:56+00:00,"Cliente MQTT explicito (paho, SAS manual)",DC-HUMO-08,0.018,25.94,2026-09-25T23:13:56+00:00
2026-09-25T18:13:59-05:00,2026-09-25T23:13:59+00:00,"Cliente MQTT explicito (paho, SAS manual)",DC-HUMO-08,0.02,26.17,2026-09-25T23:13:59+00:00
2026-09-25T18:13:59-05:00,2026-09-25T23:13:59+00:00,"Cliente MQTT explicito (paho, SAS manual)",DC-HUMO-08,0.021,26.52,2026-09-25T23:13:59+00:00
2026-09-25T18:14:00-05:00,2026-09-25T23:14:00+00:00,"Cliente MQTT explicito (paho, SAS manual)",DC-HUMO-08,0.021,26.38,2026-09-25T23:14:00+00:00
2026-09-25T18:14:02-05:00,2026-09-25T23:14:02+00:00,"Cliente MQTT explicito (paho, SAS manual)",DC-HUMO-08,0.02,26.15,2026-09-25T23:14:02+00:00
2026-09-25T18:14:04-05:00,2026-09-25T23:14:04+00:00,"Cliente MQTT explicito (paho, SAS manual)",DC-HUMO-08,0.017,25.76,2026-09-25T23:14:04+00:00
2026-09-25T18:14:06-05:00,2026-09-25T23:14:06+00:00,"Cliente MQTT explicito (paho, SAS manual)",DC-HUMO-08,0.02,25.9,2026-09-25T23:14:06+00:00
2026-09-25T18:14:09-05:00,2026-09-25T23:14:09+00:00,"Cliente MQTT explicito (paho, SAS manual)",DC-HUMO-08,0.019,26.46,2026-09-25T23:14:09+00:00
2026-09-25T18:14:41-05:00,2026-09-25T23:14:41+00:00,"Cliente MQTT explicito (paho, SAS manual)",DC-HUMO-08,0.019,26.26,2026-09-25T23:14:41+00:00
2026-09-25T18:14:44-05:00,2026-09-25T23:14:44+00:00,"Cliente MQTT explicito (paho, SAS manual)",DC-HUMO-08,0.019,26.46,2026-09-25T23:14:44+00:00
2026-09-25T18:14:45-05:00,2026-09-25T23:14:45+00:00,"Cliente MQTT explicito (paho, SAS manual)",DC-HUMO-08,0.02,25.78,2026-09-25T23:14:45+00:00
2026-09-25T18:14:46-05:00,2026-09-25T23:14:46+00:00,"Cliente MQTT explicito (paho, SAS manual)",DC-HUMO-08,0.02,26.22,2026-09-25T23:14:46+00:00
2026-09-25T18:14:47-05:00,2026-09-25T23:14:47+00:00,"Cliente MQTT explicito (paho, SAS manual)",DC-HUMO-08,0.021,25.99,2026-09-25T23:14:47+00:00
2026-09-25T18:14:50-05:00,2026-09-25T23:14:50+00:00,"Cliente MQTT explicito (paho, SAS manual)",DC-HUMO-08,0.021,26.24,2026-09-25T23:14:50+00:00
2026-09-25T18:14:51-05:00,2026-09-25T23:14:51+00:00,"Cliente MQTT explicito (paho, SAS manual)",DC-HUMO-08,0.019,26.0,2026-09-25T23:14:51+00:00
2026-09-25T18:14:55-05:00,2026-09-25T23:14:55+00:00,"Cliente MQTT explicito (paho, SAS manual)",DC-HUMO-08,0.021,25.83,2026-09-25T23:14:55+00:00
2026-09-25T18:15:27-05:00,2026-09-25T23:15:27+00:00,"Cliente MQTT explicito (paho, SAS manual)",DC-HUMO-08,0.021,26.23,2026-09-25T23:15:27+00:00
2026-09-25T18:15:30-05:00,2026-09-25T23:15:30+00:00,"Cliente MQTT explicito (paho, SAS manual)",DC-HUMO-08,0.018,26.01,2026-09-25T23:15:30+00:00
2026-09-25T18:15:30-05:00,2026-09-25T23:15:30+00:00,"Cliente MQTT explicito (paho, SAS manual)",DC-HUMO-08,0.018,26.35,2026-09-25T23:15:30+00:00
2026-09-25T18:15:31-05:00,2026-09-25T23:15:31+00:00,"Cliente MQTT explicito (paho, SAS manual)",DC-HUMO-08,0.02,26.38,2026-09-25T23:15:31+00:00
2026-09-25T18:15:33-05:00,2026-09-25T23:15:33+00:00,"Cliente MQTT explicito (paho, SAS manual)",DC-HUMO-08,0.019,26.18,2026-09-25T23:15:33+00:00
2026-09-25T18:15:35-05:00,2026-09-25T23:15:35+00:00,"Cliente MQTT explicito (paho, SAS manual)",DC-HUMO-08,0.018,25.86,2026-09-25T23:15:35+00:00
2026-09-25T18:15:37-05:00,2026-09-25T23:15:37+00:00,"Cliente MQTT explicito (paho, SAS manual)",DC-HUMO-08,0.017,25.84,2026-09-25T23:15:37+00:00
2026-09-25T18:15:41-05:00,2026-09-25T23:15:41+00:00,"Cliente MQTT explicito (paho, SAS manual)",DC-HUMO-08,0.02,25.86,2026-09-25T23:15:41+00:00
2026-09-25T18:16:12-05:00,2026-09-25T23:16:12+00:00,"Cliente MQTT explicito (paho, SAS manual)",DC-HUMO-08,0.019,26.26,2026-09-25T23:16:12+00:00
2026-09-25T18:16:15-05:00,2026-09-25T23:16:15+00:00,"Cliente MQTT explicito (paho, SAS manual)",DC-HUMO-08,0.02,26.49,2026-09-25T23:16:15+00:00
2026-09-25T18:16:15-05:00,2026-09-25T23:16:15+00:00,"Cliente MQTT explicito (paho, SAS manual)",DC-HUMO-08,0.02,26.51,2026-09-25T23:16:15+00:00
2026-09-25T18:16:17-05:00,2026-09-25T23:16:17+00:00,"Cliente MQTT explicito (paho, SAS manual)",DC-HUMO-08,0.017,26.05,2026-09-25T23:16:17+00:00
2026-09-25T18:16:19-05:00,2026-09-25T23:16:19+00:00,"Cliente MQTT explicito (paho, SAS manual)",DC-HUMO-08,0.02,26.29,2026-09-25T23:16:19+00:00
2026-09-25T18:16:21-05:00,2026-09-25T23:16:21+00:00,"Cliente MQTT explicito (paho, SAS manual)",DC-HUMO-08,0.02,26.33,2026-09-25T23:16:21+00:00
2026-09-25T18:16:22-05:00,2026-09-25T23:16:22+00:00,"Cliente MQTT explicito (paho, SAS manual)",DC-HUMO-08,0.02,26.46,2026-09-25T23:16:22+00:00
2026-09-25T18:16:26-05:00,2026-09-25T23:16:26+00:00,"Cliente MQTT explicito (paho, SAS manual)",DC-HUMO-08,0.018,26.25,2026-09-25T23:16:26+00:00
2026-09-25T18:16:57-05:00,2026-09-25T23:16:57+00:00,"Cliente MQTT explicito (paho, SAS manual)",DC-HUMO-08,0.018,26.22,2026-09-25T23:16:57+00:00
2026-09-25T18:17:00-05:00,2026-09-25T23:17:00+00:00,"Cliente MQTT explicito (paho, SAS manual)",DC-HUMO-08,0.021,26.36,2026-09-25T23:17:00+00:00
2026-09-25T18:17:01-05:00,2026-09-25T23:17:01+00:00,"Cliente MQTT explicito (paho, SAS manual)",DC-HUMO-08,0.019,26.12,2026-09-25T23:17:01+00:00
2026-09-25T18:17:02-05:00,2026-09-25T23:17:02+00:00,"Cliente MQTT explicito (paho, SAS manual)",DC-HUMO-08,0.021,26.38,2026-09-25T23:17:02+00:00
2026-09-25T18:17:04-05:00,2026-09-25T23:17:04+00:00,"Cliente MQTT explicito (paho, SAS manual)",DC-HUMO-08,0.018,26.52,2026-09-25T23:17:04+00:00
2026-09-25T18:17:06-05:00,2026-09-25T23:17:06+00:00,"Cliente MQTT explicito (paho, SAS manual)",DC-HUMO-08,0.019,26.45,2026-09-25T23:17:06+00:00
2026-09-25T18:17:07-05:00,2026-09-25T23:17:07+00:00,"Cliente MQTT explicito (paho, SAS manual)",DC-HUMO-08,0.02,25.85,2026-09-25T23:17:07+00:00
2026-09-25T18:17:11-05:00,2026-09-25T23:17:11+00:00,"Cliente MQTT explicito (paho, SAS manual)",DC-HUMO-08,0.018,25.88,2026-09-25T23:17:11+00:00
2026-09-25T18:17:43-05:00,2026-09-25T23:17:43+00:00,"Cliente MQTT explicito (paho, SAS manual)",DC-HUMO-08,0.02,25.8,2026-09-25T23:17:43+00:00
2026-09-25T18:17:46-05:00,2026-09-25T23:17:46+00:00,"Cliente MQTT explicito (paho, SAS manual)",DC-HUMO-08,0.02,26.42,2026-09-25T23:17:46+00:00
2026-09-25T18:17:46-05:00,2026-09-25T23:17:46+00:00,"Cliente MQTT explicito (paho, SAS manual)",DC-HUMO-08,0.018,26.0,2026-09-25T23:17:46+00:00
2026-09-25T18:17:47-05:00,2026-09-25T23:17:47+00:00,"Cliente MQTT explicito (paho, SAS manual)",DC-HUMO-08,0.017,25.77,2026-09-25T23:17:47+00:00
2026-09-25T18:17:49-05:00,2026-09-25T23:17:49+00:00,"Cliente MQTT explicito (paho, SAS manual)",DC-HUMO-08,0.02,26.19,2026-09-25T23:17:49+00:00
2026-09-25T18:17:52-05:00,2026-09-25T23:17:52+00:00,"Cliente MQTT explicito (paho, SAS manual)",DC-HUMO-08,0.018,26.2,2026-09-25T23:17:52+00:00
2026-09-25T18:17:52-05:00,2026-09-25T23:17:52+00:00,"Cliente MQTT explicito (paho, SAS manual)",DC-HUMO-08,0.018,25.86,2026-09-25T23:17:52+00:00
2026-09-25T18:17:57-05:00,2026-09-25T23:17:57+00:00,"Cliente MQTT explicito (paho, SAS manual)",DC-HUMO-08,0.021,25.83,2026-09-25T23:17:57+00:00
2026-09-25T18:18:28-05:00,2026-09-25T23:18:28+00:00,"Cliente MQTT explicito (paho, SAS manual)",DC-HUMO-08,0.02,26.01,2026-09-25T23:18:28+00:00
2026-09-25T18:18:31-05:00,2026-09-25T23:18:31+00:00,"Cliente MQTT explicito (paho, SAS manual)",DC-HUMO-08,0.021,25.79,2026-09-25T23:18:31+00:00
2026-09-25T18:18:31-05:00,2026-09-25T23:18:31+00:00,"Cliente MQTT explicito (paho, SAS manual)",DC-HUMO-08,0.018,26.46,2026-09-25T23:18:31+00:00
2026-09-25T18:18:33-05:00,2026-09-25T23:18:33+00:00,"Cliente MQTT explicito (paho, SAS manual)",DC-HUMO-08,0.02,25.94,2026-09-25T23:18:33+00:00
2026-09-25T18:18:35-05:00,2026-09-25T23:18:35+00:00,"Cliente MQTT explicito (paho, SAS manual)",DC-HUMO-08,0.019,25.73,2026-09-25T23:18:35+00:00
2026-09-25T18:18:37-05:00,2026-09-25T23:18:37+00:00,"Cliente MQTT explicito (paho, SAS manual)",DC-HUMO-08,0.018,26.22,2026-09-25T23:18:37+00:00
2026-09-25T18:18:38-05:00,2026-09-25T23:18:38+00:00,"Cliente MQTT explicito (paho, SAS manual)",DC-HUMO-08,0.02,26.13,2026-09-25T23:18:38+00:00
2026-09-25T18:18:42-05:00,2026-09-25T23:18:42+00:00,"Cliente MQTT explicito (paho, SAS manual)",DC-HUMO-08,0.02,25.84,2026-09-25T23:18:42+00:00
2026-09-25T18:19:14-05:00,2026-09-25T23:19:14+00:00,"Cliente MQTT explicito (paho, SAS manual)",DC-HUMO-08,0.018,26.37,2026-09-25T23:19:14+00:00
2026-09-25T18:19:16-05:00,2026-09-25T23:19:16+00:00,"Cliente MQTT explicito (paho, SAS manual)",DC-HUMO-08,0.018,25.94,2026-09-25T23:19:16+00:00
2026-09-25T18:19:18-05:00,2026-09-25T23:19:18+00:00,"Cliente MQTT explicito (paho, SAS manual)",DC-HUMO-08,0.019,25.74,2026-09-25T23:19:18+00:00
2026-09-25T18:19:18-05:00,2026-09-25T23:19:18+00:00,"Cliente MQTT explicito (paho, SAS manual)",DC-HUMO-08,0.02,26.19,2026-09-25T23:19:18+00:00
2026-09-25T18:19:21-05:00,2026-09-25T23:19:21+00:00,"Cliente MQTT explicito (paho, SAS manual)",DC-HUMO-08,0.02,26.16,2026-09-25T23:19:21+00:00
2026-09-25T18:19:22-05:00,2026-09-25T23:19:22+00:00,"Cliente MQTT explicito (paho, SAS manual)",DC-HUMO-08,0.02,25.97,2026-09-25T23:19:22+00:00
2026-09-25T18:19:23-05:00,2026-09-25T23:19:23+00:00,"Cliente MQTT explicito (paho, SAS manual)",DC-HUMO-08,0.021,26.1,2026-09-25T23:19:23+00:00
2026-09-25T18:19:28-05:00,2026-09-25T23:19:28+00:00,"Cliente MQTT explicito (paho, SAS manual)",DC-HUMO-08,0.019,25.85,2026-09-25T23:19:28+00:00
2026-09-25T18:20:00-05:00,2026-09-25T23:20:00+00:00,"Cliente MQTT explicito (paho, SAS manual)",DC-HUMO-08,0.019,25.73,2026-09-25T23:20:00+00:00
2026-09-25T18:20:01-05:00,2026-09-25T23:20:01+00:00,"Cliente MQTT explicito (paho, SAS manual)",DC-HUMO-08,0.02,26.09,2026-09-25T23:20:01+00:00
2026-09-25T18:20:03-05:00,2026-09-25T23:20:03+00:00,"Cliente MQTT explicito (paho, SAS manual)",DC-HUMO-08,0.018,25.71,2026-09-25T23:20:03+00:00
2026-09-25T18:20:03-05:00,2026-09-25T23:20:03+00:00,"Cliente MQTT explicito (paho, SAS manual)",DC-HUMO-08,0.019,26.26,2026-09-25T23:20:03+00:00
2026-09-25T18:20:06-05:00,2026-09-25T23:20:06+00:00,"Cliente MQTT explicito (paho, SAS manual)",DC-HUMO-08,0.02,25.86,2026-09-25T23:20:06+00:00
2026-09-25T18:20:07-05:00,2026-09-25T23:20:07+00:00,"Cliente MQTT explicito (paho, SAS manual)",DC-HUMO-08,0.018,26.21,2026-09-25T23:20:07+00:00
2026-09-25T18:20:09-05:00,2026-09-25T23:20:09+00:00,"Cliente MQTT explicito (paho, SAS manual)",DC-HUMO-08,0.018,26.26,2026-09-25T23:20:09+00:00
2026-09-25T18:20:13-05:00,2026-09-25T23:20:13+00:00,"Cliente MQTT explicito (paho, SAS manual)",DC-HUMO-08,0.017,25.91,2026-09-25T23:20:13+00:00
2026-09-25T18:20:45-05:00,2026-09-25T23:20:45+00:00,"Cliente MQTT explicito (paho, SAS manual)",DC-HUMO-08,0.018,25.74,2026-09-25T23:20:45+00:00
2026-09-25T18:20:46-05:00,2026-09-25T23:20:46+00:00,"Cliente MQTT explicito (paho, SAS manual)",DC-HUMO-08,0.018,25.9,2026-09-25T23:20:46+00:00
2026-09-25T18:20:48-05:00,2026-09-25T23:20:48+00:00,"Cliente MQTT explicito (paho, SAS manual)",DC-HUMO-08,0.019,26.38,2026-09-25T23:20:48+00:00
2026-09-25T18:20:48-05:00,2026-09-25T23:20:48+00:00,"Cliente MQTT explicito (paho, SAS manual)",DC-HUMO-08,0.021,25.76,2026-09-25T23:20:48+00:00
2026-09-25T18:20:51-05:00,2026-09-25T23:20:51+00:00,"Cliente MQTT explicito (paho, SAS manual)",DC-HUMO-08,0.019,25.93,2026-09-25T23:20:51+00:00
2026-09-25T18:20:52-05:00,2026-09-25T23:20:52+00:00,"Cliente MQTT explicito (paho, SAS manual)",DC-HUMO-08,0.018,25.95,2026-09-25T23:20:52+00:00
2026-09-25T18:20:54-05:00,2026-09-25T23:20:54+00:00,"Cliente MQTT explicito (paho, SAS manual)",DC-HUMO-08,0.019,26.46,2026-09-25T23:20:54+00:00
2026-09-25T18:20:58-05:00,2026-09-25T23:20:58+00:00,"Cliente MQTT explicito (paho, SAS manual)",DC-HUMO-08,0.017,25.87,2026-09-25T23:20:58+00:00
2026-09-25T18:21:30-05:00,2026-09-25T23:21:30+00:00,"Cliente MQTT explicito (paho, SAS manual)",DC-HUMO-08,0.019,26.35,2026-09-25T23:21:30+00:00
2026-09-25T18:21:32-05:00,2026-09-25T23:21:32+00:00,"Cliente MQTT explicito (paho, SAS manual)",DC-HUMO-08,0.02,25.71,2026-09-25T23:21:32+00:00
2026-09-25T18:21:33-05:00,2026-09-25T23:21:33+00:00,"Cliente MQTT explicito (paho, SAS manual)",DC-HUMO-08,0.02,25.88,2026-09-25T23:21:33+00:00
2026-09-25T18:21:33-05:00,2026-09-25T23:21:33+00:00,"Cliente MQTT explicito (paho, SAS manual)",DC-HUMO-08,0.02,26.24,2026-09-25T23:21:33+00:00
2026-09-25T18:21:36-05:00,2026-09-25T23:21:36+00:00,"Cliente MQTT explicito (paho, SAS manual)",DC-HUMO-08,0.02,26.4,2026-09-25T23:21:36+00:00
2026-09-25T18:21:38-05:00,2026-09-25T23:21:38+00:00,"Cliente MQTT explicito (paho, SAS manual)",DC-HUMO-08,0.02,26.31,2026-09-25T23:21:38+00:00
2026-09-25T18:21:39-05:00,2026-09-25T23:21:39+00:00,"Cliente MQTT explicito (paho, SAS manual)",DC-HUMO-08,0.018,25.85,2026-09-25T23:21:39+00:00
2026-09-25T18:21:44-05:00,2026-09-25T23:21:44+00:00,"Cliente MQTT explicito (paho, SAS manual)",DC-HUMO-08,0.019,26.3,2026-09-25T23:21:44+00:00
2026-09-25T18:22:15-05:00,2026-09-25T23:22:15+00:00,"Cliente MQTT explicito (paho, SAS manual)",DC-HUMO-08,0.018,26.15,2026-09-25T23:22:15+00:00
2026-09-25T18:22:17-05:00,2026-09-25T23:22:17+00:00,"Cliente MQTT explicito (paho, SAS manual)",DC-HUMO-08,0.019,25.97,2026-09-25T23:22:17+00:00
2026-09-25T18:22:18-05:00,2026-09-25T23:22:18+00:00,"Cliente MQTT explicito (paho, SAS manual)",DC-HUMO-08,0.019,25.75,2026-09-25T23:22:18+00:00
2026-09-25T18:22:18-05:00,2026-09-25T23:22:18+00:00,"Cliente MQTT explicito (paho, SAS manual)",DC-HUMO-08,0.017,25.98,2026-09-25T23:22:18+00:00
2026-09-25T18:22:22-05:00,2026-09-25T23:22:22+00:00,"Cliente MQTT explicito (paho, SAS manual)",DC-HUMO-08,0.017,25.97,2026-09-25T23:22:22+00:00
2026-09-25T18:22:24-05:00,2026-09-25T23:22:24+00:00,"Cliente MQTT explicito (paho, SAS manual)",DC-HUMO-08,0.02,25.83,2026-09-25T23:22:24+00:00
2026-09-25T18:22:25-05:00,2026-09-25T23:22:25+00:00,"Cliente MQTT explicito (paho, SAS manual)",DC-HUMO-08,0.02,26.0,2026-09-25T23:22:25+00:00
2026-09-25T18:22:29-05:00,2026-09-25T23:22:29+00:00,"Cliente MQTT explicito (paho, SAS manual)",DC-HUMO-08,0.018,25.96,2026-09-25T23:22:29+00:00
2026-09-25T18:23:01-05:00,2026-09-25T23:23:01+00:00,"Cliente MQTT explicito (paho, SAS manual)",DC-HUMO-08,0.02,26.24,2026-09-25T23:23:01+00:00
2026-09-25T18:23:03-05:00,2026-09-25T23:23:03+00:00,"Cliente MQTT explicito (paho, SAS manual)",DC-HUMO-08,0.017,25.71,2026-09-25T23:23:03+00:00
2026-09-25T18:23:04-05:00,2026-09-25T23:23:04+00:00,"Cliente MQTT explicito (paho, SAS manual)",DC-HUMO-08,0.02,25.86,2026-09-25T23:23:04+00:00
2026-09-25T18:23:04-05:00,2026-09-25T23:23:04+00:00,"Cliente MQTT explicito (paho, SAS manual)",DC-HUMO-08,0.019,25.99,2026-09-25T23:23:04+00:00
2026-09-25T18:23:08-05:00,2026-09-25T23:23:08+00:00,"Cliente MQTT explicito (paho, SAS manual)",DC-HUMO-08,0.019,26.15,2026-09-25T23:23:08+00:00
2026-09-25T18:23:09-05:00,2026-09-25T23:23:09+00:00,"Cliente MQTT explicito (paho, SAS manual)",DC-HUMO-08,0.021,26.11,2026-09-25T23:23:09+00:00
2026-09-25T18:23:11-05:00,2026-09-25T23:23:11+00:00,"Cliente MQTT explicito (paho, SAS manual)",DC-HUMO-08,0.017,26.16,2026-09-25T23:23:11+00:00
2026-09-25T18:23:14-05:00,2026-09-25T23:23:14+00:00,"Cliente MQTT explicito (paho, SAS manual)",DC-HUMO-08,0.019,26.37,2026-09-25T23:23:14+00:00
2026-09-25T18:23:46-05:00,2026-09-25T23:23:46+00:00,"Cliente MQTT explicito (paho, SAS manual)",DC-HUMO-08,0.02,26.1,2026-09-25T23:23:46+00:00
2026-09-25T18:23:48-05:00,2026-09-25T23:23:48+00:00,"Cliente MQTT explicito (paho, SAS manual)",DC-HUMO-08,0.019,25.81,2026-09-25T23:23:48+00:00
2026-09-25T18:23:49-05:00,2026-09-25T23:23:49+00:00,"Cliente MQTT explicito (paho, SAS manual)",DC-HUMO-08,0.019,26.14,2026-09-25T23:23:49+00:00
2026-09-25T18:23:49-05:00,2026-09-25T23:23:49+00:00,"Cliente MQTT explicito (paho, SAS manual)",DC-HUMO-08,0.019,26.4,2026-09-25T23:23:49+00:00
2026-09-25T18:23:53-05:00,2026-09-25T23:23:53+00:00,"Cliente MQTT explicito (paho, SAS manual)",DC-HUMO-08,0.018,25.89,2026-09-25T23:23:53+00:00
2026-09-25T18:23:54-05:00,2026-09-25T23:23:54+00:00,"Cliente MQTT explicito (paho, SAS manual)",DC-HUMO-08,0.02,25.7,2026-09-25T23:23:54+00:00
2026-09-25T18:23:56-05:00,2026-09-25T23:23:56+00:00,"Cliente MQTT explicito (paho, SAS manual)",DC-HUMO-08,0.018,25.88,2026-09-25T23:23:56+00:00
2026-09-25T18:24:00-05:00,2026-09-25T23:24:00+00:00,"Cliente MQTT explicito (paho, SAS manual)",DC-HUMO-08,0.02,26.01,2026-09-25T23:24:00+00:00
2026-09-25T18:24:31-05:00,2026-09-25T23:24:31+00:00,"Cliente MQTT explicito (paho, SAS manual)",DC-HUMO-08,0.019,26.14,2026-09-25T23:24:31+00:00
2026-09-25T18:24:33-05:00,2026-09-25T23:24:33+00:00,"Cliente MQTT explicito (paho, SAS manual)",DC-HUMO-08,0.019,26.43,2026-09-25T23:24:33+00:00
2026-09-25T18:24:34-05:00,2026-09-25T23:24:34+00:00,"Cliente MQTT explicito (paho, SAS manual)",DC-HUMO-08,0.019,26.27,2026-09-25T23:24:34+00:00
2026-09-25T18:24:35-05:00,2026-09-25T23:24:35+00:00,"Cliente MQTT explicito (paho, SAS manual)",DC-HUMO-08,0.018,26.31,2026-09-25T23:24:35+00:00
2026-09-25T18:24:39-05:00,2026-09-25T23:24:39+00:00,"Cliente MQTT explicito (paho, SAS manual)",DC-HUMO-08,0.021,26.22,2026-09-25T23:24:39+00:00
2026-09-25T18:24:39-05:00,2026-09-25T23:24:39+00:00,"Cliente MQTT explicito (paho, SAS manual)",DC-HUMO-08,0.018,26.34,2026-09-25T23:24:39+00:00
2026-09-25T18:24:41-05:00,2026-09-25T23:24:41+00:00,"Cliente MQTT explicito (paho, SAS manual)",DC-HUMO-08,0.02,26.02,2026-09-25T23:24:41+00:00
2026-09-25T18:24:45-05:00,2026-09-25T23:24:45+00:00,"Cliente MQTT explicito (paho, SAS manual)",DC-HUMO-08,0.017,26.41,2026-09-25T23:24:45+00:00
2026-09-25T18:25:18-05:00,2026-09-25T23:25:18+00:00,"Cliente MQTT explicito (paho, SAS manual)",DC-HUMO-08,0.019,25.75,2026-09-25T23:25:18+00:00
2026-09-25T18:25:18-05:00,2026-09-25T23:25:18+00:00,"Cliente MQTT explicito (paho, SAS manual)",DC-HUMO-08,0.019,25.71,2026-09-25T23:25:18+00:00
2026-09-25T18:25:19-05:00,2026-09-25T23:25:19+00:00,"Cliente MQTT explicito (paho, SAS manual)",DC-HUMO-08,0.02,26.4,2026-09-25T23:25:19+00:00
2026-09-25T18:25:20-05:00,2026-09-25T23:25:20+00:00,"Cliente MQTT explicito (paho, SAS manual)",DC-HUMO-08,0.018,26.05,2026-09-25T23:25:20+00:00
2026-09-25T18:25:24-05:00,2026-09-25T23:25:24+00:00,"Cliente MQTT explicito (paho, SAS manual)",DC-HUMO-08,0.018,26.37,2026-09-25T23:25:24+00:00
2026-09-25T18:25:25-05:00,2026-09-25T23:25:25+00:00,"Cliente MQTT explicito (paho, SAS manual)",DC-HUMO-08,0.02,26.02,2026-09-25T23:25:25+00:00
2026-09-25T18:25:27-05:00,2026-09-25T23:25:27+00:00,"Cliente MQTT explicito (paho, SAS manual)",DC-HUMO-08,0.019,25.76,2026-09-25T23:25:27+00:00
2026-09-25T18:25:30-05:00,2026-09-25T23:25:30+00:00,"Cliente MQTT explicito (paho, SAS manual)",DC-HUMO-08,0.02,26.11,2026-09-25T23:25:30+00:00
2026-09-25T18:26:03-05:00,2026-09-25T23:26:03+00:00,"Cliente MQTT explicito (paho, SAS manual)",DC-HUMO-08,0.02,26.41,2026-09-25T23:26:03+00:00
2026-09-25T18:26:03-05:00,2026-09-25T23:26:03+00:00,"Cliente MQTT explicito (paho, SAS manual)",DC-HUMO-08,0.019,25.81,2026-09-25T23:26:03+00:00
2026-09-25T18:26:04-05:00,2026-09-25T23:26:04+00:00,"Cliente MQTT explicito (paho, SAS manual)",DC-HUMO-08,0.017,25.8,2026-09-25T23:26:04+00:00
2026-09-25T18:26:05-05:00,2026-09-25T23:26:05+00:00,"Cliente MQTT explicito (paho, SAS manual)",DC-HUMO-08,0.019,26.4,2026-09-25T23:26:05+00:00
2026-09-25T18:26:09-05:00,2026-09-25T23:26:09+00:00,"Cliente MQTT explicito (paho, SAS manual)",DC-HUMO-08,0.021,26.45,2026-09-25T23:26:09+00:00
2026-09-25T18:26:10-05:00,2026-09-25T23:26:10+00:00,"Cliente MQTT explicito (paho, SAS manual)",DC-HUMO-08,0.018,25.99,2026-09-25T23:26:10+00:00
2026-09-25T18:26:12-05:00,2026-09-25T23:26:12+00:00,"Cliente MQTT explicito (paho, SAS manual)",DC-HUMO-08,0.021,25.78,2026-09-25T23:26:12+00:00
2026-09-25T18:26:16-05:00,2026-09-25T23:26:16+00:00,"Cliente MQTT explicito (paho, SAS manual)",DC-HUMO-08,0.018,25.74,2026-09-25T23:26:16+00:00
2026-09-25T18:26:48-05:00,2026-09-25T23:26:48+00:00,"Cliente MQTT explicito (paho, SAS manual)",DC-HUMO-08,0.018,26.03,2026-09-25T23:26:48+00:00
2026-09-25T18:26:48-05:00,2026-09-25T23:26:48+00:00,"Cliente MQTT explicito (paho, SAS manual)",DC-HUMO-08,0.018,26.42,2026-09-25T23:26:48+00:00
2026-09-25T18:26:50-05:00,2026-09-25T23:26:50+00:00,"Cliente MQTT explicito (paho, SAS manual)",DC-HUMO-08,0.021,25.82,2026-09-25T23:26:50+00:00
2026-09-25T18:26:50-05:00,2026-09-25T23:26:50+00:00,"Cliente MQTT explicito (paho, SAS manual)",DC-HUMO-08,0.02,26.33,2026-09-25T23:26:50+00:00
2026-09-25T18:26:55-05:00,2026-09-25T23:26:55+00:00,"Cliente MQTT explicito (paho, SAS manual)",DC-HUMO-08,0.019,25.65,2026-09-25T23:26:55+00:00
2026-09-25T18:26:56-05:00,2026-09-25T23:26:56+00:00,"Cliente MQTT explicito (paho, SAS manual)",DC-HUMO-08,0.017,25.85,2026-09-25T23:26:56+00:00
2026-09-25T18:26:58-05:00,2026-09-25T23:26:58+00:00,"Cliente MQTT explicito (paho, SAS manual)",DC-HUMO-08,0.019,25.69,2026-09-25T23:26:58+00:00
2026-09-25T18:27:01-05:00,2026-09-25T23:27:01+00:00,"Cliente MQTT explicito (paho, SAS manual)",DC-HUMO-08,0.02,26.33,2026-09-25T23:27:01+00:00
2026-09-25T18:27:33-05:00,2026-09-25T23:27:33+00:00,"Cliente MQTT explicito (paho, SAS manual)",DC-HUMO-08,0.021,25.88,2026-09-25T23:27:33+00:00
2026-09-25T18:27:34-05:00,2026-09-25T23:27:34+00:00,"Cliente MQTT explicito (paho, SAS manual)",DC-HUMO-08,0.019,26.33,2026-09-25T23:27:34+00:00
2026-09-25T18:27:35-05:00,2026-09-25T23:27:35+00:00,"Cliente MQTT explicito (paho, SAS manual)",DC-HUMO-08,0.02,25.96,2026-09-25T23:27:35+00:00
2026-09-25T18:27:36-05:00,2026-09-25T23:27:36+00:00,"Cliente MQTT explicito (paho, SAS manual)",DC-HUMO-08,0.018,25.92,2026-09-25T23:27:36+00:00
2026-09-25T18:27:40-05:00,2026-09-25T23:27:40+00:00,"Cliente MQTT explicito (paho, SAS manual)",DC-HUMO-08,0.018,26.31,2026-09-25T23:27:40+00:00
2026-09-25T18:27:42-05:00,2026-09-25T23:27:42+00:00,"Cliente MQTT explicito (paho, SAS manual)",DC-HUMO-08,0.021,26.28,2026-09-25T23:27:42+00:00
2026-09-25T18:27:43-05:00,2026-09-25T23:27:43+00:00,"Cliente MQTT explicito (paho, SAS manual)",DC-HUMO-08,0.02,26.35,2026-09-25T23:27:43+00:00
2026-09-25T18:27:47-05:00,2026-09-25T23:27:47+00:00,"Cliente MQTT explicito (paho, SAS manual)",DC-HUMO-08,0.018,26.19,2026-09-25T23:27:47+00:00
2026-09-25T18:28:18-05:00,2026-09-25T23:28:18+00:00,"Cliente MQTT explicito (paho, SAS manual)",DC-HUMO-08,0.019,26.27,2026-09-25T23:28:18+00:00
2026-09-25T18:28:19-05:00,2026-09-25T23:28:19+00:00,"Cliente MQTT explicito (paho, SAS manual)",DC-HUMO-08,0.019,26.18,2026-09-25T23:28:19+00:00
2026-09-25T18:28:20-05:00,2026-09-25T23:28:20+00:00,"Cliente MQTT explicito (paho, SAS manual)",DC-HUMO-08,0.02,25.98,2026-09-25T23:28:20+00:00
2026-09-25T18:28:21-05:00,2026-09-25T23:28:21+00:00,"Cliente MQTT explicito (paho, SAS manual)",DC-HUMO-08,0.021,25.85,2026-09-25T23:28:21+00:00
2026-09-25T18:28:25-05:00,2026-09-25T23:28:25+00:00,"Cliente MQTT explicito (paho, SAS manual)",DC-HUMO-08,0.02,25.64,2026-09-25T23:28:25+00:00
2026-09-25T18:28:27-05:00,2026-09-25T23:28:27+00:00,"Cliente MQTT explicito (paho, SAS manual)",DC-HUMO-08,0.019,26.19,2026-09-25T23:28:27+00:00
2026-09-25T18:28:29-05:00,2026-09-25T23:28:29+00:00,"Cliente MQTT explicito (paho, SAS manual)",DC-HUMO-08,0.018,25.74,2026-09-25T23:28:29+00:00
2026-09-25T18:28:32-05:00,2026-09-25T23:28:32+00:00,"Cliente MQTT explicito (paho, SAS manual)",DC-HUMO-08,0.019,25.92,2026-09-25T23:28:32+00:00
2026-09-25T18:29:04-05:00,2026-09-25T23:29:04+00:00,"Cliente MQTT explicito (paho, SAS manual)",DC-HUMO-08,0.021,25.92,2026-09-25T23:29:04+00:00
2026-09-25T18:29:05-05:00,2026-09-25T23:29:05+00:00,"Cliente MQTT explicito (paho, SAS manual)",DC-HUMO-08,0.021,26.09,2026-09-25T23:29:05+00:00
2026-09-25T18:29:05-05:00,2026-09-25T23:29:05+00:00,"Cliente MQTT explicito (paho, SAS manual)",DC-HUMO-08,0.02,25.82,2026-09-25T23:29:05+00:00
2026-09-25T18:29:07-05:00,2026-09-25T23:29:07+00:00,"Cliente MQTT explicito (paho, SAS manual)",DC-HUMO-08,0.021,26.02,2026-09-25T23:29:07+00:00
2026-09-25T18:29:10-05:00,2026-09-25T23:29:10+00:00,"Cliente MQTT explicito (paho, SAS manual)",DC-HUMO-08,0.017,26.07,2026-09-25T23:29:10+00:00
2026-09-25T18:29:13-05:00,2026-09-25T23:29:13+00:00,"Cliente MQTT explicito (paho, SAS manual)",DC-HUMO-08,0.021,25.64,2026-09-25T23:29:13+00:00
2026-09-25T18:29:15-05:00,2026-09-25T23:29:15+00:00,"Cliente MQTT explicito (paho, SAS manual)",DC-HUMO-08,0.021,26.06,2026-09-25T23:29:15+00:00
2026-09-25T18:29:17-05:00,2026-09-25T23:29:17+00:00,"Cliente MQTT explicito (paho, SAS manual)",DC-HUMO-08,0.02,25.93,2026-09-25T23:29:17+00:00
2026-09-25T18:29:49-05:00,2026-09-25T23:29:49+00:00,"Cliente MQTT explicito (paho, SAS manual)",DC-HUMO-08,0.018,26.42,2026-09-25T23:29:49+00:00
2026-09-25T18:29:51-05:00,2026-09-25T23:29:51+00:00,"Cliente MQTT explicito (paho, SAS manual)",DC-HUMO-08,0.02,25.89,2026-09-25T23:29:51+00:00
2026-09-25T18:29:51-05:00,2026-09-25T23:29:51+00:00,"Cliente MQTT explicito (paho, SAS manual)",DC-HUMO-08,0.017,26.23,2026-09-25T23:29:51+00:00
2026-09-25T18:29:53-05:00,2026-09-25T23:29:53+00:00,"Cliente MQTT explicito (paho, SAS manual)",DC-HUMO-08,0.02,26.22,2026-09-25T23:29:53+00:00
2026-09-25T18:29:56-05:00,2026-09-25T23:29:56+00:00,"Cliente MQTT explicito (paho, SAS manual)",DC-HUMO-08,0.018,25.92,2026-09-25T23:29:56+00:00
2026-09-25T18:29:58-05:00,2026-09-25T23:29:58+00:00,"Cliente MQTT explicito (paho, SAS manual)",DC-HUMO-08,0.017,25.91,2026-09-25T23:29:58+00:00
2026-09-25T18:30:00-05:00,2026-09-25T23:30:00+00:00,"Cliente MQTT explicito (paho, SAS manual)",DC-HUMO-08,0.02,25.75,2026-09-25T23:30:00+00:00
2026-09-25T18:30:03-05:00,2026-09-25T23:30:03+00:00,"Cliente MQTT explicito (paho, SAS manual)",DC-HUMO-08,0.019,26.22,2026-09-25T23:30:03+00:00
2026-09-25T18:30:35-05:00,2026-09-25T23:30:35+00:00,"Cliente MQTT explicito (paho, SAS manual)",DC-HUMO-08,0.021,26.3,2026-09-25T23:30:35+00:00
2026-09-25T18:30:36-05:00,2026-09-25T23:30:36+00:00,"Cliente MQTT explicito (paho, SAS manual)",DC-HUMO-08,0.019,25.82,2026-09-25T23:30:36+00:00
2026-09-25T18:30:36-05:00,2026-09-25T23:30:36+00:00,"Cliente MQTT explicito (paho, SAS manual)",DC-HUMO-08,0.02,25.98,2026-09-25T23:30:36+00:00
2026-09-25T18:30:38-05:00,2026-09-25T23:30:38+00:00,"Cliente MQTT explicito (paho, SAS manual)",DC-HUMO-08,0.017,25.66,2026-09-25T23:30:38+00:00
2026-09-25T18:30:41-05:00,2026-09-25T23:30:41+00:00,"Cliente MQTT explicito (paho, SAS manual)",DC-HUMO-08,0.02,26.08,2026-09-25T23:30:41+00:00
2026-09-25T18:30:43-05:00,2026-09-25T23:30:43+00:00,"Cliente MQTT explicito (paho, SAS manual)",DC-HUMO-08,0.018,25.86,2026-09-25T23:30:43+00:00
2026-09-25T18:30:46-05:00,2026-09-25T23:30:46+00:00,"Cliente MQTT explicito (paho, SAS manual)",DC-HUMO-08,0.018,26.29,2026-09-25T23:30:46+00:00
2026-09-25T18:30:49-05:00,2026-09-25T23:30:49+00:00,"Cliente MQTT explicito (paho, SAS manual)",DC-HUMO-08,0.02,26.19,2026-09-25T23:30:49+00:00
2026-09-25T18:31:21-05:00,2026-09-25T23:31:21+00:00,"Cliente MQTT explicito (paho, SAS manual)",DC-HUMO-08,0.02,26.08,2026-09-25T23:31:21+00:00
2026-09-25T18:31:22-05:00,2026-09-25T23:31:22+00:00,"Cliente MQTT explicito (paho, SAS manual)",DC-HUMO-08,0.019,26.25,2026-09-25T23:31:22+00:00
2026-09-25T18:31:22-05:00,2026-09-25T23:31:22+00:00,"Cliente MQTT explicito (paho, SAS manual)",DC-HUMO-08,0.018,25.94,2026-09-25T23:31:22+00:00
2026-09-25T18:31:24-05:00,2026-09-25T23:31:24+00:00,"Cliente MQTT explicito (paho, SAS manual)",DC-HUMO-08,0.017,26.01,2026-09-25T23:31:24+00:00
2026-09-25T18:31:27-05:00,2026-09-25T23:31:27+00:00,"Cliente MQTT explicito (paho, SAS manual)",DC-HUMO-08,0.02,26.28,2026-09-25T23:31:27+00:00
2026-09-25T18:31:28-05:00,2026-09-25T23:31:28+00:00,"Cliente MQTT explicito (paho, SAS manual)",DC-HUMO-08,0.017,26.3,2026-09-25T23:31:28+00:00
2026-09-25T18:31:31-05:00,2026-09-25T23:31:31+00:00,"Cliente MQTT explicito (paho, SAS manual)",DC-HUMO-08,0.02,25.75,2026-09-25T23:31:31+00:00
2026-09-25T18:31:34-05:00,2026-09-25T23:31:34+00:00,"Cliente MQTT explicito (paho, SAS manual)",DC-HUMO-08,0.018,26.15,2026-09-25T23:31:34+00:00
2026-09-25T18:32:06-05:00,2026-09-25T23:32:06+00:00,"Cliente MQTT explicito (paho, SAS manual)",DC-HUMO-08,0.017,26.04,2026-09-25T23:32:06+00:00
2026-09-25T18:32:07-05:00,2026-09-25T23:32:07+00:00,"Cliente MQTT explicito (paho, SAS manual)",DC-HUMO-08,0.019,25.93,2026-09-25T23:32:07+00:00
2026-09-25T18:32:07-05:00,2026-09-25T23:32:07+00:00,"Cliente MQTT explicito (paho, SAS manual)",DC-HUMO-08,0.02,26.26,2026-09-25T23:32:07+00:00
2026-09-25T18:32:09-05:00,2026-09-25T23:32:09+00:00,"Cliente MQTT explicito (paho, SAS manual)",DC-HUMO-08,0.019,25.64,2026-09-25T23:32:09+00:00
2026-09-25T18:32:12-05:00,2026-09-25T23:32:12+00:00,"Cliente MQTT explicito (paho, SAS manual)",DC-HUMO-08,0.02,25.86,2026-09-25T23:32:12+00:00
2026-09-25T18:32:13-05:00,2026-09-25T23:32:13+00:00,"Cliente MQTT explicito (paho, SAS manual)",DC-HUMO-08,0.018,25.81,2026-09-25T23:32:13+00:00
2026-09-25T18:32:17-05:00,2026-09-25T23:32:17+00:00,"Cliente MQTT explicito (paho, SAS manual)",DC-HUMO-08,0.019,25.67,2026-09-25T23:32:17+00:00
2026-09-25T18:32:20-05:00,2026-09-25T23:32:20+00:00,"Cliente MQTT explicito (paho, SAS manual)",DC-HUMO-08,0.02,26.38,2026-09-25T23:32:20+00:00
2026-09-25T18:32:52-05:00,2026-09-25T23:32:52+00:00,"Cliente MQTT explicito (paho, SAS manual)",DC-HUMO-08,0.018,25.88,2026-09-25T23:32:52+00:00
2026-09-25T18:32:53-05:00,2026-09-25T23:32:53+00:00,"Cliente MQTT explicito (paho, SAS manual)",DC-HUMO-08,0.019,26.24,2026-09-25T23:32:53+00:00
2026-09-25T18:32:53-05:00,2026-09-25T23:32:53+00:00,"Cliente MQTT explicito (paho, SAS manual)",DC-HUMO-08,0.017,26.38,2026-09-25T23:32:53+00:00
2026-09-25T18:32:54-05:00,2026-09-25T23:32:54+00:00,"Cliente MQTT explicito (paho, SAS manual)",DC-HUMO-08,0.019,25.95,2026-09-25T23:32:54+00:00
2026-09-25T18:32:57-05:00,2026-09-25T23:32:57+00:00,"Cliente MQTT explicito (paho, SAS manual)",DC-HUMO-08,0.021,25.78,2026-09-25T23:32:57+00:00
2026-09-25T18:32:58-05:00,2026-09-25T23:32:58+00:00,"Cliente MQTT explicito (paho, SAS manual)",DC-HUMO-08,0.021,25.7,2026-09-25T23:32:58+00:00
2026-09-25T18:33:02-05:00,2026-09-25T23:33:02+00:00,"Cliente MQTT explicito (paho, SAS manual)",DC-HUMO-08,0.017,26.04,2026-09-25T23:33:02+00:00
2026-09-25T18:33:05-05:00,2026-09-25T23:33:05+00:00,"Cliente MQTT explicito (paho, SAS manual)",DC-HUMO-08,0.019,26.29,2026-09-25T23:33:05+00:00
2026-09-25T18:33:38-05:00,2026-09-25T23:33:38+00:00,"Cliente MQTT explicito (paho, SAS manual)",DC-HUMO-08,0.019,26.24,2026-09-25T23:33:38+00:00
2026-09-25T18:33:38-05:00,2026-09-25T23:33:38+00:00,"Cliente MQTT explicito (paho, SAS manual)",DC-HUMO-08,0.018,25.61,2026-09-25T23:33:38+00:00
2026-09-25T18:33:38-05:00,2026-09-25T23:33:38+00:00,"Cliente MQTT explicito (paho, SAS manual)",DC-HUMO-08,0.019,26.18,2026-09-25T23:33:38+00:00
2026-09-25T18:33:39-05:00,2026-09-25T23:33:39+00:00,"Cliente MQTT explicito (paho, SAS manual)",DC-HUMO-08,0.018,26.05,2026-09-25T23:33:39+00:00
2026-09-25T18:33:42-05:00,2026-09-25T23:33:42+00:00,"Cliente MQTT explicito (paho, SAS manual)",DC-HUMO-08,0.018,25.93,2026-09-25T23:33:42+00:00
2026-09-25T18:33:44-05:00,2026-09-25T23:33:44+00:00,"Cliente MQTT explicito (paho, SAS manual)",DC-HUMO-08,0.019,26.12,2026-09-25T23:33:44+00:00
2026-09-25T18:33:47-05:00,2026-09-25T23:33:47+00:00,"Cliente MQTT explicito (paho, SAS manual)",DC-HUMO-08,0.019,25.88,2026-09-25T23:33:47+00:00
2026-09-25T18:33:51-05:00,2026-09-25T23:33:51+00:00,"Cliente MQTT explicito (paho, SAS manual)",DC-HUMO-08,0.017,26.04,2026-09-25T23:33:51+00:00
2026-09-25T18:34:23-05:00,2026-09-25T23:34:23+00:00,"Cliente MQTT explicito (paho, SAS manual)",DC-HUMO-08,0.02,26.37,2026-09-25T23:34:23+00:00
2026-09-25T18:34:23-05:00,2026-09-25T23:34:23+00:00,"Cliente MQTT explicito (paho, SAS manual)",DC-HUMO-08,0.019,26.09,2026-09-25T23:34:23+00:00
2026-09-25T18:34:23-05:00,2026-09-25T23:34:23+00:00,"Cliente MQTT explicito (paho, SAS manual)",DC-HUMO-08,0.017,26.32,2026-09-25T23:34:23+00:00
2026-09-25T18:34:25-05:00,2026-09-25T23:34:25+00:00,"Cliente MQTT explicito (paho, SAS manual)",DC-HUMO-08,0.02,26.04,2026-09-25T23:34:25+00:00
2026-09-25T18:34:28-05:00,2026-09-25T23:34:28+00:00,"Cliente MQTT explicito (paho, SAS manual)",DC-HUMO-08,0.021,25.87,2026-09-25T23:34:28+00:00
2026-09-25T18:34:29-05:00,2026-09-25T23:34:29+00:00,"Cliente MQTT explicito (paho, SAS manual)",DC-HUMO-08,0.017,25.87,2026-09-25T23:34:29+00:00
2026-09-25T18:34:32-05:00,2026-09-25T23:34:32+00:00,"Cliente MQTT explicito (paho, SAS manual)",DC-HUMO-08,0.019,26.36,2026-09-25T23:34:32+00:00
2026-09-25T18:34:37-05:00,2026-09-25T23:34:37+00:00,"Cliente MQTT explicito (paho, SAS manual)",DC-HUMO-08,0.019,25.74,2026-09-25T23:34:37+00:00
2026-09-25T18:35:08-05:00,2026-09-25T23:35:08+00:00,"Cliente MQTT explicito (paho, SAS manual)",DC-HUMO-08,0.019,26.1,2026-09-25T23:35:08+00:00
2026-09-25T18:35:08-05:00,2026-09-25T23:35:08+00:00,"Cliente MQTT explicito (paho, SAS manual)",DC-HUMO-08,0.02,26.32,2026-09-25T23:35:08+00:00
2026-09-25T18:35:09-05:00,2026-09-25T23:35:09+00:00,"Cliente MQTT explicito (paho, SAS manual)",DC-HUMO-08,0.02,25.72,2026-09-25T23:35:09+00:00
2026-09-25T18:35:10-05:00,2026-09-25T23:35:10+00:00,"Cliente MQTT explicito (paho, SAS manual)",DC-HUMO-08,0.02,25.89,2026-09-25T23:35:10+00:00
2026-09-25T18:35:13-05:00,2026-09-25T23:35:13+00:00,"Cliente MQTT explicito (paho, SAS manual)",DC-HUMO-08,0.019,25.71,2026-09-25T23:35:13+00:00
2026-09-25T18:35:15-05:00,2026-09-25T23:35:15+00:00,"Cliente MQTT explicito (paho, SAS manual)",DC-HUMO-08,0.02,25.69,2026-09-25T23:35:15+00:00
2026-09-25T18:35:18-05:00,2026-09-25T23:35:18+00:00,"Cliente MQTT explicito (paho, SAS manual)",DC-HUMO-08,0.018,25.74,2026-09-25T23:35:18+00:00
2026-09-25T18:35:22-05:00,2026-09-25T23:35:22+00:00,"Cliente MQTT explicito (paho, SAS manual)",DC-HUMO-08,0.018,25.96,2026-09-25T23:35:22+00:00
2026-09-25T18:35:53-05:00,2026-09-25T23:35:53+00:00,"Cliente MQTT explicito (paho, SAS manual)",DC-HUMO-08,0.019,25.86,2026-09-25T23:35:53+00:00
2026-09-25T18:35:54-05:00,2026-09-25T23:35:54+00:00,"Cliente MQTT explicito (paho, SAS manual)",DC-HUMO-08,0.019,25.75,2026-09-25T23:35:54+00:00
2026-09-25T18:35:55-05:00,2026-09-25T23:35:55+00:00,"Cliente MQTT explicito (paho, SAS manual)",DC-HUMO-08,0.018,25.83,2026-09-25T23:35:55+00:00
2026-09-25T18:35:56-05:00,2026-09-25T23:35:56+00:00,"Cliente MQTT explicito (paho, SAS manual)",DC-HUMO-08,0.019,26.0,2026-09-25T23:35:56+00:00
2026-09-25T18:35:58-05:00,2026-09-25T23:35:58+00:00,"Cliente MQTT explicito (paho, SAS manual)",DC-HUMO-08,0.021,25.92,2026-09-25T23:35:58+00:00
2026-09-25T18:36:00-05:00,2026-09-25T23:36:00+00:00,"Cliente MQTT explicito (paho, SAS manual)",DC-HUMO-08,0.019,26.16,2026-09-25T23:36:00+00:00
2026-09-25T18:36:04-05:00,2026-09-25T23:36:04+00:00,"Cliente MQTT explicito (paho, SAS manual)",DC-HUMO-08,0.019,25.75,2026-09-25T23:36:04+00:00
2026-09-25T18:36:07-05:00,2026-09-25T23:36:07+00:00,"Cliente MQTT explicito (paho, SAS manual)",DC-HUMO-08,0.02,26.01,2026-09-25T23:36:07+00:00
2026-09-25T18:36:38-05:00,2026-09-25T23:36:38+00:00,"Cliente MQTT explicito (paho, SAS manual)",DC-HUMO-08,0.019,25.97,2026-09-25T23:36:38+00:00
2026-09-25T18:36:39-05:00,2026-09-25T23:36:39+00:00,"Cliente MQTT explicito (paho, SAS manual)",DC-HUMO-08,0.017,25.77,2026-09-25T23:36:39+00:00
2026-09-25T18:36:41-05:00,2026-09-25T23:36:41+00:00,"Cliente MQTT explicito (paho, SAS manual)",DC-HUMO-08,0.019,25.79,2026-09-25T23:36:41+00:00
2026-09-25T18:36:41-05:00,2026-09-25T23:36:41+00:00,"Cliente MQTT explicito (paho, SAS manual)",DC-HUMO-08,0.018,26.2,2026-09-25T23:36:41+00:00
2026-09-25T18:36:44-05:00,2026-09-25T23:36:44+00:00,"Cliente MQTT explicito (paho, SAS manual)",DC-HUMO-08,0.018,25.96,2026-09-25T23:36:44+00:00
2026-09-25T18:36:46-05:00,2026-09-25T23:36:46+00:00,"Cliente MQTT explicito (paho, SAS manual)",DC-HUMO-08,0.018,25.76,2026-09-25T23:36:46+00:00
2026-09-25T18:36:50-05:00,2026-09-25T23:36:50+00:00,"Cliente MQTT explicito (paho, SAS manual)",DC-HUMO-08,0.018,25.58,2026-09-25T23:36:50+00:00
2026-09-25T18:36:52-05:00,2026-09-25T23:36:52+00:00,"Cliente MQTT explicito (paho, SAS manual)",DC-HUMO-08,0.018,25.9,2026-09-25T23:36:52+00:00
2026-09-26T14:55:06-05:00,2026-09-26T19:55:06+00:00,"Cliente MQTT explicito (paho, SAS manual)",DC-HUMO-08,0.019,26.76,2026-09-26T19:55:06+00:00
2026-09-26T14:55:06-05:00,2026-09-26T19:55:06+00:00,"Cliente MQTT explicito (paho, SAS manual)",DC-HUMO-08,0.022,26.98,2026-09-26T19:55:06+00:00
2026-09-26T14:55:06-05:00,2026-09-26T19:55:06+00:00,"Cliente MQTT explicito (paho, SAS manual)",DC-HUMO-08,0.022,26.99,2026-09-26T19:55:06+00:00
2026-09-26T14:55:06-05:00,2026-09-26T19:55:06+00:00,"Cliente MQTT explicito (paho, SAS manual)",DC-HUMO-08,0.019,27.05,2026-09-26T19:55:06+00:00
2026-09-26T14:55:06-05:00,2026-09-26T19:55:06+00:00,"Cliente MQTT explicito (paho, SAS manual)",DC-HUMO-08,0.02,27.16,2026-09-26T19:55:06+00:00
2026-09-26T14:55:06-05:00,2026-09-26T19:55:06+00:00,"Cliente MQTT explicito (paho, SAS manual)",DC-HUMO-08,0.019,26.73,2026-09-26T19:55:06+00:00
2026-09-26T14:55:06-05:00,2026-09-26T19:55:06+00:00,"Cliente MQTT explicito (paho, SAS manual)",DC-HUMO-08,0.022,27.14,2026-09-26T19:55:06+00:00
2026-09-26T14:55:51-05:00,2026-09-26T19:55:51+00:00,"Cliente MQTT explicito (paho, SAS manual)",DC-HUMO-08,0.022,26.66,2026-09-26T19:55:51+00:00
2026-09-26T14:55:51-05:00,2026-09-26T19:55:51+00:00,"Cliente MQTT explicito (paho, SAS manual)",DC-HUMO-08,0.018,27.35,2026-09-26T19:55:51+00:00
2026-09-26T14:55:51-05:00,2026-09-26T19:55:51+00:00,"Cliente MQTT explicito (paho, SAS manual)",DC-HUMO-08,0.02,26.62,2026-09-26T19:55:51+00:00
2026-09-26T14:55:51-05:00,2026-09-26T19:55:51+00:00,"Cliente MQTT explicito (paho, SAS manual)",DC-HUMO-08,0.019,26.82,2026-09-26T19:55:51+00:00
2026-09-26T14:55:51-05:00,2026-09-26T19:55:51+00:00,"Cliente MQTT explicito (paho, SAS manual)",DC-HUMO-08,0.021,27.11,2026-09-26T19:55:51+00:00
2026-09-26T14:55:51-05:00,2026-09-26T19:55:51+00:00,"Cliente MQTT explicito (paho, SAS manual)",DC-HUMO-08,0.018,27.36,2026-09-26T19:55:51+00:00
2026-09-26T14:55:51-05:00,2026-09-26T19:55:51+00:00,"Cliente MQTT explicito (paho, SAS manual)",DC-HUMO-08,0.019,27.16,2026-09-26T19:55:51+00:00
2026-09-26T14:56:36-05:00,2026-09-26T19:56:36+00:00,"Cliente MQTT explicito (paho, SAS manual)",DC-HUMO-08,0.018,27.24,2026-09-26T19:56:36+00:00
2026-09-26T14:56:36-05:00,2026-09-26T19:56:36+00:00,"Cliente MQTT explicito (paho, SAS manual)",DC-HUMO-08,0.021,27.17,2026-09-26T19:56:36+00:00
2026-09-26T14:56:36-05:00,2026-09-26T19:56:36+00:00,"Cliente MQTT explicito (paho, SAS manual)",DC-HUMO-08,0.021,26.9,2026-09-26T19:56:36+00:00
2026-09-26T14:56:37-05:00,2026-09-26T19:56:37+00:00,"Cliente MQTT explicito (paho, SAS manual)",DC-HUMO-08,0.02,26.8,2026-09-26T19:56:37+00:00
2026-09-26T14:56:37-05:00,2026-09-26T19:56:37+00:00,"Cliente MQTT explicito (paho, SAS manual)",DC-HUMO-08,0.019,26.94,2026-09-26T19:56:37+00:00
2026-09-26T14:56:37-05:00,2026-09-26T19:56:37+00:00,"Cliente MQTT explicito (paho, SAS manual)",DC-HUMO-08,0.022,27.24,2026-09-26T19:56:37+00:00
2026-09-26T14:56:37-05:00,2026-09-26T19:56:37+00:00,"Cliente MQTT explicito (paho, SAS manual)",DC-HUMO-08,0.02,27.22,2026-09-26T19:56:37+00:00
2026-09-26T14:57:22-05:00,2026-09-26T19:57:22+00:00,"Cliente MQTT explicito (paho, SAS manual)",DC-HUMO-08,0.02,26.83,2026-09-26T19:57:22+00:00
2026-09-26T14:57:22-05:00,2026-09-26T19:57:22+00:00,"Cliente MQTT explicito (paho, SAS manual)",DC-HUMO-08,0.019,26.97,2026-09-26T19:57:22+00:00
2026-09-26T14:57:22-05:00,2026-09-26T19:57:22+00:00,"Cliente MQTT explicito (paho, SAS manual)",DC-HUMO-08,0.019,26.7,2026-09-26T19:57:22+00:00
2026-09-26T14:57:22-05:00,2026-09-26T19:57:22+00:00,"Cliente MQTT explicito (paho, SAS manual)",DC-HUMO-08,0.021,27.38,2026-09-26T19:57:22+00:00
2026-09-26T14:57:23-05:00,2026-09-26T19:57:23+00:00,"Cliente MQTT explicito (paho, SAS manual)",DC-HUMO-08,0.02,27.24,2026-09-26T19:57:23+00:00
2026-09-26T14:57:23-05:00,2026-09-26T19:57:23+00:00,"Cliente MQTT explicito (paho, SAS manual)",DC-HUMO-08,0.02,26.69,2026-09-26T19:57:23+00:00
2026-09-26T14:57:23-05:00,2026-09-26T19:57:23+00:00,"Cliente MQTT explicito (paho, SAS manual)",DC-HUMO-08,0.02,26.98,2026-09-26T19:57:23+00:00
2026-09-26T14:58:07-05:00,2026-09-26T19:58:07+00:00,"Cliente MQTT explicito (paho, SAS manual)",DC-HUMO-08,0.021,26.83,2026-09-26T19:58:07+00:00
2026-09-26T14:58:07-05:00,2026-09-26T19:58:07+00:00,"Cliente MQTT explicito (paho, SAS manual)",DC-HUMO-08,0.021,27.28,2026-09-26T19:58:07+00:00
2026-09-26T14:58:08-05:00,2026-09-26T19:58:08+00:00,"Cliente MQTT explicito (paho, SAS manual)",DC-HUMO-08,0.022,26.84,2026-09-26T19:58:08+00:00
2026-09-26T14:58:08-05:00,2026-09-26T19:58:08+00:00,"Cliente MQTT explicito (paho, SAS manual)",DC-HUMO-08,0.021,27.24,2026-09-26T19:58:08+00:00
2026-09-26T14:58:08-05:00,2026-09-26T19:58:08+00:00,"Cliente MQTT explicito (paho, SAS manual)",DC-HUMO-08,0.021,27.13,2026-09-26T19:58:08+00:00
2026-09-26T14:58:08-05:00,2026-09-26T19:58:08+00:00,"Cliente MQTT explicito (paho, SAS manual)",DC-HUMO-08,0.019,26.76,2026-09-26T19:58:08+00:00
2026-09-26T14:58:08-05:00,2026-09-26T19:58:08+00:00,"Cliente MQTT explicito (paho, SAS manual)",DC-HUMO-08,0.019,26.74,2026-09-26T19:58:08+00:00
2026-09-26T14:58:52-05:00,2026-09-26T19:58:52+00:00,"Cliente MQTT explicito (paho, SAS manual)",DC-HUMO-08,0.022,27.27,2026-09-26T19:58:52+00:00
2026-09-26T14:58:53-05:00,2026-09-26T19:58:53+00:00,"Cliente MQTT explicito (paho, SAS manual)",DC-HUMO-08,0.02,26.79,2026-09-26T19:58:53+00:00
2026-09-26T14:58:53-05:00,2026-09-26T19:58:53+00:00,"Cliente MQTT explicito (paho, SAS manual)",DC-HUMO-08,0.022,27.23,2026-09-26T19:58:53+00:00
2026-09-26T14:58:54-05:00,2026-09-26T19:58:54+00:00,"Cliente MQTT explicito (paho, SAS manual)",DC-HUMO-08,0.019,27.11,2026-09-26T19:58:54+00:00
2026-09-26T14:58:54-05:00,2026-09-26T19:58:54+00:00,"Cliente MQTT explicito (paho, SAS manual)",DC-HUMO-08,0.021,27.06,2026-09-26T19:58:54+00:00
2026-09-26T14:58:54-05:00,2026-09-26T19:58:54+00:00,"Cliente MQTT explicito (paho, SAS manual)",DC-HUMO-08,0.018,27.18,2026-09-26T19:58:54+00:00
2026-09-26T14:58:54-05:00,2026-09-26T19:58:54+00:00,"Cliente MQTT explicito (paho, SAS manual)",DC-HUMO-08,0.022,26.82,2026-09-26T19:58:54+00:00
2026-09-26T14:59:38-05:00,2026-09-26T19:59:38+00:00,"Cliente MQTT explicito (paho, SAS manual)",DC-HUMO-08,0.02,26.86,2026-09-26T19:59:38+00:00
2026-09-26T14:59:39-05:00,2026-09-26T19:59:39+00:00,"Cliente MQTT explicito (paho, SAS manual)",DC-HUMO-08,0.022,26.78,2026-09-26T19:59:39+00:00
2026-09-26T14:59:39-05:00,2026-09-26T19:59:39+00:00,"Cliente MQTT explicito (paho, SAS manual)",DC-HUMO-08,0.02,27.22,2026-09-26T19:59:39+00:00
2026-09-26T14:59:39-05:00,2026-09-26T19:59:39+00:00,"Cliente MQTT explicito (paho, SAS manual)",DC-HUMO-08,0.019,27.38,2026-09-26T19:59:39+00:00
2026-09-26T14:59:40-05:00,2026-09-26T19:59:40+00:00,"Cliente MQTT explicito (paho, SAS manual)",DC-HUMO-08,0.021,26.76,2026-09-26T19:59:40+00:00
2026-09-26T14:59:40-05:00,2026-09-26T19:59:40+00:00,"Cliente MQTT explicito (paho, SAS manual)",DC-HUMO-08,0.021,27.23,2026-09-26T19:59:40+00:00
2026-09-26T14:59:40-05:00,2026-09-26T19:59:40+00:00,"Cliente MQTT explicito (paho, SAS manual)",DC-HUMO-08,0.019,26.74,2026-09-26T19:59:40+00:00
2026-09-26T15:00:23-05:00,2026-09-26T20:00:23+00:00,"Cliente MQTT explicito (paho, SAS manual)",DC-HUMO-08,0.019,27.34,2026-09-26T20:00:23+00:00
2026-09-26T15:00:24-05:00,2026-09-26T20:00:24+00:00,"Cliente MQTT explicito (paho, SAS manual)",DC-HUMO-08,0.018,27.22,2026-09-26T20:00:24+00:00
2026-09-26T15:00:24-05:00,2026-09-26T20:00:24+00:00,"Cliente MQTT explicito (paho, SAS manual)",DC-HUMO-08,0.018,26.91,2026-09-26T20:00:24+00:00
2026-09-26T15:00:25-05:00,2026-09-26T20:00:25+00:00,"Cliente MQTT explicito (paho, SAS manual)",DC-HUMO-08,0.022,26.8,2026-09-26T20:00:25+00:00
2026-09-26T15:00:25-05:00,2026-09-26T20:00:25+00:00,"Cliente MQTT explicito (paho, SAS manual)",DC-HUMO-08,0.02,27.21,2026-09-26T20:00:25+00:00
2026-09-26T15:00:25-05:00,2026-09-26T20:00:25+00:00,"Cliente MQTT explicito (paho, SAS manual)",DC-HUMO-08,0.019,27.38,2026-09-26T20:00:25+00:00
2026-09-26T15:00:25-05:00,2026-09-26T20:00:25+00:00,"Cliente MQTT explicito (paho, SAS manual)",DC-HUMO-08,0.02,26.79,2026-09-26T20:00:25+00:00
2026-09-26T15:01:08-05:00,2026-09-26T20:01:08+00:00,"Cliente MQTT explicito (paho, SAS manual)",DC-HUMO-08,0.02,26.6,2026-09-26T20:01:08+00:00
2026-09-26T15:01:10-05:00,2026-09-26T20:01:10+00:00,"Cliente MQTT explicito (paho, SAS manual)",DC-HUMO-08,0.021,27.14,2026-09-26T20:01:10+00:00
2026-09-26T15:01:10-05:00,2026-09-26T20:01:10+00:00,"Cliente MQTT explicito (paho, SAS manual)",DC-HUMO-08,0.02,27.31,2026-09-26T20:01:10+00:00
2026-09-26T15:01:10-05:00,2026-09-26T20:01:10+00:00,"Cliente MQTT explicito (paho, SAS manual)",DC-HUMO-08,0.018,26.93,2026-09-26T20:01:10+00:00
2026-09-26T15:01:10-05:00,2026-09-26T20:01:10+00:00,"Cliente MQTT explicito (paho, SAS manual)",DC-HUMO-08,0.02,26.64,2026-09-26T20:01:10+00:00
2026-09-26T15:01:11-05:00,2026-09-26T20:01:11+00:00,"Cliente MQTT explicito (paho, SAS manual)",DC-HUMO-08,0.018,27.31,2026-09-26T20:01:11+00:00
2026-09-26T15:01:11-05:00,2026-09-26T20:01:11+00:00,"Cliente MQTT explicito (paho, SAS manual)",DC-HUMO-08,0.022,27.29,2026-09-26T20:01:11+00:00
2026-09-26T15:01:53-05:00,2026-09-26T20:01:53+00:00,"Cliente MQTT explicito (paho, SAS manual)",DC-HUMO-08,0.018,27.03,2026-09-26T20:01:53+00:00
2026-09-26T15:01:55-05:00,2026-09-26T20:01:55+00:00,"Cliente MQTT explicito (paho, SAS manual)",DC-HUMO-08,0.021,27.04,2026-09-26T20:01:55+00:00
2026-09-26T15:01:56-05:00,2026-09-26T20:01:56+00:00,"Cliente MQTT explicito (paho, SAS manual)",DC-HUMO-08,0.02,26.85,2026-09-26T20:01:56+00:00
2026-09-26T15:01:56-05:00,2026-09-26T20:01:56+00:00,"Cliente MQTT explicito (paho, SAS manual)",DC-HUMO-08,0.02,26.76,2026-09-26T20:01:56+00:00
2026-09-26T15:01:56-05:00,2026-09-26T20:01:56+00:00,"Cliente MQTT explicito (paho, SAS manual)",DC-HUMO-08,0.022,27.22,2026-09-26T20:01:56+00:00
2026-09-26T15:01:56-05:00,2026-09-26T20:01:56+00:00,"Cliente MQTT explicito (paho, SAS manual)",DC-HUMO-08,0.02,27.38,2026-09-26T20:01:56+00:00
2026-09-26T15:01:57-05:00,2026-09-26T20:01:57+00:00,"Cliente MQTT explicito (paho, SAS manual)",DC-HUMO-08,0.022,26.75,2026-09-26T20:01:57+00:00
2026-09-26T15:04:03-05:00,2026-09-26T20:04:03+00:00,"Cliente MQTT explicito (paho, SAS manual)",DC-HUMO-08,0.019,26.84,2026-09-26T20:04:03+00:00
2026-09-26T15:04:03-05:00,2026-09-26T20:04:03+00:00,"Cliente MQTT explicito (paho, SAS manual)",DC-HUMO-08,0.022,26.94,2026-09-26T20:04:03+00:00
2026-09-26T15:04:03-05:00,2026-09-26T20:04:03+00:00,"Cliente MQTT explicito (paho, SAS manual)",DC-HUMO-08,0.02,27.04,2026-09-26T20:04:03+00:00
2026-09-26T15:04:03-05:00,2026-09-26T20:04:03+00:00,"Cliente MQTT explicito (paho, SAS manual)",DC-HUMO-08,0.02,27.17,2026-09-26T20:04:03+00:00
2026-09-26T15:04:03-05:00,2026-09-26T20:04:03+00:00,"Cliente MQTT explicito (paho, SAS manual)",DC-HUMO-08,0.021,26.92,2026-09-26T20:04:03+00:00
2026-09-26T15:04:03-05:00,2026-09-26T20:04:03+00:00,"Cliente MQTT explicito (paho, SAS manual)",DC-HUMO-08,0.02,27.34,2026-09-26T20:04:03+00:00
2026-09-26T15:04:03-05:00,2026-09-26T20:04:03+00:00,"Cliente MQTT explicito (paho, SAS manual)",DC-HUMO-08,0.018,26.7,2026-09-26T20:04:03+00:00
2026-09-26T15:04:48-05:00,2026-09-26T20:04:48+00:00,"Cliente MQTT explicito (paho, SAS manual)",DC-HUMO-08,0.022,27.3,2026-09-26T20:04:48+00:00
2026-09-26T15:04:49-05:00,2026-09-26T20:04:49+00:00,"Cliente MQTT explicito (paho, SAS manual)",DC-HUMO-08,0.02,26.72,2026-09-26T20:04:49+00:00
2026-09-26T15:04:49-05:00,2026-09-26T20:04:49+00:00,"Cliente MQTT explicito (paho, SAS manual)",DC-HUMO-08,0.022,27.34,2026-09-26T20:04:49+00:00
2026-09-26T15:04:49-05:00,2026-09-26T20:04:49+00:00,"Cliente MQTT explicito (paho, SAS manual)",DC-HUMO-08,0.021,26.7,2026-09-26T20:04:49+00:00
2026-09-26T15:04:49-05:00,2026-09-26T20:04:49+00:00,"Cliente MQTT explicito (paho, SAS manual)",DC-HUMO-08,0.021,26.63,2026-09-26T20:04:49+00:00
2026-09-26T15:04:49-05:00,2026-09-26T20:04:49+00:00,"Cliente MQTT explicito (paho, SAS manual)",DC-HUMO-08,0.02,26.65,2026-09-26T20:04:49+00:00
2026-09-26T15:04:49-05:00,2026-09-26T20:04:49+00:00,"Cliente MQTT explicito (paho, SAS manual)",DC-HUMO-08,0.019,27.0,2026-09-26T20:04:49+00:00
2026-09-26T15:05:33-05:00,2026-09-26T20:05:33+00:00,"Cliente MQTT explicito (paho, SAS manual)",DC-HUMO-08,0.02,27.06,2026-09-26T20:05:33+00:00
2026-09-26T15:05:34-05:00,2026-09-26T20:05:34+00:00,"Cliente MQTT explicito (paho, SAS manual)",DC-HUMO-08,0.021,26.61,2026-09-26T20:05:34+00:00
2026-09-26T15:05:34-05:00,2026-09-26T20:05:34+00:00,"Cliente MQTT explicito (paho, SAS manual)",DC-HUMO-08,0.019,26.98,2026-09-26T20:05:34+00:00
2026-09-26T15:05:34-05:00,2026-09-26T20:05:34+00:00,"Cliente MQTT explicito (paho, SAS manual)",DC-HUMO-08,0.019,27.2,2026-09-26T20:05:34+00:00
2026-09-26T15:05:34-05:00,2026-09-26T20:05:34+00:00,"Cliente MQTT explicito (paho, SAS manual)",DC-HUMO-08,0.02,27.28,2026-09-26T20:05:34+00:00
2026-09-26T15:05:34-05:00,2026-09-26T20:05:34+00:00,"Cliente MQTT explicito (paho, SAS manual)",DC-HUMO-08,0.019,26.79,2026-09-26T20:05:34+00:00
2026-09-26T15:05:35-05:00,2026-09-26T20:05:35+00:00,"Cliente MQTT explicito (paho, SAS manual)",DC-HUMO-08,0.022,26.84,2026-09-26T20:05:35+00:00
2026-09-26T15:06:19-05:00,2026-09-26T20:06:19+00:00,"Cliente MQTT explicito (paho, SAS manual)",DC-HUMO-08,0.022,26.9,2026-09-26T20:06:19+00:00
2026-09-26T15:06:19-05:00,2026-09-26T20:06:19+00:00,"Cliente MQTT explicito (paho, SAS manual)",DC-HUMO-08,0.021,27.34,2026-09-26T20:06:19+00:00
2026-09-26T15:06:20-05:00,2026-09-26T20:06:20+00:00,"Cliente MQTT explicito (paho, SAS manual)",DC-HUMO-08,0.021,27.29,2026-09-26T20:06:20+00:00
2026-09-26T15:06:20-05:00,2026-09-26T20:06:20+00:00,"Cliente MQTT explicito (paho, SAS manual)",DC-HUMO-08,0.02,26.77,2026-09-26T20:06:20+00:00
2026-09-26T15:06:20-05:00,2026-09-26T20:06:20+00:00,"Cliente MQTT explicito (paho, SAS manual)",DC-HUMO-08,0.022,27.16,2026-09-26T20:06:20+00:00
2026-09-26T15:06:20-05:00,2026-09-26T20:06:20+00:00,"Cliente MQTT explicito (paho, SAS manual)",DC-HUMO-08,0.019,26.73,2026-09-26T20:06:20+00:00
2026-09-26T15:06:21-05:00,2026-09-26T20:06:21+00:00,"Cliente MQTT explicito (paho, SAS manual)",DC-HUMO-08,0.02,27.33,2026-09-26T20:06:21+00:00
2026-09-26T15:07:05-05:00,2026-09-26T20:07:05+00:00,"Cliente MQTT explicito (paho, SAS manual)",DC-HUMO-08,0.019,27.11,2026-09-26T20:07:05+00:00
2026-09-26T15:07:05-05:00,2026-09-26T20:07:05+00:00,"Cliente MQTT explicito (paho, SAS manual)",DC-HUMO-08,0.021,27.1,2026-09-26T20:07:05+00:00
2026-09-26T15:07:05-05:00,2026-09-26T20:07:05+00:00,"Cliente MQTT explicito (paho, SAS manual)",DC-HUMO-08,0.021,26.82,2026-09-26T20:07:05+00:00
2026-09-26T15:07:06-05:00,2026-09-26T20:07:06+00:00,"Cliente MQTT explicito (paho, SAS manual)",DC-HUMO-08,0.02,27.23,2026-09-26T20:07:06+00:00
2026-09-26T15:07:06-05:00,2026-09-26T20:07:06+00:00,"Cliente MQTT explicito (paho, SAS manual)",DC-HUMO-08,0.02,26.91,2026-09-26T20:07:06+00:00
2026-09-26T15:07:06-05:00,2026-09-26T20:07:06+00:00,"Cliente MQTT explicito (paho, SAS manual)",DC-HUMO-08,0.018,26.8,2026-09-26T20:07:06+00:00
2026-09-26T15:07:06-05:00,2026-09-26T20:07:06+00:00,"Cliente MQTT explicito (paho, SAS manual)",DC-HUMO-08,0.022,27.07,2026-09-26T20:07:06+00:00
2026-09-26T15:07:50-05:00,2026-09-26T20:07:50+00:00,"Cliente MQTT explicito (paho, SAS manual)",DC-HUMO-08,0.018,26.94,2026-09-26T20:07:50+00:00
2026-09-26T15:07:51-05:00,2026-09-26T20:07:51+00:00,"Cliente MQTT explicito (paho, SAS manual)",DC-HUMO-08,0.02,26.92,2026-09-26T20:07:51+00:00
2026-09-26T15:07:51-05:00,2026-09-26T20:07:51+00:00,"Cliente MQTT explicito (paho, SAS manual)",DC-HUMO-08,0.02,26.78,2026-09-26T20:07:51+00:00
2026-09-26T15:07:51-05:00,2026-09-26T20:07:51+00:00,"Cliente MQTT explicito (paho, SAS manual)",DC-HUMO-08,0.019,27.35,2026-09-26T20:07:51+00:00
2026-09-26T15:07:51-05:00,2026-09-26T20:07:51+00:00,"Cliente MQTT explicito (paho, SAS manual)",DC-HUMO-08,0.019,26.6,2026-09-26T20:07:51+00:00
2026-09-26T15:07:52-05:00,2026-09-26T20:07:52+00:00,"Cliente MQTT explicito (paho, SAS manual)",DC-HUMO-08,0.021,26.73,2026-09-26T20:07:52+00:00
2026-09-26T15:07:52-05:00,2026-09-26T20:07:52+00:00,"Cliente MQTT explicito (paho, SAS manual)",DC-HUMO-08,0.021,26.65,2026-09-26T20:07:52+00:00
2026-09-26T15:08:35-05:00,2026-09-26T20:08:35+00:00,"Cliente MQTT explicito (paho, SAS manual)",DC-HUMO-08,0.019,27.12,2026-09-26T20:08:35+00:00
2026-09-26T15:08:37-05:00,2026-09-26T20:08:37+00:00,"Cliente MQTT explicito (paho, SAS manual)",DC-HUMO-08,0.02,27.0,2026-09-26T20:08:37+00:00
2026-09-26T15:08:37-05:00,2026-09-26T20:08:37+00:00,"Cliente MQTT explicito (paho, SAS manual)",DC-HUMO-08,0.02,26.7,2026-09-26T20:08:37+00:00
2026-09-26T15:08:37-05:00,2026-09-26T20:08:37+00:00,"Cliente MQTT explicito (paho, SAS manual)",DC-HUMO-08,0.021,26.64,2026-09-26T20:08:37+00:00
2026-09-26T15:08:37-05:00,2026-09-26T20:08:37+00:00,"Cliente MQTT explicito (paho, SAS manual)",DC-HUMO-08,0.022,27.24,2026-09-26T20:08:37+00:00
2026-09-26T15:08:37-05:00,2026-09-26T20:08:37+00:00,"Cliente MQTT explicito (paho, SAS manual)",DC-HUMO-08,0.021,26.67,2026-09-26T20:08:37+00:00
2026-09-26T15:08:37-05:00,2026-09-26T20:08:37+00:00,"Cliente MQTT explicito (paho, SAS manual)",DC-HUMO-08,0.019,27.06,2026-09-26T20:08:37+00:00
2026-09-26T15:09:21-05:00,2026-09-26T20:09:21+00:00,"Cliente MQTT explicito (paho, SAS manual)",DC-HUMO-08,0.02,26.94,2026-09-26T20:09:21+00:00
2026-09-26T15:09:22-05:00,2026-09-26T20:09:22+00:00,"Cliente MQTT explicito (paho, SAS manual)",DC-HUMO-08,0.021,27.24,2026-09-26T20:09:22+00:00
2026-09-26T15:09:23-05:00,2026-09-26T20:09:23+00:00,"Cliente MQTT explicito (paho, SAS manual)",DC-HUMO-08,0.02,26.86,2026-09-26T20:09:23+00:00
2026-09-26T15:09:23-05:00,2026-09-26T20:09:23+00:00,"Cliente MQTT explicito (paho, SAS manual)",DC-HUMO-08,0.019,27.38,2026-09-26T20:09:23+00:00
2026-09-26T15:09:23-05:00,2026-09-26T20:09:23+00:00,"Cliente MQTT explicito (paho, SAS manual)",DC-HUMO-08,0.019,26.69,2026-09-26T20:09:23+00:00
2026-09-26T15:09:23-05:00,2026-09-26T20:09:23+00:00,"Cliente MQTT explicito (paho, SAS manual)",DC-HUMO-08,0.018,26.97,2026-09-26T20:09:23+00:00
2026-09-26T15:09:23-05:00,2026-09-26T20:09:23+00:00,"Cliente MQTT explicito (paho, SAS manual)",DC-HUMO-08,0.02,27.06,2026-09-26T20:09:23+00:00
2026-09-26T15:10:06-05:00,2026-09-26T20:10:06+00:00,"Cliente MQTT explicito (paho, SAS manual)",DC-HUMO-08,0.02,26.9,2026-09-26T20:10:06+00:00
2026-09-26T15:10:07-05:00,2026-09-26T20:10:07+00:00,"Cliente MQTT explicito (paho, SAS manual)",DC-HUMO-08,0.02,26.63,2026-09-26T20:10:07+00:00
2026-09-26T15:10:08-05:00,2026-09-26T20:10:08+00:00,"Cliente MQTT explicito (paho, SAS manual)",DC-HUMO-08,0.018,26.86,2026-09-26T20:10:08+00:00
2026-09-26T15:10:08-05:00,2026-09-26T20:10:08+00:00,"Cliente MQTT explicito (paho, SAS manual)",DC-HUMO-08,0.02,27.17,2026-09-26T20:10:08+00:00
2026-09-26T15:10:09-05:00,2026-09-26T20:10:09+00:00,"Cliente MQTT explicito (paho, SAS manual)",DC-HUMO-08,0.019,26.73,2026-09-26T20:10:09+00:00
2026-09-26T15:10:09-05:00,2026-09-26T20:10:09+00:00,"Cliente MQTT explicito (paho, SAS manual)",DC-HUMO-08,0.019,26.76,2026-09-26T20:10:09+00:00
2026-09-26T15:10:09-05:00,2026-09-26T20:10:09+00:00,"Cliente MQTT explicito (paho, SAS manual)",DC-HUMO-08,0.022,26.77,2026-09-26T20:10:09+00:00
2026-09-26T15:10:51-05:00,2026-09-26T20:10:51+00:00,"Cliente MQTT explicito (paho, SAS manual)",DC-HUMO-08,0.022,27.08,2026-09-26T20:10:51+00:00
2026-09-26T15:10:53-05:00,2026-09-26T20:10:53+00:00,"Cliente MQTT explicito (paho, SAS manual)",DC-HUMO-08,0.021,27.18,2026-09-26T20:10:53+00:00
2026-09-26T15:10:53-05:00,2026-09-26T20:10:53+00:00,"Cliente MQTT explicito (paho, SAS manual)",DC-HUMO-08,0.019,27.18,2026-09-26T20:10:53+00:00
2026-09-26T15:10:54-05:00,2026-09-26T20:10:54+00:00,"Cliente MQTT explicito (paho, SAS manual)",DC-HUMO-08,0.021,27.05,2026-09-26T20:10:54+00:00
2026-09-26T15:10:55-05:00,2026-09-26T20:10:55+00:00,"Cliente MQTT explicito (paho, SAS manual)",DC-HUMO-08,0.018,26.83,2026-09-26T20:10:55+00:00
2026-09-26T15:10:55-05:00,2026-09-26T20:10:55+00:00,"Cliente MQTT explicito (paho, SAS manual)",DC-HUMO-08,0.019,27.05,2026-09-26T20:10:55+00:00
2026-09-26T15:10:55-05:00,2026-09-26T20:10:55+00:00,"Cliente MQTT explicito (paho, SAS manual)",DC-HUMO-08,0.019,27.37,2026-09-26T20:10:55+00:00
2026-09-26T15:11:37-05:00,2026-09-26T20:11:37+00:00,"Cliente MQTT explicito (paho, SAS manual)",DC-HUMO-08,0.021,26.76,2026-09-26T20:11:37+00:00
2026-09-26T15:11:39-05:00,2026-09-26T20:11:39+00:00,"Cliente MQTT explicito (paho, SAS manual)",DC-HUMO-08,0.019,27.26,2026-09-26T20:11:39+00:00
2026-09-26T15:11:39-05:00,2026-09-26T20:11:39+00:00,"Cliente MQTT explicito (paho, SAS manual)",DC-HUMO-08,0.021,26.86,2026-09-26T20:11:39+00:00
2026-09-26T15:11:40-05:00,2026-09-26T20:11:40+00:00,"Cliente MQTT explicito (paho, SAS manual)",DC-HUMO-08,0.018,26.79,2026-09-26T20:11:40+00:00
2026-09-26T15:11:40-05:00,2026-09-26T20:11:40+00:00,"Cliente MQTT explicito (paho, SAS manual)",DC-HUMO-08,0.019,27.02,2026-09-26T20:11:40+00:00
2026-09-26T15:11:40-05:00,2026-09-26T20:11:40+00:00,"Cliente MQTT explicito (paho, SAS manual)",DC-HUMO-08,0.018,26.65,2026-09-26T20:11:40+00:00
2026-09-26T15:11:41-05:00,2026-09-26T20:11:41+00:00,"Cliente MQTT explicito (paho, SAS manual)",DC-HUMO-08,0.02,26.94,2026-09-26T20:11:41+00:00
2026-09-26T15:12:23-05:00,2026-09-26T20:12:23+00:00,"Cliente MQTT explicito (paho, SAS manual)",DC-HUMO-08,0.019,26.79,2026-09-26T20:12:23+00:00
2026-09-26T15:12:24-05:00,2026-09-26T20:12:24+00:00,"Cliente MQTT explicito (paho, SAS manual)",DC-HUMO-08,0.019,26.93,2026-09-26T20:12:24+00:00
2026-09-26T15:12:24-05:00,2026-09-26T20:12:24+00:00,"Cliente MQTT explicito (paho, SAS manual)",DC-HUMO-08,0.019,27.26,2026-09-26T20:12:24+00:00
2026-09-26T15:12:25-05:00,2026-09-26T20:12:25+00:00,"Cliente MQTT explicito (paho, SAS manual)",DC-HUMO-08,0.02,26.9,2026-09-26T20:12:25+00:00
2026-09-26T15:12:25-05:00,2026-09-26T20:12:25+00:00,"Cliente MQTT explicito (paho, SAS manual)",DC-HUMO-08,0.018,27.29,2026-09-26T20:12:25+00:00
2026-09-26T15:12:25-05:00,2026-09-26T20:12:25+00:00,"Cliente MQTT explicito (paho, SAS manual)",DC-HUMO-08,0.021,27.11,2026-09-26T20:12:25+00:00
2026-09-26T15:12:26-05:00,2026-09-26T20:12:26+00:00,"Cliente MQTT explicito (paho, SAS manual)",DC-HUMO-08,0.02,26.87,2026-09-26T20:12:26+00:00
2026-09-26T15:13:09-05:00,2026-09-26T20:13:09+00:00,"Cliente MQTT explicito (paho, SAS manual)",DC-HUMO-08,0.022,26.89,2026-09-26T20:13:09+00:00
2026-09-26T15:13:09-05:00,2026-09-26T20:13:09+00:00,"Cliente MQTT explicito (paho, SAS manual)",DC-HUMO-08,0.021,26.86,2026-09-26T20:13:09+00:00
2026-09-26T15:13:10-05:00,2026-09-26T20:13:10+00:00,"Cliente MQTT explicito (paho, SAS manual)",DC-HUMO-08,0.018,27.22,2026-09-26T20:13:10+00:00
2026-09-26T15:13:10-05:00,2026-09-26T20:13:10+00:00,"Cliente MQTT explicito (paho, SAS manual)",DC-HUMO-08,0.021,26.96,2026-09-26T20:13:10+00:00
2026-09-26T15:13:10-05:00,2026-09-26T20:13:10+00:00,"Cliente MQTT explicito (paho, SAS manual)",DC-HUMO-08,0.018,26.86,2026-09-26T20:13:10+00:00
2026-09-26T15:13:11-05:00,2026-09-26T20:13:11+00:00,"Cliente MQTT explicito (paho, SAS manual)",DC-HUMO-08,0.02,27.19,2026-09-26T20:13:11+00:00
2026-09-26T15:13:12-05:00,2026-09-26T20:13:12+00:00,"Cliente MQTT explicito (paho, SAS manual)",DC-HUMO-08,0.02,26.77,2026-09-26T20:13:12+00:00
2026-09-26T15:13:54-05:00,2026-09-26T20:13:54+00:00,"Cliente MQTT explicito (paho, SAS manual)",DC-HUMO-08,0.02,26.72,2026-09-26T20:13:54+00:00
2026-09-26T15:13:55-05:00,2026-09-26T20:13:55+00:00,"Cliente MQTT explicito (paho, SAS manual)",DC-HUMO-08,0.02,26.69,2026-09-26T20:13:55+00:00
2026-09-26T15:13:55-05:00,2026-09-26T20:13:55+00:00,"Cliente MQTT explicito (paho, SAS manual)",DC-HUMO-08,0.021,26.79,2026-09-26T20:13:55+00:00
2026-09-26T15:13:55-05:00,2026-09-26T20:13:55+00:00,"Cliente MQTT explicito (paho, SAS manual)",DC-HUMO-08,0.021,27.0,2026-09-26T20:13:55+00:00
2026-09-26T15:13:56-05:00,2026-09-26T20:13:56+00:00,"Cliente MQTT explicito (paho, SAS manual)",DC-HUMO-08,0.02,26.77,2026-09-26T20:13:56+00:00
2026-09-26T15:13:57-05:00,2026-09-26T20:13:57+00:00,"Cliente MQTT explicito (paho, SAS manual)",DC-HUMO-08,0.022,27.16,2026-09-26T20:13:57+00:00
2026-09-26T15:13:58-05:00,2026-09-26T20:13:58+00:00,"Cliente MQTT explicito (paho, SAS manual)",DC-HUMO-08,0.019,27.31,2026-09-26T20:13:58+00:00
2026-09-26T15:14:40-05:00,2026-09-26T20:14:40+00:00,"Cliente MQTT explicito (paho, SAS manual)",DC-HUMO-08,0.021,27.26,2026-09-26T20:14:40+00:00
2026-09-26T15:14:40-05:00,2026-09-26T20:14:40+00:00,"Cliente MQTT explicito (paho, SAS manual)",DC-HUMO-08,0.022,26.95,2026-09-26T20:14:40+00:00
2026-09-26T15:14:41-05:00,2026-09-26T20:14:41+00:00,"Cliente MQTT explicito (paho, SAS manual)",DC-HUMO-08,0.022,26.69,2026-09-26T20:14:41+00:00
2026-09-26T15:14:41-05:00,2026-09-26T20:14:41+00:00,"Cliente MQTT explicito (paho, SAS manual)",DC-HUMO-08,0.02,27.29,2026-09-26T20:14:41+00:00
2026-09-26T15:14:42-05:00,2026-09-26T20:14:42+00:00,"Cliente MQTT explicito (paho, SAS manual)",DC-HUMO-08,0.021,26.97,2026-09-26T20:14:42+00:00
2026-09-26T15:14:43-05:00,2026-09-26T20:14:43+00:00,"Cliente MQTT explicito (paho, SAS manual)",DC-HUMO-08,0.019,26.71,2026-09-26T20:14:43+00:00
2026-09-26T15:14:43-05:00,2026-09-26T20:14:43+00:00,"Cliente MQTT explicito (paho, SAS manual)",DC-HUMO-08,0.018,27.06,2026-09-26T20:14:43+00:00
2026-09-26T15:15:26-05:00,2026-09-26T20:15:26+00:00,"Cliente MQTT explicito (paho, SAS manual)",DC-HUMO-08,0.021,27.16,2026-09-26T20:15:26+00:00
2026-09-26T15:15:26-05:00,2026-09-26T20:15:26+00:00,"Cliente MQTT explicito (paho, SAS manual)",DC-HUMO-08,0.019,26.68,2026-09-26T20:15:26+00:00
2026-09-26T15:15:26-05:00,2026-09-26T20:15:26+00:00,"Cliente MQTT explicito (paho, SAS manual)",DC-HUMO-08,0.022,26.6,2026-09-26T20:15:26+00:00
2026-09-26T15:15:27-05:00,2026-09-26T20:15:27+00:00,"Cliente MQTT explicito (paho, SAS manual)",DC-HUMO-08,0.021,26.93,2026-09-26T20:15:27+00:00
2026-09-26T15:15:28-05:00,2026-09-26T20:15:28+00:00,"Cliente MQTT explicito (paho, SAS manual)",DC-HUMO-08,0.02,26.93,2026-09-26T20:15:28+00:00
2026-09-26T15:15:28-05:00,2026-09-26T20:15:28+00:00,"Cliente MQTT explicito (paho, SAS manual)",DC-HUMO-08,0.019,26.93,2026-09-26T20:15:28+00:00
2026-09-26T15:15:29-05:00,2026-09-26T20:15:29+00:00,"Cliente MQTT explicito (paho, SAS manual)",DC-HUMO-08,0.02,26.6,2026-09-26T20:15:29+00:00
2026-09-26T15:16:11-05:00,2026-09-26T20:16:11+00:00,"Cliente MQTT explicito (paho, SAS manual)",DC-HUMO-08,0.02,26.66,2026-09-26T20:16:11+00:00
2026-09-26T15:16:12-05:00,2026-09-26T20:16:12+00:00,"Cliente MQTT explicito (paho, SAS manual)",DC-HUMO-08,0.02,26.72,2026-09-26T20:16:12+00:00
2026-09-26T15:16:12-05:00,2026-09-26T20:16:12+00:00,"Cliente MQTT explicito (paho, SAS manual)",DC-HUMO-08,0.02,26.75,2026-09-26T20:16:12+00:00
2026-09-26T15:16:13-05:00,2026-09-26T20:16:13+00:00,"Cliente MQTT explicito (paho, SAS manual)",DC-HUMO-08,0.021,27.26,2026-09-26T20:16:13+00:00
2026-09-26T15:16:13-05:00,2026-09-26T20:16:13+00:00,"Cliente MQTT explicito (paho, SAS manual)",DC-HUMO-08,0.021,27.07,2026-09-26T20:16:13+00:00
2026-09-26T15:16:14-05:00,2026-09-26T20:16:14+00:00,"Cliente MQTT explicito (paho, SAS manual)",DC-HUMO-08,0.02,27.2,2026-09-26T20:16:14+00:00
2026-09-26T15:16:14-05:00,2026-09-26T20:16:14+00:00,"Cliente MQTT explicito (paho, SAS manual)",DC-HUMO-08,0.022,26.68,2026-09-26T20:16:14+00:00
2026-09-26T15:16:56-05:00,2026-09-26T20:16:56+00:00,"Cliente MQTT explicito (paho, SAS manual)",DC-HUMO-08,0.018,26.67,2026-09-26T20:16:56+00:00
2026-09-26T15:16:57-05:00,2026-09-26T20:16:57+00:00,"Cliente MQTT explicito (paho, SAS manual)",DC-HUMO-08,0.019,26.78,2026-09-26T20:16:57+00:00
2026-09-26T15:16:57-05:00,2026-09-26T20:16:57+00:00,"Cliente MQTT explicito (paho, SAS manual)",DC-HUMO-08,0.018,27.13,2026-09-26T20:16:57+00:00
2026-09-26T15:16:58-05:00,2026-09-26T20:16:58+00:00,"Cliente MQTT explicito (paho, SAS manual)",DC-HUMO-08,0.022,27.1,2026-09-26T20:16:58+00:00
2026-09-26T15:16:59-05:00,2026-09-26T20:16:59+00:00,"Cliente MQTT explicito (paho, SAS manual)",DC-HUMO-08,0.021,27.09,2026-09-26T20:16:59+00:00
2026-09-26T15:17:00-05:00,2026-09-26T20:17:00+00:00,"Cliente MQTT explicito (paho, SAS manual)",DC-HUMO-08,0.022,26.72,2026-09-26T20:17:00+00:00
2026-09-26T15:17:00-05:00,2026-09-26T20:17:00+00:00,"Cliente MQTT explicito (paho, SAS manual)",DC-HUMO-08,0.019,26.88,2026-09-26T20:17:00+00:00
2026-09-26T15:17:42-05:00,2026-09-26T20:17:42+00:00,"Cliente MQTT explicito (paho, SAS manual)",DC-HUMO-08,0.021,27.04,2026-09-26T20:17:42+00:00
2026-09-26T15:17:43-05:00,2026-09-26T20:17:43+00:00,"Cliente MQTT explicito (paho, SAS manual)",DC-HUMO-08,0.021,27.27,2026-09-26T20:17:43+00:00
2026-09-26T15:17:43-05:00,2026-09-26T20:17:43+00:00,"Cliente MQTT explicito (paho, SAS manual)",DC-HUMO-08,0.018,26.82,2026-09-26T20:17:43+00:00
2026-09-26T15:17:44-05:00,2026-09-26T20:17:44+00:00,"Cliente MQTT explicito (paho, SAS manual)",DC-HUMO-08,0.019,27.26,2026-09-26T20:17:44+00:00
2026-09-26T15:17:45-05:00,2026-09-26T20:17:45+00:00,"Cliente MQTT explicito (paho, SAS manual)",DC-HUMO-08,0.019,26.91,2026-09-26T20:17:45+00:00
2026-09-26T15:17:45-05:00,2026-09-26T20:17:45+00:00,"Cliente MQTT explicito (paho, SAS manual)",DC-HUMO-08,0.02,27.18,2026-09-26T20:17:45+00:00
2026-09-26T15:17:45-05:00,2026-09-26T20:17:45+00:00,"Cliente MQTT explicito (paho, SAS manual)",DC-HUMO-08,0.018,27.33,2026-09-26T20:17:45+00:00
2026-09-26T15:18:27-05:00,2026-09-26T20:18:27+00:00,"Cliente MQTT explicito (paho, SAS manual)",DC-HUMO-08,0.02,27.03,2026-09-26T20:18:27+00:00
2026-09-26T15:18:28-05:00,2026-09-26T20:18:28+00:00,"Cliente MQTT explicito (paho, SAS manual)",DC-HUMO-08,0.02,27.11,2026-09-26T20:18:28+00:00
2026-09-26T15:18:28-05:00,2026-09-26T20:18:28+00:00,"Cliente MQTT explicito (paho, SAS manual)",DC-HUMO-08,0.021,26.82,2026-09-26T20:18:28+00:00
2026-09-26T15:18:29-05:00,2026-09-26T20:18:29+00:00,"Cliente MQTT explicito (paho, SAS manual)",DC-HUMO-08,0.02,26.69,2026-09-26T20:18:29+00:00
2026-09-26T15:18:30-05:00,2026-09-26T20:18:30+00:00,"Cliente MQTT explicito (paho, SAS manual)",DC-HUMO-08,0.019,26.79,2026-09-26T20:18:30+00:00
2026-09-26T15:18:30-05:00,2026-09-26T20:18:30+00:00,"Cliente MQTT explicito (paho, SAS manual)",DC-HUMO-08,0.018,26.89,2026-09-26T20:18:30+00:00
2026-09-26T15:18:30-05:00,2026-09-26T20:18:30+00:00,"Cliente MQTT explicito (paho, SAS manual)",DC-HUMO-08,0.019,26.93,2026-09-26T20:18:30+00:00
2026-09-26T15:19:12-05:00,2026-09-26T20:19:12+00:00,"Cliente MQTT explicito (paho, SAS manual)",DC-HUMO-08,0.019,27.05,2026-09-26T20:19:12+00:00
2026-09-26T15:19:14-05:00,2026-09-26T20:19:14+00:00,"Cliente MQTT explicito (paho, SAS manual)",DC-HUMO-08,0.019,27.33,2026-09-26T20:19:14+00:00
2026-09-26T15:19:14-05:00,2026-09-26T20:19:14+00:00,"Cliente MQTT explicito (paho, SAS manual)",DC-HUMO-08,0.02,27.38,2026-09-26T20:19:14+00:00
2026-09-26T15:19:15-05:00,2026-09-26T20:19:15+00:00,"Cliente MQTT explicito (paho, SAS manual)",DC-HUMO-08,0.019,26.61,2026-09-26T20:19:15+00:00
2026-09-26T15:19:15-05:00,2026-09-26T20:19:15+00:00,"Cliente MQTT explicito (paho, SAS manual)",DC-HUMO-08,0.021,26.94,2026-09-26T20:19:15+00:00
2026-09-26T15:19:15-05:00,2026-09-26T20:19:15+00:00,"Cliente MQTT explicito (paho, SAS manual)",DC-HUMO-08,0.018,26.78,2026-09-26T20:19:15+00:00
2026-09-26T15:19:16-05:00,2026-09-26T20:19:16+00:00,"Cliente MQTT explicito (paho, SAS manual)",DC-HUMO-08,0.022,27.31,2026-09-26T20:19:16+00:00
2026-09-26T15:19:57-05:00,2026-09-26T20:19:57+00:00,"Cliente MQTT explicito (paho, SAS manual)",DC-HUMO-08,0.02,27.17,2026-09-26T20:19:57+00:00
2026-09-26T15:19:59-05:00,2026-09-26T20:19:59+00:00,"Cliente MQTT explicito (paho, SAS manual)",DC-HUMO-08,0.019,27.27,2026-09-26T20:19:59+00:00
2026-09-26T15:19:59-05:00,2026-09-26T20:19:59+00:00,"Cliente MQTT explicito (paho, SAS manual)",DC-HUMO-08,0.019,27.08,2026-09-26T20:19:59+00:00
2026-09-26T15:20:00-05:00,2026-09-26T20:20:00+00:00,"Cliente MQTT explicito (paho, SAS manual)",DC-HUMO-08,0.022,26.75,2026-09-26T20:20:00+00:00
2026-09-26T15:20:00-05:00,2026-09-26T20:20:00+00:00,"Cliente MQTT explicito (paho, SAS manual)",DC-HUMO-08,0.02,26.76,2026-09-26T20:20:00+00:00
2026-09-26T15:20:01-05:00,2026-09-26T20:20:01+00:00,"Cliente MQTT explicito (paho, SAS manual)",DC-HUMO-08,0.019,27.21,2026-09-26T20:20:01+00:00
2026-09-26T15:20:01-05:00,2026-09-26T20:20:01+00:00,"Cliente MQTT explicito (paho, SAS manual)",DC-HUMO-08,0.02,27.23,2026-09-26T20:20:01+00:00
2026-09-26T15:20:43-05:00,2026-09-26T20:20:43+00:00,"Cliente MQTT explicito (paho, SAS manual)",DC-HUMO-08,0.022,26.93,2026-09-26T20:20:43+00:00
2026-09-26T15:20:44-05:00,2026-09-26T20:20:44+00:00,"Cliente MQTT explicito (paho, SAS manual)",DC-HUMO-08,0.02,27.31,2026-09-26T20:20:44+00:00
2026-09-26T15:20:44-05:00,2026-09-26T20:20:44+00:00,"Cliente MQTT explicito (paho, SAS manual)",DC-HUMO-08,0.022,26.81,2026-09-26T20:20:44+00:00
2026-09-26T15:20:45-05:00,2026-09-26T20:20:45+00:00,"Cliente MQTT explicito (paho, SAS manual)",DC-HUMO-08,0.018,27.12,2026-09-26T20:20:45+00:00
2026-09-26T15:20:46-05:00,2026-09-26T20:20:46+00:00,"Cliente MQTT explicito (paho, SAS manual)",DC-HUMO-08,0.02,27.02,2026-09-26T20:20:46+00:00
2026-09-26T15:20:46-05:00,2026-09-26T20:20:46+00:00,"Cliente MQTT explicito (paho, SAS manual)",DC-HUMO-08,0.021,27.28,2026-09-26T20:20:46+00:00
2026-09-26T15:20:47-05:00,2026-09-26T20:20:47+00:00,"Cliente MQTT explicito (paho, SAS manual)",DC-HUMO-08,0.019,26.89,2026-09-26T20:20:47+00:00
2026-09-26T15:21:29-05:00,2026-09-26T20:21:29+00:00,"Cliente MQTT explicito (paho, SAS manual)",DC-HUMO-08,0.02,26.72,2026-09-26T20:21:29+00:00
2026-09-26T15:21:30-05:00,2026-09-26T20:21:30+00:00,"Cliente MQTT explicito (paho, SAS manual)",DC-HUMO-08,0.022,27.34,2026-09-26T20:21:30+00:00
2026-09-26T15:21:30-05:00,2026-09-26T20:21:30+00:00,"Cliente MQTT explicito (paho, SAS manual)",DC-HUMO-08,0.02,27.17,2026-09-26T20:21:30+00:00
2026-09-26T15:21:31-05:00,2026-09-26T20:21:31+00:00,"Cliente MQTT explicito (paho, SAS manual)",DC-HUMO-08,0.022,26.99,2026-09-26T20:21:31+00:00
2026-09-26T15:21:32-05:00,2026-09-26T20:21:32+00:00,"Cliente MQTT explicito (paho, SAS manual)",DC-HUMO-08,0.021,26.71,2026-09-26T20:21:32+00:00
2026-09-26T15:21:32-05:00,2026-09-26T20:21:32+00:00,"Cliente MQTT explicito (paho, SAS manual)",DC-HUMO-08,0.02,27.34,2026-09-26T20:21:32+00:00
2026-09-26T15:21:33-05:00,2026-09-26T20:21:33+00:00,"Cliente MQTT explicito (paho, SAS manual)",DC-HUMO-08,0.018,27.33,2026-09-26T20:21:33+00:00
2026-09-26T15:22:14-05:00,2026-09-26T20:22:14+00:00,"Cliente MQTT explicito (paho, SAS manual)",DC-HUMO-08,0.021,27.25,2026-09-26T20:22:14+00:00
2026-09-26T15:22:15-05:00,2026-09-26T20:22:15+00:00,"Cliente MQTT explicito (paho, SAS manual)",DC-HUMO-08,0.021,26.76,2026-09-26T20:22:15+00:00
2026-09-26T15:22:15-05:00,2026-09-26T20:22:15+00:00,"Cliente MQTT explicito (paho, SAS manual)",DC-HUMO-08,0.02,27.38,2026-09-26T20:22:15+00:00
2026-09-26T15:22:17-05:00,2026-09-26T20:22:17+00:00,"Cliente MQTT explicito (paho, SAS manual)",DC-HUMO-08,0.02,27.05,2026-09-26T20:22:17+00:00
2026-09-26T15:22:18-05:00,2026-09-26T20:22:18+00:00,"Cliente MQTT explicito (paho, SAS manual)",DC-HUMO-08,0.018,27.18,2026-09-26T20:22:18+00:00
2026-09-26T15:22:18-05:00,2026-09-26T20:22:18+00:00,"Cliente MQTT explicito (paho, SAS manual)",DC-HUMO-08,0.021,26.86,2026-09-26T20:22:18+00:00
2026-09-26T15:22:19-05:00,2026-09-26T20:22:19+00:00,"Cliente MQTT explicito (paho, SAS manual)",DC-HUMO-08,0.018,27.08,2026-09-26T20:22:19+00:00
2026-09-26T15:23:00-05:00,2026-09-26T20:23:00+00:00,"Cliente MQTT explicito (paho, SAS manual)",DC-HUMO-08,0.021,27.12,2026-09-26T20:23:00+00:00
2026-09-26T15:23:00-05:00,2026-09-26T20:23:00+00:00,"Cliente MQTT explicito (paho, SAS manual)",DC-HUMO-08,0.02,26.85,2026-09-26T20:23:00+00:00
2026-09-26T15:23:01-05:00,2026-09-26T20:23:01+00:00,"Cliente MQTT explicito (paho, SAS manual)",DC-HUMO-08,0.022,27.11,2026-09-26T20:23:01+00:00
2026-09-26T15:23:03-05:00,2026-09-26T20:23:03+00:00,"Cliente MQTT explicito (paho, SAS manual)",DC-HUMO-08,0.019,27.26,2026-09-26T20:23:03+00:00
2026-09-26T15:23:03-05:00,2026-09-26T20:23:03+00:00,"Cliente MQTT explicito (paho, SAS manual)",DC-HUMO-08,0.02,27.08,2026-09-26T20:23:03+00:00
2026-09-26T15:23:03-05:00,2026-09-26T20:23:03+00:00,"Cliente MQTT explicito (paho, SAS manual)",DC-HUMO-08,0.021,26.86,2026-09-26T20:23:03+00:00
2026-09-26T15:23:04-05:00,2026-09-26T20:23:04+00:00,"Cliente MQTT explicito (paho, SAS manual)",DC-HUMO-08,0.02,27.19,2026-09-26T20:23:04+00:00
2026-09-26T15:23:45-05:00,2026-09-26T20:23:45+00:00,"Cliente MQTT explicito (paho, SAS manual)",DC-HUMO-08,0.019,26.74,2026-09-26T20:23:45+00:00
2026-09-26T15:23:46-05:00,2026-09-26T20:23:46+00:00,"Cliente MQTT explicito (paho, SAS manual)",DC-HUMO-08,0.021,26.88,2026-09-26T20:23:46+00:00
2026-09-26T15:23:46-05:00,2026-09-26T20:23:46+00:00,"Cliente MQTT explicito (paho, SAS manual)",DC-HUMO-08,0.021,27.0,2026-09-26T20:23:46+00:00
2026-09-26T15:23:48-05:00,2026-09-26T20:23:48+00:00,"Cliente MQTT explicito (paho, SAS manual)",DC-HUMO-08,0.018,26.89,2026-09-26T20:23:48+00:00
2026-09-26T15:23:48-05:00,2026-09-26T20:23:48+00:00,"Cliente MQTT explicito (paho, SAS manual)",DC-HUMO-08,0.022,26.76,2026-09-26T20:23:48+00:00
2026-09-26T15:23:49-05:00,2026-09-26T20:23:49+00:00,"Cliente MQTT explicito (paho, SAS manual)",DC-HUMO-08,0.019,26.77,2026-09-26T20:23:49+00:00
2026-09-26T15:23:49-05:00,2026-09-26T20:23:49+00:00,"Cliente MQTT explicito (paho, SAS manual)",DC-HUMO-08,0.021,27.28,2026-09-26T20:23:49+00:00
2026-09-26T15:24:31-05:00,2026-09-26T20:24:31+00:00,"Cliente MQTT explicito (paho, SAS manual)",DC-HUMO-08,0.02,26.68,2026-09-26T20:24:31+00:00
2026-09-26T15:24:31-05:00,2026-09-26T20:24:31+00:00,"Cliente MQTT explicito (paho, SAS manual)",DC-HUMO-08,0.02,26.87,2026-09-26T20:24:31+00:00
2026-09-26T15:24:31-05:00,2026-09-26T20:24:31+00:00,"Cliente MQTT explicito (paho, SAS manual)",DC-HUMO-08,0.022,27.17,2026-09-26T20:24:31+00:00
2026-09-26T15:24:33-05:00,2026-09-26T20:24:33+00:00,"Cliente MQTT explicito (paho, SAS manual)",DC-HUMO-08,0.02,27.27,2026-09-26T20:24:33+00:00
2026-09-26T15:24:34-05:00,2026-09-26T20:24:34+00:00,"Cliente MQTT explicito (paho, SAS manual)",DC-HUMO-08,0.02,26.59,2026-09-26T20:24:34+00:00
2026-09-26T15:24:34-05:00,2026-09-26T20:24:34+00:00,"Cliente MQTT explicito (paho, SAS manual)",DC-HUMO-08,0.019,26.83,2026-09-26T20:24:34+00:00
2026-09-26T15:24:34-05:00,2026-09-26T20:24:34+00:00,"Cliente MQTT explicito (paho, SAS manual)",DC-HUMO-08,0.02,27.19,2026-09-26T20:24:34+00:00
2026-09-26T15:25:16-05:00,2026-09-26T20:25:16+00:00,"Cliente MQTT explicito (paho, SAS manual)",DC-HUMO-08,0.02,27.25,2026-09-26T20:25:16+00:00
2026-09-26T15:25:16-05:00,2026-09-26T20:25:16+00:00,"Cliente MQTT explicito (paho, SAS manual)",DC-HUMO-08,0.018,27.36,2026-09-26T20:25:16+00:00
2026-09-26T15:25:17-05:00,2026-09-26T20:25:17+00:00,"Cliente MQTT explicito (paho, SAS manual)",DC-HUMO-08,0.02,26.98,2026-09-26T20:25:17+00:00
2026-09-26T15:25:18-05:00,2026-09-26T20:25:18+00:00,"Cliente MQTT explicito (paho, SAS manual)",DC-HUMO-08,0.022,27.13,2026-09-26T20:25:18+00:00
2026-09-26T15:25:19-05:00,2026-09-26T20:25:19+00:00,"Cliente MQTT explicito (paho, SAS manual)",DC-HUMO-08,0.018,27.15,2026-09-26T20:25:19+00:00
2026-09-26T15:25:19-05:00,2026-09-26T20:25:19+00:00,"Cliente MQTT explicito (paho, SAS manual)",DC-HUMO-08,0.021,27.36,2026-09-26T20:25:19+00:00
2026-09-26T15:25:19-05:00,2026-09-26T20:25:19+00:00,"Cliente MQTT explicito (paho, SAS manual)",DC-HUMO-08,0.018,27.1,2026-09-26T20:25:19+00:00
2026-09-26T15:26:02-05:00,2026-09-26T20:26:02+00:00,"Cliente MQTT explicito (paho, SAS manual)",DC-HUMO-08,0.018,26.65,2026-09-26T20:26:02+00:00
2026-09-26T15:26:02-05:00,2026-09-26T20:26:02+00:00,"Cliente MQTT explicito (paho, SAS manual)",DC-HUMO-08,0.018,26.93,2026-09-26T20:26:02+00:00
2026-09-26T15:26:02-05:00,2026-09-26T20:26:02+00:00,"Cliente MQTT explicito (paho, SAS manual)",DC-HUMO-08,0.021,26.68,2026-09-26T20:26:02+00:00
2026-09-26T15:26:04-05:00,2026-09-26T20:26:04+00:00,"Cliente MQTT explicito (paho, SAS manual)",DC-HUMO-08,0.022,27.09,2026-09-26T20:26:04+00:00
2026-09-26T15:26:04-05:00,2026-09-26T20:26:04+00:00,"Cliente MQTT explicito (paho, SAS manual)",DC-HUMO-08,0.018,27.37,2026-09-26T20:26:04+00:00
2026-09-26T15:26:05-05:00,2026-09-26T20:26:05+00:00,"Cliente MQTT explicito (paho, SAS manual)",DC-HUMO-08,0.021,27.27,2026-09-26T20:26:05+00:00
2026-09-26T15:26:05-05:00,2026-09-26T20:26:05+00:00,"Cliente MQTT explicito (paho, SAS manual)",DC-HUMO-08,0.022,26.91,2026-09-26T20:26:05+00:00
2026-09-26T15:26:47-05:00,2026-09-26T20:26:47+00:00,"Cliente MQTT explicito (paho, SAS manual)",DC-HUMO-08,0.02,26.63,2026-09-26T20:26:47+00:00
2026-09-26T15:26:47-05:00,2026-09-26T20:26:47+00:00,"Cliente MQTT explicito (paho, SAS manual)",DC-HUMO-08,0.018,27.06,2026-09-26T20:26:47+00:00
2026-09-26T15:26:48-05:00,2026-09-26T20:26:48+00:00,"Cliente MQTT explicito (paho, SAS manual)",DC-HUMO-08,0.021,26.66,2026-09-26T20:26:48+00:00
2026-09-26T15:26:49-05:00,2026-09-26T20:26:49+00:00,"Cliente MQTT explicito (paho, SAS manual)",DC-HUMO-08,0.02,26.98,2026-09-26T20:26:49+00:00
2026-09-26T15:26:50-05:00,2026-09-26T20:26:50+00:00,"Cliente MQTT explicito (paho, SAS manual)",DC-HUMO-08,0.02,26.99,2026-09-26T20:26:50+00:00
2026-09-26T15:26:50-05:00,2026-09-26T20:26:50+00:00,"Cliente MQTT explicito (paho, SAS manual)",DC-HUMO-08,0.021,26.71,2026-09-26T20:26:50+00:00
2026-09-26T15:26:50-05:00,2026-09-26T20:26:50+00:00,"Cliente MQTT explicito (paho, SAS manual)",DC-HUMO-08,0.018,27.11,2026-09-26T20:26:50+00:00
2026-09-26T15:27:32-05:00,2026-09-26T20:27:32+00:00,"Cliente MQTT explicito (paho, SAS manual)",DC-HUMO-08,0.018,27.08,2026-09-26T20:27:32+00:00
2026-09-26T15:27:33-05:00,2026-09-26T20:27:33+00:00,"Cliente MQTT explicito (paho, SAS manual)",DC-HUMO-08,0.021,26.8,2026-09-26T20:27:33+00:00
2026-09-26T15:27:34-05:00,2026-09-26T20:27:34+00:00,"Cliente MQTT explicito (paho, SAS manual)",DC-HUMO-08,0.02,27.19,2026-09-26T20:27:34+00:00
2026-09-26T15:27:35-05:00,2026-09-26T20:27:35+00:00,"Cliente MQTT explicito (paho, SAS manual)",DC-HUMO-08,0.022,27.27,2026-09-26T20:27:35+00:00
2026-09-26T15:27:35-05:00,2026-09-26T20:27:35+00:00,"Cliente MQTT explicito (paho, SAS manual)",DC-HUMO-08,0.021,27.13,2026-09-26T20:27:35+00:00
2026-09-26T15:27:35-05:00,2026-09-26T20:27:35+00:00,"Cliente MQTT explicito (paho, SAS manual)",DC-HUMO-08,0.019,26.63,2026-09-26T20:27:35+00:00
2026-09-26T15:27:36-05:00,2026-09-26T20:27:36+00:00,"Cliente MQTT explicito (paho, SAS manual)",DC-HUMO-08,0.02,27.25,2026-09-26T20:27:36+00:00
2026-09-26T15:28:17-05:00,2026-09-26T20:28:17+00:00,"Cliente MQTT explicito (paho, SAS manual)",DC-HUMO-08,0.019,26.67,2026-09-26T20:28:17+00:00
2026-09-26T15:28:18-05:00,2026-09-26T20:28:18+00:00,"Cliente MQTT explicito (paho, SAS manual)",DC-HUMO-08,0.018,27.05,2026-09-26T20:28:18+00:00
2026-09-26T15:28:19-05:00,2026-09-26T20:28:19+00:00,"Cliente MQTT explicito (paho, SAS manual)",DC-HUMO-08,0.019,26.84,2026-09-26T20:28:19+00:00
2026-09-26T15:28:20-05:00,2026-09-26T20:28:20+00:00,"Cliente MQTT explicito (paho, SAS manual)",DC-HUMO-08,0.018,27.02,2026-09-26T20:28:20+00:00
2026-09-26T15:28:21-05:00,2026-09-26T20:28:21+00:00,"Cliente MQTT explicito (paho, SAS manual)",DC-HUMO-08,0.021,26.72,2026-09-26T20:28:21+00:00
2026-09-26T15:28:21-05:00,2026-09-26T20:28:21+00:00,"Cliente MQTT explicito (paho, SAS manual)",DC-HUMO-08,0.018,27.04,2026-09-26T20:28:21+00:00
2026-09-26T15:28:21-05:00,2026-09-26T20:28:21+00:00,"Cliente MQTT explicito (paho, SAS manual)",DC-HUMO-08,0.021,27.35,2026-09-26T20:28:21+00:00
2026-09-26T15:29:03-05:00,2026-09-26T20:29:03+00:00,"Cliente MQTT explicito (paho, SAS manual)",DC-HUMO-08,0.022,27.11,2026-09-26T20:29:03+00:00
2026-09-26T15:29:48-05:00,2026-09-26T20:29:48+00:00,"Cliente MQTT explicito (paho, SAS manual)",DC-HUMO-08,0.021,27.03,2026-09-26T20:29:48+00:00
2026-09-26T15:30:33-05:00,2026-09-26T20:30:33+00:00,"Cliente MQTT explicito (paho, SAS manual)",DC-HUMO-08,0.018,26.71,2026-09-26T20:30:33+00:00
2026-09-26T15:31:18-05:00,2026-09-26T20:31:18+00:00,"Cliente MQTT explicito (paho, SAS manual)",DC-HUMO-08,0.022,27.14,2026-09-26T20:31:18+00:00
2026-09-26T15:32:03-05:00,2026-09-26T20:32:03+00:00,"Cliente MQTT explicito (paho, SAS manual)",DC-HUMO-08,0.019,27.26,2026-09-26T20:32:03+00:00
2026-09-26T15:32:48-05:00,2026-09-26T20:32:48+00:00,"Cliente MQTT explicito (paho, SAS manual)",DC-HUMO-08,0.02,26.9,2026-09-26T20:32:48+00:00
2026-09-26T15:33:33-05:00,2026-09-26T20:33:33+00:00,"Cliente MQTT explicito (paho, SAS manual)",DC-HUMO-08,0.019,26.61,2026-09-26T20:33:33+00:00
2026-09-26T15:34:18-05:00,2026-09-26T20:34:18+00:00,"Cliente MQTT explicito (paho, SAS manual)",DC-HUMO-08,0.018,27.33,2026-09-26T20:34:18+00:00
2026-09-26T15:35:03-05:00,2026-09-26T20:35:03+00:00,"Cliente MQTT explicito (paho, SAS manual)",DC-HUMO-08,0.019,26.67,2026-09-26T20:35:03+00:00
2026-09-26T15:35:48-05:00,2026-09-26T20:35:48+00:00,"Cliente MQTT explicito (paho, SAS manual)",DC-HUMO-08,0.021,27.04,2026-09-26T20:35:48+00:00
2026-09-26T15:36:18-05:00,2026-09-26T20:36:18+00:00,"Cliente MQTT explicito (paho, SAS manual)",DC-HUMO-08,0.02,27.23,2026-09-26T20:36:18+00:00
2026-09-26T15:36:33-05:00,2026-09-26T20:36:33+00:00,"Cliente MQTT explicito (paho, SAS manual)",DC-HUMO-08,0.021,27.27,2026-09-26T20:36:33+00:00
2026-09-26T15:37:25-05:00,2026-09-26T20:37:25+00:00,"Cliente MQTT explicito (paho, SAS manual)",DC-HUMO-08,0.019,27.13,2026-09-26T20:37:25+00:00
2026-09-26T15:38:10-05:00,2026-09-26T20:38:10+00:00,"Cliente MQTT explicito (paho, SAS manual)",DC-HUMO-08,0.021,27.07,2026-09-26T20:38:10+00:00
2026-09-26T15:38:55-05:00,2026-09-26T20:38:55+00:00,"Cliente MQTT explicito (paho, SAS manual)",DC-HUMO-08,0.02,26.71,2026-09-26T20:38:55+00:00
2026-09-26T15:39:40-05:00,2026-09-26T20:39:40+00:00,"Cliente MQTT explicito (paho, SAS manual)",DC-HUMO-08,0.02,26.75,2026-09-26T20:39:40+00:00
2026-09-26T15:40:25-05:00,2026-09-26T20:40:25+00:00,"Cliente MQTT explicito (paho, SAS manual)",DC-HUMO-08,0.018,27.04,2026-09-26T20:40:25+00:00
2026-09-26T15:41:10-05:00,2026-09-26T20:41:10+00:00,"Cliente MQTT explicito (paho, SAS manual)",DC-HUMO-08,0.02,27.08,2026-09-26T20:41:10+00:00
2026-09-26T15:41:55-05:00,2026-09-26T20:41:55+00:00,"Cliente MQTT explicito (paho, SAS manual)",DC-HUMO-08,0.018,27.09,2026-09-26T20:41:55+00:00
2026-09-26T15:42:40-05:00,2026-09-26T20:42:40+00:00,"Cliente MQTT explicito (paho, SAS manual)",DC-HUMO-08,0.019,26.81,2026-09-26T20:42:40+00:00
2026-09-26T15:43:25-05:00,2026-09-26T20:43:25+00:00,"Cliente MQTT explicito (paho, SAS manual)",DC-HUMO-08,0.019,26.56,2026-09-26T20:43:25+00:00
2026-09-26T15:44:10-05:00,2026-09-26T20:44:10+00:00,"Cliente MQTT explicito (paho, SAS manual)",DC-HUMO-08,0.021,26.91,2026-09-26T20:44:10+00:00
2026-09-26T15:44:55-05:00,2026-09-26T20:44:55+00:00,"Cliente MQTT explicito (paho, SAS manual)",DC-HUMO-08,0.02,26.87,2026-09-26T20:44:55+00:00
2026-09-26T15:45:40-05:00,2026-09-26T20:45:40+00:00,"Cliente MQTT explicito (paho, SAS manual)",DC-HUMO-08,0.018,27.33,2026-09-26T20:45:40+00:00
2026-09-26T15:46:25-05:00,2026-09-26T20:46:25+00:00,"Cliente MQTT explicito (paho, SAS manual)",DC-HUMO-08,0.018,27.23,2026-09-26T20:46:25+00:00
2026-09-26T15:47:10-05:00,2026-09-26T20:47:10+00:00,"Cliente MQTT explicito (paho, SAS manual)",DC-HUMO-08,0.021,27.21,2026-09-26T20:47:10+00:00
2026-09-26T15:47:55-05:00,2026-09-26T20:47:55+00:00,"Cliente MQTT explicito (paho, SAS manual)",DC-HUMO-08,0.019,26.62,2026-09-26T20:47:55+00:00
2026-09-26T15:48:40-05:00,2026-09-26T20:48:40+00:00,"Cliente MQTT explicito (paho, SAS manual)",DC-HUMO-08,0.018,26.82,2026-09-26T20:48:40+00:00
2026-09-26T15:49:25-05:00,2026-09-26T20:49:25+00:00,"Cliente MQTT explicito (paho, SAS manual)",DC-HUMO-08,0.02,26.67,2026-09-26T20:49:25+00:00
2026-09-26T15:50:10-05:00,2026-09-26T20:50:10+00:00,"Cliente MQTT explicito (paho, SAS manual)",DC-HUMO-08,0.018,27.29,2026-09-26T20:50:10+00:00
2026-09-26T15:50:55-05:00,2026-09-26T20:50:55+00:00,"Cliente MQTT explicito (paho, SAS manual)",DC-HUMO-08,0.02,26.95,2026-09-26T20:50:55+00:00
2026-09-26T15:51:40-05:00,2026-09-26T20:51:40+00:00,"Cliente MQTT explicito (paho, SAS manual)",DC-HUMO-08,0.019,26.86,2026-09-26T20:51:40+00:00
2026-09-26T15:52:25-05:00,2026-09-26T20:52:25+00:00,"Cliente MQTT explicito (paho, SAS manual)",DC-HUMO-08,0.021,26.65,2026-09-26T20:52:25+00:00
2026-09-26T15:53:10-05:00,2026-09-26T20:53:10+00:00,"Cliente MQTT explicito (paho, SAS manual)",DC-HUMO-08,0.02,26.61,2026-09-26T20:53:10+00:00
2026-09-26T15:53:55-05:00,2026-09-26T20:53:55+00:00,"Cliente MQTT explicito (paho, SAS manual)",DC-HUMO-08,0.019,27.04,2026-09-26T20:53:55+00:00
2026-09-26T15:54:40-05:00,2026-09-26T20:54:40+00:00,"Cliente MQTT explicito (paho, SAS manual)",DC-HUMO-08,0.019,27.09,2026-09-26T20:54:40+00:00
2026-09-26T15:55:25-05:00,2026-09-26T20:55:25+00:00,"Cliente MQTT explicito (paho, SAS manual)",DC-HUMO-08,0.021,27.17,2026-09-26T20:55:25+00:00
2026-09-26T15:56:10-05:00,2026-09-26T20:56:10+00:00,"Cliente MQTT explicito (paho, SAS manual)",DC-HUMO-08,0.018,26.65,2026-09-26T20:56:10+00:00
2026-09-26T15:56:55-05:00,2026-09-26T20:56:55+00:00,"Cliente MQTT explicito (paho, SAS manual)",DC-HUMO-08,0.019,26.94,2026-09-26T20:56:55+00:00
2026-09-26T15:57:40-05:00,2026-09-26T20:57:40+00:00,"Cliente MQTT explicito (paho, SAS manual)",DC-HUMO-08,0.019,27.09,2026-09-26T20:57:40+00:00
2026-09-26T15:58:25-05:00,2026-09-26T20:58:25+00:00,"Cliente MQTT explicito (paho, SAS manual)",DC-HUMO-08,0.02,26.54,2026-09-26T20:58:25+00:00
2026-09-26T15:59:10-05:00,2026-09-26T20:59:10+00:00,"Cliente MQTT explicito (paho, SAS manual)",DC-HUMO-08,0.019,27.08,2026-09-26T20:59:10+00:00
2026-09-26T15:59:55-05:00,2026-09-26T20:59:55+00:00,"Cliente MQTT explicito (paho, SAS manual)",DC-HUMO-08,0.018,26.98,2026-09-26T20:59:55+00:00
2026-09-26T16:00:40-05:00,2026-09-26T21:00:40+00:00,"Cliente MQTT explicito (paho, SAS manual)",DC-HUMO-08,0.021,26.76,2026-09-26T21:00:40+00:00
2026-09-26T16:01:25-05:00,2026-09-26T21:01:25+00:00,"Cliente MQTT explicito (paho, SAS manual)",DC-HUMO-08,0.021,26.59,2026-09-26T21:01:25+00:00
2026-09-26T16:02:10-05:00,2026-09-26T21:02:10+00:00,"Cliente MQTT explicito (paho, SAS manual)",DC-HUMO-08,0.02,27.17,2026-09-26T21:02:10+00:00
2026-09-26T16:02:55-05:00,2026-09-26T21:02:55+00:00,"Cliente MQTT explicito (paho, SAS manual)",DC-HUMO-08,0.021,26.79,2026-09-26T21:02:55+00:00
2026-09-26T16:03:40-05:00,2026-09-26T21:03:40+00:00,"Cliente MQTT explicito (paho, SAS manual)",DC-HUMO-08,0.018,26.55,2026-09-26T21:03:40+00:00
2026-09-26T16:04:25-05:00,2026-09-26T21:04:25+00:00,"Cliente MQTT explicito (paho, SAS manual)",DC-HUMO-08,0.021,26.95,2026-09-26T21:04:25+00:00
2026-09-26T16:05:10-05:00,2026-09-26T21:05:10+00:00,"Cliente MQTT explicito (paho, SAS manual)",DC-HUMO-08,0.018,27.14,2026-09-26T21:05:10+00:00
2026-09-26T16:05:55-05:00,2026-09-26T21:05:55+00:00,"Cliente MQTT explicito (paho, SAS manual)",DC-HUMO-08,0.019,27.1,2026-09-26T21:05:55+00:00
2026-09-26T16:06:40-05:00,2026-09-26T21:06:40+00:00,"Cliente MQTT explicito (paho, SAS manual)",DC-HUMO-08,0.02,27.28,2026-09-26T21:06:40+00:00
2026-09-26T16:07:25-05:00,2026-09-26T21:07:25+00:00,"Cliente MQTT explicito (paho, SAS manual)",DC-HUMO-08,0.02,26.55,2026-09-26T21:07:25+00:00
2026-09-26T16:08:10-05:00,2026-09-26T21:08:10+00:00,"Cliente MQTT explicito (paho, SAS manual)",DC-HUMO-08,0.019,26.77,2026-09-26T21:08:10+00:00
2026-09-26T16:08:55-05:00,2026-09-26T21:08:55+00:00,"Cliente MQTT explicito (paho, SAS manual)",DC-HUMO-08,0.021,26.74,2026-09-26T21:08:55+00:00
2026-09-26T16:09:40-05:00,2026-09-26T21:09:40+00:00,"Cliente MQTT explicito (paho, SAS manual)",DC-HUMO-08,0.02,26.62,2026-09-26T21:09:40+00:00
2026-09-26T16:10:25-05:00,2026-09-26T21:10:25+00:00,"Cliente MQTT explicito (paho, SAS manual)",DC-HUMO-08,0.021,27.01,2026-09-26T21:10:25+00:00
2026-09-26T16:11:10-05:00,2026-09-26T21:11:10+00:00,"Cliente MQTT explicito (paho, SAS manual)",DC-HUMO-08,0.021,26.98,2026-09-26T21:11:10+00:00
2026-09-26T16:11:55-05:00,2026-09-26T21:11:55+00:00,"Cliente MQTT explicito (paho, SAS manual)",DC-HUMO-08,0.02,26.67,2026-09-26T21:11:55+00:00
2026-09-26T16:12:40-05:00,2026-09-26T21:12:40+00:00,"Cliente MQTT explicito (paho, SAS manual)",DC-HUMO-08,0.018,26.72,2026-09-26T21:12:40+00:00
2026-09-26T16:13:25-05:00,2026-09-26T21:13:25+00:00,"Cliente MQTT explicito (paho, SAS manual)",DC-HUMO-08,0.021,26.56,2026-09-26T21:13:25+00:00
2026-09-26T16:14:10-05:00,2026-09-26T21:14:10+00:00,"Cliente MQTT explicito (paho, SAS manual)",DC-HUMO-08,0.019,27.19,2026-09-26T21:14:10+00:00
2026-09-26T16:14:55-05:00,2026-09-26T21:14:55+00:00,"Cliente MQTT explicito (paho, SAS manual)",DC-HUMO-08,0.02,26.73,2026-09-26T21:14:55+00:00
2026-09-26T16:15:40-05:00,2026-09-26T21:15:40+00:00,"Cliente MQTT explicito (paho, SAS manual)",DC-HUMO-08,0.018,27.13,2026-09-26T21:15:40+00:00
2026-09-26T16:16:25-05:00,2026-09-26T21:16:25+00:00,"Cliente MQTT explicito (paho, SAS manual)",DC-HUMO-08,0.02,27.01,2026-09-26T21:16:25+00:00
2026-09-26T16:17:10-05:00,2026-09-26T21:17:10+00:00,"Cliente MQTT explicito (paho, SAS manual)",DC-HUMO-08,0.021,26.74,2026-09-26T21:17:10+00:00
2026-09-26T16:17:55-05:00,2026-09-26T21:17:55+00:00,"Cliente MQTT explicito (paho, SAS manual)",DC-HUMO-08,0.02,26.6,2026-09-26T21:17:55+00:00
2026-09-26T16:18:40-05:00,2026-09-26T21:18:40+00:00,"Cliente MQTT explicito (paho, SAS manual)",DC-HUMO-08,0.02,26.49,2026-09-26T21:18:40+00:00
2026-09-26T16:19:25-05:00,2026-09-26T21:19:25+00:00,"Cliente MQTT explicito (paho, SAS manual)",DC-HUMO-08,0.019,27.12,2026-09-26T21:19:25+00:00
2026-09-26T16:20:10-05:00,2026-09-26T21:20:10+00:00,"Cliente MQTT explicito (paho, SAS manual)",DC-HUMO-08,0.019,26.95,2026-09-26T21:20:10+00:00
2026-09-26T16:20:55-05:00,2026-09-26T21:20:55+00:00,"Cliente MQTT explicito (paho, SAS manual)",DC-HUMO-08,0.019,27.25,2026-09-26T21:20:55+00:00
2026-09-26T16:21:40-05:00,2026-09-26T21:21:40+00:00,"Cliente MQTT explicito (paho, SAS manual)",DC-HUMO-08,0.019,26.66,2026-09-26T21:21:40+00:00
2026-09-26T16:22:25-05:00,2026-09-26T21:22:25+00:00,"Cliente MQTT explicito (paho, SAS manual)",DC-HUMO-08,0.021,26.6,2026-09-26T21:22:25+00:00
2026-09-26T16:23:10-05:00,2026-09-26T21:23:10+00:00,"Cliente MQTT explicito (paho, SAS manual)",DC-HUMO-08,0.017,26.68,2026-09-26T21:23:10+00:00
2026-09-26T16:23:55-05:00,2026-09-26T21:23:55+00:00,"Cliente MQTT explicito (paho, SAS manual)",DC-HUMO-08,0.019,27.11,2026-09-26T21:23:55+00:00
2026-09-26T16:24:40-05:00,2026-09-26T21:24:40+00:00,"Cliente MQTT explicito (paho, SAS manual)",DC-HUMO-08,0.019,26.86,2026-09-26T21:24:40+00:00
2026-09-26T16:25:25-05:00,2026-09-26T21:25:25+00:00,"Cliente MQTT explicito (paho, SAS manual)",DC-HUMO-08,0.019,26.87,2026-09-26T21:25:25+00:00
2026-09-26T16:26:10-05:00,2026-09-26T21:26:10+00:00,"Cliente MQTT explicito (paho, SAS manual)",DC-HUMO-08,0.019,27.03,2026-09-26T21:26:10+00:00
2026-09-26T16:26:55-05:00,2026-09-26T21:26:55+00:00,"Cliente MQTT explicito (paho, SAS manual)",DC-HUMO-08,0.019,26.43,2026-09-26T21:26:55+00:00
2026-09-26T16:27:40-05:00,2026-09-26T21:27:40+00:00,"Cliente MQTT explicito (paho, SAS manual)",DC-HUMO-08,0.018,27.03,2026-09-26T21:27:40+00:00
2026-09-26T16:28:25-05:00,2026-09-26T21:28:25+00:00,"Cliente MQTT explicito (paho, SAS manual)",DC-HUMO-08,0.02,26.57,2026-09-26T21:28:25+00:00
2026-09-26T16:29:10-05:00,2026-09-26T21:29:10+00:00,"Cliente MQTT explicito (paho, SAS manual)",DC-HUMO-08,0.018,26.95,2026-09-26T21:29:10+00:00
2026-09-26T16:29:55-05:00,2026-09-26T21:29:55+00:00,"Cliente MQTT explicito (paho, SAS manual)",DC-HUMO-08,0.017,26.78,2026-09-26T21:29:55+00:00
2026-09-26T16:30:40-05:00,2026-09-26T21:30:40+00:00,"Cliente MQTT explicito (paho, SAS manual)",DC-HUMO-08,0.018,26.44,2026-09-26T21:30:40+00:00
2026-09-26T16:31:25-05:00,2026-09-26T21:31:25+00:00,"Cliente MQTT explicito (paho, SAS manual)",DC-HUMO-08,0.019,26.99,2026-09-26T21:31:25+00:00
2026-09-26T16:32:10-05:00,2026-09-26T21:32:10+00:00,"Cliente MQTT explicito (paho, SAS manual)",DC-HUMO-08,0.021,27.17,2026-09-26T21:32:10+00:00
2026-09-26T16:32:55-05:00,2026-09-26T21:32:55+00:00,"Cliente MQTT explicito (paho, SAS manual)",DC-HUMO-08,0.019,27.01,2026-09-26T21:32:55+00:00
2026-09-26T16:33:40-05:00,2026-09-26T21:33:40+00:00,"Cliente MQTT explicito (paho, SAS manual)",DC-HUMO-08,0.018,26.76,2026-09-26T21:33:40+00:00
2026-09-26T16:34:25-05:00,2026-09-26T21:34:25+00:00,"Cliente MQTT explicito (paho, SAS manual)",DC-HUMO-08,0.019,26.84,2026-09-26T21:34:25+00:00
2026-09-26T16:35:10-05:00,2026-09-26T21:35:10+00:00,"Cliente MQTT explicito (paho, SAS manual)",DC-HUMO-08,0.019,27.04,2026-09-26T21:35:10+00:00
2026-09-26T16:35:55-05:00,2026-09-26T21:35:55+00:00,"Cliente MQTT explicito (paho, SAS manual)",DC-HUMO-08,0.021,26.82,2026-09-26T21:35:55+00:00
2026-09-26T16:36:40-05:00,2026-09-26T21:36:40+00:00,"Cliente MQTT explicito (paho, SAS manual)",DC-HUMO-08,0.021,27.18,2026-09-26T21:36:40+00:00
2026-09-26T16:37:25-05:00,2026-09-26T21:37:25+00:00,"Cliente MQTT explicito (paho, SAS manual)",DC-HUMO-08,0.02,26.52,2026-09-26T21:37:25+00:00
2026-09-26T16:38:10-05:00,2026-09-26T21:38:10+00:00,"Cliente MQTT explicito (paho, SAS manual)",DC-HUMO-08,0.02,26.42,2026-09-26T21:38:10+00:00
2026-09-26T16:38:55-05:00,2026-09-26T21:38:55+00:00,"Cliente MQTT explicito (paho, SAS manual)",DC-HUMO-08,0.018,26.42,2026-09-26T21:38:55+00:00
2026-09-26T16:39:40-05:00,2026-09-26T21:39:40+00:00,"Cliente MQTT explicito (paho, SAS manual)",DC-HUMO-08,0.018,26.72,2026-09-26T21:39:40+00:00
2026-09-26T16:40:25-05:00,2026-09-26T21:40:25+00:00,"Cliente MQTT explicito (paho, SAS manual)",DC-HUMO-08,0.018,26.59,2026-09-26T21:40:25+00:00
2026-09-26T16:41:10-05:00,2026-09-26T21:41:10+00:00,"Cliente MQTT explicito (paho, SAS manual)",DC-HUMO-08,0.018,26.97,2026-09-26T21:41:10+00:00
2026-09-26T16:41:55-05:00,2026-09-26T21:41:55+00:00,"Cliente MQTT explicito (paho, SAS manual)",DC-HUMO-08,0.017,27.1,2026-09-26T21:41:55+00:00
2026-09-26T16:42:40-05:00,2026-09-26T21:42:40+00:00,"Cliente MQTT explicito (paho, SAS manual)",DC-HUMO-08,0.018,27.11,2026-09-26T21:42:40+00:00
2026-09-26T16:43:25-05:00,2026-09-26T21:43:25+00:00,"Cliente MQTT explicito (paho, SAS manual)",DC-HUMO-08,0.02,26.62,2026-09-26T21:43:25+00:00
2026-09-26T16:44:10-05:00,2026-09-26T21:44:10+00:00,"Cliente MQTT explicito (paho, SAS manual)",DC-HUMO-08,0.021,26.37,2026-09-26T21:44:10+00:00
2026-09-26T16:44:55-05:00,2026-09-26T21:44:55+00:00,"Cliente MQTT explicito (paho, SAS manual)",DC-HUMO-08,0.019,26.7,2026-09-26T21:44:55+00:00
2026-09-26T16:45:40-05:00,2026-09-26T21:45:40+00:00,"Cliente MQTT explicito (paho, SAS manual)",DC-HUMO-08,0.017,27.08,2026-09-26T21:45:40+00:00
2026-09-26T16:46:25-05:00,2026-09-26T21:46:25+00:00,"Cliente MQTT explicito (paho, SAS manual)",DC-HUMO-08,0.021,26.44,2026-09-26T21:46:25+00:00
2026-09-26T16:47:10-05:00,2026-09-26T21:47:10+00:00,"Cliente MQTT explicito (paho, SAS manual)",DC-HUMO-08,0.019,26.86,2026-09-26T21:47:10+00:00
2026-09-26T16:47:55-05:00,2026-09-26T21:47:55+00:00,"Cliente MQTT explicito (paho, SAS manual)",DC-HUMO-08,0.019,26.42,2026-09-26T21:47:55+00:00
2026-09-26T16:48:40-05:00,2026-09-26T21:48:40+00:00,"Cliente MQTT explicito (paho, SAS manual)",DC-HUMO-08,0.02,26.73,2026-09-26T21:48:40+00:00
2026-09-26T16:49:25-05:00,2026-09-26T21:49:25+00:00,"Cliente MQTT explicito (paho, SAS manual)",DC-HUMO-08,0.019,26.42,2026-09-26T21:49:25+00:00
2026-09-26T16:50:10-05:00,2026-09-26T21:50:10+00:00,"Cliente MQTT explicito (paho, SAS manual)",DC-HUMO-08,0.019,26.74,2026-09-26T21:50:10+00:00
2026-09-26T16:50:55-05:00,2026-09-26T21:50:55+00:00,"Cliente MQTT explicito (paho, SAS manual)",DC-HUMO-08,0.018,26.97,2026-09-26T21:50:55+00:00
2026-09-26T16:51:40-05:00,2026-09-26T21:51:40+00:00,"Cliente MQTT explicito (paho, SAS manual)",DC-HUMO-08,0.021,26.56,2026-09-26T21:51:40+00:00
2026-09-26T16:52:25-05:00,2026-09-26T21:52:25+00:00,"Cliente MQTT explicito (paho, SAS manual)",DC-HUMO-08,0.017,26.88,2026-09-26T21:52:25+00:00
2026-09-26T16:53:10-05:00,2026-09-26T21:53:10+00:00,"Cliente MQTT explicito (paho, SAS manual)",DC-HUMO-08,0.02,26.54,2026-09-26T21:53:10+00:00
2026-09-26T16:53:55-05:00,2026-09-26T21:53:55+00:00,"Cliente MQTT explicito (paho, SAS manual)",DC-HUMO-08,0.021,26.61,2026-09-26T21:53:55+00:00
2026-09-26T16:54:40-05:00,2026-09-26T21:54:40+00:00,"Cliente MQTT explicito (paho, SAS manual)",DC-HUMO-08,0.021,26.76,2026-09-26T21:54:40+00:00
2026-09-26T16:55:25-05:00,2026-09-26T21:55:25+00:00,"Cliente MQTT explicito (paho, SAS manual)",DC-HUMO-08,0.019,26.45,2026-09-26T21:55:25+00:00
2026-09-26T16:56:10-05:00,2026-09-26T21:56:10+00:00,"Cliente MQTT explicito (paho, SAS manual)",DC-HUMO-08,0.02,26.5,2026-09-26T21:56:10+00:00
2026-09-26T16:56:55-05:00,2026-09-26T21:56:55+00:00,"Cliente MQTT explicito (paho, SAS manual)",DC-HUMO-08,0.018,26.86,2026-09-26T21:56:55+00:00
2026-09-26T16:57:40-05:00,2026-09-26T21:57:40+00:00,"Cliente MQTT explicito (paho, SAS manual)",DC-HUMO-08,0.018,26.85,2026-09-26T21:57:40+00:00
2026-09-26T16:58:25-05:00,2026-09-26T21:58:25+00:00,"Cliente MQTT explicito (paho, SAS manual)",DC-HUMO-08,0.02,26.65,2026-09-26T21:58:25+00:00
2026-09-26T16:59:10-05:00,2026-09-26T21:59:10+00:00,"Cliente MQTT explicito (paho, SAS manual)",DC-HUMO-08,0.021,26.38,2026-09-26T21:59:10+00:00
2026-09-26T16:59:55-05:00,2026-09-26T21:59:55+00:00,"Cliente MQTT explicito (paho, SAS manual)",DC-HUMO-08,0.018,27.06,2026-09-26T21:59:55+00:00
2026-09-26T17:00:40-05:00,2026-09-26T22:00:40+00:00,"Cliente MQTT explicito (paho, SAS manual)",DC-HUMO-08,0.02,26.66,2026-09-26T22:00:40+00:00
2026-09-26T17:01:25-05:00,2026-09-26T22:01:25+00:00,"Cliente MQTT explicito (paho, SAS manual)",DC-HUMO-08,0.019,26.82,2026-09-26T22:01:25+00:00
2026-09-26T17:02:10-05:00,2026-09-26T22:02:10+00:00,"Cliente MQTT explicito (paho, SAS manual)",DC-HUMO-08,0.019,26.88,2026-09-26T22:02:10+00:00
2026-09-26T17:02:55-05:00,2026-09-26T22:02:55+00:00,"Cliente MQTT explicito (paho, SAS manual)",DC-HUMO-08,0.018,26.54,2026-09-26T22:02:55+00:00
2026-09-26T17:03:40-05:00,2026-09-26T22:03:40+00:00,"Cliente MQTT explicito (paho, SAS manual)",DC-HUMO-08,0.019,26.85,2026-09-26T22:03:40+00:00
2026-09-26T17:04:25-05:00,2026-09-26T22:04:25+00:00,"Cliente MQTT explicito (paho, SAS manual)",DC-HUMO-08,0.019,26.73,2026-09-26T22:04:25+00:00
2026-09-26T17:05:10-05:00,2026-09-26T22:05:10+00:00,"Cliente MQTT explicito (paho, SAS manual)",DC-HUMO-08,0.018,26.64,2026-09-26T22:05:10+00:00
2026-09-26T17:05:55-05:00,2026-09-26T22:05:55+00:00,"Cliente MQTT explicito (paho, SAS manual)",DC-HUMO-08,0.021,26.36,2026-09-26T22:05:55+00:00
2026-09-26T17:06:40-05:00,2026-09-26T22:06:40+00:00,"Cliente MQTT explicito (paho, SAS manual)",DC-HUMO-08,0.021,26.87,2026-09-26T22:06:40+00:00
2026-09-26T17:07:25-05:00,2026-09-26T22:07:25+00:00,"Cliente MQTT explicito (paho, SAS manual)",DC-HUMO-08,0.02,26.68,2026-09-26T22:07:25+00:00
2026-09-26T17:08:10-05:00,2026-09-26T22:08:10+00:00,"Cliente MQTT explicito (paho, SAS manual)",DC-HUMO-08,0.019,26.75,2026-09-26T22:08:10+00:00
2026-09-26T17:08:55-05:00,2026-09-26T22:08:55+00:00,"Cliente MQTT explicito (paho, SAS manual)",DC-HUMO-08,0.019,26.52,2026-09-26T22:08:55+00:00
2026-09-26T17:09:40-05:00,2026-09-26T22:09:40+00:00,"Cliente MQTT explicito (paho, SAS manual)",DC-HUMO-08,0.018,26.22,2026-09-26T22:09:40+00:00
2026-09-26T17:10:25-05:00,2026-09-26T22:10:25+00:00,"Cliente MQTT explicito (paho, SAS manual)",DC-HUMO-08,0.017,26.22,2026-09-26T22:10:25+00:00
2026-09-26T17:11:10-05:00,2026-09-26T22:11:10+00:00,"Cliente MQTT explicito (paho, SAS manual)",DC-HUMO-08,0.019,26.58,2026-09-26T22:11:10+00:00
2026-09-26T17:11:55-05:00,2026-09-26T22:11:55+00:00,"Cliente MQTT explicito (paho, SAS manual)",DC-HUMO-08,0.02,26.34,2026-09-26T22:11:55+00:00
2026-09-26T17:12:40-05:00,2026-09-26T22:12:40+00:00,"Cliente MQTT explicito (paho, SAS manual)",DC-HUMO-08,0.018,26.78,2026-09-26T22:12:40+00:00
2026-09-26T17:13:25-05:00,2026-09-26T22:13:25+00:00,"Cliente MQTT explicito (paho, SAS manual)",DC-HUMO-08,0.019,26.38,2026-09-26T22:13:25+00:00
2026-09-26T17:14:10-05:00,2026-09-26T22:14:10+00:00,"Cliente MQTT explicito (paho, SAS manual)",DC-HUMO-08,0.02,26.41,2026-09-26T22:14:10+00:00
2026-09-26T17:14:55-05:00,2026-09-26T22:14:55+00:00,"Cliente MQTT explicito (paho, SAS manual)",DC-HUMO-08,0.018,26.69,2026-09-26T22:14:55+00:00
2026-09-26T17:15:40-05:00,2026-09-26T22:15:40+00:00,"Cliente MQTT explicito (paho, SAS manual)",DC-HUMO-08,0.018,26.64,2026-09-26T22:15:40+00:00
2026-09-26T17:16:25-05:00,2026-09-26T22:16:25+00:00,"Cliente MQTT explicito (paho, SAS manual)",DC-HUMO-08,0.021,26.88,2026-09-26T22:16:25+00:00
2026-09-26T17:17:10-05:00,2026-09-26T22:17:10+00:00,"Cliente MQTT explicito (paho, SAS manual)",DC-HUMO-08,0.018,26.33,2026-09-26T22:17:10+00:00
2026-09-26T17:17:55-05:00,2026-09-26T22:17:55+00:00,"Cliente MQTT explicito (paho, SAS manual)",DC-HUMO-08,0.018,26.59,2026-09-26T22:17:55+00:00
2026-09-26T17:18:40-05:00,2026-09-26T22:18:40+00:00,"Cliente MQTT explicito (paho, SAS manual)",DC-HUMO-08,0.021,26.19,2026-09-26T22:18:40+00:00
2026-09-26T17:19:25-05:00,2026-09-26T22:19:25+00:00,"Cliente MQTT explicito (paho, SAS manual)",DC-HUMO-08,0.019,26.86,2026-09-26T22:19:25+00:00
2026-09-26T17:20:10-05:00,2026-09-26T22:20:10+00:00,"Cliente MQTT explicito (paho, SAS manual)",DC-HUMO-08,0.018,26.21,2026-09-26T22:20:10+00:00
2026-09-26T17:20:55-05:00,2026-09-26T22:20:55+00:00,"Cliente MQTT explicito (paho, SAS manual)",DC-HUMO-08,0.019,26.63,2026-09-26T22:20:55+00:00
2026-09-26T17:21:40-05:00,2026-09-26T22:21:40+00:00,"Cliente MQTT explicito (paho, SAS manual)",DC-HUMO-08,0.021,26.83,2026-09-26T22:21:40+00:00
2026-09-26T17:22:25-05:00,2026-09-26T22:22:25+00:00,"Cliente MQTT explicito (paho, SAS manual)",DC-HUMO-08,0.02,26.44,2026-09-26T22:22:25+00:00
2026-09-26T17:23:10-05:00,2026-09-26T22:23:10+00:00,"Cliente MQTT explicito (paho, SAS manual)",DC-HUMO-08,0.02,26.75,2026-09-26T22:23:10+00:00
2026-09-26T17:23:55-05:00,2026-09-26T22:23:55+00:00,"Cliente MQTT explicito (paho, SAS manual)",DC-HUMO-08,0.017,26.9,2026-09-26T22:23:55+00:00
2026-09-26T17:24:40-05:00,2026-09-26T22:24:40+00:00,"Cliente MQTT explicito (paho, SAS manual)",DC-HUMO-08,0.017,26.74,2026-09-26T22:24:40+00:00
2026-09-26T17:25:25-05:00,2026-09-26T22:25:25+00:00,"Cliente MQTT explicito (paho, SAS manual)",DC-HUMO-08,0.018,26.16,2026-09-26T22:25:25+00:00
2026-09-26T17:26:10-05:00,2026-09-26T22:26:10+00:00,"Cliente MQTT explicito (paho, SAS manual)",DC-HUMO-08,0.018,26.64,2026-09-26T22:26:10+00:00
2026-09-26T17:26:55-05:00,2026-09-26T22:26:55+00:00,"Cliente MQTT explicito (paho, SAS manual)",DC-HUMO-08,0.018,26.25,2026-09-26T22:26:55+00:00
2026-09-26T17:27:40-05:00,2026-09-26T22:27:40+00:00,"Cliente MQTT explicito (paho, SAS manual)",DC-HUMO-08,0.021,26.11,2026-09-26T22:27:40+00:00
2026-09-26T17:28:25-05:00,2026-09-26T22:28:25+00:00,"Cliente MQTT explicito (paho, SAS manual)",DC-HUMO-08,0.02,26.14,2026-09-26T22:28:25+00:00
2026-09-26T17:29:10-05:00,2026-09-26T22:29:10+00:00,"Cliente MQTT explicito (paho, SAS manual)",DC-HUMO-08,0.017,26.59,2026-09-26T22:29:10+00:00
2026-09-26T17:29:55-05:00,2026-09-26T22:29:55+00:00,"Cliente MQTT explicito (paho, SAS manual)",DC-HUMO-08,0.02,26.76,2026-09-26T22:29:55+00:00
2026-09-26T17:30:40-05:00,2026-09-26T22:30:40+00:00,"Cliente MQTT explicito (paho, SAS manual)",DC-HUMO-08,0.019,26.67,2026-09-26T22:30:40+00:00
2026-09-26T17:31:25-05:00,2026-09-26T22:31:25+00:00,"Cliente MQTT explicito (paho, SAS manual)",DC-HUMO-08,0.021,26.43,2026-09-26T22:31:25+00:00
2026-09-26T17:32:10-05:00,2026-09-26T22:32:10+00:00,"Cliente MQTT explicito (paho, SAS manual)",DC-HUMO-08,0.02,26.57,2026-09-26T22:32:10+00:00
2026-09-26T17:32:55-05:00,2026-09-26T22:32:55+00:00,"Cliente MQTT explicito (paho, SAS manual)",DC-HUMO-08,0.019,26.58,2026-09-26T22:32:55+00:00
2026-09-26T17:33:40-05:00,2026-09-26T22:33:40+00:00,"Cliente MQTT explicito (paho, SAS manual)",DC-HUMO-08,0.021,26.21,2026-09-26T22:33:40+00:00
2026-09-26T17:34:25-05:00,2026-09-26T22:34:25+00:00,"Cliente MQTT explicito (paho, SAS manual)",DC-HUMO-08,0.018,26.55,2026-09-26T22:34:25+00:00
2026-09-26T17:35:10-05:00,2026-09-26T22:35:10+00:00,"Cliente MQTT explicito (paho, SAS manual)",DC-HUMO-08,0.018,26.28,2026-09-26T22:35:10+00:00
2026-09-26T17:35:55-05:00,2026-09-26T22:35:55+00:00,"Cliente MQTT explicito (paho, SAS manual)",DC-HUMO-08,0.02,26.77,2026-09-26T22:35:55+00:00
2026-09-26T17:36:40-05:00,2026-09-26T22:36:40+00:00,"Cliente MQTT explicito (paho, SAS manual)",DC-HUMO-08,0.02,26.1,2026-09-26T22:36:40+00:00
2026-09-26T17:37:25-05:00,2026-09-26T22:37:25+00:00,"Cliente MQTT explicito (paho, SAS manual)",DC-HUMO-08,0.019,26.46,2026-09-26T22:37:25+00:00
2026-09-26T17:38:10-05:00,2026-09-26T22:38:10+00:00,"Cliente MQTT explicito (paho, SAS manual)",DC-HUMO-08,0.018,26.69,2026-09-26T22:38:10+00:00
2026-09-26T17:38:55-05:00,2026-09-26T22:38:55+00:00,"Cliente MQTT explicito (paho, SAS manual)",DC-HUMO-08,0.017,26.43,2026-09-26T22:38:55+00:00
2026-09-26T17:39:40-05:00,2026-09-26T22:39:40+00:00,"Cliente MQTT explicito (paho, SAS manual)",DC-HUMO-08,0.021,26.19,2026-09-26T22:39:40+00:00
2026-09-26T17:40:25-05:00,2026-09-26T22:40:25+00:00,"Cliente MQTT explicito (paho, SAS manual)",DC-HUMO-08,0.02,26.3,2026-09-26T22:40:25+00:00
2026-09-26T17:41:10-05:00,2026-09-26T22:41:10+00:00,"Cliente MQTT explicito (paho, SAS manual)",DC-HUMO-08,0.02,26.48,2026-09-26T22:41:10+00:00
2026-09-26T17:41:55-05:00,2026-09-26T22:41:55+00:00,"Cliente MQTT explicito (paho, SAS manual)",DC-HUMO-08,0.017,26.1,2026-09-26T22:41:55+00:00
2026-09-26T17:42:40-05:00,2026-09-26T22:42:40+00:00,"Cliente MQTT explicito (paho, SAS manual)",DC-HUMO-08,0.018,26.72,2026-09-26T22:42:40+00:00
2026-09-26T17:43:25-05:00,2026-09-26T22:43:25+00:00,"Cliente MQTT explicito (paho, SAS manual)",DC-HUMO-08,0.018,26.34,2026-09-26T22:43:25+00:00
2026-09-26T17:44:10-05:00,2026-09-26T22:44:10+00:00,"Cliente MQTT explicito (paho, SAS manual)",DC-HUMO-08,0.021,26.1,2026-09-26T22:44:10+00:00
2026-09-26T17:44:55-05:00,2026-09-26T22:44:55+00:00,"Cliente MQTT explicito (paho, SAS manual)",DC-HUMO-08,0.018,26.21,2026-09-26T22:44:55+00:00
2026-09-26T17:45:40-05:00,2026-09-26T22:45:40+00:00,"Cliente MQTT explicito (paho, SAS manual)",DC-HUMO-08,0.019,26.38,2026-09-26T22:45:40+00:00
2026-09-26T17:46:25-05:00,2026-09-26T22:46:25+00:00,"Cliente MQTT explicito (paho, SAS manual)",DC-HUMO-08,0.02,26.27,2026-09-26T22:46:25+00:00
2026-09-26T17:47:10-05:00,2026-09-26T22:47:10+00:00,"Cliente MQTT explicito (paho, SAS manual)",DC-HUMO-08,0.018,26.18,2026-09-26T22:47:10+00:00
2026-09-26T17:47:55-05:00,2026-09-26T22:47:55+00:00,"Cliente MQTT explicito (paho, SAS manual)",DC-HUMO-08,0.019,26.35,2026-09-26T22:47:55+00:00
2026-09-26T17:48:40-05:00,2026-09-26T22:48:40+00:00,"Cliente MQTT explicito (paho, SAS manual)",DC-HUMO-08,0.02,26.39,2026-09-26T22:48:40+00:00
2026-09-26T17:49:25-05:00,2026-09-26T22:49:25+00:00,"Cliente MQTT explicito (paho, SAS manual)",DC-HUMO-08,0.019,26.5,2026-09-26T22:49:25+00:00
2026-09-26T17:50:10-05:00,2026-09-26T22:50:10+00:00,"Cliente MQTT explicito (paho, SAS manual)",DC-HUMO-08,0.02,26.68,2026-09-26T22:50:10+00:00
2026-09-26T17:50:55-05:00,2026-09-26T22:50:55+00:00,"Cliente MQTT explicito (paho, SAS manual)",DC-HUMO-08,0.02,26.09,2026-09-26T22:50:55+00:00
2026-09-26T17:51:40-05:00,2026-09-26T22:51:40+00:00,"Cliente MQTT explicito (paho, SAS manual)",DC-HUMO-08,0.021,26.47,2026-09-26T22:51:40+00:00
2026-09-26T17:52:26-05:00,2026-09-26T22:52:26+00:00,"Cliente MQTT explicito (paho, SAS manual)",DC-HUMO-08,0.018,26.14,2026-09-26T22:52:26+00:00
2026-09-26T17:53:11-05:00,2026-09-26T22:53:11+00:00,"Cliente MQTT explicito (paho, SAS manual)",DC-HUMO-08,0.018,26.31,2026-09-26T22:53:11+00:00
2026-09-26T17:53:56-05:00,2026-09-26T22:53:56+00:00,"Cliente MQTT explicito (paho, SAS manual)",DC-HUMO-08,0.017,26.46,2026-09-26T22:53:56+00:00
2026-09-26T17:54:41-05:00,2026-09-26T22:54:41+00:00,"Cliente MQTT explicito (paho, SAS manual)",DC-HUMO-08,0.02,26.44,2026-09-26T22:54:41+00:00
2026-09-26T17:55:26-05:00,2026-09-26T22:55:26+00:00,"Cliente MQTT explicito (paho, SAS manual)",DC-HUMO-08,0.021,26.57,2026-09-26T22:55:26+00:00
2026-09-26T17:56:11-05:00,2026-09-26T22:56:11+00:00,"Cliente MQTT explicito (paho, SAS manual)",DC-HUMO-08,0.02,26.11,2026-09-26T22:56:11+00:00
2026-09-26T17:56:56-05:00,2026-09-26T22:56:56+00:00,"Cliente MQTT explicito (paho, SAS manual)",DC-HUMO-08,0.021,26.21,2026-09-26T22:56:56+00:00
2026-09-26T17:57:41-05:00,2026-09-26T22:57:41+00:00,"Cliente MQTT explicito (paho, SAS manual)",DC-HUMO-08,0.019,26.12,2026-09-26T22:57:41+00:00
2026-09-26T17:58:26-05:00,2026-09-26T22:58:26+00:00,"Cliente MQTT explicito (paho, SAS manual)",DC-HUMO-08,0.021,26.44,2026-09-26T22:58:26+00:00
2026-09-26T17:59:11-05:00,2026-09-26T22:59:11+00:00,"Cliente MQTT explicito (paho, SAS manual)",DC-HUMO-08,0.019,26.41,2026-09-26T22:59:11+00:00
2026-09-26T17:59:56-05:00,2026-09-26T22:59:56+00:00,"Cliente MQTT explicito (paho, SAS manual)",DC-HUMO-08,0.021,26.12,2026-09-26T22:59:56+00:00
2026-09-26T18:00:41-05:00,2026-09-26T23:00:41+00:00,"Cliente MQTT explicito (paho, SAS manual)",DC-HUMO-08,0.018,26.63,2026-09-26T23:00:41+00:00
2026-09-26T18:01:26-05:00,2026-09-26T23:01:26+00:00,"Cliente MQTT explicito (paho, SAS manual)",DC-HUMO-08,0.019,26.61,2026-09-26T23:01:26+00:00
2026-09-26T18:02:11-05:00,2026-09-26T23:02:11+00:00,"Cliente MQTT explicito (paho, SAS manual)",DC-HUMO-08,0.02,26.39,2026-09-26T23:02:11+00:00
2026-09-26T18:02:56-05:00,2026-09-26T23:02:56+00:00,"Cliente MQTT explicito (paho, SAS manual)",DC-HUMO-08,0.017,26.31,2026-09-26T23:02:56+00:00
2026-09-26T18:03:41-05:00,2026-09-26T23:03:41+00:00,"Cliente MQTT explicito (paho, SAS manual)",DC-HUMO-08,0.02,26.38,2026-09-26T23:03:41+00:00
2026-09-26T18:04:26-05:00,2026-09-26T23:04:26+00:00,"Cliente MQTT explicito (paho, SAS manual)",DC-HUMO-08,0.018,26.52,2026-09-26T23:04:26+00:00
2026-09-26T18:05:11-05:00,2026-09-26T23:05:11+00:00,"Cliente MQTT explicito (paho, SAS manual)",DC-HUMO-08,0.018,26.48,2026-09-26T23:05:11+00:00
2026-09-26T18:05:56-05:00,2026-09-26T23:05:56+00:00,"Cliente MQTT explicito (paho, SAS manual)",DC-HUMO-08,0.018,25.97,2026-09-26T23:05:56+00:00
2026-09-26T18:06:41-05:00,2026-09-26T23:06:41+00:00,"Cliente MQTT explicito (paho, SAS manual)",DC-HUMO-08,0.017,26.27,2026-09-26T23:06:41+00:00
2026-09-26T18:07:26-05:00,2026-09-26T23:07:26+00:00,"Cliente MQTT explicito (paho, SAS manual)",DC-HUMO-08,0.017,26.56,2026-09-26T23:07:26+00:00
